{"type":"FeatureCollection","features":[{"type":"Feature","properties":{"place":"kafia-kingi","region":"area/kafia-kingi","donors":"SD SS","rank":1,"whose_line":"the land both parties' lines include: South Sudan's as the State Department draws it, and Sudan's official boundary (COD-AB)","publisher":"US Department of State, Office of the Geographer and Global Issues (World Polygons, high-resolution layer DoS_WP_11_4)","source_url":"https://data.geodata.state.gov/WorldPolygons.zip","version_or_date":"World Polygons 11.4 BETA, 2025-02-24; read 2026-10-04","feature_id":"DoS_WP_11_4 fid 272 (South Sudan) ∩ COD-AB Sudan admin0, the part containing Kafia Kingi","licence":"US government work; CC BY-IGO","notes":"As for Koalou (D061): the overlap of the parties' outlines is a stated outline. South Sudan's line is the 1 January 1956 north-south line (the 2005 agreement), as the State Department draws it; Sudan's official boundary includes the enclave. 12,591 km² (the register gives 12,500). OSM relation 9520186 (12,732 km²) is the next alternative.","input_sha256":"55fab422ef09e35eb48d68141b9ece0ace86d4276dfe332a04dfd401c0bfc80c","operation":"none (the source feature's geometry as published); intersected with cod-ab-sdn sdn_admin0.geojson adm0_pcode=SD; only the parts that contain the points [[24.417404, 9.273123]]","crs":"WGS84 longitude/latitude, as in the source (no reprojection)","source_features":[{"id":"DoS_WP_11_4 fid 272","WP_Name":"South Sudan","GENC_3":"SSD"},{"id":"sdn_admin0.geojson adm0_pcode=SD","adm0_name":"Sudan","adm0_pcode":"SD","valid_on":"2020-08-31"}]},"geometry":{"type":"Polygon","coordinates":[[[24.236500000000035,8.64663900000005],[24.23791700000004,8.648666000000048],[24.239056000000062,8.650056000000063],[24.240028000000052,8.65161100000006],[24.24056047628965,8.652230438497767],[24.244061267,8.652548677000027],[24.246440642000152,8.656831677000184],[24.248344267,8.661114677000171],[24.25024801700016,8.667301302000055],[24.252151392000144,8.67396380200006],[24.25738626700013,8.683481677000032],[24.26024151700011,8.690144177000093],[24.263572767000028,8.696330677000049],[24.26404876700019,8.700613802000134],[24.26404876700019,8.701565551999977],[24.26404876700019,8.706324427000027],[24.26119339200011,8.710131552000178],[24.254530892000048,8.714414677000093],[24.249295892000134,8.716794052000068],[24.24208641600012,8.717257357999983],[24.234067517000028,8.71584230200017],[24.227880891999973,8.714414677000093],[24.22407376700005,8.708228052000038],[24.22121839200014,8.702517302000047],[24.214080017000015,8.697758427000053],[24.210748767000098,8.69537892700015],[24.20361039200003,8.693475427000067],[24.196400833999974,8.693011990000173],[24.195948731000158,8.692999127000064],[24.193399663591173,8.693449073632957],[24.192976000000044,8.693597000000068],[24.19122500000003,8.69387000000006],[24.19016300000004,8.694626000000028],[24.189378000000033,8.695482000000027],[24.189081000000044,8.69612600000005],[24.189029000000062,8.69713100000007],[24.188791000000037,8.697623000000021],[24.18807000000004,8.69782900000007],[24.187425000000076,8.697441000000026],[24.186698000000035,8.696794000000068],[24.185366000000045,8.696142000000066],[24.183501000000035,8.69611800000007],[24.182562000000075,8.696280000000058],[24.181579000000056,8.697076000000038],[24.180363000000057,8.698594000000071],[24.17940200000004,8.69959300000005],[24.17890600000004,8.700489000000061],[24.178252000000043,8.701097000000061],[24.17746500000004,8.701318000000072],[24.17651500000005,8.701436000000058],[24.175650000000076,8.70172100000002],[24.175168000000042,8.702059000000077],[24.174086000000045,8.70283100000006],[24.172321000000068,8.703870000000052],[24.170428000000072,8.705585000000042],[24.168810000000065,8.706245000000024],[24.166567000000043,8.706604000000027],[24.164544000000035,8.706083000000035],[24.16265800000008,8.705139000000031],[24.16086800000005,8.704312000000073],[24.15900400000004,8.703155000000038],[24.157332000000054,8.701816000000065],[24.156544000000054,8.700998000000027],[24.15540500000003,8.699448000000075],[24.15390700000006,8.69754000000006],[24.15256400000004,8.69559700000002],[24.151955356672275,8.69434092069281],[24.140792642000065,8.690620052000156],[24.129131229016128,8.688287720394415],[24.129000000000076,8.688793000000032],[24.127842000000044,8.689327000000048],[24.126619000000062,8.689368000000059],[24.125166000000036,8.688905000000034],[24.124159000000077,8.68804300000005],[24.122884000000056,8.68754000000007],[24.121321000000023,8.686686000000066],[24.119773000000066,8.686314000000039],[24.118565000000046,8.687044000000071],[24.11762200000004,8.688224000000048],[24.116585000000043,8.689194000000043],[24.115167000000042,8.690433000000041],[24.11507400000005,8.691263000000049],[24.114600000000053,8.691738000000043],[24.113176000000067,8.691916000000049],[24.111754000000076,8.69220800000005],[24.110359000000074,8.692102000000034],[24.10937400000006,8.691859000000022],[24.107341000000076,8.691294000000028],[24.105624000000034,8.691098000000068],[24.104550000000074,8.690458000000035],[24.10363700000005,8.689910000000054],[24.10224400000004,8.689711000000045],[24.101455000000044,8.689921000000027],[24.100699000000077,8.689558000000034],[24.100003000000072,8.688534000000061],[24.099113000000045,8.687830000000076],[24.096793000000048,8.688057000000072],[24.093908000000056,8.689333000000033],[24.091034000000036,8.69102300000003],[24.088513000000034,8.692993000000058],[24.08665300000007,8.693302000000074],[24.085311000000047,8.693069000000037],[24.084238000000028,8.692175000000077],[24.082579000000067,8.69249700000006],[24.08147100000008,8.693102000000067],[24.080013000000065,8.693541000000039],[24.07812000000007,8.69287600000007],[24.077058000000022,8.691771000000074],[24.07609800000006,8.691430000000025],[24.07527200000004,8.691891000000055],[24.074719000000073,8.692638000000045],[24.074937000000034,8.693398000000059],[24.073609000000033,8.69431700000007],[24.07242300000007,8.694211000000053],[24.07134700000006,8.695213000000024],[24.07063400000004,8.695764000000054],[24.069962000000032,8.695566000000042],[24.06896500000005,8.695164000000034],[24.067299000000048,8.695095000000038],[24.066053000000068,8.69564900000006],[24.064481000000058,8.696207000000072],[24.063537000000053,8.697179000000062],[24.062174000000027,8.698868000000061],[24.060588000000052,8.700191000000075],[24.05916700000006,8.70089900000005],[24.057768000000067,8.700979000000075],[24.05615300000005,8.700414000000023],[24.054708000000062,8.700296000000037],[24.053179000000057,8.70093600000007],[24.051034000000072,8.701528000000053],[24.049240808182073,8.702342418171815],[24.047470731000146,8.706324627000015],[24.04729326100005,8.706482352000023],[24.04318773100016,8.710131127000068],[24.03747723099997,8.713462627000183],[24.028911231,8.716318127000022],[24.02593704500015,8.717168022000067],[24.02557973100005,8.717270127000063],[24.019393231000095,8.713462627000183],[24.0155862310001,8.709180127000025],[24.00939923100009,8.70489662700004],[24.003688731000125,8.703469127],[24.002320438240098,8.70301305223305],[24.002169000000038,8.703356000000042],[24.00153700000004,8.703317000000027],[24.001141000000075,8.702865000000031],[24.001069999611364,8.702596260211017],[23.996265043555354,8.700994688327084],[23.995728000000042,8.701256000000058],[23.994610000000023,8.702686000000028],[23.994120000000066,8.704541000000063],[23.993910000000028,8.706402000000026],[23.992316000000073,8.70771700000006],[23.991827000000058,8.708353000000045],[23.991637000000026,8.709290000000067],[23.991198000000054,8.71006600000004],[23.989846000000057,8.711095000000057],[23.989310000000046,8.711207000000059],[23.988398000000075,8.710243000000048],[23.987997000000064,8.709770000000049],[23.98707100000007,8.71007000000003],[23.986444000000063,8.710970000000032],[23.98576900000006,8.711645000000033],[23.984911000000068,8.71165300000007],[23.984330000000057,8.71094000000005],[23.98365000000007,8.71056900000002],[23.982695000000035,8.710832000000039],[23.981438000000026,8.71149900000006],[23.980549000000053,8.713095000000067],[23.98015300000003,8.714482000000032],[23.979306000000065,8.715257000000065],[23.978342000000055,8.716804000000025],[23.97777700000006,8.718204000000071],[23.977517000000034,8.719626000000062],[23.977133000000038,8.720454000000075],[23.976296000000048,8.720565000000022],[23.974983000000066,8.72045300000002],[23.973674000000074,8.72058800000002],[23.972698000000037,8.720971000000077],[23.97126600000007,8.721746000000053],[23.970553000000052,8.72318400000006],[23.96912800000007,8.722669000000053],[23.96679800000004,8.722125000000062],[23.96477600000003,8.721715000000074],[23.963307000000043,8.721844000000033],[23.962417000000073,8.722823000000062],[23.96205100000003,8.724110000000053],[23.961962000000028,8.725199000000032],[23.961794000000054,8.72638500000005],[23.962234000000024,8.727522000000022],[23.962538000000052,8.728391000000045],[23.96222700000004,8.728714000000025],[23.96175400000004,8.728833000000066],[23.96063300000003,8.72853200000003],[23.960140000000024,8.72865500000006],[23.958631000000025,8.729347000000075],[23.957464000000073,8.729869000000065],[23.956195000000037,8.72971700000005],[23.95439200000004,8.72930100000002],[23.953318000000024,8.729129000000057],[23.951483000000053,8.729037000000062],[23.949677000000065,8.72917700000005],[23.948213000000067,8.728670000000022],[23.946839000000068,8.727172000000053],[23.94526600000006,8.726053000000036],[23.943301000000076,8.725254000000064],[23.94094400000006,8.724954000000025],[23.939427000000023,8.724954000000025],[23.938325000000077,8.725402000000031],[23.93736700000005,8.72605900000002],[23.937005000000056,8.727364000000023],[23.936495000000036,8.72806600000007],[23.935971000000052,8.728136000000063],[23.934821000000056,8.727603000000045],[23.93356200000005,8.727311000000043],[23.931973000000028,8.727247000000034],[23.930688000000032,8.727396000000056],[23.929741000000035,8.727356000000043],[23.928638000000035,8.727706000000069],[23.92612500000007,8.728271000000063],[23.92456800000008,8.729589000000033],[23.92260600000003,8.730118000000061],[23.919981000000064,8.730349000000047],[23.91747600000008,8.730199000000027],[23.91572400000007,8.729952000000026],[23.914136000000042,8.728748000000053],[23.913478000000055,8.72662900000006],[23.913445000000024,8.724431000000038],[23.91281300000003,8.722172000000057],[23.91191500000008,8.720679000000075],[23.90976100000006,8.71972900000003],[23.907141000000024,8.71933400000006],[23.904198000000065,8.718836000000067],[23.899267000000066,8.718495000000075],[23.89563400000003,8.718396000000041],[23.89289800000006,8.71888000000007],[23.891913000000045,8.719513000000063],[23.89101400000004,8.721367000000043],[23.89044400000006,8.723153000000025],[23.889199000000076,8.724182000000042],[23.887972000000048,8.723668000000032],[23.887540000000058,8.722433000000024],[23.887830000000065,8.720748000000071],[23.88793000000004,8.718162000000063],[23.887760357981634,8.717872722379123],[23.88281223000007,8.718697627000097],[23.87710123000005,8.719649627000138],[23.872845798543008,8.720926077600039],[23.872826000000032,8.720965000000035],[23.87121200000007,8.722285000000056],[23.869234000000063,8.722696000000042],[23.8683605318125,8.7226698899506],[23.867583730000035,8.722980627000084],[23.86330073000005,8.72440812700006],[23.860921229999974,8.725836127000093],[23.859382304,8.726990423000188],[23.85711423000015,8.728691627000103],[23.855210230000182,8.729167126999982],[23.84851364600013,8.729614160000096],[23.848072230000184,8.729643626999973],[23.841409730000123,8.727264127000126],[23.83379523000019,8.725360127000101],[23.823801230000186,8.72440812700006],[23.81761473000006,8.722980627000084],[23.81095223,8.722504627000092],[23.80191023000009,8.721077127000115],[23.792868230000124,8.719649627000138],[23.784302730000036,8.71822212700016],[23.777163730000154,8.715842127000087],[23.774391267762898,8.715033557923157],[23.77357100000006,8.716838000000052],[23.77258800000004,8.71952200000004],[23.771475000000066,8.722405000000037],[23.769002000000057,8.724544000000037],[23.76652800000005,8.725658000000067],[23.761934000000053,8.726101000000028],[23.759038000000032,8.726234000000034],[23.756525000000067,8.724919000000057],[23.754381000000024,8.722501000000022],[23.752743000000066,8.72023500000006],[23.749243000000035,8.717501000000027],[23.747118000000057,8.716191000000038],[23.744973000000073,8.71539800000005],[23.742392000000052,8.714781000000073],[23.739971000000025,8.714515000000063],[23.736984000000064,8.714624000000072],[23.733517000000063,8.715111000000036],[23.730585000000076,8.715892000000053],[23.728868000000034,8.716720000000066],[23.727771000000075,8.717227000000037],[23.726261000000022,8.718225000000075],[23.725153000000034,8.720090000000027],[23.724572000000023,8.721783000000073],[23.723136000000068,8.723484000000042],[23.721435000000042,8.724705000000029],[23.71983300000005,8.725715000000037],[23.71775800000006,8.726466000000073],[23.71560400000004,8.72665900000004],[23.713457000000062,8.727068000000031],[23.71217400000006,8.727416000000062],[23.71125100000006,8.727391000000068],[23.710424000000046,8.726691000000073],[23.709712000000025,8.726245000000063],[23.708949000000075,8.72584900000004],[23.70814500000006,8.725819000000058],[23.707231000000036,8.726307000000077],[23.705891000000065,8.727044000000035],[23.70447000000007,8.72777700000006],[23.704135000000065,8.728363000000058],[23.703959000000054,8.729511000000059],[23.703350000000057,8.729935000000069],[23.702063000000066,8.730264000000034],[23.700942000000055,8.73034000000007],[23.69905200000005,8.730457000000058],[23.697790000000055,8.729868000000067],[23.696727000000067,8.729654000000039],[23.695742000000052,8.730277000000058],[23.694908000000055,8.731145000000026],[23.693925000000036,8.731589000000042],[23.692679000000055,8.731453000000045],[23.69123200000007,8.731399000000067],[23.68991900000003,8.730662000000052],[23.68881600000003,8.730258000000049],[23.68759700000004,8.730533000000037],[23.686038000000053,8.730799000000047],[23.68481500000007,8.731055000000026],[23.683662000000027,8.730979000000048],[23.682502000000056,8.730210000000056],[23.681392000000073,8.728736000000026],[23.680319000000054,8.727156000000036],[23.679715000000044,8.726092000000051],[23.67883400000005,8.725225000000023],[23.677196000000038,8.726163000000042],[23.67655300000007,8.727269000000035],[23.67578100000003,8.728898000000072],[23.67436900000007,8.72901500000006],[23.672772000000066,8.72825800000004],[23.670939000000033,8.727134000000035],[23.66929700000003,8.726823000000024],[23.667275000000075,8.727167000000065],[23.665567000000067,8.727960000000053],[23.664130213380574,8.728884869533468],[23.663901730000134,8.729167126999982],[23.65771473000018,8.736781627000141],[23.654303229999982,8.740194127000052],[23.652926034000075,8.74159238599998],[23.652740109000092,8.741796629000135],[23.650535048000165,8.74567219000005],[23.650108052000178,8.746422669000083],[23.64962473000014,8.747251127000027],[23.64722876700006,8.751091058000043],[23.647040109000102,8.751396629000055],[23.64631253800019,8.75282145600005],[23.64464010900008,8.75609662900007],[23.64093563900019,8.761712970000133],[23.640107230000126,8.762955627000053],[23.63677573000018,8.76438312700003],[23.633332325000083,8.765244204000112],[23.630160391,8.763431552000043],[23.626829141000087,8.761052052000025],[23.62545908870183,8.756257003901304],[23.624946000000023,8.75537600000007],[23.62418800000006,8.754623000000038],[23.623579000000063,8.753441000000066],[23.623298000000034,8.752488000000028],[23.62304800000004,8.75093400000003],[23.622659000000056,8.750222000000065],[23.620767000000058,8.750241000000074],[23.619094000000075,8.750630000000058],[23.618138000000044,8.751108000000045],[23.61710800000003,8.751522000000023],[23.616176000000053,8.75173600000005],[23.615312000000074,8.75142100000005],[23.614555000000053,8.750767000000053],[23.61388500000004,8.750054000000034],[23.613189000000034,8.749406000000022],[23.61236400000007,8.749182000000076],[23.61174900000003,8.749291000000028],[23.611474000000044,8.748654000000045],[23.611065000000053,8.747569000000055],[23.610356000000024,8.746290000000045],[23.609750000000076,8.745881000000054],[23.608515000000068,8.745981000000029],[23.606620000000078,8.746833000000038],[23.60564000000005,8.747197000000028],[23.603823000000034,8.74775500000004],[23.60298723000011,8.74781493954892],[23.60298723000011,8.753438127000038],[23.59917369500016,8.759151078000116],[23.595561171000043,8.760505655000031],[23.586854141000117,8.758672552000121],[23.577336266000145,8.75201005200006],[23.567818516000102,8.746299427000167],[23.553541641000038,8.744395802000156],[23.54211992300003,8.74439596500008],[23.541597230000036,8.744396127000073],[23.53255523000007,8.748678627],[23.527282684000113,8.750157502000093],[23.52094010900015,8.76039662900007],[23.520698871000093,8.763231171000086],[23.52060222000017,8.764452570000174],[23.522486826000147,8.775005875000033],[23.52298172000002,8.777777570000126],[23.52386518900005,8.781409741000175],[23.52726474800005,8.795385394],[23.525740109000083,8.802296629000125],[23.52502186700019,8.80479157300016],[23.523840109000105,8.808896629000174],[23.52345759500008,8.81346944500018],[23.5258370950001,8.818228445000102],[23.528692345000138,8.826794445000075],[23.529168345000073,8.83202932000006],[23.528980666221965,8.832283400695072],[23.529143000000033,8.832332000000065],[23.529742000000056,8.833242000000041],[23.530561000000034,8.834606000000065],[23.531604000000073,8.835987000000046],[23.532785000000047,8.837276000000031],[23.534511000000066,8.837860000000035],[23.535761000000036,8.838572000000056],[23.536492000000067,8.839360000000056],[23.536846000000025,8.84075800000005],[23.537259000000063,8.841987000000074],[23.537965000000042,8.843562000000077],[23.53860100000003,8.844651000000056],[23.53974900000003,8.845478000000071],[23.541334000000063,8.846591000000046],[23.542837000000077,8.848065000000076],[23.54438300000004,8.848842000000047],[23.54655400000007,8.848989000000074],[23.547596000000055,8.849307000000067],[23.548774000000037,8.85012800000004],[23.550231000000053,8.851079000000027],[23.551511000000062,8.851785000000064],[23.553128000000072,8.852297000000021],[23.554471000000035,8.85255200000006],[23.55514500000004,8.852914000000055],[23.55562800000007,8.853878000000066],[23.556081000000063,8.855443000000037],[23.556279000000075,8.856998000000033],[23.556485000000066,8.858895000000075],[23.55682900000005,8.859794000000022],[23.557529000000045,8.860433000000057],[23.558426000000054,8.86081100000007],[23.559896000000037,8.861071000000038],[23.56089000000003,8.861461000000077],[23.56153400000005,8.861985000000061],[23.562023000000067,8.862823000000049],[23.56260400000008,8.863799000000029],[23.563147000000072,8.864471000000037],[23.56471300000004,8.865998000000047],[23.565420000000074,8.867095000000063],[23.56623200000007,8.868075000000033],[23.56729400000006,8.868718000000058],[23.56867500000004,8.869199000000037],[23.569286000000034,8.869679000000076],[23.56952300000006,8.870204000000058],[23.569157000000075,8.870756000000029],[23.56857700000006,8.871512000000052],[23.56768500000004,8.872618000000045],[23.56724200000008,8.873728000000028],[23.56688900000006,8.875583000000063],[23.567439000000036,8.876999000000069],[23.568200000000047,8.877894000000026],[23.569489000000033,8.878395000000069],[23.570969000000048,8.878888000000074],[23.571708000000058,8.880138000000045],[23.571690000000046,8.881447000000037],[23.57131700000008,8.882893000000024],[23.57080300000007,8.884431000000063],[23.57077369756967,8.885349974093952],[23.571297523999988,8.886223017000077],[23.572802560312763,8.88873122036976],[23.573957000000064,8.889454000000057],[23.57561000000004,8.890167000000076],[23.576432000000068,8.89089000000007],[23.576671000000033,8.891892000000041],[23.575901000000044,8.892655000000047],[23.57524052036518,8.893145249093124],[23.578471660000105,8.899376564000136],[23.580564720000098,8.90341307000017],[23.58071493465177,8.904815126286547],[23.581459000000052,8.905115000000023],[23.58224000000007,8.906260000000032],[23.582827000000066,8.907701000000031],[23.58335900000003,8.909343000000035],[23.584140000000048,8.910330000000044],[23.585342000000026,8.910721000000024],[23.586678000000063,8.910830000000033],[23.58866500000005,8.910429000000022],[23.58926500000007,8.912045000000035],[23.589601000000073,8.913849000000027],[23.58951600000006,8.915571000000057],[23.589328000000023,8.917280000000062],[23.588891000000046,8.917937000000052],[23.587890000000073,8.918139000000053],[23.586819000000048,8.918490000000077],[23.585613000000023,8.91916800000007],[23.584258000000034,8.92020400000007],[23.583605543585268,8.92093230965831],[23.584067156000174,8.922132480000016],[23.58437172000015,8.92292469500012],[23.584527543589676,8.924638345284581],[23.58525000000003,8.924890000000062],[23.58572300000003,8.925586000000067],[23.585675000000037,8.926255000000026],[23.58481800000004,8.92734100000007],[23.584777927711276,8.927391913101252],[23.584847720000084,8.928159445000176],[23.591034248000028,8.936249394000129],[23.59103422000004,8.938153195000154],[23.592793318000076,8.94159734800013],[23.594833302000154,8.945751104000067],[23.595549820000087,8.947184277000076],[23.595793248000177,8.947670894000112],[23.59602007400008,8.948124779000125],[23.597184515000095,8.950453637000066],[23.599124470000106,8.954333570000188],[23.600552095000182,8.960520195000015],[23.60340774800011,8.966230894000091],[23.606262845000174,8.97051394500005],[23.608628829000168,8.97220391500008],[23.612925345000065,8.975272820000043],[23.61340122000007,8.980031695000093],[23.610522760000094,8.984992479000027],[23.610125730000107,8.985673127000041],[23.60584273000012,8.990432127000133],[23.601084230000083,8.994239127000185],[23.595373230000064,8.996143127000153],[23.590614230000085,8.998046627000065],[23.58982469847422,8.99868210263445],[23.590000000000032,8.999656000000073],[23.590130000000045,9.00141700000006],[23.587781343051372,9.00096989686662],[23.5863312300001,9.00423312700002],[23.585337318000086,9.00715409500009],[23.581708806999984,9.01279783200016],[23.581096230000014,9.013750627000036],[23.579166062000013,9.02186934700012],[23.57297968800009,9.02858806300003],[23.57062673000013,9.036117627000067],[23.571102730000064,9.043732127000055],[23.569655954000098,9.051829837000184],[23.56278978300014,9.054576402000123],[23.56253673000009,9.054677627000103],[23.554922230000102,9.051822127000094],[23.550639230000115,9.042780127000128],[23.54492873000015,9.03469012700009],[23.54635623000013,9.027551627000094],[23.54635623000013,9.023769264000066],[23.552995531000136,9.014734112000156],[23.55397073000006,9.008516127000178],[23.55240579283948,9.00319553795665],[23.551082000000065,9.001859000000024],[23.549867000000063,8.999550000000056],[23.549375000000055,8.997830000000022],[23.549472000000037,8.995831000000067],[23.548475000000053,8.993837000000042],[23.548943239827267,8.993363737798457],[23.54873623000003,8.992811627000037],[23.543501230000174,8.985673127000041],[23.53350723000017,8.977583127000173],[23.520594206,8.976661045000071],[23.520182230000046,8.976631627000131],[23.50780923000019,8.97996262700002],[23.499242730000162,8.985673127000041],[23.486869730000137,8.994239127000185],[23.48163523000011,9.001377627000181],[23.475924730000145,9.005660627000168],[23.468310230000156,9.007564127000137],[23.45964555665408,9.007997428939744],[23.459138000000053,9.008594000000073],[23.457595000000026,9.010491000000059],[23.45601300000004,9.011515000000031],[23.45417800000007,9.012365000000045],[23.452551000000028,9.013274000000024],[23.450495000000046,9.01519200000007],[23.448687000000064,9.01645300000007],[23.44601700000004,9.017578000000071],[23.443970000000036,9.01834400000007],[23.44327356868217,9.018483015454303],[23.44591366400016,9.024821552000049],[23.451148539000144,9.027201052000123],[23.45892840500011,9.030226700000185],[23.459714317000078,9.030532376000053],[23.464949317000162,9.032911876000128],[23.46637681800007,9.039098876000082],[23.46590814800004,9.04284966400013],[23.462214437,9.046131333000119],[23.459465355000134,9.049246346000018],[23.458762317000037,9.050043876000132],[23.458202924222363,9.050478981314761],[23.45807700000006,9.051154000000054],[23.457569000000035,9.052031000000056],[23.456488000000036,9.052819000000056],[23.45549600000004,9.053038000000072],[23.454469229557436,9.053537131719498],[23.454233030893704,9.05562867905027],[23.454683000000045,9.056207000000029],[23.454995000000054,9.057025000000067],[23.454851000000076,9.057830000000024],[23.454687000000035,9.058791000000042],[23.455058000000065,9.059773000000064],[23.455497000000037,9.060590000000047],[23.456515000000024,9.060893000000021],[23.45675700000004,9.061348000000066],[23.456511000000035,9.062149000000034],[23.45642300000003,9.063496000000043],[23.45645020818567,9.063709892087173],[23.463045789000034,9.08002505200011],[23.46399731700012,9.08621187600005],[23.46945714361991,9.093621121297492],[23.469516000000056,9.093662000000052],[23.469544242649327,9.093739318837281],[23.470659530000034,9.09525281700013],[23.469892090748075,9.098324261074177],[23.470082000000048,9.100753000000054],[23.470138000000077,9.104105000000061],[23.470120000000065,9.106191000000024],[23.470060000000046,9.107934000000057],[23.47019700000004,9.110416000000043],[23.470226000000025,9.11171500000006],[23.469223000000056,9.112262000000044],[23.46798700000005,9.112779000000046],[23.467338960331585,9.112656977263484],[23.46732881800017,9.12290482800006],[23.467318619000082,9.123453731999973],[23.467290462805657,9.123791532579327],[23.467576000000065,9.124000000000024],[23.46826500000003,9.124167000000057],[23.46902700000004,9.124445000000037],[23.46962300000007,9.124780000000044],[23.470174000000043,9.125526000000036],[23.470395000000053,9.126135000000033],[23.47008100000005,9.126974000000075],[23.469096000000036,9.128120000000024],[23.468844000000047,9.129273000000069],[23.469350000000077,9.130303000000026],[23.469276000000036,9.13197400000007],[23.469118000000037,9.133861000000024],[23.469159000000047,9.135861000000034],[23.468428000000074,9.137785000000065],[23.468324000000052,9.139436000000046],[23.469108000000062,9.140337000000045],[23.469855000000052,9.140543000000036],[23.471165000000042,9.140914000000066],[23.472343000000023,9.141638000000057],[23.47316500000005,9.14248200000003],[23.473445000000027,9.143130000000042],[23.473723000000064,9.144029000000046],[23.474087000000054,9.145363000000032],[23.47459800000007,9.14641800000004],[23.475348000000054,9.147275000000036],[23.476283000000024,9.14779500000003],[23.47715100000005,9.148228000000074],[23.477932000000067,9.14857500000005],[23.478668000000027,9.149176000000068],[23.479553000000067,9.149674000000061],[23.480778000000043,9.149689000000023],[23.48152600000003,9.150117000000023],[23.48206300000004,9.151172000000031],[23.482331000000045,9.15245200000004],[23.482782000000043,9.15333000000004],[23.48342400000007,9.15382900000003],[23.48455400000006,9.154446000000064],[23.485281000000043,9.155122000000063],[23.48632800000007,9.155926000000022],[23.48654300000004,9.157192000000066],[23.48639600000007,9.15824200000003],[23.486049000000037,9.159625000000062],[23.48556700000006,9.16106000000002],[23.48522500000007,9.161883000000046],[23.485037000000034,9.163087000000075],[23.485284000000036,9.164153000000056],[23.485892000000035,9.165314000000023],[23.486163000000033,9.16649700000005],[23.486349000000075,9.167503000000067],[23.486493000000053,9.168080000000032],[23.486397370802653,9.168224731731454],[23.48779228899997,9.169492802000093],[23.4958823180001,9.173775876999969],[23.50195360700019,9.173396465000053],[23.503398505,9.173306185],[23.503741194000042,9.173194028000069],[23.504048891000025,9.173174803000165],[23.508331891000182,9.17174705300016],[23.510711391000086,9.167464053000174],[23.510711391000086,9.161753303000182],[23.514289057000155,9.15728110200007],[23.514918039000122,9.157595552000146],[23.5164107060001,9.159114064],[23.518535139000107,9.162088795000045],[23.519075957999974,9.162880902000097],[23.520628818000034,9.16520937700011],[23.523484164000024,9.167589302000124],[23.528243039000074,9.16901692700003],[23.528738346000125,9.168875416000162],[23.531597055000134,9.168074935000107],[23.53490531800003,9.169492877000152],[23.53805065500012,9.170541322000133],[23.540616164000028,9.171396427000104],[23.543947318000107,9.173775876999969],[23.54467292400011,9.174259614000107],[23.54537516400012,9.174727677000021],[23.551085818000104,9.17948637700016],[23.56393481800012,9.19233537700012],[23.566282106579063,9.195465075194006],[23.566495936438216,9.195585538571953],[23.563964230000067,9.192210127000067],[23.55682623000007,9.185072127000069],[23.55111523000005,9.17936112700005],[23.545404730000087,9.174602627000183],[23.543976730000054,9.173650627000086],[23.54064523000011,9.171271127000011],[23.534934730000145,9.1693676270001],[23.531812286000047,9.168029705000095],[23.53212651600012,9.16793992800018],[23.535457766000093,9.169367553000086],[23.541168391000156,9.171271178000154],[23.544499766000172,9.173650553000073],[23.545927391000077,9.174602428000071],[23.55163814100007,9.179361177999965],[23.55734876600019,9.185072053000113],[23.564487266000185,9.19221042800018],[23.567597849174668,9.19635784197181],[23.568250000000035,9.19691000000006],[23.569125464894547,9.198030357113085],[23.57495676600007,9.199824803000013],[23.583047016000137,9.202680053],[23.587805891000187,9.20505942800014],[23.59256489100011,9.20886667800005],[23.593992516000185,9.210294303000126],[23.602082641000152,9.220288178000033],[23.608304673000205,9.225127415163588],[23.60874000000007,9.22500800000006],[23.609147000000064,9.22555600000004],[23.609425819076492,9.225999395853835],[23.610648766000054,9.226950553000165],[23.616359516000045,9.231233553000152],[23.620166641000026,9.242654928000036],[23.621594266000102,9.254076428000076],[23.623269694732013,9.265385159381246],[23.623467000000062,9.26578100000006],[23.623856000000046,9.26690300000007],[23.624050000000068,9.26793200000003],[23.624471000000028,9.269141000000047],[23.62544900000006,9.27094100000005],[23.626369000000068,9.271776000000045],[23.627552000000037,9.272021000000052],[23.62908900000008,9.272096000000033],[23.630786000000057,9.272539000000052],[23.63174900000007,9.272576000000072],[23.632961000000023,9.272894000000065],[23.63401300000004,9.273595000000057],[23.63485600000007,9.274072000000047],[23.63566700000007,9.274275000000046],[23.636805000000038,9.273873000000037],[23.638240000000053,9.272779000000071],[23.63879600000007,9.271671000000026],[23.639620000000036,9.270867000000067],[23.640700000000038,9.270505000000071],[23.641910000000053,9.270436000000075],[23.64305100000007,9.270234000000073],[23.644737000000077,9.269622000000027],[23.64541200000008,9.269318000000055],[23.64734100000004,9.267705000000035],[23.648225000000025,9.26743700000003],[23.649005000000045,9.269065000000069],[23.649280000000033,9.269596000000035],[23.649486000000024,9.269927000000052],[23.649726000000044,9.270357000000047],[23.649831000000063,9.270910000000072],[23.64994800000005,9.271769000000063],[23.650289000000043,9.272352000000069],[23.651131000000078,9.272763000000054],[23.651632000000063,9.27303100000006],[23.65250800000007,9.274036000000024],[23.65277700000007,9.274729000000036],[23.65295800000007,9.275573000000065],[23.653308000000038,9.276704000000052],[23.653428000000076,9.277387000000033],[23.65328500000004,9.278100000000052],[23.65343000000007,9.278966000000025],[23.654037000000073,9.279975000000036],[23.654844000000026,9.280914000000053],[23.65552500000007,9.282081000000062],[23.656330000000025,9.283449000000076],[23.656837000000053,9.284305000000074],[23.657655000000034,9.285738000000038],[23.655702000000076,9.287048000000027],[23.654874000000063,9.287893000000054],[23.65386600000005,9.289217000000065],[23.653383000000076,9.290042000000028],[23.652976000000024,9.290905000000066],[23.652946000000043,9.291834000000051],[23.652843000000075,9.292672000000039],[23.651959000000033,9.294198000000051],[23.651152000000025,9.295266000000026],[23.650484000000063,9.296732000000077],[23.650247000000036,9.298013000000026],[23.65030900000005,9.299245000000042],[23.650341000000026,9.300148000000036],[23.649846000000025,9.301792000000034],[23.649325000000033,9.30325300000004],[23.64871400000004,9.30473500000005],[23.64778300000006,9.305788000000064],[23.64699600000006,9.30663800000002],[23.646190000000047,9.307839000000058],[23.645613000000026,9.309353000000044],[23.645091000000036,9.310935000000029],[23.644848000000025,9.311870000000056],[23.64449200000007,9.313163000000031],[23.643918000000042,9.314315000000022],[23.642559000000062,9.315259000000026],[23.641458000000057,9.315586000000053],[23.640422000000058,9.316087000000039],[23.639898000000073,9.316532000000052],[23.638716000000045,9.318549000000075],[23.63755100000003,9.320523000000037],[23.63615100000004,9.323094000000026],[23.635200000000054,9.325878000000046],[23.634312000000023,9.327766000000054],[23.63400000000007,9.328756000000055],[23.633999000000074,9.32950500000004],[23.633533000000057,9.330781000000059],[23.633793000000026,9.331369000000052],[23.634777000000042,9.332003000000043],[23.63492400000007,9.33281500000004],[23.634831000000077,9.333758000000046],[23.63489000000004,9.334602000000075],[23.635267000000056,9.334977000000038],[23.63581800000003,9.335288000000048],[23.636664000000053,9.335403000000042],[23.63720100000006,9.33558400000004],[23.63742700000006,9.336138000000062],[23.637624000000073,9.336431000000061],[23.638094000000024,9.33680000000004],[23.638459014761086,9.337008169273226],[23.63915523000003,9.336881627000082],[23.63939070100008,9.336933939000119],[23.643438230000072,9.337833127000124],[23.643438230000072,9.34497162700012],[23.645341730000155,9.3635316270001],[23.644390230000113,9.372097627000073],[23.64486573000005,9.379712127000062],[23.644686986385494,9.381143203636686],[23.64528000000007,9.381082000000049],[23.64629800000006,9.380827000000068],[23.647200000000055,9.380584000000056],[23.647831000000053,9.38065800000004],[23.64815100000004,9.380993000000046],[23.64818900000006,9.381596000000059],[23.648319000000072,9.382505000000037],[23.64851600000003,9.383361000000036],[23.648128000000042,9.384236000000044],[23.647917000000064,9.384957000000043],[23.647305000000074,9.38582800000006],[23.647136000000046,9.386749000000066],[23.64740000000006,9.387486000000024],[23.647650000000056,9.388291000000038],[23.647886000000028,9.388657000000023],[23.648208000000068,9.388875000000041],[23.648773000000062,9.389132000000075],[23.64977200000004,9.38970100000006],[23.64955200000003,9.390385000000038],[23.64944500000007,9.391227000000072],[23.64974600000005,9.392203000000052],[23.64944500000007,9.393177000000037],[23.64911500000005,9.39383300000003],[23.648730819153737,9.394075260730496],[23.65057673000007,9.396844127],[23.65819123000017,9.40065112700006],[23.661522230000116,9.40303112700019],[23.666756730000145,9.409693127000025],[23.67484723000001,9.415879627000095],[23.67960623000016,9.423970127000189],[23.683397198000137,9.43069274700008],[23.681509730000073,9.43777062700002],[23.6725948150064,9.444339485786406],[23.67255700000004,9.444495000000074],[23.672406000000024,9.445190000000025],[23.672115000000076,9.44603200000006],[23.67205800000005,9.44661700000006],[23.672206000000074,9.44718400000005],[23.672393000000056,9.447872000000075],[23.67235000000005,9.448466000000053],[23.672002000000077,9.448917000000051],[23.671816000000035,9.449269000000072],[23.67168900000007,9.44977700000004],[23.671440000000075,9.450506000000075],[23.67087900000007,9.450937000000067],[23.670637000000056,9.451275000000066],[23.67043300000006,9.451786000000027],[23.670342000000062,9.452274000000045],[23.670423000000028,9.452777000000026],[23.670558000000028,9.45328100000006],[23.670753000000047,9.453643000000056],[23.67080500000003,9.454191000000037],[23.670859000000064,9.454687000000035],[23.671080000000075,9.455043000000046],[23.671340000000043,9.455521000000033],[23.671730000000025,9.456063000000029],[23.671723000000043,9.456454000000065],[23.67155400000007,9.457010000000025],[23.67105900000007,9.457506000000024],[23.67037300000004,9.457664000000022],[23.669858000000033,9.457578000000069],[23.669214000000068,9.457507000000021],[23.668735000000027,9.45746500000007],[23.66808400000008,9.457603000000063],[23.667558000000042,9.457832000000053],[23.667091000000028,9.457606000000055],[23.666754000000026,9.457014000000072],[23.66670000000005,9.456518000000074],[23.66603900000007,9.456242000000032],[23.66552100000007,9.456144000000052],[23.66494700000004,9.45639600000004],[23.664225000000044,9.456809000000021],[23.663190000000043,9.45728900000006],[23.662574000000063,9.457589000000041],[23.661999000000037,9.457711000000074],[23.661388000000045,9.458035000000052],[23.660610000000077,9.458434000000068],[23.659631000000047,9.458564000000024],[23.658719000000076,9.45852300000007],[23.658116000000064,9.45845600000007],[23.657646000000057,9.458335000000034],[23.657242000000053,9.458342000000073],[23.656832000000065,9.458260000000053],[23.65662700000007,9.458161000000075],[23.65618500000005,9.457500000000039],[23.656186000000048,9.456837000000064],[23.656191000000035,9.45588600000002],[23.655875000000037,9.455446000000052],[23.65526200000005,9.454601000000025],[23.654806000000065,9.454125000000033],[23.654360000000054,9.45357000000007],[23.65376800000007,9.45329700000002],[23.652940000000058,9.453535000000045],[23.652492000000052,9.45387100000005],[23.652224000000047,9.454156000000069],[23.65204200000005,9.454412000000048],[23.65167800000006,9.45417800000007],[23.65162600000008,9.453812000000028],[23.650916000000052,9.453065000000038],[23.65074400000003,9.452386000000047],[23.650096000000076,9.451743000000022],[23.64948400000003,9.451327000000049],[23.64878200000004,9.451229000000069],[23.648257000000058,9.450976000000026],[23.647514000000058,9.45092500000004],[23.64679200000006,9.450792000000035],[23.64606800000007,9.450465000000065],[23.64543100000003,9.45011900000003],[23.644678000000056,9.449355000000025],[23.644165000000044,9.448488000000054],[23.64396800000003,9.448179000000039],[23.643944000000033,9.447456000000045],[23.643867000000057,9.446731000000057],[23.643809000000033,9.44597600000003],[23.64369400000004,9.445623000000069],[23.643471000000034,9.445007000000032],[23.64392900000007,9.444338000000073],[23.64389200000005,9.443800000000067],[23.644149000000027,9.443173000000058],[23.643085000000042,9.443269000000043],[23.64255000000003,9.44327800000002],[23.642141000000038,9.443261000000064],[23.641620000000046,9.44315000000006],[23.641174000000035,9.443024000000037],[23.641012000000046,9.443305000000066],[23.640593000000024,9.444096000000059],[23.640281000000073,9.445138000000043],[23.640049000000033,9.445889000000022],[23.639714000000026,9.446520000000021],[23.639546000000053,9.447322000000042],[23.639631000000065,9.44772000000006],[23.639639000000045,9.448668000000055],[23.639767000000063,9.449265000000025],[23.639920000000075,9.449857000000065],[23.639374000000032,9.450545000000034],[23.639219000000026,9.450916000000063],[23.63886400000007,9.451460000000054],[23.638708000000065,9.452013000000022],[23.638581000000045,9.452638000000036],[23.638645000000054,9.453183000000024],[23.63857900000005,9.453666000000055],[23.638247000000035,9.454373000000032],[23.63809100000003,9.455174000000056],[23.63840700000003,9.455549000000076],[23.638426000000038,9.455818000000022],[23.638158000000033,9.456213000000048],[23.63787300000007,9.456716000000029],[23.63748300000003,9.457032000000027],[23.63673600000004,9.457633000000044],[23.636495000000025,9.458035000000052],[23.636172000000045,9.458481000000063],[23.63595200000003,9.45891800000004],[23.63604600000008,9.459600000000023],[23.636161000000072,9.460200000000043],[23.63636400000007,9.460716000000048],[23.636554000000046,9.461482000000046],[23.636652000000026,9.462059000000067],[23.636584000000028,9.462594000000024],[23.63630100000006,9.463044000000025],[23.636209000000065,9.463714000000039],[23.636011000000053,9.464497000000051],[23.635841000000028,9.464924000000053],[23.635290000000055,9.46515800000003],[23.63466900000003,9.465315000000032],[23.633658000000025,9.465478000000076],[23.63309400000003,9.465350000000058],[23.632547000000045,9.465180000000032],[23.632359000000065,9.46576600000003],[23.632045000000062,9.466132000000073],[23.63169000000005,9.466792000000055],[23.63150100000007,9.46713200000005],[23.631203000000028,9.467572000000075],[23.63118000000003,9.467954000000077],[23.631229000000076,9.468517000000077],[23.63118600000007,9.46905700000002],[23.630876000000058,9.469969000000049],[23.630418000000077,9.47072600000007],[23.63018500000004,9.471392000000037],[23.62989600000003,9.471998000000042],[23.629939000000036,9.472735000000057],[23.629912000000047,9.47328600000003],[23.62973400000004,9.47407000000004],[23.629782000000034,9.475035000000048],[23.62991500000004,9.475523000000067],[23.629923000000076,9.475966000000028],[23.629587000000072,9.476553000000024],[23.629368000000056,9.477618000000064],[23.629399000000035,9.478975000000048],[23.629553000000044,9.480032000000051],[23.629517000000078,9.480943000000025],[23.629627000000028,9.481795000000034],[23.629863000000057,9.482692000000043],[23.63006800000005,9.483380000000068],[23.630305000000078,9.483746000000053],[23.630975000000035,9.484178000000043],[23.631383000000028,9.484536000000048],[23.63163000000003,9.485015000000033],[23.631677000000025,9.485435000000052],[23.631575000000055,9.485902000000067],[23.631516000000033,9.48650200000003],[23.631639000000064,9.486878000000047],[23.632356000000073,9.487056000000052],[23.632870000000025,9.487435000000062],[23.632968000000062,9.487959000000046],[23.632722000000058,9.488700000000051],[23.632584000000065,9.489403000000038],[23.63248200000004,9.490142000000048],[23.632420000000025,9.490930000000048],[23.632460000000037,9.491926000000035],[23.632645000000025,9.492719000000022],[23.63302900000008,9.49336900000003],[23.633326000000068,9.494152000000042],[23.633771000000024,9.494747000000075],[23.63404900000006,9.49530500000003],[23.63408400000003,9.496072000000026],[23.634198000000026,9.496808000000044],[23.634381000000076,9.497730000000047],[23.634433000000058,9.498379000000057],[23.634672000000023,9.498888000000022],[23.635023000000047,9.499316000000022],[23.63549900000004,9.499717000000032],[23.635770000000036,9.500377000000071],[23.635694000000058,9.500895000000071],[23.63558400000005,9.501464000000055],[23.63609800000006,9.501843000000065],[23.63656100000003,9.502117000000055],[23.637012000000027,9.502338000000066],[23.63766700000008,9.502429000000063],[23.638089000000036,9.502512000000024],[23.63854800000007,9.502974000000052],[23.638828000000046,9.50347400000004],[23.63892100000004,9.504042000000027],[23.63884900000005,9.504717000000028],[23.638758000000053,9.505368000000033],[23.638869000000057,9.50561700000003],[23.639148000000034,9.506046000000026],[23.639531000000034,9.50635200000005],[23.639929000000052,9.506727000000069],[23.640093000000036,9.507223000000067],[23.64024500000005,9.507865000000038],[23.640306000000066,9.508354000000054],[23.640236000000073,9.508971000000031],[23.64028200000007,9.509521000000063],[23.640431000000035,9.51014900000007],[23.64053300000006,9.511232000000064],[23.64062000000007,9.512247000000059],[23.64064300000007,9.513231000000076],[23.640520000000038,9.514004000000057],[23.640634000000034,9.514740000000074],[23.640809000000047,9.516094000000066],[23.640769000000034,9.517121000000031],[23.640765000000044,9.517911000000026],[23.640674000000047,9.518633000000023],[23.64078200000006,9.519069000000059],[23.641057000000046,9.520216000000062],[23.641206000000068,9.52111700000006],[23.641184000000067,9.52242700000005],[23.64145300000007,9.52381900000006],[23.641598000000045,9.524563000000057],[23.641675000000077,9.525866000000065],[23.641715000000033,9.526862000000051],[23.64156900000006,9.527868000000069],[23.641485000000046,9.528618000000051],[23.641184000000067,9.529169000000024],[23.64065800000003,9.529610000000048],[23.64032100000003,9.530126000000052],[23.64029400000004,9.530806000000041],[23.640000000000043,9.531184000000053],[23.63984300000004,9.531934000000035],[23.639710000000036,9.533067000000074],[23.639996000000053,9.533795000000055],[23.64019600000006,9.53425500000003],[23.64065400000004,9.53457400000002],[23.641068000000075,9.535161000000073],[23.64155900000003,9.535703000000069],[23.642367000000036,9.53637800000007],[23.643049000000076,9.536936000000026],[23.643278000000066,9.537332000000049],[23.643485000000055,9.537963000000047],[23.64353600000004,9.53846900000002],[23.64353200000005,9.539258000000075],[23.64385100000004,9.53980800000005],[23.644022000000064,9.540202000000022],[23.64368900000005,9.540531000000044],[23.64367100000004,9.540922000000023],[23.643674000000033,9.541337000000055],[23.643197000000043,9.542141000000072],[23.642899000000057,9.54290700000007],[23.642481000000032,9.543311000000074],[23.641810000000078,9.543481000000043],[23.640709000000072,9.543729000000042],[23.63993700000003,9.544036000000062],[23.639252000000056,9.544539000000043],[23.63851500000004,9.54514000000006],[23.637939000000074,9.545821000000046],[23.63747500000005,9.546551000000022],[23.63669500000003,9.54708800000003],[23.63595900000007,9.547488000000044],[23.634994000000063,9.547836000000075],[23.63409500000006,9.548084000000074],[23.63325100000003,9.548320000000047],[23.63248500000003,9.548381000000063],[23.63189200000005,9.548105000000021],[23.63109600000007,9.547757000000047],[23.630188000000032,9.547562000000028],[23.629477000000065,9.54774100000003],[23.628956000000073,9.547937000000047],[23.62835400000006,9.548093000000051],[23.628029000000026,9.548463000000027],[23.62807300000003,9.548870000000022],[23.628323000000023,9.54936200000003],[23.628704000000027,9.549927000000025],[23.629216000000042,9.550636000000054],[23.629392000000053,9.551187000000027],[23.629171000000042,9.551707000000022],[23.628918000000056,9.55220600000007],[23.62891200000007,9.552652000000023],[23.629001000000073,9.55293400000005],[23.629562000000078,9.553260000000023],[23.629480000000058,9.553622000000075],[23.629210000000057,9.553908000000035],[23.62916400000006,9.55450600000006],[23.62885600000004,9.555088000000069],[23.628858000000037,9.555432000000053],[23.629079000000047,9.556059000000062],[23.62922700000007,9.556687000000068],[23.62951300000003,9.55714400000005],[23.629675000000077,9.557697000000076],[23.62975700000004,9.558283000000074],[23.62999569019338,9.558631942330313],[23.634443392000094,9.561026803000061],[23.640154016999986,9.569592928000134],[23.645388892000142,9.579586678000112],[23.651575517000026,9.590056303000154],[23.65823801700003,9.598622303000127],[23.662521017000074,9.606236678000187],[23.668231767000066,9.61860980300014],[23.673466517000122,9.628127802999984],[23.678701267000122,9.634314178000182],[23.686791517000017,9.649066928000138],[23.692026267000074,9.659536553000123],[23.69726114200006,9.670006178000165],[23.697643877053867,9.671537185238357],[23.715325000000064,9.671336000000053],[23.735599000000036,9.671105000000068],[23.75512200000003,9.67088300000006],[23.774294000000054,9.67066600000004],[23.795292000000074,9.670427000000075],[23.819259000000045,9.670154000000025],[23.841748000000052,9.669899000000044],[23.864592000000073,9.669639000000075],[23.88817800000004,9.66937100000007],[23.909197000000063,9.669132000000047],[23.933151000000066,9.668860000000052],[23.955640000000074,9.668604000000073],[23.98070000000007,9.668319000000054],[24.00650100000007,9.668026000000054],[24.031197000000077,9.667745000000025],[24.053117000000043,9.667496000000028],[24.058687000000077,9.667178000000035],[24.05897200000004,9.667226000000028],[24.05911100000003,9.667226000000028],[24.059286000000043,9.667143000000067],[24.059444000000042,9.666912000000025],[24.05947100000003,9.666459000000032],[24.05949000000004,9.666172000000074],[24.059620000000052,9.665922000000023],[24.05996200000004,9.66574600000007],[24.06022100000007,9.665691000000038],[24.06061900000003,9.665691000000038],[24.06105400000007,9.665691000000038],[24.061424000000045,9.665654000000075],[24.061609000000033,9.665617000000054],[24.061840000000075,9.665515000000028],[24.062136000000066,9.665302000000054],[24.06240500000007,9.665182000000073],[24.06271000000004,9.66513500000002],[24.063089000000048,9.665117000000066],[24.063228000000038,9.665108000000032],[24.063487000000066,9.664904000000035],[24.063552000000072,9.66463600000003],[24.063515000000052,9.664340000000038],[24.06338500000004,9.664183000000037],[24.063274000000035,9.663997000000052],[24.063284000000067,9.663788000000068],[24.063413000000025,9.663590000000056],[24.063607000000047,9.663544000000059],[24.063866000000075,9.663563000000067],[24.06409400000007,9.663644000000033],[24.064427000000023,9.663644000000033],[24.064677000000074,9.663579000000027],[24.064853000000028,9.66325500000005],[24.065112000000056,9.663061000000027],[24.06552800000003,9.662922000000037],[24.065806000000066,9.662802000000056],[24.066009000000065,9.66257100000007],[24.066102000000058,9.662293000000034],[24.066111000000035,9.662006000000076],[24.066102000000058,9.66170100000005],[24.066250000000025,9.661424000000068],[24.066546000000073,9.66098900000003],[24.066823000000056,9.660776000000055],[24.067119000000048,9.660739000000035],[24.06738800000005,9.66074800000007],[24.067656000000056,9.66088700000006],[24.067934000000037,9.660998000000063],[24.068313000000046,9.66102600000005],[24.068535000000054,9.660998000000063],[24.06876600000004,9.660859000000073],[24.068988000000047,9.660554000000047],[24.06911800000006,9.660258000000056],[24.069173000000035,9.659897000000058],[24.069229000000064,9.659490000000062],[24.069146000000046,9.659184000000039],[24.069109000000026,9.65898100000004],[24.06909900000005,9.658777000000043],[24.069506000000047,9.658694000000025],[24.069747000000064,9.658814000000064],[24.069997000000058,9.659046000000046],[24.070062000000064,9.659314000000052],[24.07001500000007,9.65971200000007],[24.06989500000003,9.660036000000048],[24.069784000000027,9.660304000000053],[24.069784000000027,9.660628000000031],[24.06997800000005,9.660933000000057],[24.07027400000004,9.661174000000074],[24.070515000000057,9.661294000000055],[24.07081100000005,9.661322000000041],[24.070978000000025,9.66114600000003],[24.071116000000075,9.660924000000023],[24.071098000000063,9.660646000000042],[24.071042000000034,9.660470000000032],[24.070793000000037,9.660100000000057],[24.070543000000043,9.659841000000029],[24.070421000000067,9.659676000000047],[24.070358000000056,9.659351000000072],[24.070459000000028,9.659046000000046],[24.070839000000035,9.658814000000064],[24.07116300000007,9.65866600000004],[24.071542000000022,9.65836100000007],[24.071968000000027,9.658204000000069],[24.072310000000073,9.658296000000064],[24.072504000000038,9.658518000000072],[24.072782000000075,9.659055000000023],[24.07287400000007,9.65929600000004],[24.07315200000005,9.659508000000073],[24.073476000000028,9.659471000000053],[24.073753000000067,9.659184000000039],[24.074077000000045,9.65870300000006],[24.074086000000023,9.65870300000006],[24.074373000000037,9.658398000000034],[24.074595000000045,9.658204000000069],[24.07483600000006,9.658111000000076],[24.075113000000044,9.658111000000076],[24.07533600000005,9.658259000000044],[24.07553900000005,9.658565000000067],[24.075761000000057,9.658962000000031],[24.076140000000066,9.659407000000044],[24.07649200000003,9.659527000000026],[24.076917000000037,9.659314000000052],[24.077121000000034,9.658898000000022],[24.07720400000005,9.658518000000072],[24.077075000000036,9.657963000000052],[24.076742000000024,9.657427000000041],[24.076464000000044,9.657121000000075],[24.076381000000026,9.656807000000072],[24.076381000000026,9.656409000000053],[24.076640000000054,9.655835000000025],[24.076964000000032,9.655576000000053],[24.077352000000076,9.655391000000066],[24.077482000000032,9.655363000000023],[24.077732000000026,9.655391000000066],[24.077815000000044,9.655733000000055],[24.077815000000044,9.656002000000058],[24.07775900000007,9.656242000000077],[24.077889000000027,9.656612000000052],[24.078065000000038,9.656779000000029],[24.078250000000025,9.656964000000073],[24.07842500000004,9.657167000000072],[24.078648000000044,9.657658000000026],[24.078907000000072,9.658352000000036],[24.07911900000005,9.658990000000074],[24.07942500000007,9.659370000000024],[24.079804000000024,9.659527000000026],[24.080174000000056,9.659508000000073],[24.08038700000003,9.659388000000035],[24.080840000000023,9.659388000000035],[24.081127000000038,9.659527000000026],[24.08173800000003,9.659730000000025],[24.082108000000062,9.659906000000035],[24.082478000000037,9.660221000000035],[24.082922000000053,9.66031300000003],[24.083237000000054,9.66023000000007],[24.083598000000052,9.659971000000041],[24.08382000000006,9.65981400000004],[24.08416200000005,9.659804000000065],[24.084523000000047,9.66005400000006],[24.084828000000073,9.660378000000037],[24.085106000000053,9.660498000000075],[24.085309000000052,9.660406000000023],[24.085522000000026,9.660184000000072],[24.085642000000064,9.659906000000035],[24.08565200000004,9.659629000000052],[24.085772000000077,9.659444000000065],[24.08606800000007,9.65929600000004],[24.086438000000044,9.65929600000004],[24.086808000000076,9.659434000000033],[24.087004000000036,9.659756000000073],[24.087234000000024,9.660276000000067],[24.087372000000073,9.660609000000022],[24.08767800000004,9.660757000000046],[24.088001000000077,9.660822000000053],[24.088307000000043,9.660804000000041],[24.088686000000052,9.660591000000068],[24.088945000000024,9.66050800000005],[24.089241000000072,9.660619000000054],[24.089519000000053,9.660850000000039],[24.089695000000063,9.661174000000074],[24.08974100000006,9.661424000000068],[24.089945000000057,9.661646000000076],[24.090231000000074,9.661710000000028],[24.090583000000038,9.661655000000053],[24.09077700000006,9.661535000000072],[24.090925000000027,9.661211000000037],[24.090962000000047,9.660859000000073],[24.091129000000024,9.660517000000027],[24.091379000000074,9.660424000000035],[24.091721000000064,9.66045200000002],[24.091998000000046,9.660582000000034],[24.092239000000063,9.660859000000073],[24.092294000000038,9.661396000000025],[24.092341000000033,9.661942000000067],[24.09230400000007,9.662330000000054],[24.09238700000003,9.66263600000002],[24.09260000000006,9.662839000000076],[24.093016000000034,9.662959000000058],[24.093349000000046,9.662802000000056],[24.09359900000004,9.662608000000034],[24.09391400000004,9.662608000000034],[24.094265000000064,9.662858000000028],[24.094598000000076,9.663135000000068],[24.095024000000024,9.663209000000052],[24.09538500000008,9.663163000000054],[24.095514000000037,9.663006000000053],[24.095792000000074,9.662821000000065],[24.096134000000063,9.662839000000076],[24.09631900000005,9.663117000000057],[24.09651400000007,9.663496000000066],[24.09677300000004,9.663764000000072],[24.097078000000067,9.663940000000025],[24.097319000000027,9.66394900000006],[24.097642000000064,9.66388500000005],[24.097874000000047,9.663718000000074],[24.098059000000035,9.663422000000025],[24.098142000000053,9.663070000000062],[24.098142000000053,9.662552000000062],[24.098077000000046,9.662108000000046],[24.09804900000006,9.661803000000077],[24.09815100000003,9.661470000000065],[24.098355000000026,9.661266000000069],[24.09864200000004,9.661137000000053],[24.09903900000006,9.661127000000022],[24.099206000000038,9.661266000000069],[24.099354000000062,9.661488000000077],[24.09940000000006,9.661858000000052],[24.099372000000074,9.662330000000054],[24.09929900000003,9.662580000000048],[24.09922400000005,9.66287600000004],[24.099252000000035,9.66319100000004],[24.09952100000004,9.66339400000004],[24.099956000000077,9.66351400000002],[24.100298000000066,9.663589000000059],[24.100603000000035,9.663875000000075],[24.100649000000033,9.66412500000007],[24.100547000000063,9.664477000000034],[24.10049200000003,9.664745000000039],[24.10051100000004,9.66504100000003],[24.10071400000004,9.665263000000039],[24.10105600000003,9.665254000000061],[24.101454000000047,9.665393000000051],[24.101574000000028,9.665744000000075],[24.101454000000047,9.66611400000005],[24.101380000000063,9.66656800000004],[24.101436000000035,9.666836000000046],[24.101649000000066,9.667003000000022],[24.10182400000008,9.667003000000022],[24.102074000000073,9.66694700000005],[24.102213000000063,9.66708600000004],[24.10225900000006,9.667308000000048],[24.102463000000057,9.667613000000074],[24.102731000000063,9.667724000000021],[24.103147000000035,9.667733000000055],[24.10357300000004,9.66774300000003],[24.10391500000003,9.667770000000075],[24.104202000000043,9.667835000000025],[24.104397000000063,9.667965000000038],[24.104452000000038,9.668326000000036],[24.104517000000044,9.668779000000029],[24.104452000000038,9.669112000000041],[24.104332000000056,9.669417000000067],[24.10411000000005,9.669538000000045],[24.103777000000036,9.669565000000034],[24.103444000000025,9.669593000000077],[24.103120000000047,9.669732000000067],[24.102990000000034,9.669982000000061],[24.102925000000027,9.670296000000064],[24.10303600000003,9.670592000000056],[24.103203000000065,9.670768000000066],[24.103480000000047,9.670935000000043],[24.10371200000003,9.671148000000073],[24.103897000000075,9.67139700000007],[24.103962000000024,9.671684000000027],[24.10414700000007,9.671841000000029],[24.104369000000077,9.671906000000035],[24.104526000000078,9.671832000000052],[24.104637000000025,9.671647000000064],[24.104720000000043,9.671305000000075],[24.104831000000047,9.670944000000077],[24.10497900000007,9.67070300000006],[24.105275000000063,9.67070300000006],[24.105562000000077,9.670907000000057],[24.105729000000053,9.671092000000044],[24.10585800000007,9.671277000000032],[24.105905000000064,9.671684000000027],[24.10585800000007,9.67201700000004],[24.105664000000047,9.672258000000056],[24.105387000000064,9.672350000000051],[24.105053000000055,9.672295000000076],[24.10470200000003,9.672350000000051],[24.10446100000007,9.672526000000062],[24.104378000000054,9.672757000000047],[24.10442400000005,9.673016000000075],[24.104655000000037,9.673229000000049],[24.104877000000045,9.673313000000064],[24.105174000000034,9.673331000000076],[24.105405000000076,9.673396000000025],[24.105572000000052,9.67356200000006],[24.10561800000005,9.673766000000057],[24.105553000000043,9.673932000000036],[24.105312000000026,9.67423800000006],[24.10526600000003,9.674386000000027],[24.10526600000003,9.674765000000036],[24.105359000000078,9.675043000000073],[24.105562000000077,9.675293000000067],[24.105747000000065,9.675459000000046],[24.106080000000077,9.675524000000053],[24.10627500000004,9.675496000000066],[24.106460000000027,9.675459000000046],[24.106682000000035,9.675552000000039],[24.106913000000077,9.675616000000048],[24.10708900000003,9.67557000000005],[24.107228000000077,9.675468000000023],[24.107459000000063,9.675070000000062],[24.10768100000007,9.674839000000077],[24.10792200000003,9.674839000000077],[24.10819900000007,9.674950000000024],[24.10835700000007,9.675237000000038],[24.108375000000024,9.675505000000044],[24.10833800000006,9.675875000000076],[24.108569000000045,9.676209000000028],[24.10897600000004,9.676468000000057],[24.109208000000024,9.676736000000062],[24.109467000000052,9.676967000000047],[24.10953200000006,9.677226000000076],[24.109605000000045,9.67779100000007],[24.109485000000063,9.678040000000067],[24.109245000000044,9.678142000000037],[24.10901300000006,9.678161000000046],[24.10881900000004,9.678299000000038],[24.108745000000056,9.678503000000035],[24.108791000000053,9.678697000000057],[24.108948000000055,9.67894700000005],[24.109106000000054,9.679234000000065],[24.10923500000007,9.679373000000055],[24.109439000000066,9.679447000000039],[24.109615000000076,9.679549000000065],[24.10975300000007,9.679724000000022],[24.109800000000064,9.679937000000052],[24.109717000000046,9.68015900000006],[24.109559000000047,9.680353000000025],[24.109448000000043,9.68057600000003],[24.109503000000075,9.680844000000036],[24.10970700000007,9.681316000000038],[24.11003100000005,9.681769000000031],[24.110420000000033,9.682056000000046],[24.110753000000045,9.682278000000053],[24.110919000000024,9.682500000000061],[24.11100300000004,9.682796000000053],[24.110975000000053,9.683148000000074],[24.110928000000058,9.683471000000054],[24.11072500000006,9.683823000000075],[24.110484000000042,9.684045000000026],[24.110123000000044,9.684202000000028],[24.109781000000055,9.684461000000056],[24.10968900000006,9.68474800000007],[24.109772000000078,9.685017000000073],[24.110013000000038,9.685294000000056],[24.11032700000004,9.685590000000047],[24.110568000000058,9.68585900000005],[24.11072500000006,9.68602500000003],[24.11100300000004,9.686081000000058],[24.111289000000056,9.686053000000072],[24.11152100000004,9.685905000000048],[24.111770000000035,9.685609000000056],[24.11191800000006,9.685276000000044],[24.112011000000052,9.68502600000005],[24.11207600000006,9.684859000000074],[24.112279000000058,9.684498000000076],[24.11243600000006,9.684304000000054],[24.112686000000053,9.684110000000032],[24.112797000000057,9.684110000000032],[24.113020000000063,9.684378000000038],[24.113103000000024,9.68474800000007],[24.11309300000005,9.68502600000005],[24.112825000000043,9.685303000000033],[24.11253800000003,9.685535000000073],[24.112363000000073,9.685803000000021],[24.112279000000058,9.686053000000072],[24.112288000000035,9.686275000000023],[24.112381000000028,9.686478000000022],[24.11257500000005,9.686599000000058],[24.112816000000066,9.686654000000033],[24.113112000000058,9.686608000000035],[24.113399000000072,9.686543000000029],[24.113630000000057,9.686580000000049],[24.11392600000005,9.686849000000052],[24.11401900000004,9.687126000000035],[24.11401900000004,9.687441000000035],[24.113973000000044,9.687755000000038],[24.11406500000004,9.687977000000046],[24.114185000000077,9.688209000000029],[24.11439800000005,9.688329000000067],[24.114870000000053,9.688625000000059],[24.11524000000003,9.688865000000021],[24.115647000000024,9.68923600000005],[24.116054000000076,9.689485000000047],[24.116554000000065,9.689698000000021],[24.11692400000004,9.689855000000023],[24.11726600000003,9.690050000000042],[24.117414000000053,9.690318000000048],[24.117368000000056,9.69051200000007],[24.11732200000006,9.690670000000068],[24.11692400000004,9.690938000000074],[24.116757000000064,9.691030000000069],[24.116683000000023,9.691206000000022],[24.11676600000004,9.691354000000047],[24.11692400000004,9.691373000000056],[24.11722000000003,9.691234000000065],[24.11742300000003,9.691141000000073],[24.11761800000005,9.691141000000073],[24.117886000000055,9.691280000000063],[24.11801600000007,9.691530000000057],[24.11815400000006,9.691687000000059],[24.118386000000044,9.691817000000071],[24.118821000000025,9.691817000000071],[24.11926500000004,9.691808000000037],[24.119551000000058,9.691835000000026],[24.119857000000025,9.69194600000003],[24.120116000000053,9.692224000000067],[24.12028200000003,9.692539000000068],[24.12028200000003,9.69299200000006],[24.120171000000028,9.693482000000074],[24.120079000000032,9.693908000000022],[24.119949000000076,9.694176000000027],[24.11972700000007,9.694250000000068],[24.119385000000023,9.694269000000077],[24.11910800000004,9.694176000000027],[24.118913000000077,9.694176000000027],[24.118663000000026,9.694380000000024],[24.118580000000065,9.694500000000062],[24.118497000000048,9.694796000000053],[24.118534000000068,9.695092000000045],[24.118737000000067,9.695259000000021],[24.11900600000007,9.695407000000046],[24.119293000000027,9.695629000000054],[24.119413000000065,9.695916000000068],[24.119339000000025,9.69621200000006],[24.11908900000003,9.696406000000025],[24.118728000000033,9.696517000000028],[24.118367000000035,9.696591000000069],[24.118219000000067,9.69667400000003],[24.11805300000003,9.696943000000033],[24.118089000000055,9.697239000000025],[24.118266000000062,9.697340000000054],[24.118506000000025,9.697359000000063],[24.11903300000006,9.69719200000003],[24.119496000000026,9.697109000000069],[24.119940000000042,9.697017000000073],[24.12033800000006,9.697044000000062],[24.12051400000007,9.697165000000041],[24.12051400000007,9.697424000000069],[24.120384000000058,9.697729000000038],[24.120107000000075,9.698044000000039],[24.11982900000004,9.698192000000063],[24.119533000000047,9.69834000000003],[24.119357000000036,9.698654000000033],[24.11912600000005,9.699043000000074],[24.118876000000057,9.699422000000027],[24.11857100000003,9.699700000000064],[24.11825600000003,9.699894000000029],[24.117886000000055,9.699940000000026],[24.11758100000003,9.699913000000038],[24.117313000000024,9.699718000000075],[24.117192000000045,9.699422000000027],[24.117174000000034,9.699219000000028],[24.11716400000006,9.698812000000032],[24.117174000000034,9.69854300000003],[24.11713700000007,9.698386000000028],[24.11690500000003,9.698386000000028],[24.116794000000027,9.698608000000036],[24.11678500000005,9.698913000000061],[24.116813000000036,9.699126000000035],[24.116914000000065,9.69958900000006],[24.117016000000035,9.69996800000007],[24.11694300000005,9.70028300000007],[24.116859000000034,9.700505000000021],[24.11664600000006,9.700708000000077],[24.116258000000073,9.700856000000044],[24.115869000000032,9.700949000000037],[24.115638000000047,9.701051000000064],[24.115527000000043,9.701245000000029],[24.115518000000066,9.701430000000073],[24.11561000000006,9.701643000000047],[24.115869000000032,9.701772000000062],[24.116193000000067,9.70185600000002],[24.116693000000055,9.701883000000066],[24.116989000000046,9.70185600000002],[24.117349000000047,9.701624000000038],[24.117627000000027,9.701448000000028],[24.11793300000005,9.701411000000064],[24.11833000000007,9.701421000000039],[24.118497000000048,9.701504000000057],[24.118728000000033,9.70171700000003],[24.11884800000007,9.70209600000004],[24.118737000000067,9.70247500000005],[24.11857100000003,9.702670000000069],[24.118266000000062,9.70279000000005],[24.117886000000055,9.702818000000036],[24.11744200000004,9.702725000000044],[24.11716400000006,9.702716000000066],[24.116776000000073,9.702901000000054],[24.116508000000067,9.703225000000032],[24.116295000000036,9.703678000000025],[24.116156000000046,9.70386300000007],[24.115953000000047,9.703956000000062],[24.11569300000008,9.704057000000034],[24.115490000000023,9.704011000000037],[24.11537000000004,9.703780000000052],[24.115157000000067,9.703613000000075],[24.114833000000033,9.703512000000046],[24.114592000000073,9.703475000000026],[24.11426800000004,9.70334500000007],[24.114028000000076,9.703382000000033],[24.113898000000063,9.70358600000003],[24.113898000000063,9.703835000000026],[24.114028000000076,9.704076000000043],[24.114250000000027,9.704289000000074],[24.11460100000005,9.704465000000027],[24.11499900000007,9.704502000000048],[24.115388000000053,9.704502000000048],[24.115656000000058,9.704502000000048],[24.11592500000006,9.704603000000077],[24.116276000000028,9.70497400000005],[24.11652600000008,9.705279000000075],[24.116776000000073,9.70547300000004],[24.117155000000025,9.70551000000006],[24.11742300000003,9.705418000000066],[24.117831000000024,9.705112000000042],[24.118034000000023,9.704807000000073],[24.118228000000045,9.704557000000023],[24.11848800000007,9.704529000000036],[24.118876000000057,9.70465900000005],[24.11900600000007,9.704714000000024],[24.11917200000005,9.704844000000037],[24.11931100000004,9.705066000000045],[24.119274000000075,9.705344000000025],[24.119144000000063,9.705704000000026],[24.118876000000057,9.706093000000067],[24.118645000000072,9.70630600000004],[24.11837600000007,9.706454000000065],[24.118062000000066,9.706611000000066],[24.117756000000043,9.706935000000044],[24.117553000000044,9.707324000000028],[24.117368000000056,9.707610000000045],[24.117072000000064,9.707906000000037],[24.116729000000078,9.70817500000004],[24.11643300000003,9.708517000000029],[24.116184000000032,9.70869300000004],[24.115980000000036,9.708702000000073],[24.11577600000004,9.708582000000035],[24.115666000000033,9.708434000000068],[24.115481000000045,9.70835100000005],[24.11531400000007,9.70838800000007],[24.11527700000005,9.708573000000058],[24.115342000000055,9.708739000000037],[24.115536000000077,9.708952000000068],[24.115619000000038,9.709202000000062],[24.115619000000038,9.70952600000004],[24.115508000000034,9.709997000000044],[24.115462000000036,9.710210000000075],[24.11531400000007,9.710386000000028],[24.115046000000063,9.710534000000052],[24.11472200000003,9.710673000000043],[24.114389000000074,9.710793000000024],[24.114111000000037,9.710913000000062],[24.113973000000044,9.711117000000058],[24.113982000000078,9.711367000000052],[24.114074000000073,9.71158900000006],[24.114315000000033,9.71169100000003],[24.114703000000077,9.711681000000056],[24.11495300000007,9.711496000000068],[24.115249000000063,9.711283000000037],[24.115481000000045,9.711172000000033],[24.115740000000073,9.711126000000036],[24.115897000000075,9.711154000000022],[24.116026000000033,9.711311000000023],[24.116082000000063,9.711570000000052],[24.11626700000005,9.711672000000021],[24.11652600000008,9.71179200000006],[24.11664600000006,9.711987000000022],[24.11666500000007,9.712227000000041],[24.11661900000007,9.712496000000044],[24.116581000000053,9.712634000000037],[24.116554000000065,9.712930000000028],[24.116674000000046,9.71328200000005],[24.116794000000027,9.713486000000046],[24.11696100000006,9.713643000000047],[24.117146000000048,9.713698000000022],[24.11735900000008,9.713661000000059],[24.11759900000004,9.713513000000034],[24.117904000000067,9.713291000000027],[24.118089000000055,9.713060000000041],[24.118247000000054,9.713004000000069],[24.11843200000004,9.712967000000049],[24.118580000000065,9.713032000000055],[24.118737000000067,9.713226000000077],[24.11881100000005,9.71340200000003],[24.118839000000037,9.713569000000064],[24.11898700000006,9.713652000000025],[24.119274000000075,9.713661000000059],[24.119422000000043,9.713643000000047],[24.119774000000064,9.713569000000064],[24.119977000000063,9.71359700000005],[24.120097000000044,9.713754000000051],[24.120097000000044,9.71392000000003],[24.119894000000045,9.714161000000047],[24.119635000000073,9.71437400000002],[24.119394000000057,9.714540000000056],[24.11920900000007,9.714781000000073],[24.119079000000056,9.714975000000038],[24.119024000000024,9.715179000000035],[24.119015000000047,9.715419000000054],[24.119061000000045,9.71566000000007],[24.119061000000045,9.715919000000042],[24.119061000000045,9.716196000000025],[24.118959000000075,9.716446000000076],[24.11881100000005,9.716724000000056],[24.11857100000003,9.716909000000044],[24.11829300000005,9.717103000000066],[24.118219000000067,9.717251000000033],[24.118219000000067,9.717445000000055],[24.118238000000076,9.717704000000026],[24.11831200000006,9.717945000000043],[24.11829300000005,9.718232000000057],[24.118201000000056,9.718371000000047],[24.11801600000007,9.718472000000077],[24.117840000000058,9.718500000000063],[24.117534000000035,9.718426000000022],[24.117331000000036,9.718315000000075],[24.11710000000005,9.718213000000048],[24.116896000000054,9.718176000000028],[24.116637000000026,9.718195000000037],[24.116424000000052,9.718334000000027],[24.116258000000073,9.718556000000035],[24.116165000000024,9.718778000000043],[24.116138000000035,9.719018000000062],[24.116174000000058,9.719222000000059],[24.11628600000006,9.719435000000033],[24.116452000000038,9.719620000000077],[24.116739000000052,9.719786000000056],[24.117026000000067,9.719870000000071],[24.117238000000043,9.719925000000046],[24.117433000000062,9.720045000000027],[24.117562000000078,9.72021200000006],[24.117562000000078,9.72038800000007],[24.117525000000057,9.720610000000022],[24.117405000000076,9.720785000000035],[24.117201000000023,9.720989000000031],[24.117007000000058,9.721091000000058],[24.11676600000004,9.72107200000005],[24.116471000000047,9.721026000000052],[24.116082000000063,9.720943000000034],[24.115740000000073,9.720933000000059],[24.11562900000007,9.720943000000034],[24.115499000000057,9.721035000000029],[24.11539700000003,9.721442000000025],[24.115406000000064,9.721738000000073],[24.115296000000058,9.72222000000005],[24.115064000000075,9.722645000000057],[24.114861000000076,9.722960000000057],[24.114518000000032,9.723200000000077],[24.114130000000046,9.723478000000057],[24.113954000000035,9.723626000000024],[24.113898000000063,9.723820000000046],[24.113871000000074,9.724024000000043],[24.113973000000044,9.724236000000076],[24.114195000000052,9.724394000000075],[24.11448100000007,9.724422000000061],[24.114861000000076,9.724422000000061],[24.115203000000065,9.724440000000072],[24.11545300000006,9.724514000000056],[24.11561000000006,9.724671000000058],[24.115804000000026,9.724958000000072],[24.11600800000008,9.725236000000052],[24.116221000000053,9.725495000000024],[24.116415000000075,9.725652000000025],[24.11664600000006,9.725772000000063],[24.11678500000005,9.725763000000029],[24.11696100000006,9.725767000000076],[24.11716400000006,9.72566100000006],[24.117405000000076,9.725449000000026],[24.117627000000027,9.72514300000006],[24.117766000000074,9.724884000000031],[24.11782100000005,9.724681000000032],[24.117951000000062,9.724514000000056],[24.11815400000006,9.724440000000072],[24.118460000000027,9.724523000000033],[24.11860800000005,9.724616000000026],[24.118885000000034,9.724810000000048],[24.11896900000005,9.725153000000034],[24.11895000000004,9.725513000000035],[24.11879300000004,9.72592000000003],[24.11865400000005,9.726226000000054],[24.11851500000006,9.726559000000066],[24.118349000000023,9.726716000000067],[24.118145000000027,9.72675300000003],[24.117951000000062,9.726707000000033],[24.117673000000025,9.726577000000077],[24.117396000000042,9.726476000000048],[24.117174000000034,9.726448000000062],[24.117053000000055,9.726448000000062],[24.116896000000054,9.726596000000029],[24.116757000000064,9.726781000000074],[24.11678500000005,9.727049000000022],[24.11696100000006,9.727318000000025],[24.117192000000045,9.727512000000047],[24.117534000000035,9.727641000000062],[24.117831000000024,9.727762000000041],[24.118191000000024,9.727873000000045],[24.118413000000032,9.728039000000024],[24.118682000000035,9.728206000000057],[24.119015000000047,9.728363000000058],[24.119293000000027,9.728474000000062],[24.119478000000072,9.728502000000049],[24.119736000000046,9.728437000000042],[24.11998600000004,9.728409000000056],[24.120246000000066,9.728455000000054],[24.120449000000065,9.728594000000044],[24.120532000000026,9.728826000000026],[24.120588000000055,9.72903800000006],[24.120532000000026,9.729418000000067],[24.12047700000005,9.729742000000044],[24.120393000000035,9.730204000000072],[24.120393000000035,9.73052800000005],[24.120366000000047,9.730815000000064],[24.12033800000006,9.73108300000007],[24.12042100000008,9.731407000000047],[24.120588000000055,9.731657000000041],[24.120865000000038,9.731805000000065],[24.12121700000006,9.731833000000051],[24.121615000000077,9.731712000000073],[24.12194800000003,9.731509000000074],[24.12218800000005,9.731416000000024],[24.12250300000005,9.73137900000006],[24.12272500000006,9.731407000000047],[24.12303000000003,9.731536000000062],[24.123280000000022,9.731777000000022],[24.12353900000005,9.73207300000007],[24.12385400000005,9.732258000000058],[24.124427000000026,9.732471000000032],[24.124883000000068,9.732463000000052],[24.12558000000007,9.732563000000027],[24.126145000000065,9.73266300000006],[24.126726000000076,9.732895000000042],[24.12705900000003,9.733360000000062],[24.127341000000058,9.733908000000042],[24.127640000000042,9.734390000000076],[24.12788900000004,9.734622000000059],[24.128238000000067,9.734739000000047],[24.128653000000043,9.734788000000037],[24.12913400000008,9.73468900000006],[24.12959900000004,9.734556000000055],[24.12991500000004,9.734556000000055],[24.13029700000004,9.73465600000003],[24.130513000000064,9.735071000000062],[24.13092800000004,9.735685000000046],[24.131227000000024,9.735918000000026],[24.131542000000024,9.735951000000057],[24.131891000000053,9.735868000000039],[24.132124000000033,9.735536000000025],[24.13214000000005,9.735270000000071],[24.132090000000062,9.734938000000056],[24.13195200000007,9.73447200000004],[24.13159200000007,9.734041000000047],[24.13165900000007,9.733493000000067],[24.131791000000078,9.733310000000074],[24.132157000000063,9.733194000000026],[24.13268800000003,9.733111000000065],[24.13322000000005,9.733111000000065],[24.133552000000066,9.733111000000065],[24.133884000000023,9.733393000000035],[24.13396700000004,9.733809000000065],[24.13378400000005,9.73422400000004],[24.133519000000035,9.734506000000067],[24.133120000000076,9.734872000000053],[24.132771000000048,9.735253000000057],[24.13272100000006,9.735407000000066],[24.13267200000007,9.735768000000064],[24.13280400000008,9.736051000000032],[24.133103000000062,9.736217000000067],[24.13358500000004,9.73618300000004],[24.13396700000004,9.736067000000048],[24.134299000000055,9.735801000000038],[24.13459800000004,9.735503000000051],[24.134930000000054,9.735021000000074],[24.135146000000077,9.734406000000035],[24.135162000000037,9.733908000000042],[24.13506300000006,9.733709000000033],[24.134781000000032,9.733493000000067],[24.134681000000057,9.73324400000007],[24.134764000000075,9.73277900000005],[24.13506300000006,9.732547000000068],[24.13549500000005,9.732580000000041],[24.135910000000024,9.732713000000047],[24.136259000000052,9.732995000000074],[24.136392000000058,9.733443000000022],[24.136707000000058,9.734108000000049],[24.136757000000046,9.735071000000062],[24.136906000000067,9.735851000000025],[24.137239000000022,9.736266000000057],[24.13767000000007,9.736499000000038],[24.13806900000003,9.736482000000024],[24.138584000000037,9.736233000000027],[24.138766000000032,9.73570200000006],[24.13870000000003,9.73517000000004],[24.13841800000006,9.734822000000065],[24.13821800000005,9.734456000000023],[24.138285000000053,9.734025000000031],[24.138550000000066,9.733726000000047],[24.13884900000005,9.73364300000003],[24.139331000000027,9.733809000000065],[24.13997900000004,9.733975000000044],[24.140543000000036,9.73399100000006],[24.14102500000007,9.734207000000026],[24.14145700000006,9.734639000000072],[24.141872000000035,9.734838000000025],[24.142420000000072,9.734739000000047],[24.142702000000043,9.734240000000057],[24.14278500000006,9.73395800000003],[24.143200000000036,9.733842000000038],[24.14353200000005,9.73395800000003],[24.143782000000044,9.734307000000058],[24.144130000000075,9.734556000000055],[24.144546000000048,9.73449000000005],[24.14466200000004,9.734141000000022],[24.144612000000052,9.733609000000058],[24.144546000000048,9.732995000000074],[24.14477800000003,9.73277900000005],[24.14509300000003,9.732729000000063],[24.145343000000025,9.732845000000054],[24.145525000000077,9.733194000000026],[24.145808000000045,9.73379200000005],[24.14610600000003,9.734240000000057],[24.146605000000022,9.734440000000063],[24.14688700000005,9.734406000000035],[24.147302000000025,9.734141000000022],[24.14773400000007,9.73394200000007],[24.148116000000073,9.733742000000063],[24.148531000000048,9.733709000000033],[24.149096000000043,9.73394200000007],[24.149212000000034,9.734091000000035],[24.149561000000062,9.734838000000025],[24.14992600000005,9.735353000000032],[24.150308000000052,9.735486000000037],[24.15074000000004,9.735486000000037],[24.15108900000007,9.735336000000075],[24.151387000000057,9.735104000000035],[24.151587000000063,9.734606000000042],[24.151603000000023,9.734174000000053],[24.15180300000003,9.733775000000037],[24.15211800000003,9.733510000000024],[24.152484000000072,9.733443000000022],[24.152882000000034,9.733510000000024],[24.15313100000003,9.733825000000024],[24.153463000000045,9.73442300000005],[24.153546000000063,9.734788000000037],[24.15379500000006,9.735104000000035],[24.153879000000074,9.735453000000064],[24.15374600000007,9.735785000000021],[24.15328100000005,9.73613400000005],[24.15324700000008,9.736349000000075],[24.153364000000067,9.736748000000034],[24.153679000000068,9.736748000000034],[24.154011000000025,9.736532000000068],[24.154360000000054,9.736416000000077],[24.154892000000075,9.736266000000057],[24.155572000000063,9.736266000000057],[24.156154000000072,9.736316000000045],[24.15651900000006,9.736549000000025],[24.156818000000044,9.736981000000071],[24.156885000000045,9.737329000000045],[24.156818000000044,9.737844000000052],[24.156934000000035,9.738143000000036],[24.15715000000006,9.738293000000056],[24.157449000000042,9.738293000000056],[24.157764000000043,9.738126000000022],[24.157947000000036,9.737844000000052],[24.158030000000053,9.737396000000047],[24.158097000000055,9.736848000000066],[24.158229000000063,9.73613400000005],[24.158229000000063,9.735503000000051],[24.158097000000055,9.734855000000039],[24.15796400000005,9.734323000000074],[24.157565000000034,9.73394200000007],[24.157133000000044,9.73364300000003],[24.156851000000074,9.733310000000074],[24.15671800000007,9.732995000000074],[24.15671800000007,9.732563000000027],[24.15683400000006,9.732264000000043],[24.156967000000066,9.732065000000034],[24.157300000000077,9.73196500000006],[24.15753200000006,9.732082000000048],[24.15773100000007,9.732347000000061],[24.15811300000007,9.732630000000029],[24.158412000000055,9.732762000000037],[24.158844000000045,9.732746000000077],[24.159276000000034,9.732547000000068],[24.159658000000036,9.732331000000045],[24.160123000000056,9.732015000000047],[24.160505000000057,9.731849000000068],[24.160820000000058,9.731749000000036],[24.161252000000047,9.73176600000005],[24.161667000000023,9.731982000000073],[24.161916000000076,9.732015000000047],[24.16241400000007,9.731982000000073],[24.163012000000037,9.731982000000073],[24.163677000000064,9.732248000000027],[24.164191000000073,9.73251300000004],[24.16452300000003,9.732630000000029],[24.16483900000003,9.732613000000072],[24.16513800000007,9.732414000000063],[24.165354000000036,9.732065000000034],[24.165287000000035,9.731467000000066],[24.16522100000003,9.730886000000055],[24.16515400000003,9.730172000000039],[24.165370000000053,9.72957400000007],[24.165653000000077,9.729159000000038],[24.165985000000035,9.728777000000036],[24.16631700000005,9.728644000000031],[24.166799000000026,9.728744000000063],[24.167380000000037,9.729026000000033],[24.16791100000006,9.729192000000069],[24.168526000000043,9.729242000000056],[24.169140000000027,9.729242000000056],[24.169738000000052,9.729209000000026],[24.170087000000024,9.729242000000056],[24.170319000000063,9.72957400000007],[24.17060200000003,9.73000600000006],[24.17068500000005,9.730604000000028],[24.171050000000037,9.731052000000034],[24.171415000000025,9.731268000000057],[24.17181400000004,9.731268000000057],[24.17224600000003,9.731035000000077],[24.172595000000058,9.730736000000036],[24.172877000000028,9.730172000000039],[24.173010000000033,9.729773000000023],[24.173325000000034,9.729557000000057],[24.173591000000044,9.729441000000065],[24.173906000000045,9.729491000000053],[24.17430500000006,9.729790000000037],[24.174687000000063,9.730105000000037],[24.174986000000047,9.730122000000051],[24.175351000000035,9.729906000000028],[24.17568300000005,9.72957400000007],[24.176015000000064,9.72907600000002],[24.17626400000006,9.728744000000063],[24.176514000000054,9.728578000000027],[24.177062000000035,9.728328000000033],[24.177626000000032,9.728395000000035],[24.17814100000004,9.728478000000052],[24.178473000000054,9.728494000000069],[24.17887200000007,9.728328000000033],[24.179220000000043,9.728179000000068],[24.17961900000006,9.728162000000054],[24.180018000000075,9.728478000000052],[24.180383000000063,9.728744000000063],[24.180815000000052,9.728827000000024],[24.181346000000076,9.728661000000045],[24.18171200000006,9.72852800000004],[24.182044000000076,9.728578000000027],[24.18239200000005,9.72884300000004],[24.183040000000062,9.729192000000069],[24.183688000000075,9.729607000000044],[24.184153000000038,9.73008900000002],[24.184784000000036,9.730371000000048],[24.18538200000006,9.730537000000027],[24.185996000000046,9.730504000000053],[24.18649400000004,9.730404000000021],[24.187059000000033,9.730271000000073],[24.18750700000004,9.730305000000044],[24.187690000000032,9.730471000000023],[24.188022000000046,9.730720000000076],[24.188138000000038,9.73101900000006],[24.188138000000038,9.73133400000006],[24.188188000000025,9.731700000000046],[24.18843700000008,9.731915000000072],[24.188687000000073,9.731949000000043],[24.18895200000003,9.731915000000072],[24.189268000000027,9.731700000000046],[24.189550000000054,9.731567000000041],[24.189899000000025,9.731666000000075],[24.190181000000052,9.731899000000055],[24.190397000000075,9.732264000000043],[24.190679000000046,9.73251300000004],[24.191061000000047,9.732530000000054],[24.191526000000067,9.732447000000036],[24.19199100000003,9.732364000000075],[24.192373000000032,9.732414000000063],[24.192905000000053,9.732530000000054],[24.193436000000077,9.732646000000045],[24.194084000000032,9.732862000000068],[24.194416000000047,9.73297800000006],[24.194930000000056,9.73297800000006],[24.195230000000038,9.733045000000061],[24.19554500000004,9.733294000000058],[24.19572800000003,9.733576000000028],[24.196060000000045,9.733975000000044],[24.196442000000047,9.734240000000057],[24.196807000000035,9.734323000000074],[24.197172000000023,9.734290000000044],[24.19757100000004,9.734290000000044],[24.19795300000004,9.73442300000005],[24.198086000000046,9.734573000000069],[24.198368000000073,9.734872000000053],[24.198435000000075,9.735253000000057],[24.198435000000075,9.735469000000023],[24.198402000000044,9.735868000000039],[24.19858400000004,9.736233000000027],[24.198883000000023,9.73644900000005],[24.199365000000057,9.736366000000032],[24.199730000000045,9.736001000000044],[24.20017800000005,9.735652000000073],[24.200544000000036,9.735486000000037],[24.20104200000003,9.735270000000071],[24.201307000000043,9.735104000000035],[24.201523000000066,9.73500400000006],[24.201922000000025,9.73512100000005],[24.202304000000026,9.735386000000062],[24.202620000000024,9.735735000000034],[24.20290200000005,9.735951000000057],[24.203350000000057,9.736084000000062],[24.20379900000006,9.73644900000005],[24.204031000000043,9.736698000000047],[24.20443000000006,9.73699700000003],[24.20481200000006,9.73734600000006],[24.205310000000054,9.737512000000038],[24.205675000000042,9.737562000000025],[24.206157000000076,9.737977000000058],[24.206207000000063,9.73832600000003],[24.206323000000054,9.739090000000033],[24.206688000000042,9.739671000000044],[24.207020000000057,9.740285000000029],[24.20740200000006,9.74058400000007],[24.207934000000023,9.740883000000053],[24.20833200000004,9.74128200000007],[24.208731000000057,9.741647000000057],[24.209196000000077,9.741813000000036],[24.209794000000045,9.741963000000055],[24.20997600000004,9.742062000000033],[24.21040800000003,9.742328000000043],[24.210425000000043,9.742544000000066],[24.210574000000065,9.74327500000004],[24.210906000000023,9.743706000000032],[24.21110600000003,9.744105000000047],[24.21162000000004,9.74432100000007],[24.21195300000005,9.744586000000027],[24.212301000000025,9.745051000000046],[24.21250100000003,9.745566000000053],[24.212667000000067,9.745749000000046],[24.212932000000023,9.746197000000052],[24.213298000000066,9.746712000000059],[24.213663000000054,9.747127000000035],[24.21434400000004,9.747559000000024],[24.214759000000072,9.748157000000049],[24.214975000000038,9.74853900000005],[24.21507500000007,9.74900400000007],[24.21507500000007,9.749369000000058],[24.214942000000065,9.749569000000065],[24.21461000000005,9.749618000000055],[24.214278000000036,9.749618000000055],[24.214012000000025,9.749801000000048],[24.213995000000068,9.750050000000044],[24.214128000000073,9.750332000000071],[24.214410000000044,9.75049800000005],[24.214942000000065,9.750615000000039],[24.21535700000004,9.750980000000027],[24.215772000000072,9.751528000000064],[24.215971000000025,9.752060000000029],[24.216337000000067,9.75264100000004],[24.21652000000006,9.753023000000042],[24.21683500000006,9.753272000000038],[24.21738300000004,9.753521000000035],[24.217682000000025,9.753720000000044],[24.217831000000047,9.754036000000042],[24.217831000000047,9.75420200000002],[24.21781500000003,9.754534000000035],[24.217881000000034,9.754800000000046],[24.218097000000057,9.755016000000069],[24.21844600000003,9.75509900000003],[24.218878000000075,9.755148000000077],[24.21922600000005,9.75533100000007],[24.219592000000034,9.755730000000028],[24.21987400000006,9.756095000000073],[24.220206000000076,9.756444000000045],[24.22030600000005,9.756876000000034],[24.22030600000005,9.75735700000007],[24.22030600000005,9.757507000000032],[24.22030600000005,9.757955000000038],[24.22038900000007,9.75837000000007],[24.220638000000065,9.758669000000054],[24.221003000000053,9.758902000000035],[24.22140200000007,9.759167000000048],[24.22178400000007,9.759499000000062],[24.221884000000045,9.759848000000034],[24.221917000000076,9.760280000000023],[24.22180000000003,9.760629000000051],[24.221551000000034,9.760911000000021],[24.22108600000007,9.761077000000057],[24.220605000000035,9.761060000000043],[24.220057000000054,9.760944000000052],[24.219658000000038,9.760911000000021],[24.219260000000077,9.761060000000043],[24.21909400000004,9.761376000000041],[24.219077000000027,9.761708000000056],[24.21922600000005,9.762156000000061],[24.21964200000008,9.762406000000055],[24.22004000000004,9.762505000000033],[24.220588000000077,9.762455000000045],[24.221070000000054,9.762223000000063],[24.221584000000064,9.761941000000036],[24.222116000000028,9.76184100000006],[24.22273000000007,9.761824000000047],[24.223478000000057,9.76204000000007],[24.224109000000055,9.76273800000007],[24.224225000000047,9.763169000000062],[24.224275000000034,9.764000000000067],[24.22432500000008,9.764448000000073],[24.224624000000063,9.764830000000075],[24.225089000000025,9.765129000000059],[24.225371000000052,9.765494000000047],[24.22538700000007,9.765843000000075],[24.22525500000006,9.766142000000059],[24.224972000000037,9.766242000000034],[24.224590000000035,9.766308000000038],[24.224258000000077,9.766242000000034],[24.224059000000068,9.765976000000023],[24.223893000000032,9.76571000000007],[24.223611000000062,9.76547800000003],[24.223378000000025,9.76551100000006],[24.223096000000055,9.765777000000071],[24.222996000000023,9.766142000000059],[24.223046000000068,9.76652400000006],[24.223145000000045,9.766856000000075],[24.223253000000057,9.76742500000006],[24.22322900000006,9.767919000000063],[24.223046000000068,9.768367000000069],[24.222930000000076,9.76874900000007],[24.222996000000023,9.769098000000042],[24.223145000000045,9.769264000000021],[24.223644000000036,9.76961300000005],[24.22414200000003,9.769912000000033],[24.224856000000045,9.770095000000026],[24.22535400000004,9.770344000000023],[24.22585300000003,9.770543000000032],[24.226251000000047,9.770676000000037],[24.226666000000023,9.770775000000071],[24.227164000000073,9.771058000000039],[24.227663000000064,9.77137300000004],[24.22807800000004,9.771772000000055],[24.228327000000036,9.772237000000075],[24.228443000000027,9.772586000000047],[24.22865900000005,9.772984000000065],[24.228941000000077,9.773150000000044],[24.22932300000008,9.773250000000075],[24.22952200000003,9.773333000000036],[24.22975500000007,9.773582000000033],[24.229805000000056,9.773931000000061],[24.229722000000038,9.774014000000022],[24.229489000000058,9.774213000000032],[24.22912400000007,9.774147000000028],[24.228875000000073,9.77409700000004],[24.228609000000063,9.774047000000053],[24.22846000000004,9.774163000000044],[24.228410000000054,9.774429000000055],[24.228476000000057,9.774645000000021],[24.228626000000077,9.774861000000044],[24.228891000000033,9.775143000000071],[24.228908000000047,9.775459000000069],[24.22880900000007,9.775824000000057],[24.22882500000003,9.776090000000067],[24.228875000000073,9.776239000000032],[24.22914000000003,9.776488000000029],[24.22947300000004,9.776671000000022],[24.229788000000042,9.776770000000056],[24.23013700000007,9.77675400000004],[24.230436000000054,9.776687000000038],[24.230801000000042,9.776671000000022],[24.23115000000007,9.776837000000057],[24.231482000000028,9.777103000000068],[24.23169800000005,9.777236000000073],[24.232146000000057,9.777252000000033],[24.232545000000073,9.777252000000033],[24.232811000000027,9.777418000000068],[24.23302700000005,9.77761700000002],[24.23302700000005,9.777883000000031],[24.232927000000075,9.778132000000028],[24.232744000000025,9.778448000000026],[24.232612000000074,9.77881300000007],[24.23256200000003,9.77909500000004],[24.232661000000064,9.779361000000051],[24.232944000000032,9.779577000000074],[24.233276000000046,9.77956000000006],[24.233558000000073,9.77952700000003],[24.233857000000057,9.779394000000025],[24.234023000000036,9.77909500000004],[24.23415600000004,9.778713000000039],[24.234305000000063,9.77834800000005],[24.234504000000072,9.777983000000063],[24.23478700000004,9.777551000000074],[24.234886000000074,9.777169000000072],[24.235003000000063,9.776737000000026],[24.23516900000004,9.776488000000029],[24.235484000000042,9.776339000000064],[24.235817000000054,9.776306000000034],[24.236315000000047,9.776405000000068],[24.236730000000023,9.776571000000047],[24.236979000000076,9.776671000000022],[24.23727800000006,9.77652100000006],[24.23759400000006,9.776272000000063],[24.23787600000003,9.776156000000071],[24.23809200000005,9.776222000000075],[24.23825800000003,9.776505000000043],[24.238158000000055,9.77687000000003],[24.237892000000045,9.77721900000006],[24.23759400000006,9.77748500000007],[24.237577000000044,9.77780000000007],[24.237577000000044,9.77808200000004],[24.237494000000027,9.778431000000069],[24.23716200000007,9.77881300000007],[24.236879000000044,9.779145000000028],[24.236879000000044,9.779544000000044],[24.237029000000064,9.779809000000057],[24.237361000000078,9.779976000000033],[24.23771000000005,9.780009000000064],[24.23814200000004,9.780025000000023],[24.238473000000056,9.779959000000076],[24.23883900000004,9.779743000000053],[24.239138000000025,9.779378000000065],[24.23950300000007,9.779145000000028],[24.239819000000068,9.779012000000023],[24.24020100000007,9.778946000000076],[24.24051600000007,9.77878000000004],[24.240765000000067,9.778464000000042],[24.240882000000056,9.77803300000005],[24.240965000000074,9.777667000000065],[24.241197000000057,9.77750100000003],[24.241446000000053,9.77753400000006],[24.241745000000037,9.777784000000054],[24.24216000000007,9.777900000000045],[24.24239300000005,9.777850000000058],[24.242625000000032,9.777601000000061],[24.242891000000043,9.77733500000005],[24.24324000000007,9.777252000000033],[24.243489000000068,9.777269000000047],[24.243738000000064,9.777435000000025],[24.243971000000045,9.777584000000047],[24.244386000000077,9.777734000000066],[24.244718000000034,9.777833000000044],[24.245033000000035,9.778016000000036],[24.245349000000033,9.778165000000058],[24.24569800000006,9.778282000000047],[24.245996000000048,9.778282000000047],[24.246246000000042,9.77834800000005],[24.246545000000026,9.778531000000044],[24.24661100000003,9.77878000000004],[24.246578000000056,9.779062000000067],[24.246229000000028,9.779394000000025],[24.245963000000074,9.779660000000035],[24.245963000000074,9.77999200000005],[24.246096000000023,9.78025800000006],[24.246362000000033,9.780441000000053],[24.246744000000035,9.780490000000043],[24.247043000000076,9.780275000000074],[24.24724200000003,9.779876000000058],[24.24739100000005,9.779461000000026],[24.247707000000048,9.77909500000004],[24.247989000000075,9.778996000000063],[24.24835500000006,9.778963000000033],[24.248853000000054,9.779112000000055],[24.249351000000047,9.779378000000065],[24.249783000000036,9.779859000000044],[24.25011500000005,9.780208000000073],[24.250713000000076,9.780607000000032],[24.251194000000055,9.780673000000036],[24.251527000000067,9.780590000000075],[24.25195800000006,9.780374000000052],[24.252373000000034,9.780291000000034],[24.25257300000004,9.780308000000048],[24.252805000000023,9.780507000000057],[24.25292200000007,9.780872000000045],[24.252872000000025,9.781122000000039],[24.252722000000063,9.781503000000043],[24.252706000000046,9.781819000000041],[24.252855000000068,9.782118000000025],[24.253104000000064,9.782367000000022],[24.253536000000054,9.782583000000045],[24.25398400000006,9.782666000000063],[24.25431700000007,9.782633000000033],[24.254699000000073,9.78245000000004],[24.254981000000043,9.781985000000077],[24.25516300000004,9.781686000000036],[24.25542900000005,9.78155300000003],[24.255844000000025,9.781670000000076],[24.256129000000044,9.781759000000022],[24.256432000000075,9.781911000000036],[24.25671600000004,9.78221300000007],[24.256867000000057,9.782554000000061],[24.25713200000007,9.782687000000067],[24.257397000000026,9.782649000000049],[24.257719000000066,9.782403000000045],[24.25804100000005,9.782308000000057],[24.258287000000053,9.782195000000058],[24.258496000000036,9.782005000000026],[24.258628000000044,9.781551000000036],[24.258912000000066,9.781229000000053],[24.259329000000037,9.781172000000026],[24.259745000000066,9.781172000000026],[24.260105000000067,9.78134300000005],[24.260578000000066,9.781456000000048],[24.261033000000054,9.78141800000003],[24.261317000000076,9.781210000000044],[24.26154400000007,9.781115000000057],[24.26209300000005,9.781115000000057],[24.262415000000033,9.781172000000026],[24.262736000000075,9.78141800000003],[24.26300200000003,9.782005000000026],[24.263285000000053,9.782308000000057],[24.263456000000076,9.782592000000022],[24.263721000000032,9.782687000000067],[24.263929000000076,9.782649000000049],[24.26413800000006,9.782422000000054],[24.264346000000046,9.78215700000004],[24.264535000000024,9.781967000000066],[24.264743000000067,9.781986000000074],[24.26497100000006,9.782119000000023],[24.26499000000007,9.782365000000027],[24.264800000000037,9.782706000000076],[24.264739000000077,9.78290000000004],[24.264810000000068,9.78308400000003],[24.264980000000037,9.783198000000027],[24.265051000000028,9.783212000000049],[24.265278000000023,9.78328300000004],[24.265520000000038,9.783340000000067],[24.265775000000076,9.783581000000027],[24.26598800000005,9.783908000000054],[24.266272000000072,9.784107000000063],[24.266556000000037,9.784107000000063],[24.266812000000073,9.784050000000036],[24.267252000000042,9.78393600000004],[24.267607000000055,9.783837000000062],[24.26792000000006,9.783454000000063],[24.268260000000055,9.783070000000066],[24.26850200000007,9.783042000000023],[24.268658000000073,9.783141000000057],[24.268672000000038,9.783397000000036],[24.268445000000042,9.78375200000005],[24.268218000000047,9.784078000000022],[24.268189000000064,9.784391000000028],[24.26837400000005,9.784547000000032],[24.26850200000007,9.784646000000066],[24.268679000000077,9.784649000000059],[24.268871000000047,9.784561000000053],[24.269112000000064,9.784220000000062],[24.269112000000064,9.783837000000062],[24.269240000000025,9.783397000000036],[24.269467000000077,9.78322600000007],[24.269837000000052,9.78322600000007],[24.270163000000025,9.78322600000007],[24.27033300000005,9.783113000000071],[24.270660000000078,9.782772000000023],[24.270845000000065,9.782658000000026],[24.271157000000073,9.782658000000026],[24.271370000000047,9.782758000000058],[24.271611000000064,9.782815000000028],[24.271739000000025,9.782701000000031],[24.27178200000003,9.782488000000058],[24.271697000000074,9.782289000000048],[24.271484000000044,9.782133000000044],[24.271228000000065,9.78192000000007],[24.271228000000065,9.78165000000007],[24.27134200000006,9.78132400000004],[24.27172500000006,9.781025000000056],[24.272222000000056,9.78072700000007],[24.27283300000005,9.78040100000004],[24.273145000000056,9.780216000000053],[24.27330100000006,9.780003000000022],[24.273443000000043,9.779762000000062],[24.273685000000057,9.779648000000066],[24.27388300000007,9.779648000000066],[24.27409700000004,9.779847000000075],[24.274139000000048,9.780230000000074],[24.274068000000057,9.780827000000045],[24.274196000000074,9.781182000000058],[24.274437000000034,9.78143700000004],[24.27482100000003,9.781451000000061],[24.275261000000057,9.781153000000074],[24.275531000000058,9.78058500000003],[24.27592800000008,9.77980400000007],[24.276298000000054,9.778924000000075],[24.276553000000035,9.778313000000026],[24.27697900000004,9.778242000000034],[24.277405000000044,9.778597000000048],[24.27778900000004,9.778839000000062],[24.27797300000003,9.779293000000052],[24.27838500000007,9.779492000000062],[24.278882000000067,9.779350000000022],[24.27929400000005,9.779052000000036],[24.279706000000033,9.778810000000021],[24.279989000000057,9.77876800000007],[24.280245000000036,9.778910000000053],[24.280245000000036,9.779250000000047],[24.280004000000076,9.77966200000003],[24.279848000000072,9.779960000000074],[24.279904000000045,9.78034400000007],[24.280103000000054,9.780500000000075],[24.280345000000068,9.780599000000052],[24.280728000000067,9.78040100000004],[24.280898000000036,9.780060000000049],[24.280969000000027,9.779747000000043],[24.281225000000063,9.779591000000039],[24.28152300000005,9.77953400000007],[24.28179300000005,9.779676000000052],[24.281949000000054,9.780031000000065],[24.28210500000006,9.780386000000021],[24.28244600000005,9.780486000000053],[24.282730000000072,9.780386000000021],[24.282943000000046,9.780060000000049],[24.283128000000033,9.779563000000053],[24.283227000000068,9.779222000000061],[24.28344000000004,9.779165000000035],[24.283710000000042,9.77920800000004],[24.283994000000064,9.779378000000065],[24.28403700000007,9.779747000000043],[24.28403700000007,9.780102000000056],[24.284042000000056,9.78027000000003],[24.284406000000047,9.780472000000032],[24.284732000000076,9.78031500000003],[24.28501600000004,9.780003000000022],[24.285130000000038,9.77980400000007],[24.285244000000034,9.77960500000006],[24.285229000000072,9.779336000000058],[24.28521500000005,9.779052000000036],[24.285286000000042,9.778824000000043],[24.285528000000056,9.77868200000006],[24.28586800000005,9.778796000000057],[24.286010000000033,9.779066000000057],[24.285982000000047,9.77947800000004],[24.28585400000003,9.779918000000066],[24.285698000000025,9.780372000000057],[24.28548500000005,9.781096000000048],[24.285357000000033,9.781451000000061],[24.285258000000056,9.782119000000023],[24.285087000000033,9.782772000000023],[24.28514400000006,9.783255000000054],[24.28514400000006,9.78382300000004],[24.285229000000072,9.784249000000045],[24.285457000000065,9.78440500000005],[24.285698000000025,9.784504000000027],[24.285925000000077,9.78447600000004],[24.286181000000056,9.784249000000045],[24.286422000000073,9.783965000000023],[24.286621000000025,9.783766000000071],[24.286933000000033,9.783695000000023],[24.287175000000047,9.78382300000004],[24.287288000000046,9.784164000000033],[24.287288000000046,9.784504000000027],[24.287388000000078,9.784902000000045],[24.287657000000024,9.785115000000076],[24.288041000000078,9.785115000000076],[24.288325000000043,9.784930000000031],[24.28851000000003,9.784504000000027],[24.28851000000003,9.784064000000058],[24.28856600000006,9.78375200000005],[24.28878000000003,9.783738000000028],[24.289078000000075,9.784007000000031],[24.28910600000006,9.784504000000027],[24.289188000000024,9.784889000000021],[24.289447000000052,9.784916000000067],[24.28968800000007,9.784817000000032],[24.289873000000057,9.784448000000054],[24.28995800000007,9.78402200000005],[24.290043000000026,9.783667000000037],[24.29021400000005,9.783510000000035],[24.290540000000078,9.783510000000035],[24.290767000000073,9.783738000000028],[24.290838000000065,9.784178000000054],[24.290796000000057,9.784391000000028],[24.290767000000073,9.784774000000027],[24.290767000000073,9.785158000000024],[24.29068200000006,9.785569000000066],[24.290441000000044,9.785754000000054],[24.29021400000005,9.785910000000058],[24.29012800000004,9.786109000000067],[24.29015700000008,9.786421000000075],[24.290441000000044,9.786549000000036],[24.290873000000033,9.786649000000068],[24.29112800000007,9.78670500000004],[24.29149700000005,9.78670500000004],[24.29183800000004,9.786578000000077],[24.29210800000004,9.786123000000032],[24.292264000000046,9.785640000000058],[24.29243500000007,9.785427000000027],[24.292775000000063,9.785513000000037],[24.292903000000024,9.785853000000031],[24.29276100000004,9.786265000000071],[24.292335000000037,9.78672000000006],[24.29223600000006,9.787046000000032],[24.292321000000072,9.787273000000027],[24.292520000000025,9.787472000000037],[24.292846000000054,9.787529000000063],[24.293059000000028,9.787401000000045],[24.293215000000032,9.78717400000005],[24.293301000000042,9.786762000000067],[24.293315000000064,9.786365000000046],[24.293457000000046,9.786095000000046],[24.293713000000025,9.78579700000006],[24.29401100000007,9.785214000000053],[24.29419500000006,9.784874000000059],[24.294437000000073,9.784831000000054],[24.29473500000006,9.784987000000058],[24.294777000000067,9.78539900000004],[24.294692000000055,9.785711000000049],[24.294650000000047,9.786109000000067],[24.29473500000006,9.786421000000075],[24.29491900000005,9.786592000000041],[24.295246000000077,9.786578000000077],[24.29558700000007,9.786379000000068],[24.295743000000073,9.786237000000028],[24.29598500000003,9.78599500000007],[24.29598500000003,9.785726000000068],[24.295899000000077,9.785442000000046],[24.29565800000006,9.78512900000004],[24.295672000000025,9.784916000000067],[24.295757000000037,9.784760000000063],[24.29599900000005,9.784746000000041],[24.296425000000056,9.784845000000075],[24.29675100000003,9.784774000000027],[24.297149000000047,9.784590000000037],[24.297518000000025,9.784547000000032],[24.297788000000025,9.784462000000076],[24.29808600000007,9.784306000000072],[24.298398000000077,9.784135000000049],[24.298682000000042,9.783965000000023],[24.299123000000066,9.784135000000049],[24.299861000000078,9.784519000000046],[24.300614000000053,9.784760000000063],[24.30125300000003,9.784902000000045],[24.301920000000052,9.784987000000058],[24.30243100000007,9.785044000000028],[24.302843000000053,9.785200000000032],[24.303127000000075,9.785655000000077],[24.303383000000053,9.786137000000053],[24.30377500000003,9.786299000000042],[24.30415800000003,9.786370000000034],[24.304584000000034,9.786228000000051],[24.304939000000047,9.786072000000047],[24.30528000000004,9.785816000000068],[24.30574800000005,9.785675000000026],[24.306189000000074,9.785604000000035],[24.30668600000007,9.785816000000068],[24.307154000000025,9.786072000000047],[24.307538000000022,9.786470000000065],[24.30779300000006,9.786924000000056],[24.307807000000025,9.787307000000055],[24.307807000000025,9.78773300000006],[24.307949000000065,9.787987000000044],[24.308106000000066,9.788032000000044],[24.308304000000078,9.787890000000061],[24.308546000000035,9.78754900000007],[24.308560000000057,9.787094000000025],[24.308546000000035,9.786725000000047],[24.30851800000005,9.786356000000069],[24.308617000000027,9.786129000000074],[24.30891500000007,9.786058000000025],[24.309440000000052,9.786029000000042],[24.30990900000006,9.785816000000068],[24.310264000000075,9.785632000000021],[24.310576000000026,9.785689000000048],[24.311229000000026,9.786001000000056],[24.31181200000003,9.786257000000035],[24.31233700000007,9.786384000000055],[24.313161000000036,9.78648400000003],[24.313644000000068,9.786612000000048],[24.314013000000045,9.786995000000047],[24.31404100000003,9.78740700000003],[24.314013000000045,9.787592000000075],[24.313871000000063,9.78779000000003],[24.313672000000054,9.788074000000051],[24.313573000000076,9.78844300000003],[24.313729000000023,9.78871300000003],[24.314055000000053,9.788870000000031],[24.314524000000063,9.788784000000021],[24.314922000000024,9.788557000000026],[24.315263000000073,9.788216000000034],[24.31537600000007,9.787833000000035],[24.31543300000004,9.78740700000003],[24.315419000000077,9.786995000000047],[24.31547500000005,9.78669700000006],[24.315702000000044,9.786413000000039],[24.31601500000005,9.78642700000006],[24.316427000000033,9.786555000000021],[24.31666800000005,9.786882000000048],[24.316569000000072,9.787236000000064],[24.316341000000023,9.787662000000068],[24.316129000000046,9.78806000000003],[24.31628500000005,9.78847200000007],[24.316526000000067,9.789153000000056],[24.316640000000064,9.789466000000061],[24.316853000000037,9.789466000000061],[24.317279000000042,9.789267000000052],[24.317733000000032,9.788997000000052],[24.318216000000064,9.788884000000053],[24.318591000000026,9.788909000000046],[24.31896000000006,9.789094000000034],[24.31921600000004,9.789435000000026],[24.31955700000003,9.78991700000006],[24.319954000000052,9.790145000000052],[24.320295000000044,9.790130000000033],[24.320565000000045,9.789889000000073],[24.320749000000035,9.789633000000038],[24.321033000000057,9.789449000000047],[24.321360000000027,9.789463000000069],[24.32171500000004,9.789704000000029],[24.321843000000058,9.790130000000033],[24.321857000000023,9.790485000000047],[24.321701000000076,9.790741000000025],[24.321474000000023,9.791025000000047],[24.321289000000036,9.791337000000055],[24.321289000000036,9.791749000000038],[24.321431000000075,9.791962000000069],[24.32164400000005,9.792275000000075],[24.321672000000035,9.792630000000031],[24.321601000000044,9.792729000000065],[24.321417000000054,9.792843000000062],[24.321076000000062,9.792828000000043],[24.320707000000027,9.792729000000065],[24.32053600000006,9.792757000000051],[24.320423000000062,9.79295600000006],[24.32053600000006,9.793198000000075],[24.320764000000054,9.793453000000056],[24.32089200000007,9.793581000000074],[24.321104000000048,9.793894000000023],[24.321303000000057,9.794433000000026],[24.321488000000045,9.79473100000007],[24.321857000000023,9.794916000000057],[24.322340000000054,9.794987000000049],[24.322823000000028,9.795313000000021],[24.323192000000063,9.79545500000006],[24.323547000000076,9.79538400000007],[24.323859000000027,9.795285000000035],[24.324115000000063,9.79527100000007],[24.32452600000005,9.795498000000066],[24.325009000000023,9.79571100000004],[24.325421000000063,9.795867000000044],[24.325634000000036,9.796194000000071],[24.32587600000005,9.796677000000045],[24.32598900000005,9.797032000000058],[24.326131000000032,9.797330000000045],[24.326415000000054,9.797486000000049],[24.32684100000006,9.797529000000054],[24.327125000000024,9.797472000000027],[24.327409000000046,9.797415000000058],[24.327693000000068,9.797642000000053],[24.32783500000005,9.798082000000022],[24.328005000000076,9.798537000000067],[24.328273000000024,9.798727000000042],[24.328557000000046,9.79885500000006],[24.328798000000063,9.79885500000006],[24.32916700000004,9.798727000000042],[24.329451000000063,9.798599000000024],[24.32976300000007,9.79840100000007],[24.330062000000055,9.798457000000042],[24.330346000000077,9.798614000000043],[24.33048800000006,9.798969000000056],[24.330658000000028,9.799281000000065],[24.330999000000077,9.799352000000056],[24.331297000000063,9.799068000000034],[24.33148200000005,9.798812000000055],[24.331624000000033,9.798415000000034],[24.331638000000055,9.798046000000056],[24.331567000000064,9.797676000000024],[24.33159500000005,9.797407000000021],[24.331780000000037,9.797293000000025],[24.332149000000072,9.797421000000043],[24.332490000000064,9.797506000000055],[24.332731000000024,9.797421000000043],[24.33298700000006,9.797208000000069],[24.33291600000007,9.796711000000073],[24.332703000000038,9.796370000000024],[24.332703000000038,9.796001000000047],[24.332944000000055,9.79588700000005],[24.333356000000038,9.796185000000037],[24.333867000000055,9.796498000000042],[24.33425100000005,9.796512000000064],[24.334691000000078,9.796384000000046],[24.33508800000004,9.796327000000076],[24.335316000000034,9.79648400000002],[24.335429000000033,9.796768000000043],[24.335245000000043,9.797151000000042],[24.335202000000038,9.797250000000076],[24.335202000000038,9.797563000000025],[24.335330000000056,9.797904000000074],[24.335401000000047,9.798088000000064],[24.335330000000056,9.798486000000025],[24.33527300000003,9.798926000000051],[24.33541500000007,9.799224000000038],[24.335671000000048,9.79936600000002],[24.33629600000006,9.799522000000024],[24.33713300000005,9.799821000000065],[24.337758000000065,9.800076000000047],[24.338113000000078,9.800147000000038],[24.338346000000058,9.800062000000025],[24.338928000000067,9.799948000000029],[24.339326000000028,9.799792000000025],[24.33980900000006,9.799395000000061],[24.340206000000023,9.799196000000052],[24.34066100000007,9.79932400000007],[24.341215000000034,9.799622000000056],[24.341669000000024,9.799906000000021],[24.342194000000063,9.800062000000025],[24.342535000000055,9.79997700000007],[24.343075000000056,9.799806000000046],[24.34340100000003,9.799877000000038],[24.343785000000025,9.799948000000029],[24.344182000000046,9.799792000000025],[24.344580000000065,9.799608000000035],[24.344963000000064,9.799593000000073],[24.345432000000073,9.79983500000003],[24.345773000000065,9.800190000000043],[24.346227000000056,9.800559000000021],[24.34658200000007,9.800559000000021],[24.347079000000065,9.800417000000039],[24.347519000000034,9.800261000000035],[24.347917000000052,9.800275000000056],[24.348201000000074,9.800474000000065],[24.34848500000004,9.800914000000034],[24.348740000000078,9.801070000000038],[24.349195000000066,9.80108400000006],[24.349578000000065,9.800999000000047],[24.34989100000007,9.801127000000065],[24.350288000000035,9.801241000000061],[24.35053000000005,9.801269000000048],[24.35081400000007,9.801070000000038],[24.351225000000056,9.800815000000057],[24.35165100000006,9.80070100000006],[24.35220300000003,9.80070100000006],[24.35271400000005,9.800744000000066],[24.353324000000043,9.800744000000066],[24.353679000000056,9.800587000000064],[24.354148000000066,9.800303000000042],[24.35474400000004,9.799821000000065],[24.355426000000023,9.799537000000043],[24.355980000000045,9.79930900000005],[24.35620700000004,9.798954000000037],[24.356363000000044,9.798486000000025],[24.35653300000007,9.798173000000077],[24.356732000000022,9.79773300000005],[24.356775000000027,9.79727900000006],[24.356619000000023,9.797108000000037],[24.356065000000058,9.796853000000056],[24.35580900000008,9.796682000000033],[24.355625000000032,9.796370000000024],[24.355625000000032,9.795987000000025],[24.355454000000066,9.795674000000076],[24.355099000000052,9.795404000000076],[24.355043000000023,9.795049000000063],[24.35508500000003,9.794751000000076],[24.355142000000058,9.794410000000028],[24.355270000000075,9.793999000000042],[24.35549700000007,9.793672000000072],[24.35588000000007,9.79377100000005],[24.35627800000003,9.794169000000068],[24.35669000000007,9.794496000000038],[24.357201000000032,9.794680000000028],[24.357542000000024,9.794552000000067],[24.357769000000076,9.794226000000037],[24.357954000000063,9.793899000000067],[24.35823800000003,9.793871000000024],[24.358806000000072,9.793999000000042],[24.359203000000036,9.794112000000041],[24.359473000000037,9.79404100000005],[24.359615000000076,9.793814000000054],[24.359586000000036,9.79338800000005],[24.359586000000036,9.792905000000076],[24.35962900000004,9.792536000000041],[24.35982800000005,9.792252000000076],[24.36016900000004,9.791925000000049],[24.36068000000006,9.791854000000058],[24.361191000000076,9.79181200000005],[24.361489000000063,9.791627000000062],[24.361887000000024,9.791570000000036],[24.36239800000004,9.791698000000054],[24.36286700000005,9.791798000000028],[24.36332100000004,9.791656000000046],[24.363761000000068,9.79154200000005],[24.36410200000006,9.79128600000007],[24.364187000000072,9.790960000000041],[24.364201000000037,9.79069000000004],[24.364176000000043,9.79050200000006],[24.36420400000003,9.790219000000036],[24.364360000000033,9.79010500000004],[24.364715000000047,9.790247000000022],[24.36512700000003,9.790573000000052],[24.365568000000053,9.790900000000022],[24.36588000000006,9.790999000000056],[24.36606500000005,9.790999000000056],[24.366306000000066,9.790801000000044],[24.366420000000062,9.790573000000052],[24.366476000000034,9.790389000000062],[24.36656000000005,9.790096000000062],[24.366491000000053,9.789622000000065],[24.36633400000005,9.789367000000027],[24.366363000000035,9.788969000000066],[24.366420000000062,9.788543000000061],[24.36653300000006,9.788188000000048],[24.36663200000004,9.787833000000035],[24.36659000000003,9.787435000000073],[24.36651900000004,9.78708000000006],[24.366618000000074,9.786768000000052],[24.36686000000003,9.786654000000055],[24.36711500000007,9.786725000000047],[24.36751300000003,9.787094000000025],[24.367683000000056,9.787506000000064],[24.367740000000026,9.787875000000042],[24.367882000000066,9.788131000000021],[24.36810900000006,9.788372000000038],[24.368521000000044,9.788543000000061],[24.368805000000066,9.788756000000035],[24.368805000000066,9.789040000000057],[24.368606000000057,9.789338000000043],[24.368606000000057,9.789594000000022],[24.36881900000003,9.789764000000048],[24.369188000000065,9.78977800000007],[24.36947200000003,9.789679000000035],[24.36968600000006,9.789338000000043],[24.369714000000045,9.789054000000021],[24.369600000000048,9.788657000000057],[24.369615000000067,9.788174000000026],[24.369799000000057,9.787890000000061],[24.370111000000065,9.787762000000043],[24.370651000000066,9.78773300000006],[24.371191000000067,9.787833000000035],[24.37185800000003,9.78800300000006],[24.37209900000005,9.787989000000039],[24.372312000000022,9.78781900000007],[24.372483000000045,9.78767700000003],[24.37265300000007,9.787592000000075],[24.372881000000064,9.787691000000052],[24.373122000000023,9.78800300000006],[24.373335000000054,9.788103000000035],[24.37363300000004,9.787975000000074],[24.37383200000005,9.787776000000065],[24.37403100000006,9.787748000000022],[24.374201000000028,9.787875000000042],[24.374201000000028,9.788231000000053],[24.374159000000077,9.788614000000052],[24.374187000000063,9.788841000000048],[24.374400000000037,9.788898000000074],[24.374613000000068,9.788756000000035],[24.374641000000054,9.788500000000056],[24.374670000000037,9.788287000000025],[24.37476900000007,9.78808900000007],[24.37502500000005,9.787989000000039],[24.375280000000032,9.78806000000003],[24.375465000000077,9.78825900000004],[24.375465000000077,9.788500000000056],[24.375280000000032,9.788699000000065],[24.37494300000003,9.78893400000004],[24.37482300000005,9.78921500000007],[24.374968000000024,9.789466000000061],[24.375252000000046,9.789537000000053],[24.375493000000063,9.789466000000061],[24.37587700000006,9.789296000000036],[24.376175000000046,9.789210000000026],[24.376431000000025,9.789324000000022],[24.376573000000064,9.789622000000065],[24.37674000000004,9.789611000000036],[24.376884000000075,9.78949700000004],[24.376944000000037,9.78922700000004],[24.377106000000026,9.788826000000029],[24.37734000000006,9.788491000000022],[24.377507000000037,9.788335000000075],[24.377807000000075,9.788083000000029],[24.378058000000067,9.788083000000029],[24.378513000000055,9.788185000000055],[24.37869900000004,9.78835900000007],[24.378729000000078,9.788616000000047],[24.37875900000006,9.788976000000048],[24.37886100000003,9.789138000000037],[24.379011000000048,9.78920400000004],[24.379316000000074,9.789179000000047],[24.379736000000037,9.789263000000062],[24.380071000000044,9.789449000000047],[24.380311000000063,9.789797000000021],[24.380484000000024,9.790252000000066],[24.38044300000007,9.790845000000047],[24.38034700000003,9.791570000000036],[24.380430000000047,9.792085000000043],[24.380730000000028,9.792391000000066],[24.380952000000036,9.79242000000005],[24.381199000000038,9.792414000000065],[24.381503000000066,9.792382000000032],[24.381719000000032,9.792287000000044],[24.382086000000072,9.792351000000053],[24.382557000000077,9.792335000000037],[24.382877000000065,9.79230300000006],[24.38328400000006,9.792143000000067],[24.383748000000026,9.791799000000026],[24.383883000000026,9.791648000000066],[24.384075000000053,9.791296000000045],[24.384075000000053,9.791049000000044],[24.38403500000004,9.790793000000065],[24.38410700000003,9.790338000000077],[24.38397100000003,9.789882000000034],[24.383636000000024,9.789419000000066],[24.383252000000027,9.789251000000036],[24.382933000000037,9.789140000000032],[24.38273300000003,9.789004000000034],[24.382581000000073,9.78883600000006],[24.382453000000055,9.788373000000036],[24.38248500000003,9.787918000000047],[24.382287000000076,9.787375000000054],[24.382128000000023,9.786981000000026],[24.382149000000027,9.78661900000003],[24.382319000000052,9.786289000000068],[24.382660000000044,9.78610800000007],[24.38289400000008,9.786065000000065],[24.383246000000042,9.785809000000029],[24.383278000000075,9.785511000000042],[24.38322400000004,9.78528700000004],[24.38316100000003,9.785032000000058],[24.38316100000003,9.784755000000075],[24.38323500000007,9.784595000000024],[24.383512000000053,9.784531000000072],[24.38387400000005,9.78443500000003],[24.38422600000007,9.78443500000003],[24.384439000000043,9.78432900000007],[24.38454500000006,9.784105000000068],[24.38466200000005,9.783914000000038],[24.384875000000022,9.78379700000005],[24.385141000000033,9.783839000000057],[24.385504000000026,9.783999000000051],[24.385748000000035,9.784265000000062],[24.38580200000007,9.784542000000044],[24.38580200000007,9.784723000000042],[24.385876000000053,9.784925000000044],[24.386100000000056,9.784968000000049],[24.386334000000033,9.784872000000064],[24.386622000000045,9.784872000000064],[24.386824000000047,9.785011000000054],[24.38704800000005,9.785469000000035],[24.387229000000048,9.785926000000075],[24.387516000000062,9.786374000000023],[24.387762000000066,9.786470000000065],[24.38803800000005,9.786384000000055],[24.388209000000074,9.786225000000059],[24.388315000000034,9.785916000000043],[24.38850700000006,9.785735000000045],[24.38869900000003,9.785756000000049],[24.388794000000075,9.785916000000043],[24.388794000000075,9.786054000000036],[24.388539000000037,9.786395000000027],[24.38836800000007,9.786736000000076],[24.388390000000072,9.786917000000074],[24.388443000000052,9.786981000000026],[24.38863500000008,9.78700200000003],[24.388720000000035,9.786928000000046],[24.38891200000006,9.786661000000038],[24.389189000000044,9.786129000000074],[24.38946500000003,9.785596000000055],[24.389646000000027,9.785255000000063],[24.389860000000056,9.785181000000023],[24.390009000000077,9.785266000000036],[24.390094000000033,9.785437000000059],[24.390094000000033,9.785724000000073],[24.39013600000004,9.786086000000068],[24.390307000000064,9.786278000000038],[24.390562000000045,9.786470000000065],[24.390829000000053,9.786502000000041],[24.39101000000005,9.786299000000042],[24.391148000000044,9.78602200000006],[24.391148000000044,9.785884000000067],[24.391116000000068,9.785618000000056],[24.39112700000004,9.785383000000024],[24.391169000000048,9.785096000000067],[24.391106000000036,9.784819000000027],[24.390914000000066,9.78463800000003],[24.390584000000047,9.784478000000036],[24.390381000000048,9.78438200000005],[24.390328000000068,9.784222000000057],[24.390381000000048,9.78411600000004],[24.390467000000058,9.784052000000031],[24.39075900000006,9.784115000000043],[24.391050000000064,9.784168000000022],[24.391308000000038,9.784201000000053],[24.39146800000003,9.784191000000021],[24.391563000000076,9.784020000000055],[24.391499000000067,9.783679000000063],[24.39139300000005,9.783424000000025],[24.391233000000057,9.783296000000064],[24.39105200000006,9.783147000000042],[24.39073300000007,9.78306200000003],[24.39040200000005,9.782902000000036],[24.390232000000026,9.78273100000007],[24.39021100000008,9.782476000000031],[24.39026400000006,9.782316000000037],[24.390520000000038,9.782284000000061],[24.390743000000043,9.782295000000033],[24.39093500000007,9.782263000000057],[24.39119100000005,9.782092000000034],[24.391499000000067,9.78194300000007],[24.391777000000047,9.781890000000033],[24.392053000000033,9.781837000000053],[24.392266000000063,9.781922000000066],[24.392469000000062,9.782092000000034],[24.39257500000008,9.782305000000065],[24.392692000000068,9.78280600000005],[24.392692000000068,9.783019000000024],[24.392841000000033,9.783445000000029],[24.393012000000056,9.78371100000004],[24.393267000000037,9.783839000000057],[24.39360800000003,9.783839000000057],[24.39384300000006,9.783754000000044],[24.394066000000066,9.78379700000005],[24.394450000000063,9.783988000000022],[24.394791000000055,9.784372000000076],[24.39520600000003,9.784691000000066],[24.39547200000004,9.78471200000007],[24.39561100000003,9.784478000000036],[24.39568500000007,9.784009000000026],[24.39568500000007,9.783615000000054],[24.395760000000053,9.783413000000053],[24.39591900000005,9.783370000000048],[24.396111000000076,9.783573000000047],[24.396516000000076,9.783956000000046],[24.397006000000033,9.784297000000038],[24.39722400000005,9.78440900000004],[24.397344000000032,9.784601000000066],[24.39735200000007,9.784800000000075],[24.397080000000074,9.784984000000065],[24.396745000000067,9.78514400000006],[24.396705000000054,9.78528700000004],[24.396777000000043,9.78563900000006],[24.396976000000052,9.785863000000063],[24.39717600000006,9.78595800000005],[24.397312000000056,9.78615000000002],[24.397456000000034,9.786462000000029],[24.39767900000004,9.786805000000072],[24.397935000000075,9.786973000000046],[24.398294000000078,9.786981000000026],[24.398646000000042,9.786805000000072],[24.398957000000053,9.786438000000032],[24.39898100000005,9.786070000000052],[24.39883700000007,9.785783000000038],[24.39877400000006,9.785559000000035],[24.39890900000006,9.785280000000057],[24.39902100000006,9.78496000000007],[24.39902900000004,9.78458500000005],[24.399037000000078,9.784241000000065],[24.399149000000023,9.784057000000075],[24.399508000000026,9.783938000000035],[24.399796000000038,9.783994000000064],[24.400075000000072,9.784225000000049],[24.400259000000062,9.78451300000006],[24.40050700000006,9.784816000000035],[24.400866000000065,9.784984000000065],[24.401194000000032,9.784928000000036],[24.401625000000024,9.784832000000051],[24.402176000000054,9.784928000000036],[24.402720000000045,9.784968000000049],[24.40283900000003,9.784928000000036],[24.403058000000044,9.784799000000021],[24.40328900000003,9.78450300000003],[24.40339300000005,9.78431100000006],[24.403617000000054,9.78410400000007],[24.40384000000006,9.784080000000074],[24.40395200000006,9.784224000000052],[24.40395200000006,9.784599000000071],[24.404072000000042,9.784958000000074],[24.404296000000045,9.785278000000062],[24.404575000000023,9.785326000000055],[24.404655000000048,9.785222000000033],[24.404743000000053,9.784911000000022],[24.40475900000007,9.784519000000046],[24.40487900000005,9.784160000000043],[24.40514200000007,9.783960000000036],[24.405534000000046,9.783968000000073],[24.405925000000025,9.784080000000074],[24.40638800000005,9.784056000000021],[24.40682000000004,9.784064000000058],[24.407155000000046,9.784176000000059],[24.407459000000074,9.784176000000059],[24.407610000000034,9.784128000000067],[24.40762600000005,9.783984000000032],[24.407538000000045,9.783888000000047],[24.407411000000025,9.783776000000046],[24.40749100000005,9.783497000000068],[24.40748300000007,9.783241000000032],[24.40756300000004,9.78301700000003],[24.40769000000006,9.78280200000006],[24.407842000000073,9.782458000000076],[24.408074000000056,9.78224300000005],[24.40825700000005,9.782187000000022],[24.408569000000057,9.78230700000006],[24.408769000000063,9.78261800000007],[24.40892800000006,9.783105000000035],[24.408960000000036,9.783497000000068],[24.408921000000078,9.783800000000042],[24.408761000000027,9.784088000000054],[24.408689000000038,9.784391000000028],[24.408921000000078,9.784575000000075],[24.40923200000003,9.784703000000036],[24.40950300000003,9.784887000000026],[24.40961500000003,9.785102000000052],[24.409647000000064,9.785302000000058],[24.40961500000003,9.785589000000073],[24.40961500000003,9.78590900000006],[24.409695000000056,9.786220000000071],[24.40986300000003,9.786436000000037],[24.410190000000057,9.786580000000072],[24.410502000000065,9.786524000000043],[24.410750000000064,9.786356000000069],[24.411029000000042,9.786141000000043],[24.411309000000074,9.786005000000046],[24.411636000000044,9.785957000000053],[24.41196400000007,9.786077000000034],[24.412068000000033,9.786244000000067],[24.41197900000003,9.786396000000025],[24.411708000000033,9.786580000000072],[24.411532000000022,9.786828000000071],[24.411444000000074,9.787171000000058],[24.41140500000006,9.787490000000048],[24.411440000000027,9.787821000000065],[24.41158400000006,9.78800700000005],[24.41163800000004,9.788025000000061],[24.411883000000046,9.788115000000062],[24.412063000000046,9.788049000000058],[24.412464000000057,9.787893000000054],[24.412824000000057,9.787701000000027],[24.413207000000057,9.787564000000032],[24.413567000000057,9.787282000000062],[24.413878000000068,9.787042000000042],[24.414214000000072,9.786785000000066],[24.414513000000056,9.786587000000054],[24.414765000000045,9.786575000000028],[24.41495100000003,9.78677300000004],[24.414843000000076,9.787060000000054],[24.41456100000005,9.787372000000062],[24.414363000000037,9.787749000000076],[24.414363000000037,9.787971000000027],[24.414447000000052,9.788264000000026],[24.414573000000075,9.788552000000038],[24.41459700000007,9.788923000000068],[24.414531000000068,9.78922300000005],[24.41435800000005,9.789427000000046],[24.414184000000034,9.789439000000073],[24.414022000000045,9.789397000000065],[24.413693000000023,9.789325000000076],[24.413537000000076,9.789325000000076],[24.41343500000005,9.789487000000065],[24.413513000000023,9.789768000000038],[24.413860000000057,9.78996600000005],[24.414022000000045,9.790164000000061],[24.414058000000068,9.790295000000071],[24.414040000000057,9.790439000000049],[24.413950000000057,9.790577000000042],[24.413860000000057,9.790631000000076],[24.413651000000073,9.790691000000038],[24.413447000000076,9.790643000000046],[24.41321300000004,9.790583000000026],[24.412974000000077,9.790577000000042],[24.41275200000007,9.79064900000003],[24.412608000000034,9.790805000000034],[24.412536000000046,9.791002000000049],[24.412590000000023,9.79129000000006],[24.41269200000005,9.79147800000004],[24.412926000000027,9.791616000000033],[24.413249000000064,9.791753000000028],[24.413561000000072,9.791789000000051],[24.41384800000003,9.791592000000037],[24.414052000000027,9.791412000000037],[24.414363000000037,9.79135800000006],[24.414783000000057,9.791442000000075],[24.415088000000026,9.79162800000006],[24.415106000000037,9.791921000000059],[24.415118000000064,9.792227000000025],[24.41523200000006,9.792442000000051],[24.415544000000068,9.792562000000032],[24.41600500000004,9.792646000000047],[24.41637600000007,9.792658000000074],[24.416766000000052,9.792526000000066],[24.417042000000038,9.79229300000003],[24.417120000000068,9.792179000000033],[24.417252000000076,9.792179000000033],[24.417396000000053,9.792083000000048],[24.417534000000046,9.791933000000029],[24.41774300000003,9.791634000000045],[24.417881000000023,9.791406000000052],[24.418019000000072,9.791328000000021],[24.418241000000023,9.791328000000021],[24.418450000000064,9.791334000000063],[24.418612000000053,9.79138800000004],[24.41872600000005,9.791508000000022],[24.418768000000057,9.791688000000022],[24.418678000000057,9.79193900000007],[24.418510000000026,9.792173000000048],[24.418385000000058,9.792365000000075],[24.41828300000003,9.792628000000036],[24.418288000000075,9.79286200000007],[24.418450000000064,9.793131000000074],[24.418498000000056,9.793389000000047],[24.41854600000005,9.793497000000059],[24.418642000000034,9.793700000000058],[24.418894000000023,9.793886000000043],[24.419205000000034,9.793994000000055],[24.419613000000027,9.79394000000002],[24.419877000000042,9.793929000000048],[24.420177000000024,9.793809000000067],[24.420423000000028,9.793791000000056],[24.420626000000027,9.793875000000071],[24.420686000000046,9.794067000000041],[24.420674000000076,9.794325000000072],[24.420578000000035,9.794648000000052],[24.420674000000076,9.79497200000003],[24.420794000000058,9.795354000000032],[24.421144000000027,9.795686000000046],[24.42141900000007,9.795894000000033],[24.42160800000005,9.796178000000054],[24.421826000000067,9.796462000000076],[24.422157000000027,9.796699000000046],[24.42243200000007,9.796879000000047],[24.422451000000024,9.797030000000063],[24.422300000000064,9.797210000000064],[24.421996000000036,9.797362000000021],[24.421703000000036,9.797513000000038],[24.42149500000005,9.79785400000003],[24.42151400000006,9.798129000000074],[24.42171200000007,9.798242000000073],[24.421883000000037,9.798204000000055],[24.42207200000007,9.798110000000065],[24.42232800000005,9.798100000000034],[24.422574000000054,9.798252000000048],[24.42278200000004,9.798403000000064],[24.423019000000068,9.798649000000069],[24.42318000000006,9.798725000000047],[24.423426000000063,9.798744000000056],[24.423748000000046,9.79859300000004],[24.42397600000004,9.798422000000073],[24.424089000000038,9.798280000000034],[24.424278000000072,9.798148000000026],[24.42444000000006,9.798167000000035],[24.42457200000007,9.798271000000057],[24.424771000000078,9.798479000000043],[24.424828000000048,9.798763000000065],[24.424960000000056,9.799123000000066],[24.424979000000064,9.799398000000053],[24.424771000000078,9.799710000000061],[24.424496000000033,9.799947000000031],[24.424421000000052,9.800155000000075],[24.424269000000038,9.800411000000054],[24.424231000000077,9.800629000000072],[24.42444900000004,9.80079900000004],[24.424743000000035,9.80079900000004],[24.424998000000073,9.800600000000031],[24.42527300000006,9.800363000000061],[24.42552900000004,9.80034500000005],[24.425699000000066,9.800392000000045],[24.425898000000075,9.80061900000004],[24.42614400000008,9.800875000000076],[24.426428000000044,9.801055000000076],[24.426693000000057,9.801254000000029],[24.426987000000054,9.801509000000067],[24.427271000000076,9.801670000000058],[24.427328000000045,9.801945000000046],[24.427261000000044,9.802144000000055],[24.42712000000006,9.802485000000047],[24.427167000000054,9.802769000000069],[24.42735600000003,9.803072000000043],[24.427659000000062,9.803356000000065],[24.427888000000053,9.803507000000025],[24.42814400000003,9.803592000000037],[24.42846600000007,9.803592000000037],[24.42897700000003,9.803536000000065],[24.429441000000054,9.803611000000046],[24.429744000000028,9.803621000000021],[24.429924000000028,9.803498000000047],[24.430161000000055,9.803271000000052],[24.430332000000078,9.802911000000051],[24.430445000000077,9.802693000000033],[24.430653000000063,9.802598000000046],[24.430919000000074,9.802702000000068],[24.431155000000047,9.802769000000069],[24.43130700000006,9.802646000000038],[24.431468000000052,9.80244700000003],[24.431610000000035,9.802153000000033],[24.431752000000074,9.801803000000064],[24.431846000000064,9.801547000000028],[24.43178000000006,9.801329000000067],[24.431591000000026,9.801074000000028],[24.431468000000052,9.800846000000035],[24.431505000000072,9.800666000000035],[24.43165700000003,9.800477000000058],[24.43196000000006,9.80034500000005],[24.432263000000034,9.80038200000007],[24.432547000000056,9.800411000000054],[24.432784000000026,9.800468000000023],[24.432983000000036,9.800647000000026],[24.433163000000036,9.800969000000066],[24.433380000000056,9.801235000000077],[24.43358900000004,9.801367000000027],[24.43376900000004,9.801500000000033],[24.43400500000007,9.801746000000037],[24.43402400000008,9.802040000000034],[24.433920000000057,9.802324000000056],[24.433703000000037,9.802797000000055],[24.43351300000006,9.803166000000033],[24.433258000000023,9.803479000000038],[24.433343000000036,9.803630000000055],[24.433617000000027,9.803895000000068],[24.43386300000003,9.80411300000003],[24.434034000000054,9.80441600000006],[24.434128000000044,9.804710000000057],[24.43418500000007,9.805070000000057],[24.43418500000007,9.805259000000035],[24.43407200000007,9.805467000000021],[24.433911000000023,9.805590000000052],[24.433617000000027,9.805657000000053],[24.433295000000044,9.80560900000006],[24.433040000000062,9.805600000000027],[24.432755000000043,9.805647000000022],[24.432481000000053,9.80580800000007],[24.432330000000036,9.806017000000054],[24.432273000000066,9.806187000000023],[24.432254000000057,9.806367000000023],[24.432254000000057,9.806575000000066],[24.432093000000066,9.806803000000059],[24.431828000000053,9.807011000000045],[24.431553000000065,9.807200000000023],[24.431354000000056,9.807465000000036],[24.431354000000056,9.807806000000028],[24.43143900000007,9.808043000000055],[24.431682000000023,9.808467000000064],[24.43203200000005,9.808647000000065],[24.432278000000053,9.808685000000025],[24.432638000000054,9.808562000000052],[24.432894000000033,9.808515000000057],[24.43324400000006,9.808619000000022],[24.433547000000033,9.808770000000038],[24.43394500000005,9.809064000000035],[24.434200000000033,9.809215000000052],[24.434560000000033,9.809282000000053],[24.43495800000005,9.80929100000003],[24.435204000000056,9.809357000000034],[24.43528900000007,9.80947100000003],[24.43528900000007,9.809708000000057],[24.435185000000047,9.809982000000048],[24.43519500000008,9.810248000000058],[24.435271000000057,9.810333000000071],[24.43543200000005,9.810333000000071],[24.435678000000053,9.810380000000066],[24.435924000000057,9.810437000000036],[24.436000000000035,9.810617000000036],[24.436000000000035,9.810929000000044],[24.436000000000035,9.811185000000023],[24.436104000000057,9.811488000000054],[24.436303000000066,9.811819000000071],[24.436435000000074,9.812018000000023],[24.43644500000005,9.812246000000073],[24.436303000000066,9.812321000000054],[24.43600900000007,9.812246000000073],[24.435668000000078,9.812170000000037],[24.435365000000047,9.812009000000046],[24.43513800000005,9.811886000000072],[24.43481600000007,9.811838000000023],[24.43463600000007,9.81189500000005],[24.434570000000065,9.812113000000068],[24.434579000000042,9.812302000000045],[24.434769000000074,9.812567000000058],[24.434882000000073,9.81272800000005],[24.434930000000065,9.812975000000051],[24.434844000000055,9.813335000000052],[24.434627000000035,9.81370400000003],[24.434380000000033,9.814073000000064],[24.43412500000005,9.814433000000065],[24.43394500000005,9.814689000000044],[24.433755000000076,9.814793000000066],[24.433557000000064,9.814868000000047],[24.433291000000054,9.814783000000034],[24.432998000000055,9.814651000000026],[24.43275200000005,9.814518000000021],[24.43248600000004,9.814423000000033],[24.432297000000062,9.814423000000033],[24.432165000000055,9.814509000000044],[24.432079000000044,9.814698000000021],[24.432184000000063,9.815048000000047],[24.432382000000075,9.815351000000021],[24.43255300000004,9.81557900000007],[24.432686000000047,9.815853000000061],[24.43297000000007,9.81628900000004],[24.433367000000032,9.816687000000059],[24.433746000000042,9.816829000000041],[24.43436200000008,9.817018000000076],[24.434825000000046,9.817018000000076],[24.435384000000056,9.81688500000007],[24.43581000000006,9.816706000000067],[24.436161000000027,9.81648800000005],[24.43640700000003,9.816431000000023],[24.436757000000057,9.816611000000023],[24.437051000000054,9.816800000000057],[24.437256000000048,9.816933000000063],[24.43775500000004,9.817279000000042],[24.438126000000068,9.817515000000071],[24.43847100000005,9.817842000000041],[24.438821000000075,9.818069000000037],[24.439361000000076,9.818192000000067],[24.439778000000047,9.818107000000055],[24.44024200000007,9.817918000000077],[24.440678000000048,9.817868000000033],[24.441147000000058,9.81792100000007],[24.441584000000034,9.818089000000043],[24.441994000000022,9.818192000000067],[24.442420000000027,9.818116000000032],[24.442836000000057,9.817927000000054],[24.44317700000005,9.817435000000046],[24.44312800000006,9.817008000000044],[24.443028000000027,9.816603000000043],[24.443028000000027,9.816231000000073],[24.44326200000006,9.815961000000073],[24.44386700000007,9.815825000000075],[24.444202000000075,9.815893000000074],[24.44450400000005,9.816096000000073],[24.444773000000055,9.816298000000074],[24.444874000000027,9.816670000000045],[24.44494100000003,9.817008000000044],[24.44494100000003,9.817312000000072],[24.444840000000056,9.81771800000007],[24.444840000000056,9.81792100000007],[24.444840000000056,9.818157000000042],[24.444874000000027,9.818359000000044],[24.445276000000035,9.818394000000069],[24.44571300000007,9.818394000000069],[24.446049000000073,9.81846100000007],[24.446384000000023,9.818630000000041],[24.446619000000055,9.818867000000068],[24.44685400000003,9.81896800000004],[24.447325000000035,9.818832000000043],[24.447828000000072,9.81873100000007],[24.44826500000005,9.818427000000042],[24.448433000000023,9.81819100000007],[24.448769000000027,9.818123000000071],[24.449238000000037,9.817785000000072],[24.449406000000067,9.817177000000072],[24.449373000000037,9.816738000000043],[24.449305000000038,9.816231000000073],[24.449171000000035,9.815927000000045],[24.449104000000034,9.815387000000044],[24.449171000000035,9.815150000000074],[24.44950700000004,9.815015000000074],[24.44997600000005,9.815048000000047],[24.450413000000026,9.815184000000045],[24.45074900000003,9.815387000000044],[24.451252000000068,9.815792000000044],[24.45155500000004,9.816062000000045],[24.451723000000072,9.816366000000073],[24.451790000000074,9.816772000000071],[24.451857000000075,9.817312000000072],[24.45142000000004,9.817785000000072],[24.451185000000066,9.818089000000043],[24.451119000000062,9.81846100000007],[24.451321000000064,9.818900000000042],[24.45145400000007,9.81917100000004],[24.45192300000008,9.81944100000004],[24.45252800000003,9.81940700000007],[24.452931000000035,9.81940700000007],[24.45336700000007,9.81944100000004],[24.453636000000074,9.81957600000004],[24.45407300000005,9.819610000000068],[24.45437400000003,9.819305000000043],[24.45460900000006,9.818630000000041],[24.454912000000036,9.818022000000042],[24.454945000000066,9.817650000000071],[24.45531500000004,9.817413000000045],[24.45571700000005,9.81744800000007],[24.456053000000054,9.81744800000007],[24.45652400000006,9.817312000000072],[24.456927000000064,9.817312000000072],[24.457228000000043,9.81744800000007],[24.457363000000043,9.817616000000044],[24.457363000000043,9.817886000000044],[24.457228000000043,9.818258000000071],[24.457228000000043,9.81866400000007],[24.457430000000045,9.81896800000004],[24.457731000000024,9.819137000000069],[24.458067000000028,9.819272000000069],[24.458571000000063,9.819305000000043],[24.45914300000004,9.819340000000068],[24.459646000000077,9.819272000000069],[24.460251000000028,9.81896800000004],[24.460821000000067,9.81846100000007],[24.461056000000042,9.81785300000007],[24.461290000000076,9.817211000000043],[24.461392000000046,9.817008000000044],[24.461996000000056,9.817008000000044],[24.462465000000066,9.817109000000073],[24.462769000000037,9.817312000000072],[24.46303800000004,9.817549000000042],[24.463373000000047,9.817549000000042],[24.46380800000003,9.817380000000071],[24.46417800000006,9.816772000000071],[24.46464700000007,9.816366000000073],[24.465017000000046,9.816366000000073],[24.465387000000078,9.816400000000044],[24.465857000000028,9.816670000000045],[24.46612600000003,9.817143000000044],[24.466326000000038,9.817481000000043],[24.46649400000007,9.818089000000043],[24.46649400000007,9.818528000000072],[24.46652800000004,9.81903600000004],[24.466661000000045,9.819373000000041],[24.466661000000045,9.819846000000041],[24.466797000000042,9.82015000000007],[24.466999000000044,9.82038700000004],[24.467468000000054,9.820421000000067],[24.46787100000006,9.82031900000004],[24.468409000000065,9.820488000000068],[24.468710000000044,9.82079200000004],[24.469147000000078,9.821096000000068],[24.469517000000053,9.82126500000004],[24.469986000000063,9.82126500000004],[24.470724000000075,9.821333000000038],[24.47109400000005,9.821536000000037],[24.471464000000026,9.821705000000065],[24.472000000000037,9.821637000000067],[24.47250400000007,9.821569000000068],[24.472874000000047,9.821874000000037],[24.473209000000054,9.822178000000065],[24.473881000000063,9.822515000000067],[24.474217000000067,9.822887000000037],[24.474451000000045,9.823496000000034],[24.474653000000046,9.823732000000064],[24.474720000000048,9.823867000000064],[24.474888000000078,9.823969000000034],[24.47529000000003,9.823732000000064],[24.47566000000006,9.823326000000066],[24.476063000000067,9.822853000000066],[24.47639900000007,9.822380000000067],[24.476902000000052,9.822211000000038],[24.477472000000034,9.822380000000067],[24.47794300000004,9.822583000000066],[24.47822400000007,9.822967000000062],[24.47846400000003,9.823401000000047],[24.47845300000006,9.824028000000055],[24.478279000000043,9.824644000000035],[24.478378000000077,9.824982000000034],[24.478615000000048,9.826232000000061],[24.47868200000005,9.827009000000032],[24.47888400000005,9.82728000000003],[24.479017000000056,9.82765100000006],[24.47918500000003,9.82812400000006],[24.47934300000003,9.828478000000075],[24.47985600000004,9.828733000000057],[24.480381000000023,9.828911000000062],[24.481317000000047,9.828637000000072],[24.481693000000064,9.828558000000044],[24.482218000000046,9.829025000000058],[24.48269700000003,9.829425000000072],[24.483096000000046,9.82976700000006],[24.48359800000003,9.830052000000023],[24.48408900000004,9.830235000000073],[24.48431400000004,9.83057400000007],[24.484579000000053,9.830693000000053],[24.48484600000006,9.830723000000035],[24.48531900000006,9.83057400000007],[24.485910000000047,9.830306000000064],[24.486353000000065,9.830306000000064],[24.48664800000006,9.830396000000064],[24.48688500000003,9.830633000000034],[24.48688500000003,9.831020000000024],[24.486620000000073,9.83143700000005],[24.48641200000003,9.831675000000075],[24.48623500000008,9.832062000000064],[24.48617500000006,9.83265700000004],[24.486268000000052,9.83288200000004],[24.48638200000005,9.833007000000066],[24.48670800000008,9.833133000000032],[24.486857000000043,9.833401000000038],[24.487062000000037,9.833579000000043],[24.487299000000064,9.833818000000065],[24.487713000000042,9.833847000000048],[24.488098000000036,9.833847000000048],[24.48851200000007,9.833579000000043],[24.48874900000004,9.833371000000056],[24.489191000000062,9.833162000000073],[24.489428000000032,9.833074000000067],[24.489813000000026,9.832686000000024],[24.490049000000056,9.832508000000075],[24.49037400000003,9.832270000000051],[24.490965000000074,9.831823000000043],[24.491201000000046,9.831704000000059],[24.49137900000005,9.831764000000021],[24.491587000000038,9.83212100000003],[24.491705000000024,9.832508000000075],[24.491970000000038,9.832835000000046],[24.492178000000024,9.833162000000073],[24.492443000000037,9.833341000000075],[24.493006000000037,9.833311000000037],[24.493242000000066,9.833192000000054],[24.493444000000068,9.832939000000067],[24.493558000000064,9.832528000000025],[24.493569000000036,9.83211700000004],[24.49339800000007,9.831878000000074],[24.49327100000005,9.831675000000075],[24.49336100000005,9.83140700000007],[24.49342000000007,9.831140000000062],[24.493389000000036,9.830723000000035],[24.493242000000066,9.830365000000029],[24.493242000000066,9.830009000000075],[24.493212000000028,9.829770000000053],[24.49330100000003,9.829621000000031],[24.493508000000077,9.829473000000064],[24.49374400000005,9.829443000000026],[24.49407000000008,9.829443000000026],[24.494335000000035,9.829503000000045],[24.494661000000065,9.829533000000026],[24.494957000000056,9.829770000000053],[24.495104000000026,9.83006800000004],[24.49519300000003,9.83048400000007],[24.495399000000077,9.830752000000075],[24.495548000000042,9.830960000000061],[24.49578500000007,9.831079000000045],[24.496080000000063,9.831079000000045],[24.49655400000006,9.830872000000056],[24.496818000000076,9.830723000000035],[24.497204000000067,9.830723000000035],[24.497351000000037,9.83090100000004],[24.497381000000075,9.831079000000045],[24.497232000000054,9.83134700000005],[24.496996000000024,9.831555000000037],[24.496818000000076,9.831794000000059],[24.496790000000033,9.832002000000045],[24.496641000000068,9.83233000000007],[24.49649400000004,9.832746000000043],[24.49625800000007,9.833074000000067],[24.495903000000055,9.833282000000054],[24.495548000000042,9.83346000000006],[24.495548000000042,9.833728000000065],[24.495607000000064,9.834085000000073],[24.49597700000004,9.83434200000005],[24.49626200000006,9.834524000000044],[24.496433000000025,9.834844000000032],[24.496613000000025,9.835067000000038],[24.496849000000054,9.835275000000024],[24.497114000000067,9.835275000000024],[24.497322000000054,9.835423000000048],[24.497559000000024,9.83557200000007],[24.497824000000037,9.835602000000051],[24.49817900000005,9.835335000000043],[24.498474000000044,9.835007000000076],[24.498741000000052,9.834828000000073],[24.49906500000003,9.834560000000067],[24.499332000000038,9.83429300000006],[24.499479000000065,9.833936000000051],[24.499510000000043,9.833609000000024],[24.49959800000005,9.833371000000056],[24.499753000000055,9.833064000000036],[24.500061000000073,9.832916000000068],[24.500415000000032,9.832756000000074],[24.500415000000032,9.832448000000056],[24.499981000000048,9.83203700000007],[24.49968400000006,9.831684000000052],[24.499799000000053,9.831136000000072],[24.50016400000004,9.830771000000027],[24.500837000000047,9.830554000000063],[24.501476000000025,9.83068000000003],[24.501807000000042,9.830794000000026],[24.501978000000065,9.830896000000052],[24.502046000000064,9.830953000000022],[24.502297000000056,9.831125000000043],[24.502514000000076,9.831387000000063],[24.502594000000045,9.831741000000022],[24.502436000000046,9.83215000000007],[24.502436000000046,9.832597000000021],[24.50253200000003,9.832790000000045],[24.502644000000032,9.83295400000003],[24.50302700000003,9.833133000000032],[24.503441000000066,9.833222000000035],[24.50376700000004,9.833222000000035],[24.50416800000005,9.833007000000066],[24.504556000000036,9.832745000000045],[24.50471600000003,9.832380000000057],[24.504830000000027,9.83203700000007],[24.50477200000006,9.83140700000007],[24.504564000000073,9.831079000000045],[24.50444600000003,9.830723000000035],[24.50444600000003,9.830425000000048],[24.50450500000005,9.830128000000059],[24.504831000000024,9.829621000000031],[24.505215000000078,9.829503000000045],[24.505629000000056,9.829413000000045],[24.50607300000007,9.829413000000045],[24.50669300000004,9.829533000000026],[24.50692900000007,9.829919000000075],[24.50691800000004,9.830155000000047],[24.50673500000005,9.83034900000007],[24.50639300000006,9.830463000000066],[24.506310000000042,9.830782000000056],[24.50645600000007,9.831109000000026],[24.506655000000023,9.831250000000068],[24.50694100000004,9.831524000000059],[24.506872000000044,9.831923000000074],[24.50701900000007,9.832418000000075],[24.507225000000062,9.832746000000043],[24.507382000000064,9.832891000000075],[24.507746000000054,9.833147000000054],[24.508253000000025,9.83322000000004],[24.50850900000006,9.833366000000069],[24.508835000000033,9.833403000000033],[24.509163000000058,9.833366000000069],[24.50952700000005,9.833183000000076],[24.509745000000066,9.832928000000038],[24.50989000000004,9.832598000000075],[24.509853000000078,9.832123000000024],[24.509656000000064,9.831798000000049],[24.509131000000025,9.831581000000028],[24.509177000000022,9.831250000000068],[24.50941700000004,9.830988000000048],[24.50923400000005,9.83065700000003],[24.508857000000035,9.830440000000067],[24.508755000000065,9.830052000000023],[24.508846000000062,9.829584000000068],[24.509006000000056,9.829299000000049],[24.509371000000044,9.829242000000022],[24.509781000000032,9.829345000000046],[24.510181000000046,9.829671000000076],[24.510471000000052,9.829927000000055],[24.51090800000003,9.830000000000041],[24.511321000000066,9.830474000000038],[24.511333000000036,9.831011000000046],[24.511527000000058,9.831090000000074],[24.511812000000077,9.830851000000052],[24.512006000000042,9.830474000000038],[24.51370600000007,9.830878000000041],[24.514071000000058,9.830554000000063],[24.514790000000062,9.83006400000005],[24.515337000000045,9.82979000000006],[24.51697900000005,9.829964000000075],[24.517851000000064,9.829671000000076],[24.518578000000048,9.829342000000054],[24.518942000000038,9.828647000000046],[24.519268000000068,9.82839000000007],[24.519705000000044,9.828171000000054],[24.52035900000004,9.827951000000041],[24.520760000000053,9.827951000000041],[24.521086000000025,9.828208000000075],[24.521233000000052,9.828610000000026],[24.521160000000066,9.829049000000055],[24.521160000000066,9.829378000000077],[24.521269000000075,9.829671000000076],[24.52148600000004,9.829781000000025],[24.52188700000005,9.829781000000025],[24.522249000000045,9.82970800000004],[24.522505000000024,9.829378000000077],[24.522867000000076,9.828939000000048],[24.522940000000062,9.828573000000063],[24.522867000000076,9.828208000000075],[24.522722000000044,9.827988000000062],[24.52279500000003,9.82769600000006],[24.52300400000007,9.827462000000025],[24.52326800000003,9.827549000000033],[24.523560000000032,9.827549000000033],[24.52395800000005,9.827293000000054],[24.52406700000006,9.826963000000035],[24.52406700000006,9.82663400000007],[24.52395800000005,9.826378000000034],[24.523777000000052,9.826049000000069],[24.523560000000032,9.825866000000076],[24.523232000000064,9.825866000000076],[24.52279500000003,9.825939000000062],[24.522432000000038,9.825829000000056],[24.52221300000008,9.825573000000077],[24.52199500000006,9.825170000000071],[24.521959000000038,9.824696000000074],[24.521920000000023,9.82416500000005],[24.52218300000004,9.823800000000062],[24.522628000000054,9.823652000000038],[24.52312900000004,9.823618000000067],[24.523597000000052,9.824063000000024],[24.52398500000004,9.824644000000035],[24.52425900000003,9.82502100000005],[24.52443100000005,9.825501000000031],[24.524685000000034,9.825646000000063],[24.525158000000033,9.825646000000063],[24.525450000000035,9.825537000000054],[24.52565100000004,9.825363000000038],[24.52563900000007,9.824964000000023],[24.525450000000035,9.824549000000047],[24.52533900000003,9.824256000000048],[24.52533900000003,9.823927000000026],[24.525558000000046,9.823634000000027],[24.525993000000028,9.823379000000045],[24.526358000000073,9.823341000000028],[24.526722000000063,9.823524000000077],[24.52701200000007,9.823781000000054],[24.527304000000072,9.824037000000033],[24.52748500000007,9.824293000000068],[24.527739000000054,9.824549000000047],[24.527994000000035,9.824658000000056],[24.528139000000067,9.824988000000076],[24.528212000000053,9.825317000000041],[24.528284000000042,9.825573000000077],[24.528540000000078,9.825684000000024],[24.52893800000004,9.825684000000024],[24.52933900000005,9.825720000000047],[24.529776000000027,9.825646000000063],[24.529993000000047,9.825354000000061],[24.530066000000033,9.825135000000046],[24.53002900000007,9.824805000000026],[24.53002900000007,9.824513000000024],[24.530174000000045,9.824329000000034],[24.530358000000035,9.82400000000007],[24.530358000000035,9.823598000000061],[24.53024700000003,9.823379000000045],[24.52981200000005,9.823232000000075],[24.529266000000064,9.823086000000046],[24.52897100000007,9.822945000000061],[24.528902000000073,9.822757000000024],[24.52904700000005,9.822391000000039],[24.52933900000005,9.822244000000069],[24.52970300000004,9.822134000000062],[24.529957000000024,9.821988000000033],[24.530102000000056,9.821622000000048],[24.530102000000056,9.821219000000042],[24.53028500000005,9.820781000000068],[24.530430000000024,9.820378000000062],[24.53061100000008,9.81990200000007],[24.53061100000008,9.819354000000033],[24.53032100000007,9.818952000000024],[24.529993000000047,9.818622000000062],[24.529665000000023,9.818256000000076],[24.529665000000023,9.817635000000053],[24.52981200000005,9.817232000000047],[24.53012300000006,9.816966000000036],[24.530647000000044,9.816683000000069],[24.531000000000063,9.816119000000072],[24.53118500000005,9.815800000000024],[24.531423000000075,9.815507000000025],[24.531423000000075,9.815161000000046],[24.531397000000027,9.814921000000027],[24.531052000000045,9.814761000000033],[24.53070800000006,9.814468000000033],[24.530550000000062,9.814229000000068],[24.530550000000062,9.813856000000044],[24.53076200000004,9.813537000000053],[24.531052000000045,9.813271000000043],[24.53123800000003,9.812924000000066],[24.531370000000038,9.81249900000006],[24.531555000000026,9.811913000000061],[24.532110000000046,9.811461000000065],[24.532429000000036,9.811274000000026],[24.53290400000003,9.811327000000063],[24.53335400000003,9.811327000000063],[24.533724000000063,9.811248000000035],[24.534121000000027,9.81082200000003],[24.534279000000026,9.810475000000054],[24.53440100000006,9.810064000000068],[24.534744000000046,9.809927000000073],[24.53520000000003,9.810007000000041],[24.53552200000007,9.810316000000057],[24.535839000000067,9.810369000000037],[24.53613100000007,9.810422000000074],[24.536396000000025,9.810422000000074],[24.536713000000077,9.810156000000063],[24.536606000000063,9.809757000000047],[24.536501000000044,9.809358000000032],[24.536147000000028,9.809220000000039],[24.535681000000068,9.809172000000046],[24.535337000000027,9.808879000000047],[24.535337000000027,9.808453000000043],[24.535443000000043,9.808080000000075],[24.53570700000006,9.80776000000003],[24.53618400000005,9.807494000000077],[24.536659000000043,9.807414000000051],[24.53700200000003,9.807548000000054],[24.537136000000032,9.807787000000076],[24.537190000000066,9.808106000000066],[24.537190000000066,9.808399000000065],[24.537136000000032,9.808692000000065],[24.537190000000066,9.808985000000064],[24.53726800000004,9.809331000000043],[24.53745900000007,9.80948200000006],[24.537687000000062,9.809528000000057],[24.538086000000078,9.809448000000032],[24.53826900000007,9.809288000000038],[24.538531000000035,9.808832000000052],[24.53856600000006,9.808478000000036],[24.538497000000064,9.80780500000003],[24.53787600000004,9.807362000000069],[24.53749300000004,9.807086000000027],[24.53744800000004,9.806733000000065],[24.537929000000076,9.806457000000023],[24.538141000000053,9.806216000000063],[24.538280000000043,9.805991000000063],[24.538141000000053,9.805738000000076],[24.53779600000007,9.805738000000076],[24.537214000000063,9.80589800000007],[24.536951000000045,9.806110000000047],[24.53668600000003,9.806350000000066],[24.536343000000045,9.806376000000057],[24.536193000000026,9.806174000000055],[24.53612400000003,9.805672000000072],[24.536136000000056,9.805318000000057],[24.536316000000056,9.805045000000064],[24.53684400000003,9.804966000000036],[24.537453000000028,9.804939000000047],[24.537929000000076,9.804966000000036],[24.538511000000028,9.805045000000064],[24.539013000000068,9.805045000000064],[24.539490000000058,9.805045000000064],[24.540045000000077,9.805018000000075],[24.540733000000046,9.804859000000022],[24.541157000000055,9.804673000000037],[24.54165800000004,9.80427400000002],[24.54192400000005,9.80427400000002],[24.542267000000038,9.804300000000069],[24.542822000000058,9.804540000000031],[24.543192000000033,9.804540000000031],[24.54353700000007,9.804460000000063],[24.543881000000056,9.804088000000036],[24.544197000000054,9.803847000000076],[24.544594000000075,9.803608000000054],[24.54485900000003,9.803315000000055],[24.54496400000005,9.803022000000055],[24.545202000000074,9.80283600000007],[24.54544100000004,9.802783000000034],[24.54554600000006,9.802703000000065],[24.545784000000026,9.802756000000045],[24.54596900000007,9.802756000000045],[24.546234000000027,9.802756000000045],[24.54641900000007,9.802596000000051],[24.546711000000073,9.802383000000077],[24.546869000000072,9.80233000000004],[24.547108000000037,9.802383000000077],[24.547371000000055,9.802463000000046],[24.54747800000007,9.802490000000034],[24.547821000000056,9.802490000000034],[24.548164000000043,9.802410000000066],[24.548430000000053,9.802278000000058],[24.548641000000032,9.80201100000005],[24.54880000000003,9.801665000000071],[24.549091000000033,9.801319000000035],[24.549408000000028,9.80108000000007],[24.54977800000006,9.801026000000036],[24.55028100000004,9.801026000000036],[24.550625000000025,9.801026000000036],[24.550942000000077,9.801053000000024],[24.551180000000045,9.801053000000024],[24.551577000000066,9.800920000000076],[24.551684000000023,9.800734000000034],[24.551603000000057,9.800441000000035],[24.551496000000043,9.800121000000047],[24.551153000000056,9.799908000000073],[24.551022000000046,9.799588000000028],[24.550995000000057,9.799349000000063],[24.551100000000076,9.799216000000058],[24.551472000000047,9.799109000000044],[24.551869000000067,9.799109000000044],[24.552238000000045,9.799216000000058],[24.552528000000052,9.799243000000047],[24.552820000000054,9.799322000000075],[24.553164000000038,9.799509000000057],[24.553375000000074,9.799775000000068],[24.55356000000006,9.799988000000042],[24.553719000000058,9.800121000000047],[24.553975000000037,9.800167000000044],[24.55462700000004,9.799960000000056],[24.55527900000004,9.799722000000031],[24.555597000000034,9.799934000000064],[24.555729000000042,9.800227000000064],[24.555821000000037,9.800449000000071],[24.555731000000037,9.800873000000024],[24.555630000000065,9.801105000000064],[24.55515900000006,9.801576000000068],[24.55480700000004,9.801934000000074],[24.554580000000044,9.802351000000044],[24.554485000000057,9.802787000000023],[24.55453300000005,9.803156000000058],[24.55462200000005,9.80381200000005],[24.55471700000004,9.804313000000036],[24.554837000000077,9.80451000000005],[24.55508100000003,9.80475000000007],[24.55518900000004,9.805012000000033],[24.55518900000004,9.805495000000064],[24.55518200000006,9.80586500000004],[24.555296000000055,9.806163000000026],[24.555445000000077,9.806479000000024],[24.555582000000072,9.806598000000065],[24.555964000000074,9.806783000000053],[24.556280000000072,9.806914000000063],[24.55664900000005,9.807183000000066],[24.556864000000076,9.807594000000051],[24.55688800000007,9.807856000000072],[24.556787000000043,9.808059000000071],[24.556512000000055,9.808238000000074],[24.556381000000044,9.808381000000054],[24.55629200000004,9.808584000000053],[24.55631500000004,9.808781000000067],[24.556470000000047,9.808930000000032],[24.556643000000065,9.809037000000046],[24.556787000000043,9.809067000000027],[24.556947000000036,9.809061000000042],[24.557180000000074,9.808983000000069],[24.557401000000027,9.808936000000074],[24.557562000000075,9.808900000000051],[24.557777000000044,9.80876900000004],[24.55797300000006,9.808620000000076],[24.558080000000075,9.808333000000061],[24.558331000000067,9.808077000000026],[24.558557000000064,9.807946000000072],[24.558677000000046,9.808023000000048],[24.558790000000045,9.808196000000066],[24.55876600000005,9.808393000000024],[24.558647000000065,9.808793000000037],[24.558564000000047,9.809186000000068],[24.558456000000035,9.809466000000043],[24.55839100000003,9.80962500000004],[24.558403000000055,9.809804000000042],[24.55851000000007,9.809917000000041],[24.558647000000065,9.809941000000038],[24.558898000000056,9.809864000000061],[24.55914800000005,9.809589000000074],[24.559321000000068,9.809321000000068],[24.559536000000037,9.808963000000062],[24.55977400000006,9.808760000000063],[24.560031000000038,9.808659000000034],[24.560275000000047,9.808617000000027],[24.56065700000005,9.808528000000024],[24.560967000000062,9.808427000000052],[24.56120500000003,9.808337000000051],[24.56132400000007,9.808164000000033],[24.56131800000003,9.807973000000061],[24.561217000000056,9.80777100000006],[24.561008000000072,9.807675000000074],[24.560782000000074,9.807598000000041],[24.560573000000034,9.807574000000045],[24.56039400000003,9.807627000000025],[24.56019100000003,9.807759000000033],[24.55997700000006,9.807800000000043],[24.559834000000023,9.807753000000048],[24.559708000000057,9.807610000000068],[24.559667000000047,9.807395000000042],[24.559649000000036,9.807174000000032],[24.55972600000007,9.806781000000058],[24.559798000000058,9.806524000000024],[24.559983000000045,9.806190000000072],[24.560257000000036,9.80600000000004],[24.56051300000007,9.80600000000004],[24.56084100000004,9.806119000000024],[24.56108000000006,9.806328000000065],[24.561230000000023,9.806435000000022],[24.561555000000055,9.80651400000005],[24.56181300000003,9.806448000000046],[24.56208900000007,9.806162000000029],[24.562403000000074,9.805629000000067],[24.562508000000037,9.805305000000033],[24.56267900000006,9.805019000000073],[24.56299400000006,9.804943000000037],[24.563337000000047,9.805019000000073],[24.56354600000003,9.805219000000022],[24.563788000000045,9.805545000000052],[24.56403800000004,9.805981000000031],[24.564500000000066,9.806483000000071],[24.56499800000006,9.806654000000037],[24.565395000000024,9.806494000000043],[24.565695000000062,9.806178000000045],[24.565695000000062,9.805792000000054],[24.56536200000005,9.80534700000004],[24.56533100000007,9.804931000000067],[24.565427000000057,9.804774000000066],[24.565668000000073,9.804650000000038],[24.565866000000028,9.804543000000024],[24.56607500000007,9.804543000000024],[24.56631100000004,9.804629000000034],[24.566584000000034,9.804849000000047],[24.56682500000005,9.804913000000056],[24.56723800000003,9.804918000000043],[24.56754600000005,9.804924000000028],[24.56799600000005,9.805038000000025],[24.56836100000004,9.805202000000065],[24.568553000000065,9.805488000000025],[24.568896000000052,9.805631000000062],[24.569232000000056,9.80582400000003],[24.569539000000077,9.806117000000029],[24.569739000000027,9.806538000000046],[24.56991800000003,9.806888000000072],[24.570125000000075,9.807003000000066],[24.570361000000048,9.807003000000066],[24.570647000000065,9.806946000000039],[24.570868000000075,9.806903000000034],[24.570997000000034,9.806931000000077],[24.57117500000004,9.80704600000007],[24.571311000000037,9.807260000000042],[24.571361000000024,9.807453000000066],[24.571361000000024,9.807610000000068],[24.57141100000007,9.807810000000075],[24.571575000000053,9.808089000000052],[24.571668000000045,9.808132000000057],[24.57191800000004,9.808253000000036],[24.572168000000033,9.808232000000032],[24.572376000000077,9.808074000000033],[24.57261900000003,9.807939000000033],[24.572854000000063,9.807817000000057],[24.573104000000058,9.807746000000066],[24.57328300000006,9.807753000000048],[24.57336900000007,9.80784600000004],[24.57334700000007,9.808010000000024],[24.573233000000073,9.808239000000071],[24.57313300000004,9.80850300000003],[24.57304000000005,9.808767000000046],[24.572997000000043,9.80901700000004],[24.57305400000007,9.809175000000039],[24.573226000000034,9.80939600000005],[24.57334700000007,9.809639000000061],[24.573433000000023,9.809953000000064],[24.573333000000048,9.81022500000006],[24.57304000000005,9.810332000000074],[24.572726000000046,9.810411000000045],[24.57260400000007,9.810575000000028],[24.572654000000057,9.810796000000039],[24.57281100000006,9.810846000000026],[24.57307600000007,9.810811000000058],[24.57342600000004,9.810661000000039],[24.573776000000066,9.810618000000034],[24.574019000000078,9.810546000000045],[24.574119000000053,9.810382000000061],[24.574076000000048,9.810096000000044],[24.574069000000065,9.809810000000027],[24.57429700000006,9.809525000000065],[24.57468300000005,9.809303000000057],[24.575069000000042,9.809182000000021],[24.575383000000045,9.809289000000035],[24.57566900000006,9.80962500000004],[24.575683000000026,9.809896000000037],[24.57536200000004,9.81015300000007],[24.575255000000027,9.810432000000048],[24.57529100000005,9.810625000000073],[24.575405000000046,9.810782000000074],[24.57566900000006,9.81081800000004],[24.575976000000026,9.810653000000059],[24.576219000000037,9.810461000000032],[24.576598000000047,9.810396000000026],[24.57689800000003,9.810396000000026],[24.57708400000007,9.810182000000054],[24.577305000000024,9.809839000000068],[24.577420000000075,9.80956800000007],[24.577598000000023,9.809560000000033],[24.578063000000043,9.809746000000075],[24.57827700000007,9.80998900000003],[24.57854800000007,9.81022500000006],[24.57877700000006,9.810496000000057],[24.578898000000038,9.810711000000026],[24.578898000000038,9.81096800000006],[24.578813000000025,9.811211000000071],[24.578720000000033,9.81133200000005],[24.57851000000005,9.811587000000031],[24.57848000000007,9.811744000000033],[24.578543000000025,9.812152000000026],[24.57891600000005,9.812716000000023],[24.57935100000003,9.813187000000028],[24.579664000000037,9.813562000000047],[24.58013100000005,9.81406400000003],[24.580497000000037,9.814495000000022],[24.58055900000005,9.814671000000033],[24.580362000000036,9.814971000000071],[24.580362000000036,9.815281000000027],[24.580466000000058,9.815540000000055],[24.58077600000007,9.81560200000007],[24.580900000000042,9.81546700000007],[24.58102400000007,9.814981000000046],[24.581210000000056,9.814588000000072],[24.581448000000023,9.814413000000059],[24.581841000000054,9.814382000000023],[24.582058000000075,9.814413000000059],[24.58245100000005,9.814423000000033],[24.582771000000037,9.814392000000055],[24.58299900000003,9.814299000000062],[24.58314400000006,9.814092000000073],[24.58314400000006,9.813834000000043],[24.58314400000006,9.813513000000057],[24.58321600000005,9.813244000000054],[24.583319000000074,9.813100000000077],[24.583547000000067,9.81318200000004],[24.583774000000062,9.813368000000025],[24.58394000000004,9.81335800000005],[24.584085000000073,9.81318200000004],[24.584302000000037,9.81281000000007],[24.58443600000004,9.812479000000053],[24.584508000000028,9.81216900000004],[24.58448800000008,9.811911000000066],[24.584633000000053,9.811559000000045],[24.584808000000066,9.811269000000038],[24.58503600000006,9.811032000000068],[24.585356000000047,9.810877000000062],[24.585636000000022,9.810939000000076],[24.58596600000004,9.811145000000067],[24.586183000000062,9.81119700000005],[24.58634900000004,9.811073000000022],[24.58634900000004,9.810897000000068],[24.58634900000004,9.810639000000037],[24.586483000000044,9.810422000000074],[24.586700000000064,9.810318000000052],[24.58698000000004,9.810318000000052],[24.58723800000007,9.810422000000074],[24.58744500000006,9.810618000000034],[24.587538000000052,9.81090800000004],[24.58743400000003,9.811280000000068],[24.58740300000005,9.811559000000045],[24.587455000000034,9.81174500000003],[24.58761000000004,9.811859000000027],[24.587879000000044,9.81192100000004],[24.588148000000047,9.812035000000037],[24.588324000000057,9.812221000000022],[24.588396000000046,9.812541000000067],[24.588427000000024,9.812841000000049],[24.58858200000003,9.812955000000045],[24.588768000000073,9.812955000000045],[24.58893400000005,9.812831000000074],[24.588944000000026,9.812707000000046],[24.589068000000054,9.81255200000004],[24.58926500000007,9.812397000000033],[24.589347000000032,9.812221000000022],[24.589327000000026,9.812045000000069],[24.589327000000026,9.811849000000052],[24.589337000000057,9.811683000000073],[24.589244000000065,9.811280000000068],[24.58921300000003,9.810846000000026],[24.589244000000065,9.810566000000051],[24.589503000000036,9.81022500000006],[24.589844000000028,9.810101000000031],[24.590174000000047,9.810111000000063],[24.590547000000072,9.810111000000063],[24.59082600000005,9.810380000000066],[24.590950000000078,9.810618000000034],[24.59118200000006,9.810928000000047],[24.591378000000077,9.811031000000071],[24.59159500000004,9.810959000000025],[24.59159500000004,9.810690000000022],[24.591451000000063,9.810328000000027],[24.59121300000004,9.809997000000067],[24.591140000000053,9.809718000000032],[24.591202000000067,9.80945900000006],[24.591502000000048,9.809273000000076],[24.591740000000073,9.809346000000062],[24.591957000000036,9.809604000000036],[24.592216000000064,9.809811000000025],[24.592411000000027,9.809911000000056],[24.592851000000053,9.809946000000025],[24.593301000000054,9.809950000000072],[24.59369300000003,9.809911000000056],[24.594007000000033,9.809689000000049],[24.594204000000047,9.80944900000003],[24.59435700000006,9.809204000000022],[24.594797000000028,9.809078000000056],[24.59522400000003,9.808812000000046],[24.59553200000005,9.808676000000048],[24.596073000000047,9.808606000000054],[24.59657500000003,9.808322000000032],[24.597290000000044,9.807912000000044],[24.59767400000004,9.807398000000035],[24.597748000000024,9.806830000000048],[24.597574000000066,9.805945000000065],[24.597375000000056,9.80563600000005],[24.596921000000066,9.805365000000052],[24.59662000000003,9.805029000000047],[24.596336000000065,9.804409000000021],[24.596129000000076,9.803600000000074],[24.596241000000077,9.803109000000063],[24.596482000000037,9.802834000000075],[24.597016000000053,9.802756000000045],[24.597429000000034,9.802558000000033],[24.59785100000005,9.802024000000074],[24.598221000000024,9.80162800000005],[24.599004000000036,9.80121500000007],[24.599685000000022,9.801017000000058],[24.600141000000065,9.800845000000038],[24.60039900000004,9.800638000000049],[24.60059700000005,9.800612000000058],[24.601019000000065,9.80112900000006],[24.60126900000006,9.801603000000057],[24.601562000000058,9.801801000000069],[24.60191400000008,9.80162800000005],[24.60219900000004,9.80112900000006],[24.602543000000026,9.800655000000063],[24.60273200000006,9.800699000000066],[24.602836000000025,9.801034000000072],[24.60273200000006,9.801585000000046],[24.60256000000004,9.802102000000048],[24.602509000000055,9.802429000000075],[24.60275000000007,9.80279100000007],[24.60305100000005,9.802773000000059],[24.60335200000003,9.802601000000038],[24.603619000000037,9.80265300000002],[24.603895000000023,9.802868000000046],[24.604144000000076,9.803040000000067],[24.604497000000038,9.803109000000063],[24.60468700000007,9.803247000000056],[24.60479900000007,9.803471000000059],[24.604825000000062,9.803815000000043],[24.604842000000076,9.804159000000027],[24.60504000000003,9.804418000000055],[24.605358000000024,9.804392000000064],[24.605754000000047,9.804073000000074],[24.60615000000007,9.803927000000044],[24.60646900000006,9.803918000000067],[24.606727000000035,9.804108000000042],[24.607037000000048,9.804220000000043],[24.60726100000005,9.80420300000003],[24.607381000000032,9.804013000000054],[24.607502000000068,9.803660000000036],[24.60764800000004,9.803410000000042],[24.607898000000034,9.803410000000042],[24.608208000000047,9.803772000000038],[24.60844000000003,9.804099000000065],[24.60860400000007,9.804332000000045],[24.608828000000074,9.804504000000065],[24.609172000000058,9.804487000000051],[24.609568000000024,9.80438300000003],[24.60980900000004,9.80438300000003],[24.609964000000048,9.804693000000043],[24.609938000000056,9.804952000000071],[24.60977500000007,9.805132000000071],[24.609646000000055,9.805408000000057],[24.609637000000077,9.805649000000074],[24.60972300000003,9.805864000000042],[24.60999000000004,9.80595900000003],[24.61045500000006,9.805916000000025],[24.610825000000034,9.805804000000023],[24.611023000000046,9.805847000000028],[24.611023000000046,9.806097000000022],[24.61086800000004,9.806312000000048],[24.610610000000065,9.806639000000075],[24.610515000000078,9.806966000000045],[24.610532000000035,9.807431000000065],[24.610662000000048,9.807750000000055],[24.610834000000068,9.807991000000072],[24.61105800000007,9.80812000000003],[24.61124700000005,9.80803400000002],[24.611462000000074,9.807827000000032],[24.611634000000038,9.807612000000063],[24.611781000000065,9.807629000000077],[24.61193600000007,9.807784000000026],[24.612142000000063,9.807896000000028],[24.612426000000028,9.807836000000066],[24.61253000000005,9.807698000000073],[24.612435000000062,9.807500000000061],[24.612091000000078,9.807250000000067],[24.611901000000046,9.807087000000024],[24.611815000000036,9.806811000000039],[24.611996000000033,9.806484000000069],[24.612314000000026,9.806363000000033],[24.612573000000054,9.80654400000003],[24.612866000000054,9.80683700000003],[24.613081000000022,9.806854000000044],[24.613240000000076,9.806656000000032],[24.613395000000025,9.806467000000055],[24.613627000000065,9.80643200000003],[24.61398900000006,9.806561000000045],[24.61401500000005,9.806759000000056],[24.614006000000074,9.807164000000057],[24.61411000000004,9.807345000000055],[24.61436800000007,9.807354000000032],[24.614514000000042,9.80721600000004],[24.614962000000048,9.806803000000059],[24.615255000000047,9.806536000000051],[24.615522000000055,9.806406000000038],[24.615857000000062,9.806208000000026],[24.61623600000007,9.806174000000055],[24.616641000000072,9.806312000000048],[24.61694200000005,9.806527000000074],[24.61729500000007,9.806648000000052],[24.61759600000005,9.806579000000056],[24.617631000000074,9.806312000000048],[24.617570000000057,9.805623000000026],[24.617346000000055,9.805201000000068],[24.617054000000053,9.804977000000065],[24.61689300000006,9.804599000000053],[24.616985000000057,9.80427700000007],[24.617478000000062,9.804128000000048],[24.618133000000057,9.80413900000002],[24.61844300000007,9.804059000000052],[24.618431000000044,9.803451000000052],[24.61833900000005,9.80314100000004],[24.618225000000052,9.802842000000055],[24.618558000000064,9.80275000000006],[24.61907400000007,9.802785000000029],[24.619590000000073,9.803014000000076],[24.61991800000004,9.803381000000059],[24.62017000000003,9.803620000000024],[24.620435000000043,9.803645000000074],[24.620777000000032,9.803258000000028],[24.621268000000043,9.802399000000037],[24.62179100000003,9.801657000000034],[24.621958000000063,9.801185000000032],[24.62202300000007,9.800850000000025],[24.621894000000054,9.800617000000045],[24.62146800000005,9.800546000000054],[24.621203000000037,9.80048800000003],[24.621106000000054,9.800301000000047],[24.621203000000037,9.799952000000076],[24.621500000000026,9.799668000000054],[24.621875000000045,9.799590000000023],[24.62223000000006,9.799694000000045],[24.62271400000003,9.800068000000067],[24.62292000000008,9.800565000000063],[24.623056000000076,9.80099800000005],[24.62319800000006,9.801218000000063],[24.623392000000024,9.801353000000063],[24.623747000000037,9.80127600000003],[24.623889000000077,9.800875000000076],[24.624050000000068,9.800339000000065],[24.624154000000033,9.799881000000028],[24.62416900000005,9.799619000000064],[24.624363000000073,9.799477000000024],[24.62460200000004,9.799406000000033],[24.624802000000045,9.799239000000057],[24.624938000000043,9.799038000000053],[24.624918000000036,9.798812000000055],[24.624892000000045,9.79863800000004],[24.624938000000043,9.798309000000074],[24.625073000000043,9.798115000000053],[24.62525400000004,9.79806300000007],[24.625577000000078,9.798173000000077],[24.62594500000006,9.798393000000033],[24.626274000000024,9.79854800000004],[24.626856000000032,9.798632000000055],[24.627075000000048,9.798793000000046],[24.627094000000056,9.79910300000006],[24.626971000000026,9.799484000000064],[24.626907000000074,9.799884000000077],[24.626991000000032,9.80009700000005],[24.627036000000032,9.800265000000024],[24.627294000000063,9.800388000000055],[24.62752000000006,9.800388000000055],[24.627837000000056,9.800343000000055],[24.628089000000045,9.80021400000004],[24.628328000000067,9.799839000000077],[24.628625000000056,9.799368000000072],[24.628670000000056,9.799097000000074],[24.62872100000004,9.79885100000007],[24.62890900000008,9.798774000000037],[24.629057000000046,9.798974000000044],[24.629238000000043,9.799200000000042],[24.629522000000065,9.799413000000072],[24.629838000000063,9.79938100000004],[24.629968000000076,9.799135000000035],[24.630026000000043,9.79880600000007],[24.629942000000028,9.798380000000066],[24.629638000000057,9.797954000000061],[24.62926900000008,9.797676000000024],[24.629275000000064,9.79752700000006],[24.629482000000053,9.797540000000026],[24.629662000000053,9.797676000000024],[24.629927000000066,9.797689000000048],[24.63017300000007,9.797411000000068],[24.630476000000044,9.79690800000003],[24.63090200000005,9.796694000000059],[24.631309000000044,9.796514000000059],[24.631774000000064,9.796391000000028],[24.63196800000003,9.796410000000037],[24.63191000000006,9.796733000000074],[24.631826000000046,9.79704300000003],[24.631980000000055,9.79714000000007],[24.632368000000042,9.797243000000037],[24.632871000000023,9.797379000000035],[24.63316800000007,9.797605000000033],[24.633304000000066,9.797947000000022],[24.633298000000025,9.798218000000077],[24.633201000000042,9.798380000000066],[24.63289700000007,9.79866400000003],[24.63234200000005,9.798871000000076],[24.63206400000007,9.798993000000053],[24.631871000000046,9.799155000000042],[24.631800000000055,9.799400000000048],[24.63215500000007,9.799574000000064],[24.63252300000005,9.799710000000061],[24.632814000000053,9.799878000000035],[24.632955000000038,9.79996200000005],[24.633207000000027,9.799845000000062],[24.633278000000075,9.799665000000061],[24.633298000000025,9.799368000000072],[24.63340100000005,9.79910300000006],[24.633711000000062,9.799025000000029],[24.634014000000036,9.799097000000074],[24.63439500000004,9.799316000000033],[24.634525000000053,9.79954200000003],[24.634544000000062,9.799768000000029],[24.634486000000038,9.800039000000027],[24.63436900000005,9.800369000000046],[24.634273000000064,9.800627000000077],[24.63405300000005,9.800756000000035],[24.633762000000047,9.80085900000006],[24.633420000000058,9.80085900000006],[24.63310400000006,9.80085900000006],[24.63289100000003,9.800911000000042],[24.63280700000007,9.801085000000057],[24.632723000000055,9.801318000000038],[24.632645000000025,9.801595000000077],[24.632736000000023,9.801847000000066],[24.633098000000075,9.802041000000031],[24.633369000000073,9.802254000000062],[24.63358800000003,9.802422000000035],[24.633788000000038,9.802422000000035],[24.634150000000034,9.802241000000038],[24.634441000000038,9.802021000000025],[24.634757000000036,9.801705000000027],[24.63502200000005,9.801589000000035],[24.635325000000023,9.801531000000068],[24.63569300000006,9.801421000000062],[24.636023000000023,9.801382000000046],[24.636249000000078,9.801505000000077],[24.636449000000027,9.801712000000066],[24.63646200000005,9.802002000000073],[24.636345000000063,9.802306000000044],[24.636371000000054,9.802557000000036],[24.636533000000043,9.802687000000049],[24.636746000000073,9.802693000000033],[24.636959000000047,9.802609000000075],[24.637127000000078,9.802241000000038],[24.637249000000054,9.80197000000004],[24.637456000000043,9.801918000000057],[24.637753000000032,9.802073000000064],[24.63795300000004,9.802319000000068],[24.63802400000003,9.802654000000075],[24.638095000000078,9.802861000000064],[24.63826300000005,9.802945000000022],[24.638483000000065,9.802900000000022],[24.638521000000026,9.802719000000025],[24.638567000000023,9.802351000000044],[24.638676000000032,9.80210500000004],[24.63886400000007,9.802028000000064],[24.639096000000052,9.802144000000055],[24.639148000000034,9.802364000000068],[24.639109000000076,9.802667000000042],[24.639109000000076,9.802919000000031],[24.63918700000005,9.803222000000062],[24.639419000000032,9.803377000000069],[24.639781000000028,9.803416000000027],[24.640116000000035,9.80326100000002],[24.64030900000006,9.802977000000055],[24.640412000000026,9.802661000000057],[24.64047000000005,9.802331000000038],[24.64042500000005,9.802157000000022],[24.64023100000003,9.802054000000055],[24.639999000000046,9.801938000000064],[24.63982500000003,9.801744000000042],[24.639734000000033,9.801518000000044],[24.639876000000072,9.801324000000022],[24.64023100000003,9.801221000000055],[24.640599000000066,9.801053000000024],[24.640825000000063,9.800943000000075],[24.641193000000044,9.800730000000044],[24.64132200000006,9.800504000000046],[24.64135200000004,9.800126000000034],[24.64157300000005,9.799758000000054],[24.642059000000074,9.799802000000057],[24.64265800000004,9.800018000000023],[24.642982000000075,9.800107000000025],[24.643272000000024,9.800092000000063],[24.643425000000036,9.799866000000065],[24.643565000000024,9.799578000000054],[24.64373400000005,9.799383000000034],[24.643948000000023,9.799184000000025],[24.644224000000065,9.799114000000031],[24.644596000000035,9.798996000000045],[24.644839000000047,9.798812000000055],[24.64491300000003,9.798635000000047],[24.644780000000026,9.798352000000023],[24.64451500000007,9.79811200000006],[24.644202000000064,9.797847000000047],[24.643985000000043,9.797611000000074],[24.644062000000076,9.797346000000061],[24.64431600000006,9.797203000000025],[24.644655000000057,9.797166000000061],[24.645031000000074,9.797310000000039],[24.645399000000054,9.797615000000064],[24.645451000000037,9.798035000000027],[24.645569000000023,9.798392000000035],[24.64575700000006,9.798654000000056],[24.64592200000004,9.798901000000058],[24.646184000000062,9.799000000000035],[24.64648900000003,9.798937000000024],[24.64672100000007,9.798613000000046],[24.646817000000055,9.798286000000076],[24.646810000000073,9.797888000000057],[24.64670700000005,9.797608000000025],[24.646471000000076,9.797479000000067],[24.64613600000007,9.797350000000051],[24.645860000000027,9.79714000000007],[24.64573100000007,9.796856000000048],[24.645745000000034,9.796507000000076],[24.645852000000048,9.79617200000007],[24.64608400000003,9.79594700000007],[24.646412000000055,9.795858000000067],[24.646762000000024,9.795851000000027],[24.646976000000052,9.795869000000039],[24.647403000000054,9.795984000000033],[24.647557000000063,9.796079000000077],[24.64773800000006,9.796208000000036],[24.647849000000065,9.796334000000058],[24.647849000000065,9.796470000000056],[24.647988000000055,9.796595000000025],[24.648364000000072,9.79673500000007],[24.648769000000073,9.79688200000004],[24.649122000000034,9.796969000000047],[24.64918700000004,9.79681800000003],[24.64916800000003,9.796393000000023],[24.649240000000077,9.796118000000035],[24.649554000000023,9.795908000000054],[24.649947000000054,9.795889000000045],[24.650457000000074,9.796078000000023],[24.650713000000053,9.796288000000061],[24.650916000000052,9.796452000000045],[24.651289000000077,9.796556000000066],[24.651617000000044,9.796373000000074],[24.65176100000008,9.796105000000068],[24.651924000000065,9.796203000000048],[24.652022000000045,9.79662200000007],[24.652036000000066,9.796982000000071],[24.652232000000026,9.797224000000028],[24.652520000000038,9.797584000000029],[24.652821000000074,9.798049000000049],[24.652926000000036,9.798455000000047],[24.653004000000067,9.798776000000032],[24.65316800000005,9.79903100000007],[24.653509000000042,9.799136000000033],[24.65384300000005,9.79903100000007],[24.65394100000003,9.798697000000061],[24.654052000000036,9.798370000000034],[24.65435300000007,9.798285000000021],[24.654772000000037,9.798154000000068],[24.654956000000027,9.797833000000026],[24.65496900000005,9.797473000000025],[24.65491000000003,9.797139000000072],[24.654956000000027,9.796936000000073],[24.655205000000024,9.797008000000062],[24.655460000000062,9.796969000000047],[24.65566300000006,9.796759000000065],[24.65584000000007,9.796340000000043],[24.655781000000047,9.796078000000023],[24.655454000000077,9.795882000000063],[24.655021000000033,9.795450000000073],[24.654833000000053,9.79519700000003],[24.654833000000053,9.794856000000038],[24.655017000000043,9.794655000000034],[24.655410000000074,9.794620000000066],[24.655741000000035,9.794682000000023],[24.655925000000025,9.794812000000036],[24.65612500000003,9.79476900000003],[24.656178000000068,9.794586000000038],[24.65598600000004,9.794280000000072],[24.656160000000057,9.79399200000006],[24.65641400000004,9.793791000000056],[24.656719000000066,9.793660000000045],[24.657025000000033,9.79375600000003],[24.657470000000046,9.794088000000045],[24.657854000000043,9.794463000000064],[24.658177000000023,9.794891000000064],[24.658308000000034,9.795127000000036],[24.65853500000003,9.79519700000003],[24.65892800000006,9.795048000000065],[24.65919800000006,9.794987000000049],[24.65940800000004,9.795162000000062],[24.659574000000077,9.795336000000077],[24.65978300000006,9.795424000000025],[24.66005400000006,9.795301000000052],[24.660290000000032,9.795118000000059],[24.66083100000003,9.795127000000036],[24.66120600000005,9.795415000000048],[24.66140500000006,9.79570700000005],[24.66144900000006,9.79603000000003],[24.66145800000004,9.79629200000005],[24.661624000000074,9.796528000000023],[24.66196400000007,9.796668000000068],[24.66234000000003,9.796772000000033],[24.66262800000004,9.797052000000065],[24.662802000000056,9.797514000000035],[24.662794000000076,9.798187000000041],[24.662794000000076,9.798571000000038],[24.662907000000075,9.798929000000044],[24.663125000000036,9.79918200000003],[24.66353600000008,9.79931300000004],[24.663920000000076,9.799278000000072],[24.664312000000052,9.799051000000077],[24.664409000000035,9.798641000000032],[24.664409000000035,9.798248000000058],[24.66418200000004,9.797881000000075],[24.66405100000003,9.797567000000072],[24.66415500000005,9.797226000000023],[24.664505000000077,9.797130000000038],[24.664915000000065,9.797244000000035],[24.665220000000033,9.797488000000044],[24.665474000000074,9.797645000000045],[24.665744000000075,9.797480000000064],[24.666120000000035,9.796982000000071],[24.666355000000067,9.796903000000043],[24.66674800000004,9.796938000000068],[24.66715000000005,9.796973000000037],[24.667298000000073,9.796746000000041],[24.667499000000078,9.79645800000003],[24.667805000000044,9.796415000000025],[24.668075000000044,9.796554000000071],[24.668311000000074,9.796877000000052],[24.668503000000044,9.797200000000032],[24.668477000000053,9.79754900000006],[24.66864300000003,9.798143000000039],[24.668940000000077,9.79840500000006],[24.669210000000078,9.798440000000028],[24.669594000000075,9.798387000000048],[24.669952000000023,9.798466000000076],[24.67016200000006,9.798911000000032],[24.670048000000065,9.799339000000032],[24.670057000000043,9.79968800000006],[24.670179000000076,9.799950000000024],[24.670476000000065,9.799906000000021],[24.670494000000076,9.799601000000052],[24.670567000000062,9.799290000000042],[24.670645000000036,9.799074000000076],[24.670835000000068,9.798936000000026],[24.671064000000058,9.798936000000026],[24.671339000000046,9.799100000000067],[24.671568000000036,9.799316000000033],[24.67175700000007,9.79946700000005],[24.67198600000006,9.799513000000047],[24.672327000000053,9.799473000000035],[24.672457000000065,9.799277000000075],[24.67234600000006,9.798910000000035],[24.672182000000078,9.798504000000037],[24.672124000000053,9.79825500000004],[24.672360000000026,9.797994000000074],[24.67270700000006,9.797987000000035],[24.673066000000063,9.798072000000047],[24.67354800000004,9.798328000000026],[24.67385500000006,9.798649000000069],[24.67393500000003,9.798978000000034],[24.673928000000046,9.799445000000048],[24.67373800000007,9.799825000000055],[24.67346100000003,9.800073000000054],[24.673380000000066,9.80030000000005],[24.673380000000066,9.800621000000035],[24.673577000000023,9.800811000000067],[24.67370900000003,9.801103000000069],[24.673432000000048,9.801417000000072],[24.673234000000036,9.801731000000075],[24.67335900000006,9.802008000000058],[24.67370200000005,9.802162000000067],[24.67425700000007,9.802111000000025],[24.67457100000007,9.801994000000036],[24.67484100000007,9.801950000000033],[24.674980000000062,9.802059000000042],[24.67495800000006,9.80219100000005],[24.674855000000036,9.802337000000023],[24.674724000000026,9.80247600000007],[24.67457100000007,9.802483000000052],[24.674337000000037,9.80243900000005],[24.67410300000006,9.802454000000068],[24.673797000000036,9.802541000000076],[24.67354800000004,9.802658000000065],[24.673526000000038,9.80288500000006],[24.673599000000024,9.803111000000058],[24.67382800000007,9.803246000000058],[24.674191000000064,9.803293000000053],[24.674505000000067,9.803337000000056],[24.67478200000005,9.80350500000003],[24.675023000000067,9.803659000000039],[24.675242000000026,9.803885000000037],[24.675410000000056,9.80392900000004],[24.67562900000007,9.803753000000029],[24.67573900000008,9.80339600000002],[24.675856000000067,9.803030000000035],[24.676082000000065,9.802936000000045],[24.67626400000006,9.803140000000042],[24.67665900000003,9.803301000000033],[24.67681200000004,9.803191000000027],[24.67694400000005,9.802804000000037],[24.676885000000027,9.80242400000003],[24.676776000000075,9.802096000000063],[24.676462000000072,9.801826000000062],[24.67629400000004,9.801490000000058],[24.676396000000068,9.801139000000035],[24.67652000000004,9.80094200000002],[24.676783000000057,9.80085500000007],[24.677192000000048,9.800964000000022],[24.677528000000052,9.801242000000059],[24.677805000000035,9.801482000000021],[24.67805400000003,9.801753000000076],[24.678170000000023,9.802132000000029],[24.67817800000006,9.802483000000052],[24.67806100000007,9.80299400000007],[24.677725000000066,9.803637000000037],[24.677455000000066,9.80406400000004],[24.677265000000034,9.804305000000056],[24.677133000000026,9.804487000000051],[24.676922000000047,9.804407000000026],[24.67666600000007,9.804166000000066],[24.676316000000043,9.80406400000004],[24.675921000000073,9.804071000000022],[24.675688000000036,9.80423200000007],[24.675483000000042,9.804524000000072],[24.675512000000026,9.804816000000073],[24.675681000000054,9.805115000000058],[24.675929000000053,9.805422000000021],[24.676235000000077,9.80553100000003],[24.676586000000043,9.805626000000075],[24.67692100000005,9.805649000000074],[24.67713100000003,9.80558700000006],[24.67725400000006,9.805378000000076],[24.67748800000004,9.805180000000064],[24.677759000000037,9.804996000000074],[24.678104000000076,9.804996000000074],[24.67856000000006,9.805341000000055],[24.678967000000057,9.80553800000007],[24.67925800000006,9.80562500000002],[24.67970900000006,9.805757000000028],[24.680090000000064,9.805702000000053],[24.68043700000004,9.80554200000006],[24.680755000000033,9.80521600000003],[24.681040000000053,9.80476600000003],[24.68103300000007,9.804474000000027],[24.68088700000004,9.804260000000056],[24.68079700000004,9.804079000000058],[24.680769000000055,9.80390600000004],[24.680894000000023,9.803545000000042],[24.681012000000067,9.803275000000042],[24.68120600000003,9.803102000000024],[24.681553000000065,9.803074000000038],[24.681886000000077,9.80312900000007],[24.68220400000007,9.803282000000024],[24.682503000000054,9.803608000000054],[24.682815000000062,9.803982000000076],[24.683085000000062,9.804447000000039],[24.683078000000023,9.804911000000061],[24.68284200000005,9.805154000000073],[24.682794000000058,9.805431000000056],[24.68302300000005,9.805660000000046],[24.683425000000057,9.805757000000028],[24.683868000000075,9.805819000000042],[24.68407600000006,9.805709000000036],[24.684222000000034,9.805487000000028],[24.684416000000056,9.805299000000048],[24.684645000000046,9.805202000000065],[24.68492200000003,9.80521600000003],[24.685006000000044,9.805473000000063],[24.685179000000062,9.805667000000028],[24.685456000000045,9.80572200000006],[24.685789000000057,9.805604000000073],[24.685969000000057,9.805293000000063],[24.686247000000037,9.805085000000076],[24.686509000000058,9.805091000000061],[24.686744000000033,9.80530600000003],[24.68710500000003,9.805549000000042],[24.687479000000053,9.805709000000036],[24.68770100000006,9.80581200000006],[24.687902000000065,9.80604100000005],[24.688055000000077,9.80641600000007],[24.688041000000055,9.806672000000049],[24.687909000000047,9.806943000000047],[24.68770100000006,9.80722000000003],[24.68747200000007,9.807407000000069],[24.687181000000066,9.807511000000034],[24.686924000000033,9.807539000000077],[24.686502000000075,9.80767700000007],[24.686169000000064,9.807851000000028],[24.68600900000007,9.808052000000032],[24.68597500000004,9.80831500000005],[24.686051000000077,9.808572000000026],[24.686169000000064,9.808766000000048],[24.686356000000046,9.808932000000027],[24.686654000000033,9.809078000000056],[24.68695900000006,9.80909900000006],[24.687257000000045,9.80909900000006],[24.687549000000047,9.809036000000049],[24.68777700000004,9.808856000000048],[24.687985000000026,9.80859300000003],[24.68818600000003,9.808357000000058],[24.688387000000034,9.808218000000068],[24.688609000000042,9.808246000000054],[24.688803000000064,9.808468000000062],[24.688942000000054,9.808835000000045],[24.68892100000005,9.809029000000066],[24.688837000000035,9.809217000000046],[24.688635000000033,9.809501000000068],[24.688560000000052,9.809709000000055],[24.68858700000004,9.809903000000077],[24.68880900000005,9.810062000000073],[24.689148000000046,9.81009000000006],[24.68946100000005,9.810049000000049],[24.689752000000055,9.809799000000055],[24.690050000000042,9.809577000000047],[24.69028600000007,9.809695000000033],[24.690424000000064,9.809861000000069],[24.690445000000068,9.81013900000005],[24.69063200000005,9.810277000000042],[24.691014000000052,9.81040900000005],[24.691374000000053,9.810402000000067],[24.69150600000006,9.810257000000036],[24.691561000000036,9.809979000000055],[24.691617000000065,9.809646000000043],[24.69176900000008,9.809341000000074],[24.691922000000034,9.809182000000021],[24.69217800000007,9.80914000000007],[24.692490000000078,9.809182000000021],[24.692698000000064,9.80944500000004],[24.692823000000033,9.809723000000076],[24.692795000000046,9.810166000000038],[24.692691000000025,9.810569000000044],[24.692671000000075,9.810770000000048],[24.692733000000032,9.81096400000007],[24.69298200000003,9.811033000000066],[24.693288000000052,9.81095700000003],[24.693530000000067,9.810756000000026],[24.69373100000007,9.810506000000032],[24.693898000000047,9.810366000000045],[24.694155000000023,9.81043900000003],[24.694446000000028,9.810576000000026],[24.694862000000057,9.810576000000026],[24.69524800000005,9.810636000000045],[24.69543200000004,9.810854000000063],[24.695441000000073,9.81101700000005],[24.695299000000034,9.811206000000027],[24.69514900000007,9.811386000000027],[24.695102000000077,9.811630000000036],[24.695175000000063,9.811832000000038],[24.695325000000025,9.811909000000071],[24.695629000000054,9.811883000000023],[24.695865000000026,9.811784000000046],[24.696075000000064,9.811510000000055],[24.69623400000006,9.811073000000022],[24.69645600000007,9.810914000000025],[24.696941000000038,9.81083300000006],[24.697318000000053,9.810837000000049],[24.697528000000034,9.811077000000068],[24.697588000000053,9.811472000000037],[24.69739100000004,9.811772000000076],[24.697005000000047,9.812046000000066],[24.696632000000022,9.812080000000037],[24.696315000000027,9.812084000000027],[24.69605800000005,9.812102000000039],[24.695899000000054,9.812294000000065],[24.695869000000073,9.812590000000057],[24.69615200000004,9.812955000000045],[24.696585000000027,9.813126000000068],[24.696890000000053,9.813192000000072],[24.697352000000024,9.813368000000025],[24.697648000000072,9.813608000000045],[24.697614000000044,9.813882000000035],[24.697425000000067,9.81410500000004],[24.69710800000007,9.814212000000055],[24.696825000000047,9.814170000000047],[24.696632000000022,9.814028000000064],[24.69660700000003,9.81382700000006],[24.696461000000056,9.813681000000031],[24.696139000000073,9.813720000000046],[24.69587400000006,9.813887000000022],[24.69581800000003,9.81416100000007],[24.69599400000004,9.814474000000075],[24.69609200000008,9.814667000000043],[24.696255000000065,9.814828000000034],[24.696499000000074,9.814995000000067],[24.696654000000024,9.815205000000049],[24.69668400000006,9.815363000000048],[24.69660700000003,9.815522000000044],[24.69647800000007,9.81574900000004],[24.696431000000075,9.816083000000049],[24.696495000000027,9.81647300000003],[24.696538000000032,9.816739000000041],[24.69647800000007,9.816863000000069],[24.69630200000006,9.817099000000042],[24.69605800000005,9.817288000000076],[24.695775000000026,9.817318000000057],[24.695475000000044,9.817202000000066],[24.695231000000035,9.817030000000045],[24.69500400000004,9.816812000000027],[24.69491400000004,9.816670000000045],[24.69489600000003,9.816542000000027],[24.69500800000003,9.816319000000021],[24.695081000000073,9.816040000000044],[24.69496900000007,9.815852000000064],[24.69473800000003,9.815848000000074],[24.694498000000067,9.81602300000003],[24.69442900000007,9.816225000000031],[24.694421000000034,9.81653300000005],[24.69436100000007,9.816838000000075],[24.694386000000065,9.817095000000052],[24.694545000000062,9.817433000000051],[24.694759000000033,9.817622000000028],[24.694995000000063,9.817781000000025],[24.69506400000006,9.817939000000024],[24.694999000000053,9.818239000000062],[24.694875000000025,9.818531000000064],[24.694858000000067,9.818736000000058],[24.694922000000076,9.818884000000025],[24.695089000000053,9.818996000000027],[24.695282000000077,9.819068000000073],[24.695471000000055,9.819051000000059],[24.695715000000064,9.81898700000005],[24.695912000000078,9.81883300000004],[24.69597200000004,9.818708000000072],[24.69590400000004,9.818503000000021],[24.695831000000055,9.818267000000048],[24.695835000000045,9.817997000000048],[24.69594200000006,9.817765000000065],[24.696174000000042,9.817663000000039],[24.696431000000075,9.817671000000075],[24.69660700000003,9.817765000000065],[24.696829000000037,9.817993000000058],[24.696958000000052,9.818194000000062],[24.69687200000004,9.818421000000058],[24.696564000000023,9.81865300000004],[24.696281000000056,9.81883700000003],[24.696195000000046,9.818948000000034],[24.696281000000056,9.81907300000006],[24.69650400000006,9.819304000000045],[24.696641000000056,9.81953100000004],[24.69668800000005,9.819690000000037],[24.696611000000075,9.819825000000037],[24.696495000000027,9.81990600000006],[24.696555000000046,9.820155000000057],[24.696581000000037,9.820519000000047],[24.69655700000004,9.820681000000036],[24.696448000000032,9.820955000000026],[24.696305000000052,9.82129800000007],[24.69620800000007,9.821532000000047],[24.696259000000055,9.821732000000054],[24.69651700000003,9.821960000000047],[24.696762000000035,9.822172000000023],[24.697029000000043,9.822355000000073],[24.697257000000036,9.822370000000035],[24.69756200000006,9.822271000000057],[24.69786700000003,9.822279000000037],[24.698072000000025,9.82250700000003],[24.698141000000078,9.82275100000004],[24.698110000000042,9.823003000000028],[24.69795000000005,9.823132000000044],[24.697699000000057,9.82320100000004],[24.697486000000026,9.823163000000022],[24.697242000000074,9.822988000000066],[24.696983000000046,9.822896000000071],[24.696632000000022,9.82295700000003],[24.696350000000052,9.823140000000024],[24.696266000000037,9.823391000000072],[24.69641900000005,9.823650000000043],[24.69668500000006,9.823810000000037],[24.697089000000062,9.82394800000003],[24.697501000000045,9.824062000000026],[24.69785900000005,9.824100000000044],[24.69830900000005,9.824085000000025],[24.69859800000006,9.823894000000053],[24.69887200000005,9.823765000000037],[24.699154000000078,9.823757000000057],[24.699509000000035,9.823714000000052],[24.69991200000004,9.823703000000023],[24.700225000000046,9.823765000000037],[24.700282000000072,9.82393600000006],[24.70021900000006,9.82430000000005],[24.70023100000003,9.824527000000046],[24.700413000000026,9.824738000000025],[24.700560000000053,9.824795000000051],[24.700845000000072,9.824795000000051],[24.701248000000078,9.824618000000044],[24.70147000000003,9.82434500000005],[24.701419000000044,9.82418000000007],[24.70141300000006,9.824055000000044],[24.70147600000007,9.823919000000046],[24.70155500000004,9.823905000000025],[24.70171300000004,9.823961000000054],[24.701990000000023,9.823995000000025],[24.702255000000036,9.824063000000024],[24.702463000000023,9.824059000000034],[24.702643000000023,9.823914000000059],[24.702668000000074,9.823743000000036],[24.702485000000024,9.823492000000044],[24.702455000000043,9.82327900000007],[24.702544000000046,9.823014000000057],[24.70264700000007,9.82288200000005],[24.702830000000063,9.822861000000046],[24.702971000000048,9.823023000000035],[24.703107000000045,9.823240000000055],[24.703231000000073,9.823390000000074],[24.70318800000007,9.823611000000028],[24.703107000000045,9.823876000000041],[24.703205000000025,9.824072000000058],[24.70337200000006,9.824119000000053],[24.70347300000003,9.824144000000047],[24.70353700000004,9.824059000000034],[24.70360100000005,9.823812000000032],[24.703733000000057,9.82344500000005],[24.70400600000005,9.823236000000065],[24.704218000000026,9.823255000000074],[24.704423000000077,9.823473000000035],[24.704593000000045,9.823686000000066],[24.70463600000005,9.82398900000004],[24.70448200000004,9.824291000000073],[24.704363000000058,9.824436000000048],[24.704404000000068,9.824686000000042],[24.704586000000063,9.824828000000025],[24.704654000000062,9.825016000000062],[24.704682000000048,9.825243000000057],[24.704774000000043,9.825550000000021],[24.704870000000028,9.825863000000027],[24.705058000000065,9.826130000000035],[24.70534200000003,9.826136000000076],[24.705632000000037,9.825976000000026],[24.705768000000035,9.82574900000003],[24.705910000000074,9.825396000000069],[24.70605800000004,9.82512900000006],[24.706428000000074,9.825044000000048],[24.706763000000024,9.825106000000062],[24.706968000000074,9.825277000000028],[24.70705300000003,9.825442000000066],[24.707048000000043,9.825686000000076],[24.70701900000006,9.826096000000064],[24.706837000000064,9.82631200000003],[24.70666700000004,9.82655600000004],[24.706718000000023,9.826909000000057],[24.70693600000004,9.82733200000007],[24.707073000000037,9.827771000000041],[24.707051000000035,9.82793300000003],[24.706889000000047,9.828108000000043],[24.706620000000044,9.82814200000007],[24.706156000000078,9.828086000000042],[24.70579300000003,9.828027000000077],[24.705733000000066,9.828138000000024],[24.70578400000005,9.828381000000036],[24.705861000000027,9.828624000000048],[24.705921000000046,9.828734000000054],[24.706228000000067,9.828752000000065],[24.706548000000055,9.82877700000006],[24.70681200000007,9.82877300000007],[24.70697400000006,9.82871700000004],[24.707051000000035,9.828679000000022],[24.707089000000053,9.828521000000023],[24.707235000000026,9.828372000000059],[24.70746500000007,9.828274000000022],[24.70771600000006,9.828274000000022],[24.70787800000005,9.828351000000055],[24.707959000000074,9.82849600000003],[24.707989000000055,9.828636000000074],[24.70802800000007,9.828781000000049],[24.70793800000007,9.828956000000062],[24.707712000000072,9.829114000000061],[24.707507000000078,9.829233000000045],[24.707332000000065,9.82936600000005],[24.70722200000006,9.829613000000052],[24.707298000000037,9.829792000000054],[24.707524000000035,9.829877000000067],[24.70771600000006,9.829796000000044],[24.707925000000046,9.829613000000052],[24.70803600000005,9.829451000000063],[24.708143000000064,9.82931000000002],[24.708296000000075,9.829161000000056],[24.70847100000003,9.829037000000028],[24.708654000000024,9.829003000000057],[24.70888400000007,9.829029000000048],[24.70907600000004,9.829165000000046],[24.709123000000034,9.82936600000005],[24.709132000000068,9.829540000000065],[24.709021000000064,9.829711000000032],[24.708912000000055,9.829920000000072],[24.708690000000047,9.830048000000033],[24.708430000000078,9.830061000000057],[24.708183000000076,9.830065000000047],[24.707948000000044,9.830129000000056],[24.70784100000003,9.830376000000058],[24.70784100000003,9.83065300000004],[24.70786300000003,9.830828000000054],[24.708008000000063,9.830973000000029],[24.70830200000006,9.831037000000038],[24.708439000000055,9.831152000000031],[24.70855400000005,9.831293000000073],[24.708622000000048,9.831506000000047],[24.708626000000038,9.831694000000027],[24.70856200000003,9.831911000000048],[24.708525000000066,9.832296000000042],[24.708566000000076,9.83269000000007],[24.708596000000057,9.833084000000042],[24.70883900000007,9.83320500000002],[24.709091000000058,9.833235000000059],[24.709213000000034,9.833549000000062],[24.709617000000037,9.833680000000072],[24.709893000000022,9.833556000000044],[24.710011000000065,9.833349000000055],[24.71010700000005,9.833192000000054],[24.710200000000043,9.833109000000036],[24.710293000000036,9.832971000000043],[24.71051300000005,9.832866000000024],[24.710874000000047,9.832738000000063],[24.71125500000005,9.832479000000035],[24.711671000000024,9.832303000000024],[24.712189000000023,9.832175000000063],[24.712429000000043,9.832210000000032],[24.712570000000028,9.83238300000005],[24.712566000000038,9.832658000000038],[24.71244500000006,9.832939000000067],[24.712221000000056,9.833131000000037],[24.71211500000004,9.833339000000024],[24.712157000000047,9.833476000000076],[24.71244800000005,9.83369700000003],[24.712797000000023,9.833831000000032],[24.713078000000053,9.833844000000056],[24.71346200000005,9.833790000000022],[24.71387500000003,9.83378300000004],[24.714063000000067,9.833817000000067],[24.714217000000076,9.833999000000063],[24.714217000000076,9.834181000000058],[24.714063000000067,9.834170000000029],[24.71392700000007,9.834204000000057],[24.71390400000007,9.834357000000068],[24.714109000000064,9.834476000000052],[24.714274000000046,9.834647000000075],[24.714342000000045,9.834823000000029],[24.714353000000074,9.834994000000052],[24.71456900000004,9.835255000000075],[24.714802000000077,9.835335000000043],[24.715092000000027,9.835335000000043],[24.715297000000078,9.835335000000043],[24.715630000000033,9.835270000000037],[24.715767000000028,9.835372000000064],[24.715948000000026,9.83558800000003],[24.716068000000064,9.835781000000054],[24.716136000000063,9.835952000000077],[24.716136000000063,9.83608300000003],[24.716000000000065,9.836185000000057],[24.71578900000003,9.836208000000056],[24.715670000000046,9.836293000000069],[24.715675000000033,9.836464000000035],[24.715607000000034,9.836697000000072],[24.715607000000034,9.836918000000026],[24.715573000000063,9.837123000000076],[24.71575000000007,9.837333000000058],[24.716011000000037,9.837504000000024],[24.716312000000073,9.837601000000063],[24.716688000000033,9.837669000000062],[24.717137000000037,9.837652000000048],[24.71741000000003,9.837589000000037],[24.71771700000005,9.837515000000053],[24.71814900000004,9.837464000000068],[24.718439000000046,9.837356000000057],[24.71893300000005,9.837277000000029],[24.71909800000003,9.837265000000059],[24.719534000000067,9.837224000000049],[24.720076000000063,9.837378000000058],[24.72061000000008,9.837488000000064],[24.72116600000004,9.837495000000047],[24.721510000000023,9.83725400000003],[24.721700000000055,9.836932000000047],[24.721664000000033,9.836566000000062],[24.72148100000004,9.836324000000047],[24.721286000000077,9.835995000000025],[24.721330000000023,9.835681000000022],[24.721689000000026,9.835622000000058],[24.72203200000007,9.83566600000006],[24.72264000000007,9.835746000000029],[24.72321800000003,9.835703000000024],[24.723335000000077,9.83534400000002],[24.72320300000007,9.834912000000031],[24.722815000000026,9.834583000000066],[24.72262500000005,9.83434200000005],[24.722735000000057,9.834159000000056],[24.72291800000005,9.834093000000053],[24.72321000000005,9.834151000000077],[24.724059000000068,9.834378000000072],[24.724491000000057,9.834385000000054],[24.72482700000006,9.834320000000048],[24.724945000000048,9.834063000000071],[24.724879000000044,9.83377100000007],[24.724491000000057,9.833522000000073],[24.72423500000008,9.833339000000024],[24.724167000000023,9.833183000000076],[24.724068000000045,9.832928000000038],[24.723969000000068,9.832681000000036],[24.723977000000048,9.832533000000069],[24.724146000000076,9.832508000000075],[24.724368000000027,9.832525000000032],[24.724587000000042,9.832620000000077],[24.724833000000046,9.832731000000024],[24.725097000000062,9.83282500000007],[24.725434000000064,9.832834000000048],[24.72566900000004,9.83270200000004],[24.72575500000005,9.832566000000043],[24.72570200000007,9.832430000000045],[24.725554000000045,9.832220000000063],[24.725418000000047,9.831994000000066],[24.725303000000054,9.831800000000044],[24.725360000000023,9.83164000000005],[24.725455000000068,9.831364000000065],[24.725658000000067,9.83126500000003],[24.725839000000065,9.83125700000005],[24.726015000000075,9.831187000000057],[24.726151000000073,9.831072000000063],[24.726217000000076,9.830870000000061],[24.72628700000007,9.83074300000004],[24.72645200000005,9.83070600000002],[24.72664100000003,9.83070600000002],[24.726859000000047,9.83079600000002],[24.72697000000005,9.830883000000028],[24.726983000000075,9.830998000000022],[24.72701600000005,9.831187000000057],[24.727197000000047,9.831368000000055],[24.72739000000007,9.831418000000042],[24.72762000000006,9.83134300000006],[24.727764000000036,9.831124000000045],[24.728110000000072,9.830655000000036],[24.728316000000063,9.83028100000007],[24.728386000000057,9.829976000000045],[24.728365000000053,9.82982000000004],[24.72820900000005,9.829746000000057],[24.727966000000038,9.829671000000076],[24.727810000000034,9.829593000000045],[24.727752000000066,9.829420000000027],[24.727731000000063,9.829034000000036],[24.727715000000046,9.82872100000003],[24.72767300000004,9.828536000000042],[24.727599000000055,9.828260000000057],[24.727516000000037,9.827918000000068],[24.727409000000023,9.827609000000052],[24.727409000000023,9.827391000000034],[24.727409000000023,9.827124000000026],[24.727434000000073,9.826881000000071],[24.727553000000057,9.82665000000003],[24.72766900000005,9.826478000000066],[24.727681000000075,9.826309000000037],[24.727689000000055,9.82608700000003],[24.727636000000075,9.825930000000028],[24.72749200000004,9.825728000000026],[24.727364000000023,9.825482000000022],[24.727253000000076,9.825383000000045],[24.727216000000055,9.825247000000047],[24.72727800000007,9.82511100000005],[24.727397000000053,9.824946000000068],[24.72757800000005,9.824922000000072],[24.727883000000077,9.825053000000025],[24.728068000000064,9.825099000000023],[24.72822400000007,9.82507400000003],[24.72838500000006,9.824967000000072],[24.72843800000004,9.824848000000031],[24.728446000000076,9.824716000000024],[24.72833600000007,9.82464200000004],[24.728089000000068,9.824547000000052],[24.727932000000067,9.824473000000069],[24.727833000000032,9.824354000000028],[24.727771000000075,9.824193000000037],[24.72770600000007,9.824037000000033],[24.72766500000006,9.823889000000065],[24.72766500000006,9.823658000000023],[24.727726000000075,9.823547000000076],[24.727842000000066,9.823485000000062],[24.728035000000034,9.823489000000052],[24.728241000000025,9.823568000000023],[24.72838100000007,9.82358400000004],[24.728496000000064,9.82353100000006],[24.728562000000068,9.823391000000072],[24.728537000000074,9.82320500000003],[24.72844200000003,9.823037000000056],[24.72834800000004,9.822893000000022],[24.728360000000066,9.822740000000067],[24.72847100000007,9.82255900000007],[24.728702000000055,9.822407000000055],[24.728949000000057,9.822358000000065],[24.72929000000005,9.822353000000021],[24.729512000000057,9.822403000000065],[24.729599000000064,9.822510000000023],[24.729599000000064,9.822650000000067],[24.72948400000007,9.822794000000044],[24.72949200000005,9.822963000000072],[24.729602000000057,9.823076000000071],[24.72982200000007,9.823098000000073],[24.73002400000007,9.823063000000047],[24.73029900000006,9.822952000000043],[24.730472000000077,9.822652000000062],[24.730666000000042,9.822211000000038],[24.730799000000047,9.822044000000062],[24.730848000000037,9.821840000000066],[24.730762000000027,9.821671000000038],[24.730583000000024,9.821566000000075],[24.730371000000048,9.821420000000046],[24.730255000000056,9.821233000000063],[24.730277000000058,9.821074000000067],[24.730480000000057,9.820975000000033],[24.73077100000006,9.820888000000025],[24.731056000000024,9.820794000000035],[24.731309000000067,9.820624000000066],[24.731457000000034,9.820449000000053],[24.73169900000005,9.820152000000064],[24.731666000000075,9.819905000000063],[24.731468000000064,9.819647000000032],[24.731287000000066,9.819455000000062],[24.731122000000028,9.819203000000073],[24.73115000000007,9.819000000000074],[24.731259000000023,9.81890100000004],[24.73155600000007,9.818797000000075],[24.731753000000026,9.818895000000055],[24.73181900000003,9.819044000000076],[24.73181900000003,9.819417000000044],[24.73181900000003,9.819686000000047],[24.731891000000076,9.81986100000006],[24.732061000000044,9.819982000000039],[24.732286000000045,9.820119000000034],[24.732615000000067,9.820141000000035],[24.73290000000003,9.820141000000035],[24.733153000000073,9.820106000000067],[24.733422000000076,9.819853000000023],[24.733663000000035,9.819463000000042],[24.73377800000003,9.81915600000002],[24.73398700000007,9.818854000000044],[24.734267000000045,9.81879900000007],[24.734541000000036,9.81888200000003],[24.73478300000005,9.818980000000067],[24.735024000000067,9.818980000000067],[24.735266000000024,9.818909000000076],[24.73547700000006,9.818701000000033],[24.73554800000005,9.818498000000034],[24.735707000000048,9.818344000000025],[24.735915000000034,9.818091000000038],[24.735948000000064,9.817844000000036],[24.735861000000057,9.817691000000025],[24.735723000000064,9.817515000000071],[24.73558600000007,9.817394000000036],[24.73558600000007,9.817131000000074],[24.735696000000075,9.817082000000028],[24.73603600000007,9.817076000000043],[24.736212000000023,9.817060000000026],[24.736311000000057,9.816890000000058],[24.73630000000003,9.816610000000026],[24.73620100000005,9.816440000000057],[24.73617900000005,9.81624800000003],[24.73617900000005,9.816039000000046],[24.73628300000007,9.815803000000074],[24.736263000000065,9.815568000000042],[24.736159000000043,9.815328000000022],[24.73623800000007,9.815053000000034],[24.736605000000054,9.814894000000038],[24.73697800000008,9.814906000000065],[24.737418000000048,9.814772000000062],[24.737809000000027,9.814576000000045],[24.738334000000066,9.814130000000034],[24.73863300000005,9.81383100000005],[24.738896000000068,9.813360000000046],[24.738908000000038,9.812963000000025],[24.738945000000058,9.812407000000064],[24.739043000000038,9.811991000000035],[24.739275000000077,9.811820000000068],[24.73958700000003,9.811411000000021],[24.739776000000063,9.811173000000053],[24.73998400000005,9.811044000000038],[24.740222000000074,9.810763000000065],[24.740454000000057,9.810601000000077],[24.740635000000054,9.810486000000026],[24.740869000000032,9.81011200000006],[24.741139000000032,9.809823000000051],[24.741438000000073,9.809594000000061],[24.741842000000076,9.809374000000048],[24.742125000000044,9.809292000000028],[24.742431000000067,9.809139000000073],[24.74269000000004,9.809166000000062],[24.742943000000025,9.809225000000026],[24.74331200000006,9.809485000000052],[24.743651000000057,9.809824000000049],[24.74379700000003,9.810103000000026],[24.74374400000005,9.810522000000049],[24.74365800000004,9.81085500000006],[24.743791000000044,9.811101000000065],[24.74409600000007,9.811353000000054],[24.744555000000048,9.811453000000029],[24.744848000000047,9.811446000000046],[24.74512100000004,9.811273000000028],[24.745280000000037,9.810901000000058],[24.74538700000005,9.81049500000006],[24.74537300000003,9.81006300000007],[24.74527400000005,9.809757000000047],[24.745127000000025,9.80965800000007],[24.744748000000072,9.809511000000043],[24.744376000000045,9.809498000000076],[24.744136000000026,9.80939200000006],[24.743937000000074,9.809172000000046],[24.74389700000006,9.808900000000051],[24.74398300000007,9.808428000000049],[24.74420900000007,9.80818800000003],[24.744542000000024,9.808115000000043],[24.745021000000065,9.808195000000069],[24.745533000000023,9.808348000000024],[24.745799000000034,9.808534000000066],[24.746045000000038,9.808826000000067],[24.74621700000006,9.808860000000038],[24.746357000000046,9.808840000000032],[24.746417000000065,9.80863400000004],[24.74637000000007,9.808361000000048],[24.74625700000007,9.808002000000045],[24.746191000000067,9.807623000000035],[24.746211000000073,9.80737700000003],[24.74636400000003,9.80709100000007],[24.746650000000045,9.806925000000035],[24.74703500000004,9.80693800000006],[24.747261000000037,9.807184000000063],[24.74742800000007,9.80757600000004],[24.747720000000072,9.808334000000059],[24.74799900000005,9.809132000000034],[24.74829900000003,9.809558000000038],[24.748731000000078,9.809771000000069],[24.749137000000076,9.80979700000006],[24.749328000000048,9.809740000000033],[24.749457000000064,9.80955300000005],[24.74932700000005,9.809187000000065],[24.74921500000005,9.808840000000032],[24.749296000000072,9.808709000000022],[24.749525000000062,9.808666000000073],[24.74973600000004,9.80879600000003],[24.749953000000062,9.809094000000073],[24.750158000000056,9.80933600000003],[24.750325000000032,9.809540000000027],[24.750585000000058,9.809615000000065],[24.750714000000073,9.809640000000059],[24.750938000000076,9.809509000000048],[24.751378000000045,9.809137000000021],[24.751899000000037,9.80878400000006],[24.75245700000005,9.808263000000068],[24.752717000000075,9.808009000000027],[24.753126000000066,9.807624000000033],[24.753412000000026,9.807457000000056],[24.75349200000005,9.80744500000003],[24.75380800000005,9.807476000000065],[24.754013000000043,9.807612000000063],[24.754267000000027,9.807755000000043],[24.754522000000065,9.807953000000055],[24.75474500000007,9.808145000000025],[24.75493700000004,9.80817600000006],[24.755111000000056,9.808096000000035],[24.755315000000053,9.80787900000007],[24.75561300000004,9.807693000000029],[24.755886000000032,9.807569000000058],[24.756140000000073,9.807438000000047],[24.756338000000028,9.807494000000077],[24.75652400000007,9.807637000000057],[24.756754000000058,9.807860000000062],[24.756834000000026,9.808046000000047],[24.75682500000005,9.808277000000032],[24.75664800000004,9.808543000000043],[24.75655000000006,9.808844000000022],[24.756763000000035,9.809022000000027],[24.757029000000045,9.809101000000055],[24.757366000000047,9.809057000000053],[24.757623000000024,9.808827000000065],[24.75780000000003,9.808587000000045],[24.758066000000042,9.808525000000031],[24.75828800000005,9.808685000000025],[24.75853600000005,9.80896000000007],[24.758891000000062,9.809199000000035],[24.759201000000076,9.809509000000048],[24.759396000000038,9.809350000000052],[24.759431000000063,9.808951000000036],[24.759423000000027,9.808428000000049],[24.759431000000063,9.807860000000062],[24.759671000000026,9.807461000000046],[24.760008000000028,9.807408000000066],[24.760362000000043,9.807479000000058],[24.760797000000025,9.807506000000046],[24.76108000000005,9.807390000000055],[24.76141700000005,9.807160000000067],[24.76190500000007,9.806796000000077],[24.762118000000044,9.806592000000023],[24.762233000000037,9.806238000000064],[24.762038000000075,9.805848000000026],[24.76188700000006,9.805555000000027],[24.761745000000076,9.805059000000028],[24.761488000000043,9.804536000000041],[24.761213000000055,9.804048000000023],[24.761089000000027,9.803707000000031],[24.760983000000067,9.803148000000022],[24.76085000000006,9.802652000000023],[24.76083200000005,9.802377000000035],[24.76095600000008,9.802182000000073],[24.761267000000032,9.802173000000039],[24.761701000000073,9.80234100000007],[24.761994000000072,9.802607000000023],[24.76222400000006,9.802802000000042],[24.76239300000003,9.802900000000022],[24.76258800000005,9.802856000000077],[24.76288900000003,9.802607000000023],[24.76318200000003,9.802262000000042],[24.763483000000065,9.802164000000062],[24.763829000000044,9.802075000000059],[24.76429900000005,9.801934000000074],[24.764733000000035,9.801871000000062],[24.76511400000004,9.801871000000062],[24.765434000000027,9.801907000000028],[24.765815000000032,9.801676000000043],[24.766178000000025,9.801357000000053],[24.766560000000027,9.80104700000004],[24.766861000000063,9.800692000000026],[24.766959000000043,9.800320000000056],[24.767011000000025,9.799930000000074],[24.76703100000003,9.799715000000049],[24.767333000000065,9.799529000000064],[24.767802000000074,9.799308000000053],[24.768113000000028,9.799175000000048],[24.768521000000078,9.799068000000034],[24.76896400000004,9.799077000000068],[24.769327000000033,9.799050000000022],[24.769513000000074,9.799006000000077],[24.769443000000024,9.798696000000064],[24.76918500000005,9.798448000000064],[24.768875000000037,9.798111000000063],[24.76865300000003,9.797933000000057],[24.768582000000038,9.797623000000044],[24.768627000000038,9.79741000000007],[24.768973000000074,9.797233000000062],[24.769292000000064,9.797180000000026],[24.76957600000003,9.797082000000046],[24.769563000000062,9.796745000000044],[24.769404000000065,9.796539000000053],[24.76907200000005,9.796512000000064],[24.768666000000053,9.796579000000065],[24.768347000000063,9.79643900000002],[24.768094000000076,9.796200000000056],[24.76824000000005,9.795974000000058],[24.768593000000067,9.795768000000066],[24.76888500000007,9.795581000000027],[24.76929800000005,9.795475000000067],[24.76961700000004,9.795475000000067],[24.769929000000047,9.795615000000055],[24.770189000000073,9.795721000000071],[24.770441000000062,9.795728000000054],[24.770628000000045,9.795655000000068],[24.77066700000006,9.79542900000007],[24.770794000000024,9.795083000000034],[24.77105300000005,9.795016000000032],[24.77127900000005,9.795229000000063],[24.77145900000005,9.795655000000068],[24.771645000000035,9.796040000000062],[24.77171100000004,9.796326000000022],[24.771632000000068,9.796552000000077],[24.771645000000035,9.796852000000058],[24.771771000000058,9.79693100000003],[24.772017000000062,9.796812000000045],[24.77239600000007,9.796619000000021],[24.772955000000024,9.796579000000065],[24.773586000000023,9.796732000000077],[24.77397200000007,9.796991000000048],[24.774358000000063,9.797250000000076],[24.774757000000022,9.797317000000021],[24.77505000000008,9.797276000000068],[24.775345000000073,9.797075000000063],[24.775653000000034,9.797016000000042],[24.775866000000065,9.797028000000068],[24.776114000000064,9.797075000000063],[24.776445000000024,9.79694500000005],[24.77653900000007,9.796697000000052],[24.77676400000007,9.796437000000026],[24.777000000000044,9.79640100000006],[24.77724900000004,9.796555000000069],[24.777532000000065,9.796862000000033],[24.777698000000044,9.797229000000073],[24.778005000000064,9.797477000000072],[24.77844300000004,9.797453000000075],[24.77876200000003,9.797323000000063],[24.77906900000005,9.797075000000063],[24.77930500000008,9.796862000000033],[24.779589000000044,9.79662600000006],[24.77983800000004,9.796212000000025],[24.78007400000007,9.79594000000003],[24.780346000000065,9.79608200000007],[24.780677000000026,9.79640100000006],[24.78133500000007,9.796815000000038],[24.78172500000005,9.797229000000073],[24.78205600000007,9.797382000000027],[24.78229300000004,9.797359000000029],[24.782565000000034,9.797134000000028],[24.782966000000044,9.796898000000056],[24.783427000000074,9.796886000000029],[24.783806000000027,9.797087000000033],[24.784219000000064,9.797146000000055],[24.78478700000005,9.797075000000063],[24.785271000000023,9.796815000000038],[24.785721000000024,9.796590000000037],[24.786205000000052,9.796578000000068],[24.786666000000025,9.796744000000047],[24.786903000000052,9.797075000000063],[24.786903000000052,9.797524000000067],[24.787104000000056,9.797772000000066],[24.78732800000006,9.797749000000067],[24.787588000000028,9.797536000000036],[24.787896000000046,9.797181000000023],[24.788156000000072,9.796803000000068],[24.78849800000006,9.796567000000039],[24.788936000000035,9.796543000000042],[24.789574000000073,9.796449000000052],[24.789858000000038,9.796271000000047],[24.789858000000038,9.795869000000039],[24.78968100000003,9.795526000000052],[24.789657000000034,9.795290000000023],[24.789775000000077,9.795113000000072],[24.790000000000077,9.79505400000005],[24.790331000000037,9.79505400000005],[24.790638000000058,9.795337000000075],[24.79102800000004,9.795574000000045],[24.791265000000067,9.795491000000027],[24.79134700000003,9.79514800000004],[24.791217000000074,9.794841000000076],[24.791123000000027,9.794427000000042],[24.791194000000075,9.794013000000064],[24.79146600000007,9.793588000000057],[24.79182000000003,9.79324500000007],[24.79229300000003,9.793233000000043],[24.793002000000058,9.793304000000035],[24.793641000000036,9.793552000000034],[24.79392000000007,9.79360500000007],[24.79424700000004,9.793636000000049],[24.794526000000076,9.79360500000007],[24.794632814435875,9.79351403544826],[24.793832078000094,9.792980217000036],[24.79002495300017,9.792028342000037],[24.787169578000032,9.789173092000055],[24.786693703000026,9.785365841999976],[24.784314203000122,9.78108284199999],[24.78145895299997,9.777275717],[24.775272328000142,9.773944467000092],[24.76956157800015,9.774896217000162],[24.76765807800001,9.773468592000086],[24.762423203000026,9.76347484200005],[24.75814020300004,9.765378467000119],[24.751477702999978,9.769185592000099],[24.73862857800009,9.769185592000099],[24.737200953000183,9.76728196700003],[24.740056328000094,9.762998967000044],[24.741959828000063,9.757288217000053],[24.73244195300009,9.750625717000162],[24.72577957800013,9.750625717000162],[24.720068828000137,9.744439217000092],[24.719592953000074,9.740632092000112],[24.722448327999984,9.736348967000026],[24.722924203000048,9.733017717000052],[24.72482770300013,9.729686467000136],[24.728158953000104,9.730162341999971],[24.734345578000102,9.72825884200006],[24.738152703000083,9.718740967000087],[24.739580453000087,9.712078467000026],[24.741008078000164,9.696374092000156],[24.740056328000094,9.685904467000114],[24.740056328000094,9.666392842000164],[24.741483953,9.662585717000184],[24.74433932800008,9.65497146700011],[24.741008078000164,9.651640217000136],[24.735297328000172,9.641646467000157],[24.735297328000172,9.639742842000146],[24.73482145300011,9.63736346700017],[24.734345578000102,9.633080342000085],[24.73244195300009,9.626893842000129],[24.73482145300011,9.618803592000063],[24.739104453000152,9.61499646700014],[24.743387578000068,9.60928584200002],[24.746718828000155,9.603099217000022],[24.748622328000067,9.593105467000044],[24.749574078000137,9.590250092000133],[24.753381328000046,9.583111717],[24.753381328000046,9.576925092000181],[24.751477702999978,9.567883216999974],[24.75195357800004,9.563600092000058],[24.754808953000122,9.55741359200016],[24.754808953000122,9.55360634200008],[24.75290532800011,9.542184967000026],[24.75290532800011,9.535046592000072],[24.753381328000046,9.528859967000074],[24.754333078000116,9.51934221700003],[24.750525953000135,9.51172784199997],[24.750525953000135,9.503161842],[24.74624282800005,9.493168091000086],[24.739104453000152,9.482222591000038],[24.731966078000028,9.47698771600011],[24.72482770300013,9.47222884100006],[24.710075078000102,9.462235091000082],[24.702936703000034,9.457476216000032],[24.694370578000132,9.451289591000034],[24.68485282800009,9.444627091000143],[24.675334953000117,9.435585091],[24.670100078000132,9.430350341000178],[24.66534120300014,9.42844671600011],[24.662485828000058,9.423211966000054],[24.656299203,9.416549466000049],[24.64678145300013,9.410362841000165],[24.63773945300005,9.406079841000178],[24.629173453000078,9.400369091000186],[24.621083203000182,9.39608609100003],[24.61061357800014,9.388947716000132],[24.601095703,9.381809341],[24.596336828000176,9.37657446600008],[24.59728857800002,9.369911966000188],[24.596336828000176,9.37086384100013],[24.600143953000156,9.360870091000152],[24.602523453,9.354683466000154],[24.609185953000065,9.346117341000024],[24.616800203000025,9.339930841000125],[24.626318078000168,9.327081716000066],[24.625842203000104,9.320895091000182],[24.62060732800012,9.309949591000134],[24.61442070300012,9.296624591000011],[24.61061357800014,9.289962091000177],[24.604902953000078,9.276637091000055],[24.601095703,9.267595216000018],[24.595385078000106,9.25474609100013],[24.59015020300012,9.249035341000138],[24.588722578000045,9.244276466000088],[24.58729482800004,9.240469341000164],[24.583011828000053,9.228571966000118],[24.583011828000053,9.223337216000061],[24.578728828000067,9.21381934100009],[24.572542203000012,9.201922091000029],[24.565403828000115,9.184789966000096],[24.565403828000115,9.177175716000022],[24.56397620300004,9.167181965999987],[24.56159670300019,9.153856966000092],[24.55778957800004,9.136248966000153],[24.554458328000067,9.125303466000105],[24.54922345300014,9.112454341000046],[24.54731995300017,9.106267716000161],[24.548747578000075,9.100081091000163],[24.54827170300007,9.100081091000163],[24.54827170300007,9.094846341000107],[24.54731995300017,9.089135591000115],[24.544940453000095,9.072955216000082],[24.545416328000158,9.069623966000165],[24.543036953000183,9.062961591000033],[24.545416328000158,9.052491841000062],[24.54731995300017,9.044401716000095],[24.55017532800008,9.040118716000109],[24.551602952999986,9.034407966000117],[24.557313702999977,9.020607091000159],[24.55778957800004,9.015372341000102],[24.56397620300004,9.000619590999975],[24.562548453000034,8.993005341000071],[24.5644520780001,8.988246466000021],[24.569210953000095,8.978252716000043],[24.573969953000017,8.966831341000159],[24.57730120300016,8.953982216000043],[24.579680578000136,8.934470591000093],[24.579204703000073,8.924000966000108],[24.53256732799997,8.853568966000012],[24.52685657799998,8.84500284100011],[24.520194078000088,8.840719841000123],[24.512579828000185,8.837388591000035],[24.491164703000095,8.829774341000075],[24.48973695300009,8.828822591],[24.478791453000042,8.825491341000088],[24.425967453000112,8.806931466000037],[24.418829078000044,8.802172591000158],[24.39503445300005,8.794558341000084],[24.383613078000167,8.789799466000034],[24.3755228280001,8.782660966000037],[24.347445203000177,8.753631591000044],[24.291289953000103,8.69747634100014],[24.281871759000126,8.687857767000082],[24.24655607800014,8.651790716000107],[24.244176578000065,8.647983466000028],[24.24312224300013,8.647640200000069],[24.24093884300015,8.646597592000091],[24.23734361400011,8.645758819000093],[24.23557590752416,8.64534641021623],[24.236500000000035,8.64663900000005]]]}}]}
