{"type":"FeatureCollection","features":[{"type":"Feature","properties":{"place":"korean-dmz","region":"area/korean-dmz","donors":"KR;KP","rank":2,"whose_line":"the 1953 Korean Armistice Military Demarcation Line and the DMZ limits as drawn by the US Department of State","publisher":"US Department of State, Office of the Geographer and Global Issues (World Polygons, high-resolution layer DoS_WP_11_4)","source_url":"https://data.geodata.state.gov/WorldPolygons.zip","version_or_date":"World Polygons 11.4 BETA, 2025-02-24; read 2026-10-04","feature_id":"DoS_WP_11_4 fid 82; 83","licence":"US government work, not subject to US copyright (17 U.S.C. § 105)","notes":"Union of DoS 'DMZ - North Korea' and 'DMZ - South Korea' (LSIB labels 'Military Demarcation Line', 'DMZ'). Natural Earth's two halves were about 2.5 times as wide.","input_sha256":"55fab422ef09e35eb48d68141b9ece0ace86d4276dfe332a04dfd401c0bfc80c","operation":"union of the 2 source features","crs":"WGS84 longitude/latitude, as in the source (no reprojection)","source_features":[{"id":"DoS_WP_11_4 fid 82","WP_Name":"DMZ - North Korea","WP_ID":"0348e3f6-ecc6-4dca-82e9-a63b18d98eaf","Map_Label":null,"NOTES":null,"US_Recog":null,"Show_Disp":null,"GENC_3":"QX2"},{"id":"DoS_WP_11_4 fid 83","WP_Name":"DMZ - South Korea","WP_ID":"edbe0b66-7351-4e9b-a14a-e37a7bed9f18","Map_Label":null,"NOTES":null,"US_Recog":null,"Show_Disp":null,"GENC_3":"QX2"}]},"geometry":{"type":"Polygon","coordinates":[[[128.3583296577419,38.616774179445756],[128.35836630000006,38.61635640000003],[128.35860160000004,38.615679200000045],[128.35863060000008,38.615554200000076],[128.35867470000005,38.614982300000065],[128.3587036,38.61485730000004],[128.35894740000003,38.61436960000003],[128.3591643000001,38.61409560000004],[128.3593873000001,38.61384700000008],[128.35965750000003,38.61330860000004],[128.3597009,38.613190400000065],[128.35980930000005,38.61265190000006],[128.3600192,38.61202640000005],[128.36010350000004,38.611800800000026],[128.3603184000001,38.611351600000035],[128.36037770000007,38.611266500000056],[128.36051290000012,38.61113220000004],[128.36070180000002,38.61091700000003],[128.36075800000003,38.610824800000046],[128.36079080000002,38.610696000000075],[128.36082970000007,38.610411500000055],[128.36086280000006,38.61028290000007],[128.36091900000008,38.61019090000008],[128.36110800000006,38.60997560000004],[128.36124070000005,38.609838800000034],[128.36129710000012,38.60974700000003],[128.3613408000001,38.60954820000006],[128.3613686000001,38.609333400000025],[128.3613997000001,38.60920290000007],[128.36164330000008,38.60871110000005],[128.36185940000007,38.60843640000007],[128.36208180000006,38.608187100000066],[128.36210990000006,38.60813820000004],[128.3623738000001,38.60758980000003],[128.36240470000007,38.60745900000006],[128.36246260000007,38.60711260000005],[128.3625188000001,38.60700710000003],[128.36261190000005,38.60694630000006],[128.3628880000001,38.606837400000074],[128.36316020000004,38.606570600000055],[128.36369890000003,38.60576180000004],[128.3637268000001,38.605712700000026],[128.36421030000008,38.60472360000006],[128.36441460000003,38.60425420000007],[128.36462790000007,38.60380340000006],[128.36468590000004,38.603717000000074],[128.36494470000002,38.60343650000004],[128.36519580000004,38.60321540000007],[128.3660066000001,38.60267770000007],[128.36616990000005,38.602635200000066],[128.36628940000003,38.602643700000044],[128.36639680000008,38.602681500000074],[128.36654810000005,38.60279730000008],[128.36665660000006,38.602835500000026],[128.36677780000002,38.60284450000006],[128.36689390000004,38.60282500000005],[128.36698180000008,38.602774400000044],[128.36718530000007,38.602573300000074],[128.36723740000002,38.60248580000007],[128.36725850000005,38.60237010000003],[128.36723540000003,38.60219410000008],[128.36718230000008,38.60210680000006],[128.3669516000001,38.60185690000003],[128.36679700000002,38.601735000000076],[128.36656770000002,38.601487500000076],[128.36651530000006,38.601401500000065],[128.36649320000004,38.601287600000035],[128.3664993000001,38.60116840000006],[128.36653510000008,38.60106150000007],[128.3667587000001,38.60062780000004],[128.3669781000001,38.60035190000008],[128.36720130000003,38.60010200000005],[128.3672295,38.60005300000006],[128.36784593981787,38.59916542681522],[128.36820580000006,38.59867310000004],[128.36795451518918,38.598518975235834],[128.36742060000006,38.59819150000004],[128.36624900000004,38.59756050000004],[128.36596250000002,38.59741630000008],[128.36503990000006,38.596975300000054],[128.364189,38.59660850000006],[128.3633191,38.59627020000005],[128.36308740000004,38.596184900000026],[128.3621432000001,38.595857100000046],[128.36118110000007,38.59556300000003],[128.3605688,38.59539580000006],[128.3602988,38.595325400000036],[128.35957480000002,38.595147000000054],[128.35884380000005,38.59498750000006],[128.3583704,38.59489730000007],[128.35816750000004,38.59453560000003],[128.3577242,38.59383070000007],[128.35724230000005,38.593141600000024],[128.35672250000005,38.59246970000004],[128.35616590000006,38.59181620000004],[128.3555735000001,38.59118240000004],[128.35494640000002,38.59056940000005],[128.35449920000008,38.59016370000006],[128.35442220000004,38.590096000000074],[128.35385830000007,38.58961720000008],[128.3532728,38.589154800000074],[128.35266620000004,38.58870940000003],[128.3520396,38.58828140000003],[128.35125840000012,38.58778950000004],[128.3504507,38.58732480000003],[128.34961780000003,38.58688820000003],[128.3487616000001,38.58648050000005],[128.34811420000005,38.586198000000024],[128.34745550000002,38.585932100000036],[128.3473623000001,38.585895900000025],[128.34621570000002,38.58548160000004],[128.3450418000001,38.585117300000036],[128.34409340000002,38.584864700000026],[128.34313190000012,38.584644800000035],[128.34215910000012,38.58445800000004],[128.34117690000005,38.584304700000075],[128.34108220000007,38.58429170000005],[128.34097900000006,38.58427780000005],[128.3405471000001,38.58422690000003],[128.3403723,38.58412640000006],[128.33953960000008,38.583689700000036],[128.33868330000007,38.583282000000054],[128.33834520000005,38.58313180000005],[128.33820520000006,38.58307090000005],[128.3374060000001,38.58273880000007],[128.3371955,38.582659500000034],[128.33718910000005,38.58259670000007],[128.33698270000002,38.58147400000007],[128.33677740000007,38.58070260000005],[128.33679610000002,38.58062640000003],[128.33686720000003,38.580290700000035],[128.3372127,38.57855960000006],[128.33737410000003,38.57757390000006],[128.3374659000001,38.576582700000074],[128.3375694,38.57478160000005],[128.33759270000007,38.57396580000005],[128.33756490000007,38.57308390000003],[128.3374821000001,38.57220410000008],[128.33727360000012,38.570542200000034],[128.33717070000012,38.56985690000005],[128.33703450000007,38.569175200000075],[128.3368534000001,38.56845580000004],[128.33663510000008,38.56774270000005],[128.33604560000003,38.56597580000005],[128.3357509000001,38.565169500000025],[128.33540870000002,38.564374900000075],[128.33515190000003,38.56385410000007],[128.3351643000001,38.56329980000004],[128.3351639000001,38.56209340000004],[128.3352192000001,38.56085290000004],[128.33523330000003,38.56021780000003],[128.3352265000001,38.55978440000007],[128.33513560000006,38.55684650000006],[128.33515390000002,38.55629870000007],[128.3351550000001,38.55626650000005],[128.33516610000004,38.555909900000074],[128.33519790000003,38.555679600000076],[128.3352628,38.55522210000004],[128.33536890000005,38.554223500000035],[128.33540410000012,38.553221800000074],[128.3353902,38.55260030000005],[128.33534910000003,38.55197950000007],[128.3352807000001,38.551360300000056],[128.3351851000001,38.550743200000056],[128.33508100000006,38.55015530000003],[128.33495030000006,38.549505200000056],[128.33477160000007,38.548794300000054],[128.33475240000007,38.548731400000065],[128.33477590000007,38.54741900000005],[128.3347781000001,38.547161800000026],[128.3347775000001,38.54515380000004],[128.33476280000002,38.54451250000005],[128.33471900000006,38.54387200000008],[128.33454540000002,38.54196710000008],[128.33446620000007,38.54128240000006],[128.33422370000005,38.53955140000005],[128.33412980000003,38.538969000000066],[128.33401190000006,38.53838920000004],[128.33394370000008,38.53811550000006],[128.33416840000007,38.536740500000064],[128.33430310000006,38.535933700000044],[128.33438840000008,38.53534920000004],[128.33444930000007,38.534762700000044],[128.33448580000004,38.53417510000003],[128.3344978,38.53358680000008],[128.33448910000004,38.53309360000003],[128.3344661000001,38.53243980000008],[128.33454560000007,38.53218160000006],[128.33466980000003,38.531755400000065],[128.33494650000011,38.530750400000045],[128.3351172,38.53006640000007],[128.33526920000008,38.52928950000006],[128.33537790000003,38.52850810000007],[128.33543880000002,38.52777590000005],[128.33564620000004,38.52728500000006],[128.33589570000004,38.52665630000007],[128.33611580000002,38.52602100000007],[128.33630620000008,38.52537970000003],[128.3364666000001,38.52473340000006],[128.33661860000007,38.523956500000054],[128.33672720000004,38.52317510000006],[128.33679240000004,38.522390700000074],[128.33681400000012,38.521604800000034],[128.33681380000007,38.52077380000003],[128.3367939000001,38.52002790000006],[128.33673470000008,38.51928330000004],[128.3366363,38.51854130000004],[128.33649890000004,38.51780320000006],[128.33626620000007,38.516711100000066],[128.3362538,38.516650500000026],[128.3362499000001,38.51657600000004],[128.33621900000003,38.51527720000007],[128.33618350000006,38.513819100000035],[128.33613350000007,38.512926900000025],[128.33602740000003,38.51203780000003],[128.33574980000003,38.51020280000006],[128.3355607000001,38.509196200000076],[128.33536530000003,38.508425300000056],[128.33512730000007,38.50766180000005],[128.33484710000005,38.506907100000035],[128.3345253000001,38.50616280000003],[128.33432430000005,38.50574530000006],[128.3336319000001,38.504359400000055],[128.33334560000003,38.503812700000026],[128.33303650000005,38.50327360000006],[128.3327051000001,38.50274280000008],[128.33235170000012,38.50222080000003],[128.33169350000003,38.50128590000003],[128.3314848000001,38.500995800000055],[128.33110080000006,38.500492500000064],[128.33069610000007,38.49999920000005],[128.32951890000004,38.498614400000065],[128.32881450000002,38.49783170000006],[128.3275314000001,38.496483400000045],[128.32749080000008,38.49619310000003],[128.32733840000003,38.49541620000008],[128.32717880000007,38.49477420000005],[128.3270540000001,38.49431550000003],[128.32694500000002,38.49353410000003],[128.3267926000001,38.49275720000003],[128.32659720000004,38.491986300000065],[128.32635930000004,38.49122280000006],[128.3260792000001,38.490468100000044],[128.3257512,38.48971420000004],[128.3257218000001,38.48954240000006],[128.3256593000001,38.489235800000074],[128.3257244,38.48915150000005],[128.3264031000001,38.48815630000007],[128.32700120000004,38.48712960000006],[128.32712790000005,38.486892700000055],[128.32753900000012,38.486068000000046],[128.32777700000008,38.48552700000005],[128.3279930000001,38.48498040000004],[128.3281869000001,38.48442870000008],[128.3283583000001,38.48387240000005],[128.3284403,38.48358650000006],[128.32865420000007,38.48274840000005],[128.32880610000007,38.48197140000008],[128.32891470000004,38.481190000000026],[128.32897990000004,38.48040560000004],[128.32900150000012,38.47961970000006],[128.32897660000003,38.47878590000005],[128.32890280000004,38.477953900000045],[128.3288828000001,38.47778510000006],[128.32877660000008,38.47705170000006],[128.3286323000001,38.47632240000007],[128.328437,38.47555140000003],[128.32819900000004,38.474787900000024],[128.32791900000007,38.47403330000003],[128.32759740000006,38.47328900000008],[128.32719530000008,38.47248200000007],[128.3267443000001,38.471691200000066],[128.32655110000007,38.47137320000007],[128.3261486,38.47074260000005],[128.32571500000006,38.47012490000003],[128.32503830000007,38.469261000000074],[128.32430090000003,38.46842840000005],[128.32389310000008,38.467994600000054],[128.3230152000001,38.46711870000007],[128.32235580000008,38.46652780000005],[128.32166430000007,38.465960100000075],[128.32094200000006,38.465416600000026],[128.3201901000001,38.46489840000004],[128.31944280000005,38.464426100000026],[128.31929810000008,38.46433850000005],[128.31908470000008,38.463748200000055],[128.31867490000002,38.462409200000025],[128.31830760000003,38.46118210000003],[128.318079,38.46048200000007],[128.3178150000001,38.459789700000044],[128.31736920000003,38.45870060000004],[128.31717560000004,38.45771030000003],[128.3171394000001,38.45739020000008],[128.3171258000001,38.45727380000005],[128.31705950000003,38.45672760000008],[128.31695480000008,38.45601440000007],[128.31681400000002,38.455305200000055],[128.31661870000005,38.45453420000007],[128.31638080000005,38.453770700000064],[128.31610090000004,38.45301610000007],[128.31577930000003,38.45227180000006],[128.3153324000001,38.45138110000005],[128.31482590000007,38.45051040000004],[128.31475010000008,38.450388900000064],[128.31439430000012,38.44984160000007],[128.31401490000007,38.44930420000003],[128.3135076000001,38.448646300000064],[128.3134133000001,38.44852970000005],[128.3129977000001,38.44803410000003],[128.31256150000002,38.44754940000007],[128.31210520000002,38.44707640000007],[128.31162940000002,38.44661540000004],[128.31097020000004,38.44602450000008],[128.31027890000007,38.44545670000008],[128.30955670000003,38.44491320000003],[128.30949640000006,38.44487170000008],[128.3091776000001,38.44290230000007],[128.3090483000001,38.44221100000004],[128.3085245000001,38.43974360000004],[128.30848820000006,38.439577600000064],[128.3083855000001,38.43915020000003],[128.3080712000001,38.437923900000044],[128.30783760000008,38.43711020000006],[128.30755640000007,38.43630580000007],[128.30649630000005,38.43352720000007],[128.3060795,38.43253910000004],[128.30568860000005,38.43175280000003],[128.30524050000008,38.43091020000003],[128.30494770000007,38.43038320000005],[128.3046336000001,38.42986390000004],[128.30429870000012,38.42935280000006],[128.30394320000005,38.42885030000008],[128.3036436000001,38.42845410000007],[128.30301270000007,38.42764360000007],[128.30255390000002,38.427078100000074],[128.30206870000006,38.426526300000035],[128.3015577000001,38.42598920000006],[128.3010216,38.42546740000006],[128.30049180000003,38.42498830000005],[128.29994080000006,38.42452410000004],[128.29936940000005,38.42407550000007],[128.29877820000002,38.42364310000005],[128.2982965000001,38.42330290000007],[128.2977164,38.422906900000044],[128.29672300000004,38.42228730000005],[128.2956875000001,38.42171200000007],[128.29520270000012,38.42145810000005],[128.2945880000001,38.421147200000064],[128.29396090000012,38.42085190000006],[128.29294690000006,38.420417900000075],[128.29221600000005,38.42012360000007],[128.29167610000002,38.41991320000005],[128.2908758000001,38.41961150000003],[128.29011830000002,38.419339200000024],[128.28934880000008,38.419088800000054],[128.28855250000004,38.41884290000007],[128.28801470000008,38.418682800000056],[128.28761780000002,38.418578600000046],[128.28757880000012,38.41852810000006],[128.28702350000003,38.41787460000006],[128.2864326,38.417240700000036],[128.2858070000001,38.41662780000007],[128.28534450000006,38.416207600000064],[128.28514330000007,38.41603040000007],[128.28458430000012,38.41555560000006],[128.2840040000001,38.41509690000004],[128.28340320000007,38.41465490000007],[128.28278260000002,38.414230100000054],[128.2825683000001,38.41409720000007],[128.28207610000004,38.413730300000054],[128.28138090000004,38.41325240000003],[128.28121160000012,38.41313870000005],[128.28082830000005,38.412820400000044],[128.2801065000001,38.41227690000005],[128.27935520000005,38.411758700000064],[128.2782433000001,38.411069800000064],[128.27707940000005,38.41043610000003],[128.27664590000006,38.41021540000003],[128.2759244,38.409781000000066],[128.27512890000003,38.40935360000003],[128.2749282000001,38.40923630000003],[128.27434920000007,38.40886240000003],[128.27354350000007,38.40839760000006],[128.27271270000006,38.40796100000006],[128.2718586000001,38.407553300000075],[128.27098260000002,38.40717530000006],[128.2700866,38.406827700000065],[128.26936550000005,38.406580000000076],[128.26895120000006,38.40620380000007],[128.2685272000001,38.405835300000035],[128.26853270000004,38.40561270000006],[128.2685106,38.40482680000008],[128.26844500000004,38.40404240000004],[128.2683360000001,38.40326100000004],[128.2681838000001,38.40248410000004],[128.26801210000008,38.40179690000008],[128.26780650000012,38.40111540000004],[128.26774520000004,38.40092850000008],[128.26744250000002,38.40008990000007],[128.26708870000004,38.39926370000006],[128.2669175000001,38.398927600000036],[128.26672430000008,38.39853690000007],[128.26655100000005,38.39819730000005],[128.26633730000003,38.39781380000005],[128.2661514,38.39747620000003],[128.2657094000001,38.39677130000007],[128.26522880000005,38.39608220000008],[128.2647104,38.39541020000007],[128.26415530000008,38.39475670000007],[128.2637204,38.394290100000035],[128.26326380000012,38.39362230000006],[128.26274550000005,38.392950400000075],[128.2621904,38.392296800000054],[128.26159960000007,38.39166300000005],[128.26097430000004,38.391050000000064],[128.26046470000006,38.39058840000007],[128.2599355000001,38.39014060000005],[128.25969180000004,38.38994130000003],[128.25882230000002,38.38926710000004],[128.25790840000002,38.388630300000045],[128.25717730000008,38.38816740000004],[128.25643430000002,38.387734400000056],[128.2556667,38.387249000000054],[128.25486120000005,38.38678420000008],[128.25403070000004,38.38634760000008],[128.25317680000012,38.38593990000004],[128.25230110000007,38.38556180000006],[128.2514053000001,38.385214200000064],[128.2504911000001,38.38489770000007],[128.2495603000001,38.384612900000036],[128.2486146000001,38.38436020000006],[128.24809470000002,38.38424100000003],[128.2479777000001,38.38405430000006],[128.24749710000003,38.38336520000007],[128.2471237000001,38.38287460000004],[128.24673080000002,38.382393500000035],[128.24650170000007,38.382123500000034],[128.2463011000001,38.38171890000007],[128.2458987000001,38.380999400000064],[128.24545680000006,38.38029450000005],[128.24497630000008,38.37960530000004],[128.2445034000001,38.378989700000034],[128.24439270000005,38.378851800000064],[128.24382400000002,38.37817770000004],[128.24321750000001,38.37752440000003],[128.2429820000001,38.37728240000007],[128.2427815000001,38.37707320000004],[128.24204170000007,38.376341600000046],[128.24186570000006,38.37617860000006],[128.24157430000002,38.37591180000004],[128.24095330000011,38.375366100000065],[128.24030460000006,38.37484070000005],[128.23962930000005,38.37433650000003],[128.2389286,38.37385440000003],[128.23850390000007,38.37358440000003],[128.2384760000001,38.373384600000065],[128.23832390000007,38.37260770000006],[128.23812880000003,38.371836700000074],[128.23789120000004,38.37107320000007],[128.23761160000004,38.37031850000005],[128.2372904,38.369574200000045],[128.23692830000005,38.36884160000005],[128.23652600000003,38.36812220000007],[128.23608410000008,38.367417200000034],[128.23560370000007,38.366728100000046],[128.23508550000008,38.36605620000006],[128.2346040000001,38.365489000000025],[128.2345067000001,38.365304500000036],[128.23393850000002,38.36431310000006],[128.23329550000005,38.36335490000005],[128.23290960000008,38.362679900000046],[128.23248840000008,38.36201360000007],[128.23203260000003,38.361361600000066],[128.23151450000012,38.36068970000008],[128.23095960000012,38.36003610000006],[128.23036910000008,38.359402300000056],[128.22974410000006,38.35878930000007],[128.22908570000004,38.35819840000005],[128.22839520000002,38.35763060000005],[128.2276739,38.35708720000008],[128.2269232000001,38.35656890000007],[128.22614450000003,38.35607700000003],[128.22533940000005,38.355612300000075],[128.22450920000006,38.35517560000005],[128.2236557000001,38.35476790000007],[128.22278040000003,38.35438990000006],[128.22188500000004,38.35404230000006],[128.2209712,38.35372570000004],[128.2200408000001,38.35344090000007],[128.21909540000001,38.353188300000056],[128.21813700000007,38.35296830000004],[128.21716730000003,38.35278150000005],[128.21618820000003,38.35262820000003],[128.21546520000004,38.35253720000003],[128.214739,38.35246450000005],[128.2140101000001,38.35241010000004],[128.21327940000003,38.35237410000008],[128.21113320000006,38.35229540000006],[128.2100683000001,38.35227580000003],[128.2091604000001,38.35229000000004],[128.20825380000008,38.35233260000007],[128.2073501000001,38.35240340000007],[128.20645070000012,38.35250240000005],[128.2062141,38.35253220000004],[128.2058584,38.35257930000006],[128.20490410000002,38.35272880000008],[128.204698,38.352460800000074],[128.2044244000001,38.35211390000006],[128.20317090000003,38.350563900000054],[128.20275720000006,38.35007040000005],[128.20232320000002,38.34958780000005],[128.2018693000001,38.34911680000005],[128.20139600000005,38.34865770000005],[128.2007377000001,38.34806670000006],[128.20004730000005,38.34749900000003],[128.1993261,38.346955500000035],[128.19857550000006,38.34643730000005],[128.19779700000004,38.34594530000004],[128.19699190000006,38.34548060000003],[128.1961619000001,38.345043900000064],[128.19530840000004,38.344636200000025],[128.19443330000001,38.34425820000007],[128.1935380000001,38.34391060000007],[128.19262430000003,38.343594100000075],[128.1916940000001,38.34330920000008],[128.19074880000005,38.34305660000007],[128.18979050000007,38.34283670000008],[128.18882100000008,38.342649900000026],[128.18784200000005,38.34249650000004],[128.1868555000001,38.342377000000056],[128.18586330000005,38.34229140000008],[128.18486730000006,38.34224000000006],[128.18386940000005,38.342222900000024],[128.18287150000003,38.34224000000006],[128.18221890000007,38.34227370000008],[128.1821212000001,38.342120400000056],[128.18168570000012,38.34149860000008],[128.18166330000008,38.34146810000004],[128.18105910000008,38.34064790000008],[128.1809382,38.34048590000003],[128.18019060000006,38.33949510000008],[128.17979470000012,38.338991400000054],[128.17962020000004,38.338433200000054],[128.1793431000001,38.33768740000005],[128.17902550000008,38.33695170000004],[128.17867120000005,38.33623350000005],[128.17827810000006,38.335527900000045],[128.1781446000001,38.33530140000005],[128.17769540000006,38.33458200000007],[128.17720600000007,38.33387910000005],[128.17674950000003,38.33328340000003],[128.17626410000003,38.33270200000004],[128.17575060000001,38.332135900000026],[128.1752097000001,38.33158580000003],[128.17487890000007,38.33126240000007],[128.17458750000003,38.33098330000007],[128.1740056000001,38.330458200000066],[128.17339830000003,38.32995120000004],[128.17276660000005,38.329463100000055],[128.17211140000006,38.328994600000044],[128.17174640000007,38.32874360000005],[128.17140270000004,38.32851190000008],[128.1706243000001,38.32801990000007],[128.16981940000005,38.32755520000006],[128.16898960000003,38.32711850000004],[128.1681364000001,38.32671080000006],[128.16726140000003,38.326332800000046],[128.16636640000002,38.32598520000005],[128.1654529000001,38.32566860000003],[128.16452290000007,38.325383800000054],[128.1639728,38.32523240000006],[128.16384330000005,38.32519810000008],[128.16303030000006,38.32499660000008],[128.16220840000005,38.32481910000007],[128.16137860000003,38.32466580000005],[128.1605422,38.324536900000055],[128.1592154000001,38.32438410000003],[128.15787960000011,38.32429280000008],[128.15769610000007,38.32428450000003],[128.15763070000003,38.32428300000004],[128.15736200000003,38.324050500000055],[128.15667340000005,38.32348010000004],[128.15605930000004,38.322993100000076],[128.15547770000012,38.32254800000004],[128.15487660000008,38.322119400000076],[128.15406900000005,38.32156400000008],[128.15372450000007,38.32133170000003],[128.15352930000006,38.321204100000045],[128.1528406000001,38.320759200000055],[128.15173210000012,38.32008650000006],[128.1505734000001,38.31946860000005],[128.1499027000001,38.319133900000054],[128.1490990000001,38.318750900000055],[128.1479670000001,38.318269100000066],[128.14733720000004,38.31801880000006],[128.14706060000003,38.31791070000003],[128.1466792000001,38.31776410000003],[128.1455890000001,38.317372800000044],[128.14447440000004,38.31702700000005],[128.14432440000007,38.316984400000024],[128.14384840000002,38.31685090000008],[128.14297670000008,38.31662190000003],[128.14209400000004,38.31642060000007],[128.1416915000001,38.31633560000006],[128.1407230000001,38.31614900000005],[128.13974510000003,38.31599580000005],[128.13849920000007,38.31585050000007],[128.13800400000002,38.31580370000006],[128.13705990000005,38.31573000000003],[128.1361127,38.315687300000036],[128.13556260000007,38.315671500000064],[128.1351840000001,38.315666100000044],[128.13434010000003,38.31548340000006],[128.13330210000004,38.31527930000004],[128.13225310000007,38.315113600000075],[128.13186240000005,38.315062100000034],[128.13114510000003,38.31497250000007],[128.1303971000001,38.31488900000005],[128.1296459,38.314825100000064],[128.12914,38.314788700000065],[128.12830600000007,38.31474070000007],[128.1274704000001,38.31471680000004],[128.1268841000001,38.31470850000005],[128.12621250000007,38.314697100000046],[128.12571930000001,38.31469290000007],[128.12533200000007,38.31469550000003],[128.12454000000002,38.31470610000008],[128.12366530000008,38.31473090000003],[128.12307800000008,38.314756500000044],[128.12241490000008,38.314793000000066],[128.1217732,38.31483570000006],[128.1203726000001,38.31496320000008],[128.11939410000002,38.31507650000003],[128.1187480000001,38.31515870000004],[128.11781170000006,38.31530470000007],[128.11755010000002,38.31534990000006],[128.1158335,38.31411620000006],[128.11485040000002,38.313385700000026],[128.11422200000004,38.31287230000004],[128.1141467000001,38.31280790000005],[128.11319850000007,38.31183100000004],[128.11103530000003,38.30960350000004],[128.1104034000001,38.308981800000026],[128.10863730000005,38.30732070000005],[128.10814240000002,38.30687100000006],[128.1076369000001,38.30644090000004],[128.10652670000002,38.30552670000003],[128.1059984000001,38.305105800000035],[128.10489370000005,38.30425390000005],[128.10425610000004,38.30378070000006],[128.10359590000007,38.30332710000005],[128.1035402000001,38.30329040000004],[128.1029066000001,38.30287430000004],[128.10230650000005,38.30249340000006],[128.1016903000001,38.302128700000026],[128.1010010000001,38.30173480000008],[128.10006160000012,38.30122570000003],[128.09921770000005,38.30079230000007],[128.09863570000005,38.30050310000007],[128.09779240000012,38.30009800000005],[128.09732010000005,38.299877200000026],[128.09691370000007,38.29969660000006],[128.09585990000005,38.29923960000008],[128.09503300000006,38.29889820000005],[128.0941891000001,38.29858360000003],[128.09259010000005,38.29801870000006],[128.09188170000004,38.29777960000007],[128.08975550000002,38.29709520000006],[128.08969780000007,38.29707670000005],[128.08779120000008,38.29646770000005],[128.08752210000011,38.296383400000025],[128.08564230000002,38.295804600000054],[128.08514050000008,38.295655500000066],[128.0850031000001,38.29561640000003],[128.0831233,38.295088100000044],[128.08287410000003,38.295019300000035],[128.0808509000001,38.29447120000003],[128.08011900000008,38.29428370000005],[128.07937950000007,38.29411580000004],[128.0773511000001,38.29368400000004],[128.07725130000006,38.29366300000004],[128.0750230000001,38.29319710000004],[128.0746326000001,38.293118400000026],[128.07235960000003,38.29267680000004],[128.07231500000012,38.29266820000004],[128.07000080000012,38.29222240000007],[128.06880360000002,38.29198400000007],[128.0675976000001,38.29177100000004],[128.06625180000003,38.291570500000034],[128.0662129000001,38.291563600000075],[128.0659829000001,38.29151760000008],[128.06527110000002,38.29134680000004],[128.06455210000001,38.29119860000003],[128.06382750000012,38.29106890000003],[128.06309780000004,38.29095790000008],[128.0619497,38.29082200000005],[128.06170410000004,38.29079790000003],[128.06058840000003,38.29068220000005],[128.05967700000008,38.290575500000045],[128.05883990000007,38.290437000000054],[128.05715080000004,38.29011600000007],[128.0569901,38.290085900000065],[128.05499140000006,38.28971800000005],[128.05376030000002,38.28951930000005],[128.0525381000001,38.28937620000005],[128.05165820000002,38.28929230000006],[128.0507976,38.28922320000004],[128.04993420000005,38.289179800000056],[128.0490734000001,38.28914940000004],[128.04804940000008,38.289131300000065],[128.0469974,38.28915040000004],[128.04644480000002,38.289170400000046],[128.04536480000002,38.289229800000044],[128.04468340000005,38.28928010000004],[128.0438134000001,38.28935760000007],[128.04304160000004,38.28943810000004],[128.04207340000005,38.28955590000004],[128.04196390000004,38.289571300000034],[128.04086160000008,38.289728800000034],[128.04013800000007,38.28984170000007],[128.03941940000004,38.28997300000003],[128.03771340000003,38.29030750000004],[128.03675090000002,38.290513900000064],[128.0355691000001,38.29078930000003],[128.03423300000009,38.29113620000004],[128.03390780000007,38.29123160000006],[128.0325835000001,38.29162940000003],[128.0315670000001,38.291957000000025],[128.03065490000006,38.29228390000003],[128.03046100000006,38.292303900000036],[128.02966070000002,38.29242060000007],[128.0283694000001,38.292639500000064],[128.02709620000007,38.29291680000006],[128.02656710000008,38.29304510000003],[128.02598390000003,38.29313650000006],[128.02501500000005,38.293323300000054],[128.02405740000006,38.29354330000007],[128.02311280000004,38.29379590000008],[128.0222496,38.29405910000003],[128.02140070000007,38.294349700000055],[128.02056730000004,38.29466710000003],[128.01975100000004,38.29501080000006],[128.01954110000008,38.29510350000004],[128.0192909000001,38.29521560000006],[128.01843810000003,38.29562340000007],[128.01760860000002,38.29606000000007],[128.01680410000006,38.29652470000008],[128.0160261000001,38.29701670000003],[128.01527600000009,38.29753490000007],[128.01524230000007,38.29756030000004],[128.01475500000004,38.29756240000006],[128.01397110000005,38.297576400000025],[128.01272600000004,38.29761540000004],[128.01150800000005,38.29767930000003],[128.01029610000012,38.29779430000008],[128.00881170000002,38.29796690000006],[128.0072262000001,38.29796600000003],[128.00627580000003,38.29798130000006],[128.00474540000005,38.29803100000004],[128.00350760000003,38.29809770000003],[128.00248910000005,38.29819660000004],[128.0022752000001,38.298145000000034],[128.0021802000001,38.298123400000065],[128.00101180000001,38.297884700000054],[127.99982910000006,38.29769490000007],[127.9996298000001,38.29767080000005],[127.99915920000001,38.29754490000005],[127.99820150000005,38.29732500000006],[127.99723260000007,38.29713820000006],[127.99625420000007,38.29698490000004],[127.99495300000001,38.29683430000006],[127.99364300000002,38.29674300000005],[127.99345380000011,38.29673420000006],[127.99209480000002,38.29670230000005],[127.99109750000002,38.29671950000005],[127.99010210000006,38.29677090000007],[127.98911060000012,38.296856400000024],[127.98812470000007,38.29697600000003],[127.9872749000001,38.29710710000006],[127.98643200000004,38.297263600000065],[127.98559720000003,38.29744510000006],[127.98477180000009,38.29765130000004],[127.98456050000004,38.297707600000024],[127.98406370000009,38.29784500000005],[127.98313400000006,38.29812980000003],[127.98222150000004,38.298451200000045],[127.98186910000004,38.29849890000003],[127.98089080000011,38.29865220000005],[127.97992180000006,38.298839000000044],[127.9789641000001,38.29905900000006],[127.97801950000007,38.29931160000007],[127.97708970000008,38.29959640000004],[127.97617660000003,38.29991300000006],[127.97528190000003,38.30026060000006],[127.97440720000009,38.30063860000007],[127.97412650000001,38.30077280000006],[127.97384790000001,38.30065440000004],[127.97371450000003,38.30060160000005],[127.97250720000011,38.300157900000045],[127.97126910000009,38.29977040000006],[127.97032450000006,38.29951780000005],[127.9693668000001,38.299297900000056],[127.96839780000005,38.29911110000006],[127.96741940000004,38.298957700000074],[127.9670245000001,38.29890980000005],[127.96689930000002,38.298864700000024],[127.96622190000005,38.298640800000044],[127.96553580000011,38.298434100000065],[127.96465950000004,38.298198600000035],[127.96377180000002,38.29799120000007],[127.9628742000001,38.29781220000007],[127.96196810000004,38.297662100000025],[127.96177490000002,38.29763330000003],[127.96149290000005,38.29759260000003],[127.960507,38.29747310000005],[127.9595154000001,38.29738750000007],[127.95852000000002,38.29733610000005],[127.95752270000003,38.29731900000007],[127.95626620000007,38.29734620000005],[127.95593550000001,38.297360500000025],[127.95519000000002,38.29740250000003],[127.9544466000001,38.29746370000004],[127.9541071000001,38.29749600000008],[127.95288230000006,38.29763930000007],[127.95224100000007,38.29773800000004],[127.95173380000006,38.29774670000006],[127.95073840000009,38.29779810000008],[127.94974680000007,38.29788370000006],[127.94876090000002,38.29800320000004],[127.94736670000009,38.298232400000074],[127.9472181000001,38.29826070000007],[127.94632480000007,38.29844570000006],[127.94621130000007,38.29847110000003],[127.9454257000001,38.298659300000054],[127.94479150000006,38.29882960000003],[127.94464810000011,38.29886510000006],[127.94375820000005,38.29906100000005],[127.94274030000008,38.29933170000004],[127.94229320000011,38.29946410000008],[127.94179500000007,38.299616300000025],[127.94103530000007,38.29986080000003],[127.94028720000006,38.30012670000008],[127.94000030000007,38.30023360000007],[127.93996900000002,38.30024530000003],[127.93993510000007,38.30025770000003],[127.93925690000003,38.30050250000005],[127.93837790000009,38.30074040000005],[127.93817270000011,38.300793800000065],[127.93777890000001,38.300883200000044],[127.93772250000006,38.30089830000003],[127.93762970000012,38.30093640000007],[127.93676870000002,38.30113310000007],[127.93582400000003,38.301385700000026],[127.93489430000011,38.30167060000008],[127.9339811000001,38.301987100000076],[127.9330864000001,38.302334700000074],[127.93221170000004,38.30271270000003],[127.93111710000005,38.30324340000004],[127.9306931000001,38.30346220000007],[127.92958390000001,38.30407210000004],[127.9289907000001,38.30444120000004],[127.92881660000012,38.30444520000003],[127.92825490000007,38.30447090000007],[127.92692770000008,38.30456220000008],[127.9256094000001,38.30471430000006],[127.9246965000001,38.304856200000074],[127.92379160000007,38.30502730000006],[127.92289630000005,38.30522730000007],[127.92201210000007,38.30545580000006],[127.92144000000008,38.305613900000026],[127.92118720000008,38.30568500000004],[127.9200992000001,38.30602200000004],[127.9195949000001,38.30620220000003],[127.91949980000004,38.306211000000076],[127.9187386000001,38.30629150000004],[127.91661380000005,38.30654490000006],[127.91469900000004,38.30672000000004],[127.91300290000004,38.30686470000006],[127.9127840000001,38.30688420000007],[127.91257900000005,38.306903300000045],[127.91234600000007,38.30690400000003],[127.9113698000001,38.30692320000003],[127.91039550000005,38.30697530000003],[127.90942490000009,38.30706010000006],[127.9084597000001,38.30717750000008],[127.90778840000007,38.30727890000003],[127.90715000000012,38.30738320000006],[127.90575680000006,38.30764680000004],[127.90438720000009,38.307978700000035],[127.90403760000004,38.308073000000036],[127.90378930000008,38.30813570000004],[127.90310850000003,38.308284300000025],[127.90267590000008,38.30838240000003],[127.90163810000001,38.30862630000007],[127.90035570000009,38.30896050000007],[127.89964630000009,38.30917450000004],[127.89894620000007,38.30940700000008],[127.89836190000005,38.30961000000008],[127.8975660000001,38.30966650000005],[127.89628800000003,38.30981480000003],[127.89576850000003,38.309894900000074],[127.89551460000007,38.309600500000045],[127.89535390000003,38.309424500000034],[127.89495180000006,38.308993300000054],[127.8948157000001,38.30885360000008],[127.89446850000002,38.308514400000035],[127.89436120000005,38.308401600000025],[127.89412290000007,38.30810790000004],[127.89345700000001,38.30735310000006],[127.89274310000008,38.306626100000074],[127.89253550000001,38.306425500000046],[127.89232730000003,38.30622720000008],[127.89174860000003,38.305704700000035],[127.89114490000009,38.30520020000006],[127.89051690000008,38.30471440000008],[127.88986580000005,38.304247900000064],[127.88948470000003,38.303985400000045],[127.88912730000004,38.303744100000074],[127.88845580000009,38.30331700000005],[127.88811170000008,38.30310650000007],[127.8872391000001,38.302598200000034],[127.8863368000001,38.30212320000004],[127.88584920000005,38.301879400000075],[127.88503020000007,38.30148860000003],[127.88424340000006,38.301146800000026],[127.88358210000001,38.30087270000007],[127.88295590000007,38.30062280000004],[127.8820816000001,38.300287000000026],[127.88121500000011,38.29997160000005],[127.88046960000008,38.29971510000007],[127.8799130000001,38.299537300000054],[127.87916240000004,38.29923560000003],[127.87837640000009,38.29893660000005],[127.87760460000004,38.29865670000004],[127.87708530000009,38.298478800000055],[127.87598430000003,38.298039000000074],[127.87485300000003,38.29765370000007],[127.8740772000001,38.29740870000006],[127.87339220000001,38.297202500000026],[127.87307610000005,38.297117600000036],[127.8723576000001,38.296838500000035],[127.87144450000005,38.29652190000007],[127.87051480000002,38.29623710000004],[127.87031380000008,38.296183100000064],[127.87011860000007,38.29608590000004],[127.8693148000001,38.29573710000005],[127.86849380000001,38.29541390000003],[127.86824060000004,38.29531910000003],[127.8672567000001,38.29497320000007],[127.86625330000004,38.29466420000006],[127.86498490000008,38.29433320000004],[127.86369420000005,38.29406110000008],[127.86354760000006,38.29403380000008],[127.86225710000008,38.293824200000074],[127.86129740000001,38.29370730000005],[127.8603323000001,38.29362270000007],[127.85936350000009,38.293570500000044],[127.85839270000008,38.293550700000026],[127.85828000000004,38.29355030000005],[127.85817450000002,38.29355010000006],[127.85717720000002,38.29356720000004],[127.85618190000002,38.29361860000006],[127.85519030000012,38.293704200000036],[127.85420450000004,38.293823700000075],[127.85368530000005,38.29390700000005],[127.85335680000003,38.29375150000004],[127.85312380000005,38.29364250000003],[127.85301110000012,38.29358590000004],[127.85289980000005,38.29353580000003],[127.85264040000004,38.29339210000006],[127.85202770000001,38.29305070000004],[127.85197200000005,38.29302300000006],[127.85156510000002,38.29280540000008],[127.85129590000008,38.292655300000035],[127.85106460000009,38.29253790000007],[127.85011430000009,38.29208100000005],[127.84923980000008,38.291702900000075],[127.84834510000007,38.29135530000008],[127.8474321000001,38.291038800000024],[127.84650250000004,38.29075400000005],[127.84567590000006,38.29053090000008],[127.84483900000009,38.29033290000007],[127.84463320000009,38.290287500000034],[127.8442248,38.29020600000007],[127.84396720000007,38.29009840000003],[127.84383460000004,38.29003850000004],[127.84318740000003,38.289731000000074],[127.84240780000005,38.28939210000004],[127.84224900000004,38.28932620000006],[127.84155730000009,38.28905100000003],[127.84085410000012,38.28879430000006],[127.84014040000011,38.28855660000005],[127.8394168000001,38.28833810000003],[127.83867370000007,38.288136300000076],[127.8379222000001,38.28795470000006],[127.83716330000004,38.287793700000066],[127.8363978000001,38.28765320000008],[127.83627070000011,38.28763170000008],[127.83544050000012,38.28750390000005],[127.83445470000004,38.28738430000004],[127.83346330000006,38.287298700000065],[127.83305580000001,38.28728240000004],[127.83300070000007,38.287274800000034],[127.8319977000001,38.28705020000007],[127.83160540000006,38.28697040000003],[127.83073460000003,38.28680730000008],[127.82985630000007,38.28667130000008],[127.82892350000009,38.28655730000003],[127.82850070000006,38.28651960000008],[127.8280870000001,38.286431900000025],[127.82710650000001,38.28624220000006],[127.82611640000005,38.28608680000008],[127.82513070000005,38.28596720000007],[127.8241392000001,38.28588160000004],[127.82314400000007,38.28583020000008],[127.8221469,38.28581310000004],[127.82114980000006,38.28583020000008],[127.82015450000006,38.28588160000004],[127.81916310000008,38.28596720000007],[127.81817730000012,38.28608680000008],[127.81719910000004,38.28624010000004],[127.81623030000003,38.28642690000004],[127.81527280000012,38.28664680000003],[127.81432830000006,38.28689940000004],[127.8133987000001,38.287184300000035],[127.8124858000001,38.28750080000003],[127.81159120000007,38.28784840000003],[127.81071670000006,38.288226500000064],[127.8098639000001,38.28863420000005],[127.80903460000002,38.28907080000005],[127.80823010000006,38.28953560000008],[127.80745220000006,38.290027500000065],[127.80670210000005,38.29054570000005],[127.80598150000003,38.29108930000007],[127.80529170000011,38.29165700000004],[127.80463390000011,38.29224790000006],[127.80400940000004,38.29286090000005],[127.80341940000005,38.293494800000076],[127.80286510000008,38.294148300000074],[127.80235200000004,38.29482450000006],[127.80198340000004,38.29523000000006],[127.80127600000003,38.29603550000007],[127.80062520000001,38.29687020000006],[127.80014990000006,38.29754860000003],[127.7996988000001,38.29774070000008],[127.79904310000006,38.298050500000045],[127.79840100000001,38.29837750000007],[127.79716470000005,38.29902980000003],[127.79633840000008,38.29938050000004],[127.79515260000005,38.29995850000006],[127.7943838000001,38.300359300000025],[127.7933220000001,38.30094760000003],[127.79230430000007,38.30158240000003],[127.79183870000008,38.30189880000006],[127.79167890000008,38.30201020000004],[127.79150410000011,38.30213690000005],[127.79112870000006,38.30231630000003],[127.79029920000005,38.30275300000005],[127.78949460000001,38.30321770000006],[127.78871650000008,38.30370960000005],[127.78788020000002,38.30429040000007],[127.78763520000007,38.30448290000004],[127.78748690000009,38.304588100000046],[127.7867351000001,38.30510410000005],[127.78601430000003,38.30564760000004],[127.78532430000007,38.30621540000004],[127.7846664000001,38.30680630000006],[127.78404180000007,38.30741930000005],[127.78371900000002,38.30776600000007],[127.78314200000011,38.308176900000035],[127.7824389000001,38.308699500000046],[127.78176430000008,38.30924490000007],[127.78145060000008,38.30950950000005],[127.78098240000008,38.30986370000005],[127.7800605000001,38.31060230000003],[127.77962760000003,38.31096960000008],[127.77887080000005,38.311645000000055],[127.77824610000005,38.31225800000004],[127.77765600000009,38.312891800000045],[127.77710150000007,38.313545400000066],[127.77658370000006,38.31421730000005],[127.77619950000008,38.31476300000003],[127.77583950000007,38.31531880000006],[127.77550410000003,38.31588410000006],[127.77519380000001,38.316458200000056],[127.77507710000009,38.31668490000004],[127.77478150000002,38.31729020000006],[127.77461750000009,38.31768100000005],[127.77426670000011,38.31761340000003],[127.77328810000006,38.31746010000006],[127.77230190000012,38.31734050000006],[127.77131010000005,38.317255000000046],[127.77031440000007,38.31720360000003],[127.76931680000007,38.317186400000026],[127.76829630000009,38.31720440000004],[127.76806510000006,38.31721250000004],[127.76732390000006,38.31724810000003],[127.76658450000002,38.31730260000006],[127.76584770000011,38.317376000000024],[127.76511430000005,38.317468200000064],[127.76481120000005,38.31751570000006],[127.76439090000008,38.31753740000005],[127.76339900000005,38.317623000000026],[127.76253940000004,38.317727200000036],[127.7617087000001,38.31744160000005],[127.76082080000003,38.31717050000003],[127.75973490000001,38.31688320000006],[127.75863210000011,38.31663910000003],[127.75843780000002,38.31660020000004],[127.75761010000008,38.31644740000007],[127.75677580000001,38.316318900000056],[127.75651160000007,38.31628340000003],[127.75639930000011,38.31626890000007],[127.75547800000004,38.316164800000024],[127.7545520000001,38.31609030000004],[127.7536229000001,38.31604560000005],[127.75269230000004,38.316030700000056],[127.75140220000003,38.31605940000003],[127.75011610000001,38.31614540000004],[127.74973880000005,38.316179000000034],[127.74834380000004,38.31633800000003],[127.74715890000004,38.31652820000005],[127.74689050000006,38.316577100000075],[127.74551610000003,38.31686330000008],[127.74521320000008,38.31693440000004],[127.74470990000009,38.317070400000034],[127.74448460000008,38.31712980000003],[127.74392350000005,38.31727740000008],[127.74366720000012,38.31734750000004],[127.7435028000001,38.31739270000003],[127.74330840000005,38.317445400000054],[127.74313140000004,38.31748870000007],[127.74296900000002,38.31753470000007],[127.74187970000003,38.317872100000045],[127.74145560000011,38.31801340000004],[127.74017420000007,38.31847760000005],[127.7395117000001,38.31875770000005],[127.73891460000004,38.31850550000007],[127.73781600000007,38.31809890000005],[127.73680350000006,38.317749700000036],[127.73613190000003,38.31752800000004],[127.73545180000008,38.317323300000055],[127.73538980000001,38.31730680000004],[127.73494610000012,38.317038600000046],[127.73397480000006,38.31651190000008],[127.73301130000004,38.31601770000003],[127.73196650000011,38.315512700000056],[127.73079920000009,38.315016900000046],[127.73057250000011,38.31493350000005],[127.73038810000003,38.314846500000044],[127.72947210000007,38.314332300000046],[127.72833060000005,38.31377740000005],[127.72745580000003,38.31339940000004],[127.7265609000001,38.31305180000004],[127.72564760000012,38.31273530000004],[127.72471770000004,38.312450400000046],[127.72390530000007,38.312231000000054],[127.72308300000009,38.31203580000005],[127.72225200000003,38.31186500000007],[127.72141350000004,38.31171900000004],[127.72010380000006,38.311511100000075],[127.71955730000002,38.31142980000004],[127.71857120000004,38.31131020000004],[127.71757950000006,38.311224700000025],[127.71658390000005,38.311173300000064],[127.7155864,38.31115610000006],[127.71482850000007,38.31116600000007],[127.71407140000008,38.31119570000004],[127.71355770000002,38.311222600000065],[127.71232570000006,38.311313400000074],[127.71110170000009,38.311456700000065],[127.71012310000003,38.31161000000003],[127.70915400000001,38.311796800000025],[127.70819610000001,38.31201670000007],[127.70725130000005,38.312269300000025],[127.70693530000005,38.312366000000054],[127.7067393000001,38.312197500000025],[127.70573620000005,38.31138740000006],[127.70555940000008,38.311253400000055],[127.7049876000001,38.31083440000003],[127.70439800000008,38.31043100000005],[127.70349210000006,38.30986240000004],[127.70255090000012,38.30933070000003],[127.70245180000006,38.30927770000005],[127.70175080000001,38.308917000000065],[127.70103340000003,38.30857690000005],[127.70001160000004,38.30813910000006],[127.69896290000008,38.30774280000003],[127.69883060000006,38.30769600000008],[127.69806520000009,38.307438500000046],[127.69728850000001,38.30720310000004],[127.69667310000011,38.30703440000008],[127.69653110000002,38.306997300000035],[127.69573060000005,38.30680070000005],[127.69492150000008,38.30662730000006],[127.69477890000007,38.30659890000004],[127.69396940000001,38.30645030000005],[127.69315370000004,38.30632490000005],[127.69295720000002,38.30629830000004],[127.6928352000001,38.306282200000055],[127.69165970000006,38.306151800000066],[127.6915259000001,38.30613980000004],[127.69015190000005,38.306048900000064],[127.69002000000012,38.30604340000008],[127.68879530000004,38.30601750000005],[127.68772280000007,38.30603730000007],[127.68736410000008,38.30605060000005],[127.68703800000003,38.30606450000005],[127.68635770000003,38.30609730000003],[127.6858026000001,38.306129500000054],[127.68505590000007,38.306179900000075],[127.68424890000006,38.306245800000056],[127.68370060000007,38.30629830000004],[127.68329090000009,38.30634050000003],[127.68287850000002,38.30638600000003],[127.68207730000006,38.306485800000075],[127.68189650000011,38.306511500000056],[127.6812440000001,38.30660640000008],[127.6808860000001,38.306660700000066],[127.68078950000006,38.30667600000004],[127.68056000000001,38.30662330000007],[127.67959090000011,38.306436500000075],[127.67861240000002,38.30628320000005],[127.67810760000009,38.30622170000004],[127.67738580000002,38.30600060000006],[127.67644110000003,38.30574800000005],[127.67548330000011,38.30552810000006],[127.67451420000009,38.305341300000066],[127.67353580000008,38.305188000000044],[127.6725497000001,38.30506840000004],[127.67155810000008,38.30498280000006],[127.67056260000004,38.304931400000044],[127.66956520000008,38.304914300000064],[127.66856780000012,38.304931400000044],[127.66757230000007,38.30498280000006],[127.66658060000009,38.30506840000004],[127.66559460000008,38.305188000000044],[127.66460300000006,38.30534360000007],[127.66362120000008,38.30553360000005],[127.66336640000009,38.305587600000024],[127.6624217000001,38.305805200000066],[127.66148970000006,38.30605470000006],[127.66095260000009,38.30621750000006],[127.66041880000012,38.30617530000006],[127.65950480000004,38.30613200000005],[127.65858920000005,38.30611750000003],[127.65759180000009,38.30613470000003],[127.65659630000005,38.30618610000005],[127.65560460000006,38.30627160000006],[127.65461860000005,38.306391200000064],[127.65368940000008,38.30653590000003],[127.65276860000006,38.30671090000004],[127.6527142000001,38.306722200000024],[127.65265420000003,38.30673440000004],[127.65202990000012,38.30687420000004],[127.65144750000002,38.30686550000007],[127.65045010000006,38.30688260000005],[127.64945450000005,38.30693400000007],[127.64846280000006,38.30701960000005],[127.64813980000008,38.30705880000005],[127.64795370000002,38.307002100000034],[127.64753460000009,38.30687830000005],[127.64691130000006,38.30670750000007],[127.64544220000005,38.30632380000003],[127.64422560000003,38.30603520000005],[127.64299070000004,38.30580040000007],[127.64190640000004,38.30561910000006],[127.64113050000003,38.30550040000003],[127.6406065000001,38.305432600000074],[127.63974540000004,38.30532910000005],[127.63832400000001,38.30519410000005],[127.63784460000011,38.305160500000056],[127.6368328000001,38.305107400000054],[127.63581910000005,38.30508970000005],[127.63482170000009,38.305106900000055],[127.63382620000004,38.30515830000007],[127.63283450000006,38.30524380000003],[127.63184850000005,38.30536340000003],[127.63087000000007,38.305516700000055],[127.62990100000002,38.30570350000005],[127.6289432000001,38.30592340000004],[127.6279985000001,38.30617610000007],[127.62707030000001,38.30646710000008],[127.62675980000006,38.30656230000005],[127.62655350000011,38.306616200000065],[127.62577900000008,38.30685160000007],[127.62552930000004,38.30693160000004],[127.62480790000006,38.30717420000008],[127.6242840000001,38.30736500000006],[127.62380800000005,38.30733920000006],[127.62370360000011,38.30733030000005],[127.62353230000008,38.307312800000034],[127.62296980000008,38.307215400000075],[127.62180990000002,38.30707840000008],[127.62064260000011,38.30698840000008],[127.6202118000001,38.30696390000003],[127.61939050000001,38.306929000000025],[127.61856810000006,38.306917300000066],[127.61775140000009,38.30692880000004],[127.61693580000008,38.306963300000064],[127.61667340000008,38.30697800000007],[127.61550040000009,38.30706820000006],[127.61433490000002,38.30720580000008],[127.61374230000001,38.307294400000046],[127.61327760000006,38.30736900000005],[127.61198650000006,38.307607000000075],[127.61154460000012,38.30769920000006],[127.61055440000007,38.30792480000008],[127.60957810000002,38.308185200000025],[127.60864820000006,38.30847010000008],[127.60773500000005,38.308786600000076],[127.60684010000011,38.309134200000074],[127.60596540000006,38.30951220000003],[127.60511240000005,38.30991990000007],[127.60428270000011,38.310356600000034],[127.60347810000007,38.31082130000004],[127.60269990000006,38.31131330000005],[127.60194970000009,38.31183150000004],[127.60122880000006,38.31237500000003],[127.60100180000006,38.312562300000025],[127.60036130000003,38.31300220000003],[127.59974180000006,38.31346030000003],[127.59914430000003,38.31393630000008],[127.59856960000002,38.31442940000005],[127.59842910000009,38.314554600000065],[127.59804230000009,38.31490820000005],[127.59741760000009,38.31552110000007],[127.59682750000002,38.31615500000004],[127.59627300000011,38.316808500000036],[127.5957552000001,38.317480500000045],[127.59527500000002,38.31816960000003],[127.59522690000006,38.31824650000004],[127.59330200000011,38.318246600000066],[127.58916110000007,38.31824690000008],[127.58580680000011,38.318246300000055],[127.58525670000006,38.31788620000003],[127.58459760000005,38.31749640000004],[127.58430020000003,38.317327000000034],[127.58316600000012,38.31672100000003],[127.58300450000002,38.31664010000003],[127.58217260000004,38.31624300000004],[127.58144130000005,38.31592440000003],[127.58069560000001,38.31562690000004],[127.5804763000001,38.315543400000024],[127.5799340000001,38.31534360000006],[127.57980480000003,38.31529770000003],[127.57870470000012,38.314933100000076],[127.57856340000001,38.31488970000004],[127.57806970000001,38.31474300000008],[127.57729450000011,38.31453310000006],[127.57706140000005,38.31447360000004],[127.57615190000001,38.31425790000003],[127.57591810000008,38.314206600000034],[127.57480490000012,38.313993700000026],[127.57438430000002,38.313874300000066],[127.57399240000007,38.31375870000005],[127.57345060000011,38.313609400000075],[127.57224760000008,38.31329130000006],[127.57201000000009,38.31322080000007],[127.57175490000009,38.31313650000004],[127.57159560000002,38.31308270000005],[127.57118000000003,38.31292860000008],[127.57024710000007,38.31260930000008],[127.56906250000009,38.31223430000006],[127.56809090000002,38.311951400000055],[127.56798170000002,38.311919800000055],[127.56733220000001,38.31174230000005],[127.5664134000001,38.31150320000006],[127.56581230000006,38.31135400000005],[127.56494350000003,38.31114870000005],[127.56454100000008,38.311056800000074],[127.56309270000008,38.31073720000006],[127.56269770000006,38.31033740000004],[127.56265640000004,38.310297200000036],[127.56239630000005,38.31004860000007],[127.56154120000008,38.30929030000004],[127.56063330000006,38.308571200000074],[127.56053920000011,38.308500700000025],[127.55948320000005,38.307757700000025],[127.55918660000009,38.30756500000007],[127.55914020000012,38.30753540000006],[127.55883990000007,38.30733690000005],[127.55869220000011,38.30725210000003],[127.55861670000002,38.307200600000044],[127.55830750000007,38.30699030000005],[127.55812930000002,38.30686510000004],[127.55796110000006,38.30674030000006],[127.55762990000005,38.30650680000008],[127.55700000000002,38.30605460000004],[127.55629490000001,38.30556880000006],[127.5559204000001,38.305326500000035],[127.55567230000008,38.305169500000034],[127.55487520000008,38.304687200000046],[127.5540519000001,38.304232900000045],[127.55331540000009,38.303845300000035],[127.55270980000012,38.30353730000007],[127.55221150000011,38.30329260000008],[127.55171910000001,38.30305740000006],[127.55124280000007,38.30283640000005],[127.55107010000006,38.302757100000065],[127.55101830000001,38.30273360000007],[127.55055370000002,38.30252350000006],[127.54965800000002,38.302139200000056],[127.54874130000007,38.30178680000006],[127.54832080000006,38.30163410000006],[127.54757740000002,38.30137680000007],[127.54696580000007,38.301180000000045],[127.5464386000001,38.30079040000004],[127.5463605000001,38.30073390000007],[127.54586400000005,38.30037110000006],[127.54544740000006,38.29998580000006],[127.54528800000003,38.29984440000004],[127.54472050000004,38.299359200000026],[127.54413080000006,38.29889070000007],[127.54351970000005,38.29843950000003],[127.54288810000003,38.29800620000003],[127.54220650000002,38.29757280000007],[127.54150430000004,38.29716040000005],[127.54126830000007,38.29702620000006],[127.54121900000007,38.29699260000007],[127.54113930000005,38.296921300000065],[127.54069170000002,38.296613500000035],[127.53974650000009,38.29587060000006],[127.53962210000009,38.29577830000005],[127.5386486000001,38.29509660000008],[127.53781010000012,38.29456820000007],[127.53694110000004,38.29407150000003],[127.53677260000006,38.293979800000045],[127.53600390000008,38.29357950000008],[127.53521530000012,38.29320390000004],[127.53443570000002,38.29286500000006],[127.5336400000001,38.29255040000004],[127.53282930000012,38.292260300000066],[127.53200490000006,38.291995400000076],[127.53192510000008,38.291971200000035],[127.53148910000004,38.291642300000035],[127.53073910000012,38.29112410000005],[127.52969320000011,38.290472600000044],[127.52874380000003,38.28991590000004],[127.52855320000003,38.289805400000034],[127.52729160000001,38.28908140000004],[127.52629480000007,38.28854060000003],[127.52526310000007,38.28804210000004],[127.5240490000001,38.28752760000003],[127.52279780000003,38.28707170000007],[127.52276560000007,38.28706090000003],[127.52161930000011,38.28670430000005],[127.52076050000005,38.286467800000025],[127.52067770000008,38.286443500000075],[127.52008720000003,38.286229700000035],[127.51980830000002,38.28614360000006],[127.51973630000009,38.28611810000007],[127.51927460000002,38.285950100000036],[127.51888470000006,38.28580150000005],[127.51684880000005,38.285095100000035],[127.51615620000007,38.28486540000006],[127.51545440000007,38.28465380000006],[127.51466830000004,38.28444100000007],[127.51365600000008,38.284183100000064],[127.51266370000008,38.28391830000004],[127.51225130000012,38.28381170000006],[127.5107703000001,38.28344110000006],[127.51004240000009,38.28326940000005],[127.50930760000006,38.28311680000007],[127.50856680000004,38.28298360000008],[127.50818490000006,38.28292540000007],[127.50724600000001,38.28267690000007],[127.50614250000001,38.28243260000005],[127.50600940000004,38.28240600000004],[127.50518340000008,38.28225340000006],[127.50435070000003,38.28212510000003],[127.5031054000001,38.281979800000045],[127.50296500000002,38.28196660000003],[127.50160540000002,38.28187030000004],[127.50024100000007,38.28183820000004],[127.49969010000007,38.28184340000007],[127.49534010000002,38.281926000000055],[127.49448100000006,38.28195500000004],[127.4936239000001,38.28200950000007],[127.49277000000006,38.28208930000005],[127.49192060000007,38.28219440000004],[127.49094240000011,38.282347800000025],[127.48997370000006,38.282534600000076],[127.48901620000004,38.28275450000007],[127.48807180000006,38.28300710000008],[127.48714220000011,38.283292000000074],[127.4862293000001,38.28360850000007],[127.48533480000003,38.28395610000007],[127.48446030000002,38.28433410000008],[127.48360760000003,38.28474190000003],[127.48277830000006,38.28517850000003],[127.48197390000007,38.28564320000004],[127.48119600000007,38.28613520000005],[127.48047600000007,38.286631800000066],[127.47978300000011,38.28715170000004],[127.4791183000001,38.28769390000008],[127.47848290000002,38.28825770000003],[127.4781928000001,38.28852610000007],[127.47762390000003,38.28862950000007],[127.47685400000012,38.28879210000008],[127.4760917000001,38.28897560000007],[127.47587120000003,38.28903200000008],[127.47511340000005,38.289237600000035],[127.47465250000005,38.289374200000054],[127.47433990000002,38.28946990000003],[127.47353110000006,38.28973170000006],[127.47273560000008,38.290017600000056],[127.47195450000004,38.29032730000006],[127.4711890000001,38.29066030000007],[127.4701414000001,38.29116700000003],[127.46912970000005,38.29171720000005],[127.46890540000004,38.291846400000054],[127.46829480000008,38.29221050000007],[127.46770000000004,38.29259060000004],[127.46727730000009,38.29287700000003],[127.46702730000004,38.29305070000004],[127.46639420000008,38.293507300000044],[127.46578330000011,38.29398220000007],[127.46519550000005,38.29447490000007],[127.46463150000011,38.29498470000004],[127.46442270000011,38.29518360000003],[127.46422350000012,38.29537620000008],[127.46372840000004,38.295872200000076],[127.4632557000001,38.296381600000075],[127.46280580000007,38.29690370000003],[127.46237950000011,38.29743800000006],[127.46210540000004,38.29779520000005],[127.46187160000011,38.29810680000003],[127.46148630000005,38.298654200000044],[127.46125800000004,38.29901320000005],[127.4604591000001,38.299065100000064],[127.4596600000001,38.29913730000004],[127.45886470000005,38.29923160000004],[127.45847930000002,38.29928280000007],[127.45830850000004,38.29930600000006],[127.45753510000009,38.299424300000055],[127.4567674000001,38.29956350000003],[127.45612920000008,38.29969280000006],[127.45471840000005,38.29945100000003],[127.45413380000002,38.29936770000006],[127.45403700000008,38.29935410000007],[127.45323310000003,38.299254000000076],[127.45242510000003,38.299176500000044],[127.45187360000011,38.299131500000044],[127.45068470000001,38.29905900000006],[127.45004430000006,38.29903310000003],[127.4488745000001,38.29900950000007],[127.4480387000001,38.29902160000006],[127.44744400000002,38.29903870000004],[127.44620910000003,38.299100700000054],[127.44498020000003,38.29921520000005],[127.44433990000005,38.299288800000056],[127.44366900000011,38.299373900000035],[127.44329930000004,38.299427700000024],[127.44271650000007,38.29951650000004],[127.44203310000012,38.29962920000003],[127.44121470000005,38.299774300000024],[127.44030500000008,38.29995130000003],[127.43940520000001,38.300157400000046],[127.43838100000005,38.30041010000008],[127.43762830000003,38.300607100000036],[127.43642320000004,38.30094090000006],[127.43637060000003,38.300955600000066],[127.43506430000002,38.30132030000004],[127.43488140000011,38.30137200000007],[127.43438790000005,38.301518600000065],[127.43291330000011,38.30197210000006],[127.4322595000001,38.30216350000006],[127.43165590000001,38.302347800000064],[127.43077850000009,38.30262010000007],[127.43073690000006,38.30263140000005],[127.42996860000005,38.30275210000008],[127.4291032000001,38.30290020000007],[127.42835120000007,38.303039400000046],[127.42760550000003,38.30319860000003],[127.4268671000001,38.30337750000007],[127.42613670000003,38.303575900000055],[127.42534450000005,38.30381630000005],[127.42456410000011,38.304079700000045],[127.42379670000003,38.30436570000006],[127.42304330000002,38.304674000000034],[127.42281180000009,38.30477300000007],[127.42229280000004,38.30500200000006],[127.42164980000007,38.305305600000054],[127.4210197000001,38.305625700000064],[127.42040330000009,38.30596190000006],[127.41980120000005,38.306313800000055],[127.41947900000002,38.30650860000003],[127.41870520000009,38.30699800000008],[127.41792840000005,38.30753540000006],[127.41718320000007,38.308100000000024],[127.41686640000012,38.30835110000004],[127.4165842000001,38.30857880000008],[127.41602440000008,38.30903840000008],[127.41552350000006,38.30946330000006],[127.41504010000006,38.30990060000005],[127.4135040000001,38.31133640000007],[127.41334180000001,38.311487500000055],[127.41147680000006,38.31190760000004],[127.41103190000001,38.31201170000003],[127.40950320000002,38.312382600000035],[127.4084137000001,38.31267070000007],[127.40738380000005,38.31298840000005],[127.40601700000002,38.313440300000025],[127.40539910000007,38.31365310000007],[127.4043491000001,38.31402930000007],[127.40311630000008,38.31438470000006],[127.40180870000006,38.314798100000075],[127.40053580000006,38.31527410000007],[127.40041340000005,38.315323500000034],[127.39993770000001,38.31528620000006],[127.39820110000005,38.31518120000004],[127.39685120000001,38.31513120000005],[127.39431480000007,38.31509620000003],[127.39391400000011,38.31509340000008],[127.39315900000008,38.31510320000007],[127.39240490000009,38.31513270000005],[127.39038940000012,38.31523770000007],[127.38945610000007,38.31530140000007],[127.38852700000007,38.31539520000007],[127.38675540000008,38.31560310000003],[127.3861548000001,38.315680100000066],[127.38545940000006,38.31578900000005],[127.38377460000004,38.314912700000036],[127.38166890000002,38.31382540000004],[127.38163050000003,38.313797400000055],[127.38104090000002,38.31321880000007],[127.38038290000009,38.31262790000005],[127.37969280000004,38.31206010000005],[127.37897200000009,38.31151660000006],[127.37822180000012,38.310998400000074],[127.3774436000001,38.31050650000003],[127.3766389000001,38.310041700000056],[127.37580930000001,38.309605100000056],[127.37495630000001,38.30919730000005],[127.37408160000007,38.30881930000004],[127.37318670000002,38.30847170000004],[127.37227350000012,38.308155200000044],[127.37134360000005,38.30787030000005],[127.37039890000005,38.30761770000004],[127.36944110000002,38.30739780000005],[127.36847200000011,38.30721100000005],[127.36749350000002,38.30705770000003],[127.36650750000001,38.306938100000025],[127.36551570000006,38.30685250000005],[127.36452020000002,38.30680110000003],[127.36352280000006,38.30678400000005],[127.3625254000001,38.30680110000003],[127.36152990000005,38.30685250000005],[127.36053820000006,38.306938100000025],[127.35955210000009,38.30705770000003],[127.35841630000004,38.30723890000007],[127.35729360000005,38.30746530000005],[127.35504780000008,38.307966100000044],[127.3542470000001,38.30815720000004],[127.35345560000007,38.30837130000003],[127.35252580000008,38.30865620000003],[127.35161260000007,38.30897270000003],[127.3512836000001,38.309100500000056],[127.34960480000007,38.30796200000003],[127.34938370000009,38.307814000000064],[127.3486339000001,38.30733920000006],[127.34785950000003,38.30688980000008],[127.34528150000006,38.30545820000003],[127.34410650000007,38.30484750000005],[127.34126430000003,38.30346720000006],[127.34069700000009,38.30320050000006],[127.33992380000007,38.30286430000007],[127.33913480000001,38.302551900000026],[127.33872350000001,38.302396900000076],[127.33770890000005,38.30203800000004],[127.33667330000003,38.30171840000003],[127.33575410000003,38.30147210000007],[127.33545740000011,38.30139810000003],[127.33453630000008,38.30118500000003],[127.33360460000006,38.30100260000006],[127.33323580000001,38.300936800000045],[127.33215790000008,38.300765900000044],[127.33084100000008,38.30061400000005],[127.3295151000001,38.30052260000008],[127.3290694000001,38.30050220000004],[127.32840110000006,38.30047930000006],[127.32799130000001,38.300470000000075],[127.32733200000007,38.30046250000004],[127.32616960000007,38.30048580000005],[127.32501030000003,38.30055560000005],[127.32487240000012,38.30056670000005],[127.32404600000007,38.300645200000076],[127.32322370000009,38.30074730000007],[127.3222578000001,38.30089840000005],[127.32130120000011,38.30108220000005],[127.32112740000002,38.301118700000075],[127.32103870000003,38.301139000000035],[127.31973690000007,38.30070910000006],[127.3187170000001,38.30039460000006],[127.31737870000006,38.300047300000074],[127.31640330000005,38.299845600000026],[127.31582190000006,38.299541100000056],[127.31537580000008,38.29932590000004],[127.31526580000002,38.29924990000006],[127.31488190000005,38.29899040000004],[127.31410390000008,38.29849850000005],[127.31329930000004,38.298033700000076],[127.31246990000011,38.297597100000075],[127.31161700000007,38.29718930000007],[127.3107424000001,38.29681130000006],[127.30984770000009,38.29646370000006],[127.30893460000004,38.296147200000064],[127.30800490000001,38.29586230000007],[127.3070603000001,38.29560970000006],[127.30610270000011,38.295389800000066],[127.30513380000002,38.29520300000007],[127.30415540000001,38.29504970000005],[127.30316960000005,38.294930100000045],[127.30217800000003,38.29484450000007],[127.30118260000006,38.29479310000005],[127.30018540000003,38.29477600000007],[127.29918820000012,38.29479310000005],[127.29819280000004,38.29484450000007],[127.29720120000002,38.294930100000045],[127.29621540000005,38.29504970000005],[127.29523700000004,38.29520300000007],[127.29426810000007,38.295389800000066],[127.29331040000011,38.29560970000006],[127.29236590000005,38.29586230000007],[127.29143620000002,38.296147200000064],[127.29052310000009,38.29646370000006],[127.28962840000008,38.29681130000006],[127.28875380000011,38.29718930000007],[127.28790090000007,38.297597100000075],[127.28707150000002,38.298033700000076],[127.2862669000001,38.29849850000005],[127.28548890000002,38.29899040000004],[127.28473880000001,38.299508600000024],[127.28401800000006,38.30005210000007],[127.28332810000006,38.30061990000007],[127.2826702000001,38.301210800000035],[127.28204560000006,38.30182380000008],[127.28145560000007,38.30245770000005],[127.28090120000002,38.303111200000046],[127.28038350000008,38.303783200000055],[127.27980230000003,38.30462710000006],[127.27943160000007,38.30520150000007],[127.27892090000012,38.306046200000026],[127.27843640000003,38.306904200000076],[127.27824870000006,38.30725330000007],[127.27822340000012,38.307282600000065],[127.27578050000011,38.30766090000003],[127.27285890000007,38.308119400000066],[127.26947830000006,38.30858080000007],[127.26941120000004,38.30859010000006],[127.26931600000012,38.30860350000006],[127.26655160000007,38.30899690000007],[127.26360110000007,38.309416800000065],[127.26096340000004,38.30969710000005],[127.25611660000004,38.30991450000005],[127.25536460000001,38.30995800000005],[127.25461480000001,38.31002110000003],[127.25014090000002,38.31045590000008],[127.24936390000005,38.31054220000004],[127.24736030000008,38.31079210000007],[127.24696610000001,38.310844100000054],[127.24598760000003,38.310997400000076],[127.24501840000005,38.31118420000007],[127.24406060000001,38.31140410000006],[127.24311580000006,38.31165670000007],[127.24225950000005,38.31191770000004],[127.24141730000008,38.31220550000006],[127.24059040000009,38.31251960000003],[127.23978010000008,38.31285970000005],[127.23821530000009,38.31354860000005],[127.23793780000005,38.31367270000004],[127.23783630000003,38.313721300000054],[127.23717290000002,38.313206200000025],[127.2359619,38.312323400000025],[127.23512710000011,38.311743800000045],[127.2343489000001,38.311251800000036],[127.2335442000001,38.31078710000003],[127.23271460000001,38.31035050000003],[127.23186160000012,38.30994270000008],[127.23165530000006,38.30985000000004],[127.22924570000009,38.30878030000008],[127.22842340000011,38.30843240000007],[127.22563280000008,38.30730900000003],[127.22290150000003,38.30620950000008],[127.21990330000006,38.30500260000008],[127.21973170000001,38.30493420000005],[127.21728200000007,38.30396840000003],[127.21432990000005,38.30280440000007],[127.21350820000009,38.30249640000005],[127.21087580000005,38.301559600000076],[127.20839000000001,38.30067500000007],[127.20559530000003,38.29968050000008],[127.20517380000001,38.29953450000005],[127.20178850000002,38.29839380000004],[127.2008694000001,38.29810250000003],[127.19834990000004,38.29735340000008],[127.19523980000008,38.29642860000007],[127.1949866000001,38.29635470000005],[127.19487360000005,38.29632260000005],[127.19122450000009,38.29529310000004],[127.18718920000003,38.29415480000006],[127.18694770000002,38.29408780000006],[127.18425100000002,38.29335370000007],[127.18112210000004,38.29250200000007],[127.17868390000001,38.29183830000005],[127.1760283000001,38.29111530000006],[127.17298910000011,38.29013980000008],[127.1693537000001,38.28897280000007],[127.1663708000001,38.287987600000065],[127.16303320000009,38.28688510000006],[127.16201350000006,38.28657070000003],[127.16143650000004,38.28641200000004],[127.16007560000003,38.28605390000007],[127.15929640000002,38.285860900000046],[127.15850880000005,38.285690000000045],[127.1580302000001,38.28559330000007],[127.15718100000004,38.28543540000004],[127.15632470000003,38.28530310000008],[127.15533890000006,38.28518350000007],[127.15434750000009,38.28509800000006],[127.15335230000005,38.285046600000044],[127.1523552000001,38.28502940000004],[127.15099200000009,38.28506150000004],[127.1496337000001,38.285157500000025],[127.14921570000001,38.28519700000004],[127.14796760000002,38.285342600000035],[127.14698940000005,38.28549590000006],[127.14602060000004,38.28568270000005],[127.14506310000002,38.28590260000004],[127.14411860000007,38.286155300000075],[127.14312350000012,38.28646470000007],[127.14261700000009,38.28608260000004],[127.14186700000005,38.285564400000055],[127.14104170000007,38.28504390000006],[127.14018680000004,38.28455400000007],[127.13995430000011,38.28442720000004],[127.13917260000005,38.28401900000006],[127.13837020000005,38.28363650000006],[127.13749580000001,38.283258500000045],[127.13660120000009,38.28291090000005],[127.13568830000008,38.28259430000003],[127.1347588000001,38.28230950000005],[127.13356840000006,38.281996900000024],[127.13336870000012,38.281949300000065],[127.13204900000005,38.28166780000004],[127.13071030000003,38.28144910000003],[127.1298445000001,38.28134220000004],[127.12897420000002,38.28126160000005],[127.12877550000007,38.281246200000055],[127.12766020000004,38.281181600000025],[127.1265423000001,38.28116010000008],[127.12593150000009,38.281170100000054],[127.12584860000004,38.28112870000007],[127.12557130000005,38.28099540000005],[127.12510220000001,38.280776100000026],[127.12483750000001,38.28066170000005],[127.12471830000004,38.28052710000003],[127.12440110000011,38.28019000000006],[127.12367470000004,38.27945820000008],[127.12349260000008,38.27928420000006],[127.12336700000003,38.279165300000045],[127.12284550000004,38.27869240000007],[127.12230340000008,38.27823410000008],[127.12173810000002,38.27779360000005],[127.12171460000002,38.27777130000004],[127.1214417000001,38.277437200000065],[127.12097030000007,38.27690330000007],[127.12047480000001,38.276383200000055],[127.1199557000001,38.275877500000036],[127.11943710000003,38.27540730000004],[127.1188982000001,38.27495140000008],[127.11866720000012,38.27476270000005],[127.1178053000001,38.274107600000036],[127.11749710000004,38.273879900000054],[127.11681050000004,38.27334350000007],[127.1166793000001,38.273247000000026],[127.11578270000007,38.27262190000005],[127.11542910000003,38.27239830000008],[127.1151642000001,38.27193470000003],[127.11482030000002,38.27138380000008],[127.1144528000001,38.27084250000007],[127.11431010000001,38.27064070000006],[127.11413700000003,38.270400100000074],[127.11376500000006,38.26991060000006],[127.11337360000005,38.26943060000008],[127.11296320000008,38.26896060000007],[127.11253410000006,38.26850110000004],[127.11239130000001,38.26835310000007],[127.11170850000008,38.26767980000005],[127.11111870000002,38.26714750000008],[127.11050290000003,38.26663380000008],[127.1098621000001,38.266139500000065],[127.10919720000004,38.265665400000046],[127.10906780000005,38.265576800000076],[127.10876180000002,38.26537070000006],[127.10798410000007,38.264878800000076],[127.10717990000012,38.264414000000045],[127.10635080000009,38.263977400000044],[127.10549830000002,38.26356970000006],[127.10476630000005,38.26325050000003],[127.10401990000003,38.26295260000006],[127.10387190000006,38.26289620000006],[127.10281730000008,38.26251990000003],[127.1017399000001,38.26218620000003],[127.10048200000006,38.26185760000004],[127.10033320000002,38.26182240000003],[127.09904730000005,38.26155070000004],[127.09774350000009,38.26133840000006],[127.09684840000011,38.26122840000005],[127.09653990000004,38.26119540000008],[127.09580100000005,38.26112600000005],[127.09505740000009,38.26108140000008],[127.09471220000012,38.26095890000005],[127.09338260000004,38.260539900000026],[127.09300550000012,38.260438700000066],[127.09287790000008,38.26033030000008],[127.09234070000002,38.259912900000074],[127.09221460000003,38.25980930000003],[127.09198980000008,38.25960580000003],[127.09188570000003,38.25951800000007],[127.09183360000009,38.25942930000008],[127.09171960000003,38.25924870000006],[127.09104940000009,38.25826470000004],[127.09037300000011,38.25739880000003],[127.08963580000011,38.256564300000036],[127.08946790000005,38.256385300000034],[127.0885962000001,38.255513300000075],[127.08779600000003,38.25480070000003],[127.08694920000005,38.25412240000003],[127.08680240000001,38.25401080000006],[127.08648170000004,38.253775500000074],[127.08626580000009,38.25349680000005],[127.08563170000002,38.25276240000005],[127.08543850000001,38.252550100000065],[127.08491970000011,38.25200220000005],[127.08437490000006,38.25147030000005],[127.08371750000003,38.250879300000065],[127.08302800000001,38.25031160000003],[127.08230780000008,38.24976810000004],[127.08155820000002,38.24924980000003],[127.08081130000005,38.248776500000076],[127.08003990000009,38.24832820000006],[127.07966950000002,38.248122300000034],[127.07880990000001,38.24766690000007],[127.07792500000005,38.24724280000004],[127.07695650000005,38.246826200000044],[127.07634940000003,38.24657990000003],[127.07551110000009,38.24625660000004],[127.07465680000007,38.245960600000046],[127.07390910000004,38.24571580000003],[127.07296040000006,38.24542450000007],[127.07203130000005,38.24517560000004],[127.07108950000008,38.244958300000064],[127.06987230000004,38.244699800000035],[127.06888690000005,38.24451300000004],[127.06813840000007,38.24410910000006],[127.06794510000009,38.24400990000004],[127.06690260000005,38.243505500000026],[127.06597240000008,38.24310450000007],[127.06501960000003,38.242737900000066],[127.06482620000008,38.24266780000005],[127.06397030000005,38.24237420000003],[127.06309980000003,38.24210840000006],[127.06237410000006,38.24191100000007],[127.0616404000001,38.241732900000045],[127.06145860000004,38.241691400000036],[127.06021980000003,38.24143800000007],[127.06002650000005,38.241402900000026],[127.05887790000008,38.241219200000046],[127.05764740000006,38.24107520000007],[127.05740200000002,38.24105190000006],[127.05603620000011,38.240954600000066],[127.05552610000007,38.240942500000074],[127.05508830000008,38.24050590000007],[127.05461300000002,38.24007350000005],[127.05419940000002,38.23970900000006],[127.05357950000007,38.239184100000045],[127.05293640000002,38.23867720000004],[127.05251350000003,38.238058300000034],[127.05188340000007,38.237248100000045],[127.05120020000004,38.23646530000008],[127.05073030000005,38.235956300000055],[127.05025530000012,38.23545990000008],[127.04975890000003,38.23497680000003],[127.04963950000001,38.234865600000035],[127.0491343000001,38.23439860000008],[127.04850240000007,38.23383850000005],[127.04784160000008,38.233299600000066],[127.04715290000001,38.232782900000075],[127.04643750000002,38.23228930000005],[127.04573190000008,38.231840900000066],[127.04500440000004,38.23141500000003],[127.04434140000001,38.231042700000046],[127.04344090000006,38.23056210000004],[127.04251240000008,38.23011580000008],[127.04155350000008,38.22970300000003],[127.0413079000001,38.22960320000004],[127.04113570000004,38.22953400000006],[127.04088390000004,38.22943380000004],[127.04004300000008,38.22912340000005],[127.03929930000004,38.22838210000003],[127.03879680000011,38.22792560000005],[127.03875760000005,38.22789110000008],[127.03817370000002,38.22738860000004],[127.03757450000012,38.226910400000065],[127.03695300000004,38.22645010000008],[127.03631030000008,38.22600840000007],[127.03607940000006,38.225861000000066],[127.03542020000009,38.22540610000004],[127.03484540000011,38.22503820000003],[127.0342558000001,38.224685100000045],[127.03414410000005,38.224622500000066],[127.0339411000001,38.22415590000003],[127.03357970000002,38.223423300000036],[127.03317820000007,38.22270380000003],[127.03273720000004,38.22199880000005],[127.03225770000006,38.22130970000006],[127.03186130000006,38.22078870000007],[127.03144280000004,38.22027850000006],[127.03100270000004,38.219779800000026],[127.03054150000003,38.21929310000007],[127.02978570000005,38.21852270000005],[127.02942610000002,38.21816560000008],[127.02844760000005,38.217218700000046],[127.02786020000008,38.216630500000065],[127.02706160000002,38.21582650000005],[127.02702030000012,38.21578500000004],[127.02636050000001,38.21512470000005],[127.02591710000002,38.21469460000003],[127.02546570000004,38.21428320000007],[127.02540980000003,38.214233800000045],[127.02510310000002,38.213512200000025],[127.02481230000001,38.21291540000004],[127.02449480000007,38.21232710000004],[127.02446210000005,38.21226930000006],[127.02428170000007,38.21197680000006],[127.02423820000001,38.21190010000004],[127.02395600000011,38.211366000000055],[127.02360420000002,38.210763600000064],[127.02322460000005,38.210171900000034],[127.02281760000005,38.20959160000007],[127.0226302000001,38.209340300000065],[127.0223959000001,38.209032000000036],[127.02174470000011,38.208224200000075],[127.02104000000008,38.207444800000076],[127.02099620000001,38.20740200000006],[127.0209182000001,38.20734410000006],[127.02089020000005,38.207268500000055],[127.02037320000011,38.20659660000007],[127.01981950000004,38.20594300000005],[127.01923020000004,38.20530910000008],[127.01860650000003,38.20469620000006],[127.0179495000001,38.20410520000007],[127.01726050000002,38.20353740000007],[127.01654070000006,38.202993900000024],[127.01579160000006,38.202475700000036],[127.01501460000009,38.20198370000003],[127.01421110000001,38.201519000000076],[127.01338270000008,38.20108230000005],[127.01253100000008,38.20067460000007],[127.01165750000007,38.20029660000006],[127.01076400000011,38.19994900000006],[127.0098521000001,38.19963240000004],[127.00892370000008,38.19934760000007],[127.0079803000001,38.199094900000034],[127.00702390000004,38.198875000000044],[127.00605630000007,38.19868820000005],[127.00507930000003,38.19853490000003],[127.00409470000011,38.19841530000008],[127.0031044000001,38.19832980000007],[127.00209570000004,38.19827810000004],[127.00199110000005,38.198149700000045],[127.00152930000002,38.197546300000056],[127.00103800000011,38.19695770000004],[127.00022210000009,38.196020700000076],[127.00017590000004,38.19596780000006],[126.99930500000005,38.19497510000008],[126.99919370000009,38.194790700000055],[126.99878710000007,38.194149700000025],[126.99834850000002,38.193521900000064],[126.99783160000004,38.192849900000056],[126.99727800000005,38.19219640000006],[126.99668880000002,38.19156250000003],[126.9966045000001,38.19147960000004],[126.99627690000011,38.191053700000055],[126.99572340000009,38.190400200000056],[126.99513420000005,38.18976630000003],[126.99451070000009,38.189153300000044],[126.9941358000001,38.18880980000006],[126.99374120000004,38.18845720000007],[126.99330150000003,38.18808510000008],[126.99330780000003,38.188052500000026],[126.99341600000002,38.18727100000007],[126.99348090000001,38.18648660000008],[126.99350240000001,38.185700600000075],[126.99348040000007,38.184914700000036],[126.9934151000001,38.18413030000005],[126.99330640000005,38.18334880000003],[126.99315460000003,38.18257190000003],[126.99309650000009,38.182358100000044],[126.99308850000011,38.18231600000007],[126.99307780000004,38.182259800000054],[126.99298600000009,38.18180760000007],[126.99298400000009,38.18177380000003],[126.99300210000001,38.181109400000025],[126.99300220000009,38.18102320000003],[126.9929863000001,38.180416500000035],[126.99297720000004,38.18023740000007],[126.99293690000002,38.179724400000055],[126.99292910000008,38.179638100000034],[126.99290950000011,38.17945320000007],[126.99281700000006,38.17876370000005],[126.99280170000009,38.178671800000075],[126.99265130000003,38.17789460000006],[126.99245680000001,38.17712360000007],[126.99221990000001,38.176360000000045],[126.99194100000011,38.17560540000005],[126.99162060000003,38.17486100000008],[126.99125950000007,38.17412840000003],[126.99085820000005,38.17340900000005],[126.99041760000011,38.17270400000007],[126.98993840000003,38.172014800000056],[126.98982350000006,38.17186330000004],[126.98977930000001,38.17180520000005],[126.9894217000001,38.17134280000005],[126.98933310000007,38.17123370000007],[126.98886520000008,38.170681700000046],[126.98867030000008,38.170470400000056],[126.98860430000002,38.16969220000004],[126.98845700000004,38.16875040000008],[126.98838260000002,38.168360000000064],[126.98828850000007,38.16790510000004],[126.98805260000006,38.16698990000003],[126.98798510000006,38.16675860000004],[126.98762890000012,38.16568980000005],[126.98719040000003,38.164640200000065],[126.98685880000005,38.163964100000044],[126.98676460000001,38.16378300000008],[126.98646180000003,38.163227300000074],[126.98613560000001,38.16268000000008],[126.9857862,38.16214160000004],[126.98541420000004,38.16161290000008],[126.98496000000011,38.16101880000008],[126.98447720000001,38.16043890000003],[126.98438720000001,38.16033520000008],[126.98457980000012,38.16018960000008],[126.98526820000006,38.15962170000006],[126.98592450000001,38.15903050000003],[126.98654750000003,38.15841730000005],[126.98713610000004,38.15778330000006],[126.98768900000005,38.15712950000005],[126.98820540000008,38.15645740000008],[126.98881690000007,38.155563200000074],[126.98936370000001,38.15464330000003],[126.99013830000001,38.153238000000044],[126.99072070000011,38.152214300000026],[126.99104970000008,38.15160650000007],[126.99135020000006,38.15098950000004],[126.99163270000008,38.15033760000006],[126.9918834,38.14967770000004],[126.99204280000004,38.149227100000076],[126.99231710000004,38.14837090000003],[126.99253800000008,38.14750500000008],[126.99267110000005,38.14683430000008],[126.9927722000001,38.146160000000066],[126.9928096000001,38.145861800000034],[126.99289340000007,38.14497090000003],[126.99292120000007,38.14407790000007],[126.9928761000001,38.142950100000064],[126.99274170000001,38.141826700000024],[126.99269260000005,38.14151900000007],[126.9925244000001,38.14064150000007],[126.99233000000004,38.13987050000003],[126.99209320000011,38.13910690000006],[126.99181450000003,38.13835220000004],[126.99149430000011,38.137607900000035],[126.99112980000007,38.13686850000005],[126.99090890000002,38.136448200000075],[126.99061250000011,38.13590900000003],[126.99029400000006,38.13537780000007],[126.98995380000008,38.13485500000007],[126.9895921000001,38.134341300000074],[126.98956420000002,38.13430320000003],[126.9889753000001,38.13350250000008],[126.98812200000009,38.13215050000008],[126.98810300000002,38.132089000000065],[126.98782420000009,38.13133430000005],[126.98750410000002,38.13059000000004],[126.98743850000005,38.13044960000008],[126.98731280000004,38.13018370000003],[126.98696260000008,38.12948800000004],[126.98657620000006,38.12880430000007],[126.98615410000002,38.12813390000008],[126.98569710000004,38.12747790000003],[126.98518070000011,38.12680590000008],[126.98462760000007,38.12615240000008],[126.98403900000005,38.125518500000055],[126.98341590000007,38.12490550000007],[126.98293190000004,38.12446460000007],[126.98243000000002,38.12403640000008],[126.98191080000004,38.12362120000006],[126.98137480000003,38.12321950000006],[126.97961620000001,38.12194350000004],[126.97884520000002,38.121408700000075],[126.97793780000006,38.120837900000026],[126.97699490000002,38.12030420000008],[126.97616740000001,38.11986050000007],[126.97547190000012,38.11950200000007],[126.97476040000004,38.119163800000024],[126.97394670000006,38.11881000000005],[126.9731154000001,38.11848270000007],[126.9722680000001,38.11818230000006],[126.97140730000001,38.11790630000007],[126.97135290000006,38.11788580000007],[126.97048280000001,38.117499500000065],[126.96959030000005,38.11715190000007],[126.96867950000001,38.11683540000007],[126.9677521000001,38.11655050000007],[126.96680980000008,38.11629790000006],[126.96585450000009,38.11607790000005],[126.96488790000001,38.115891100000056],[126.96391200000005,38.11573780000003],[126.96292850000009,38.11561820000003],[126.96193940000012,38.115532700000074],[126.96094650000009,38.115481300000056],[126.95995170000003,38.115464100000054],[126.95887000000005,38.11548440000007],[126.95779080000011,38.11554520000004],[126.95667950000006,38.11562870000006],[126.95577720000006,38.11571090000007],[126.95486760000006,38.11582150000004],[126.95389540000008,38.11502170000006],[126.95287450000001,38.11427850000007],[126.95267930000011,38.114144800000076],[126.95239970000011,38.11395650000003],[126.95181270000012,38.11358030000008],[126.95121010000003,38.11321970000006],[126.9505928000001,38.11287510000005],[126.9499614,38.112546800000075],[126.94972100000007,38.11242640000006],[126.94890270000008,38.112034900000026],[126.94789270000001,38.111600700000054],[126.94685640000012,38.11120740000007],[126.94664240000009,38.11113130000007],[126.94586990000005,38.11087020000008],[126.94508570000005,38.11063180000008],[126.94433190000007,38.11042670000006],[126.94415870000012,38.110382300000026],[126.94304080000006,38.11012020000004],[126.94197650000001,38.109916800000065],[126.94183880000003,38.10982040000005],[126.9407662000001,38.10915170000004],[126.93994410000005,38.10869950000006],[126.93934180000008,38.10822040000005],[126.93839710000009,38.107512100000065],[126.9373561000001,38.10677810000004],[126.93682980000006,38.10643970000007],[126.93523690000006,38.105446200000074],[126.9336052000001,38.104428400000074],[126.93300750000003,38.10406810000006],[126.93239510000001,38.10372350000006],[126.93201700000009,38.10351810000003],[126.93126640000003,38.10312730000004],[126.93049680000001,38.102760200000034],[126.92932860000008,38.102262600000074],[126.92812570000001,38.10181950000003],[126.92782450000004,38.10171690000004],[126.9265931000001,38.10133040000005],[126.92624910000006,38.101234000000034],[126.92592020000006,38.101144100000056],[126.92481610000004,38.10086700000005],[126.92369570000005,38.10063450000007],[126.92337110000005,38.10057400000005],[126.92332050000005,38.100127900000075],[126.92322460000003,38.09951790000008],[126.92310240000006,38.098910800000056],[126.92286000000001,38.097972500000026],[126.92255490000002,38.09704570000008],[126.92210690000002,38.09581940000004],[126.92187840000008,38.095231900000044],[126.92162480000002,38.09465090000003],[126.92126400000006,38.09391830000004],[126.9208632000001,38.09319880000004],[126.92042300000003,38.09249380000006],[126.91994440000008,38.09180470000007],[126.91955160000009,38.091287400000056],[126.91913700000009,38.09078080000006],[126.91870130000007,38.09028540000003],[126.91824480000002,38.08980180000003],[126.91812100000004,38.08967530000007],[126.91754060000005,38.08910560000004],[126.91688460000012,38.088514700000076],[126.91619660000003,38.08794690000008],[126.91547800000001,38.08740340000003],[126.91473010000004,38.086885100000075],[126.91462780000006,38.08681770000004],[126.91441470000007,38.08667810000003],[126.91379890000007,38.08628870000007],[126.91316640000002,38.085916300000065],[126.91251800000009,38.085561400000074],[126.91185440000004,38.08522440000007],[126.9114982000001,38.08505040000006],[126.91090520000012,38.08477030000006],[126.91020190000006,38.084462400000064],[126.90948520000006,38.084174200000064],[126.90875620000008,38.08390620000006],[126.90801560000011,38.08365870000006],[126.90761670000006,38.083531900000025],[126.90690460000008,38.08331640000006],[126.90584480000007,38.083034600000076],[126.90476880000006,38.082794300000046],[126.9043941000001,38.08271840000003],[126.90354630000002,38.082560200000046],[126.90269150000006,38.08242770000004],[126.9014188000001,38.08227950000003],[126.90107550000005,38.08224730000006],[126.89973490000011,38.08215330000007],[126.89838960000009,38.08212190000006],[126.8977685000001,38.08212860000003],[126.8974684000001,38.08213500000005],[126.89662990000011,38.08216530000004],[126.89579340000012,38.08221990000004],[126.89496000000008,38.08229890000007],[126.89413090000005,38.08240200000006],[126.89379640000004,38.08245490000007],[126.89371270000004,38.08230460000004],[126.89333030000012,38.08169200000003],[126.89345120000007,38.081195200000025],[126.89360230000011,38.08041810000003],[126.89371030000007,38.07963670000004],[126.89377510000008,38.07885220000003],[126.89379660000009,38.07806620000008],[126.89378220000003,38.07743100000005],[126.89373950000004,38.07679660000008],[126.89366860000007,38.07616370000005],[126.89356940000005,38.075533300000075],[126.89354270000001,38.07538470000003],[126.89342260000001,38.074788900000044],[126.89322830000003,38.07401790000006],[126.89299170000004,38.07325440000005],[126.89271320000012,38.07249970000004],[126.89239340000006,38.07175530000006],[126.89203270000007,38.07102270000007],[126.89195460000008,38.07087740000003],[126.89176770000006,38.07017570000005],[126.89154360000009,38.06948170000004],[126.89128480000011,38.06879530000003],[126.89099170000009,38.06811760000005],[126.89048430000003,38.067111400000044],[126.89026680000006,38.06674570000007],[126.89020040000003,38.06640480000004],[126.89000610000005,38.06563380000006],[126.88976960000002,38.06487030000005],[126.88958320000006,38.06437500000004],[126.8894868000001,38.064117200000055],[126.8893220000001,38.06370950000007],[126.88917530000003,38.06336950000008],[126.88904050000008,38.06304720000003],[126.88867990000006,38.062314600000036],[126.88827920000006,38.061595100000034],[126.88783930000011,38.06089010000005],[126.88736080000001,38.06020100000006],[126.88684480000006,38.059529000000055],[126.88629230000004,38.05887540000003],[126.88570420000008,38.05824160000003],[126.88507590000006,38.05763310000003],[126.8850212000001,38.057574000000045],[126.8846876,38.05713960000003],[126.8841351000001,38.05648600000006],[126.8839908000001,38.056330400000036],[126.88376360000007,38.05580160000005],[126.88359230000003,38.055441700000074],[126.88346000000001,38.055172500000026],[126.88312840000003,38.054534200000035],[126.88276610000003,38.05390640000007],[126.88237370000002,38.05329010000003],[126.88195180000002,38.052686100000074],[126.88141310000003,38.051985900000034],[126.88125680000007,38.051802200000054],[126.88131310000006,38.05125730000003],[126.88137000000006,38.05052200000006],[126.88138880000008,38.049785400000076],[126.88138720000006,38.04957370000005],[126.88137630000006,38.04886040000008],[126.88134330000003,38.048083200000065],[126.88126790000001,38.047307800000056],[126.88120930000002,38.04683750000004],[126.8811902000001,38.04671030000003],[126.88128300000005,38.04599630000007],[126.88137280000001,38.045073700000046],[126.88140260000011,38.04414870000005],[126.88139060000003,38.04357040000008],[126.88135520000003,38.04299260000005],[126.88129640000011,38.042416100000025],[126.88121420000004,38.041841300000044],[126.88118930000007,38.04168860000004],[126.88103050000007,38.04086720000004],[126.88083630000006,38.04009620000005],[126.88059980000003,38.039332700000045],[126.88032140000007,38.03857800000003],[126.8800017000001,38.037833600000056],[126.87991420000003,38.03764680000006],[126.87987490000012,38.03756430000004],[126.87952890000008,38.03688070000004],[126.87939140000003,38.03663830000005],[126.87936900000011,38.03652470000003],[126.87911620000011,38.03555010000008],[126.87879570000007,38.03458800000004],[126.87872500000003,38.03439730000008],[126.8785084000001,38.03384600000004],[126.87826960000007,38.03330040000003],[126.87790920000009,38.03256780000004],[126.87750870000002,38.031848300000036],[126.87706890000004,38.03114330000005],[126.87659070000007,38.030454200000065],[126.87607490000005,38.02978220000006],[126.87552260000007,38.029128600000035],[126.87493470000004,38.02849470000007],[126.87431250000009,38.02788170000008],[126.8735898000001,38.02723290000006],[126.87282860000005,38.02661230000007],[126.87261320000005,38.026445000000024],[126.87224200000003,38.026167600000065],[126.87209210000003,38.02585450000004],[126.87204980000001,38.02576940000006],[126.8717243000001,38.02514880000007],[126.87136970000006,38.02453820000005],[126.87098660000004,38.02393850000004],[126.87057560000005,38.02335050000005],[126.87046090000001,38.023195300000054],[126.87041390000002,38.023132400000065],[126.86992070000008,38.022502200000076],[126.8693952000001,38.02188860000007],[126.86883810000006,38.02129260000004],[126.86825060000001,38.02071520000004],[126.86759530000006,38.020124200000055],[126.86690790000011,38.019556400000056],[126.86619000000007,38.019012900000064],[126.8654428000001,38.018494700000076],[126.86478560000012,38.01807470000006],[126.86410920000003,38.01767440000003],[126.86341450000009,38.01729410000007],[126.86270250000007,38.01693450000005],[126.86264140000003,38.01690490000004],[126.86212920000003,38.016663900000026],[126.86125800000002,38.01628590000007],[126.8603667000001,38.01593820000005],[126.8594571000001,38.015621700000054],[126.85853100000008,38.01533680000006],[126.85799920000011,38.01518960000004],[126.8579016000001,38.01516370000007],[126.85708820000002,38.014960700000074],[126.85626590000004,38.014782000000025],[126.85543560000008,38.01462770000006],[126.85459860000003,38.01449820000005],[126.85361650000004,38.01437860000004],[126.85262880000005,38.014293000000066],[126.85163720000003,38.01424160000005],[126.85142800000006,38.014238000000034],[126.8513673000001,38.01415070000007],[126.85113580000007,38.01382600000005],[126.8504640000001,38.012962800000025],[126.84973190000005,38.012130900000045],[126.8492940000001,38.01166200000006],[126.84842030000004,38.01078460000008],[126.84787040000003,38.010285200000055],[126.84768940000004,38.01013260000008],[126.8476750000001,38.010095500000034],[126.84744620000004,38.00955570000008],[126.84747080000011,38.009363800000074],[126.84752650000007,38.00863560000005],[126.84754500000008,38.00790610000007],[126.84752900000001,38.00723650000003],[126.84748160000004,38.00656780000003],[126.84747330000005,38.00647980000008],[126.84735990000001,38.00558170000005],[126.84718970000006,38.00468930000005],[126.8469957000001,38.003918300000066],[126.84675930000003,38.00315470000004],[126.84648100000004,38.00240000000008],[126.84616150000011,38.00165560000005],[126.8460381000001,38.00139390000004],[126.84598760000006,38.00128930000005],[126.84564790000002,38.000625300000024],[126.8452751000001,37.999972600000035],[126.84486990000005,37.99933200000004],[126.84443270000008,37.998704700000076],[126.84393920000002,37.99806010000003],[126.84341210000002,37.99743250000006],[126.84285230000012,37.996822800000075],[126.84226070000011,37.99623210000004],[126.84219540000004,37.99616970000005],[126.84209030000011,37.99606980000004],[126.84159850000003,37.99562140000006],[126.8410884000001,37.99518610000007],[126.84056040000007,37.99476430000004],[126.84001520000004,37.99435660000006],[126.83991730000002,37.994285700000034],[126.83918540000002,37.99377840000005],[126.83847580000008,37.99332620000007],[126.83774390000008,37.99289680000004],[126.83758010000008,37.992804600000056],[126.8369110000001,37.99244220000003],[126.83622610000009,37.99209900000005],[126.83546220000005,37.99173100000007],[126.8350061000001,37.991517000000044],[126.83448390000001,37.99128570000005],[126.83327970000005,37.990761500000076],[126.83310080000001,37.99059760000006],[126.83258710000007,37.990177800000026],[126.83205650000002,37.98977130000003],[126.83150950000004,37.989378600000066],[126.83075670000005,37.98885560000008],[126.83036750000008,37.98859120000003],[126.82978020000007,37.988221500000066],[126.82972600000005,37.98818190000003],[126.8294039000001,37.98789590000007],[126.82934360000002,37.98784550000005],[126.8284192000001,37.98711600000007],[126.82744360000004,37.98642970000003],[126.82679710000002,37.98601610000003],[126.82613190000006,37.985621500000036],[126.82544900000005,37.98524640000005],[126.82474930000001,37.98489130000007],[126.82466390000002,37.98484970000004],[126.8243106000001,37.98468290000005],[126.82412020000004,37.98455510000008],[126.82402530000002,37.984491700000035],[126.8234490000001,37.98412160000004],[126.8228577000001,37.98376650000006],[126.82225210000001,37.98342690000004],[126.82163280000009,37.98310300000003],[126.82144190000008,37.98300670000003],[126.82058330000007,37.98259420000005],[126.81977350000011,37.98224140000008],[126.81894620000003,37.98191490000005],[126.8181029000001,37.98161520000008],[126.8172449000001,37.98134290000007],[126.81709940000007,37.98129940000007],[126.81684130000008,37.98122360000008],[126.81590070000004,37.98097100000007],[126.8149472,37.980751000000055],[126.8139824000001,37.98056420000006],[126.81299920000004,37.98040960000003],[126.81283310000003,37.98038660000003],[126.81233620000012,37.98032540000003],[126.8119617000001,37.98022510000004],[126.81182550000005,37.980191400000024],[126.81112330000008,37.98002740000004],[126.81041490000007,37.979881300000045],[126.80970100000002,37.97975330000003],[126.80898220000006,37.97964360000003],[126.80893330000004,37.97963680000004],[126.80869780000012,37.97960430000006],[126.80749960000003,37.97946510000003],[126.80649400000004,37.97939130000003],[126.80597750000004,37.97826580000003],[126.8056140000001,37.977525900000046],[126.80521380000005,37.976806400000044],[126.80477430000008,37.97610140000006],[126.80429370000002,37.97540850000007],[126.80418910000003,37.97526540000007],[126.80367480000007,37.974595400000055],[126.8031241000001,37.97394380000003],[126.80253820000007,37.97331170000007],[126.80191820000005,37.97270050000003],[126.80126320000011,37.972109500000045],[126.80057640000007,37.971541700000046],[126.79985890000012,37.970998200000054],[126.79911210000012,37.97047990000004],[126.79833750000012,37.969987900000035],[126.79753660000006,37.969523200000026],[126.79671080000003,37.96908650000006],[126.79586180000001,37.96867880000008],[126.79499110000006,37.96830070000004],[126.79410040000005,37.967953100000045],[126.79319140000007,37.967636500000026],[126.79226590000007,37.96735170000005],[126.79132550000008,37.967099000000076],[126.79037210000001,37.96687910000003],[126.78940760000012,37.966692300000034],[126.78843360000008,37.966538900000046],[126.78745210000011,37.96641940000006],[126.78646500000002,37.96633380000003],[126.7854741000001,37.96628240000007],[126.78448130000004,37.96626530000003],[126.78349760000003,37.96628210000006],[126.78251580000006,37.966332600000044],[126.78153760000009,37.96641660000006],[126.78113760000008,37.96646480000004],[126.78084460000002,37.966295100000025],[126.77983180000001,37.965741200000025],[126.77878270000008,37.96523130000003],[126.77829310000004,37.96501390000003],[126.77778530000012,37.96479490000007],[126.77702900000008,37.96448310000005],[126.77625840000007,37.96419400000008],[126.77547470000002,37.963927900000044],[126.7746790000001,37.96368520000004],[126.77442110000004,37.96361090000005],[126.77392820000011,37.96302410000004],[126.77334410000003,37.96239300000008],[126.77272610000011,37.96178270000007],[126.77258530000006,37.961649700000066],[126.77192420000006,37.96105280000006],[126.7712375000001,37.96048500000006],[126.77052010000011,37.95994150000007],[126.76977340000008,37.95942320000006],[126.76899900000001,37.95893120000005],[126.76819820000003,37.95846650000004],[126.76737250000008,37.95802980000008],[126.76652360000003,37.95762200000007],[126.76565300000004,37.95724400000006],[126.76476250000007,37.95689640000006],[126.76385360000006,37.95657980000004],[126.76292820000003,37.95629500000007],[126.7620988000001,37.956070200000056],[126.7614185000001,37.955897400000026],[126.76067780000005,37.955720100000065],[126.75992990000009,37.955562900000075],[126.75917570000001,37.955426000000045],[126.75841600000001,37.95530940000003],[126.75709370000004,37.955156300000056],[126.75695270000006,37.95514330000003],[126.75564020000002,37.955052900000055],[126.75548330000004,37.95504870000008],[126.7544620000001,37.95440830000007],[126.75414130000001,37.95421890000006],[126.75311040000008,37.95364470000004],[126.75204090000011,37.95311650000008],[126.75152040000012,37.95287500000006],[126.75139230000002,37.95281600000004],[126.75034110000001,37.952364300000056],[126.7492615000001,37.95195700000005],[126.74871320000011,37.951764000000026],[126.74798610000005,37.95151980000003],[126.74724870000011,37.951295800000025],[126.74720630000002,37.95128440000008],[126.7471739,37.95124580000004],[126.74661480000009,37.95063650000003],[126.74602410000011,37.95004620000003],[126.74545410000007,37.94950040000003],[126.74534740000001,37.94939900000003],[126.74485940000011,37.94895370000006],[126.74435330000006,37.94852120000007],[126.74382960000003,37.94810210000003],[126.74328890000004,37.947696800000074],[126.74236500000006,37.94702660000007],[126.74219110000001,37.94689590000007],[126.74199290000001,37.94670940000003],[126.74134250000009,37.946123800000066],[126.74066080000011,37.94556110000008],[126.73994890000006,37.94502220000004],[126.73920830000009,37.94450820000003],[126.73820550000005,37.943879200000026],[126.7371597,37.943295800000044],[126.73648190000006,37.942939900000056],[126.73528120000003,37.94235100000003],[126.73403850000011,37.941822900000034],[126.73324780000007,37.94151150000005],[126.7320860000001,37.94108570000003],[126.73089570000002,37.94071240000005],[126.73080540000001,37.94068650000003],[126.72978890000002,37.94039740000005],[126.72891670000001,37.940165000000036],[126.72803340000007,37.93996080000005],[126.72706660000006,37.93975390000003],[126.72660210000004,37.93958690000005],[126.72530910000012,37.93911500000007],[126.72445450000009,37.93881980000003],[126.72358540000005,37.93855250000007],[126.72116870000002,37.93785410000004],[126.71892030000004,37.937204300000076],[126.71638710000002,37.936472200000026],[126.7159448000001,37.93634860000003],[126.71333450000009,37.93564320000007],[126.71256070000004,37.93544620000006],[126.71177860000012,37.935271200000045],[126.7109891,37.935118500000044],[126.71019320000005,37.93498820000008],[126.70922280000002,37.934843500000056],[126.70896510000011,37.93480640000007],[126.70818390000011,37.93470830000007],[126.70739890000004,37.934631900000056],[126.70628440000007,37.934538900000064],[126.70509370000002,37.93446450000005],[126.70389970000008,37.934439600000076],[126.7027677000001,37.93446200000005],[126.70254250000005,37.93447080000004],[126.7030807000001,37.93416200000007],[126.70372840000005,37.933776100000046],[126.70435840000005,37.93337230000003],[126.7054194000001,37.93262080000005],[126.70612460000007,37.932089000000076],[126.70694950000006,37.93143420000007],[126.70773080000004,37.93074660000008],[126.70807800000011,37.93042490000005],[126.70821410000008,37.93029750000005],[126.70883520000007,37.929684300000076],[126.70942200000002,37.92905020000006],[126.70997320000004,37.928396500000076],[126.71048790000009,37.92772430000008],[126.71090120000008,37.92713160000005],[126.71105210000007,37.926905300000044],[126.7115404000001,37.926127800000074],[126.71198090000007,37.92533270000007],[126.71211670000002,37.92507050000006],[126.71244960000001,37.924389000000076],[126.71276840000007,37.92364450000008],[126.71304590000011,37.92288970000004],[126.71328150000011,37.92212600000005],[126.71347490000005,37.92135490000004],[126.71364820000008,37.92043720000004],[126.71376170000008,37.91951370000004],[126.71379180000008,37.91918020000003],[126.71383520000006,37.91853670000006],[126.71384960000012,37.91789240000003],[126.71383490000005,37.91725040000006],[126.7137914000001,37.91660930000006],[126.71371910000005,37.91596980000003],[126.71361810000008,37.915332800000044],[126.71354250000002,37.91491590000004],[126.71342740000011,37.914346600000044],[126.7131376000001,37.91324750000007],[126.71276200000011,37.91216480000003],[126.7125876,37.91171730000008],[126.71222610000007,37.910865400000034],[126.71213770000008,37.91067640000006],[126.7119067000001,37.91019090000003],[126.7113700000001,37.909160600000064],[126.71052330000009,37.90766780000007],[126.71025060000011,37.90720460000006],[126.70862430000011,37.904565200000036],[126.70858060000012,37.90448420000007],[126.70850280000002,37.90434010000007],[126.70839540000009,37.90412870000006],[126.70750600000008,37.902298200000075],[126.7074252000001,37.90213670000003],[126.70720970000002,37.901711900000066],[126.70672460000003,37.90082510000008],[126.70617980000009,37.89989810000003],[126.70594500000004,37.899510700000064],[126.70431450000001,37.89690060000004],[126.70409410000002,37.896557200000075],[126.7038189000001,37.89613930000007],[126.7037332000001,37.89601570000008],[126.70373250000011,37.893550600000026],[126.70373140000004,37.889764600000035],[126.70373040000004,37.88621530000006],[126.70372950000001,37.88313920000007],[126.70372860000009,37.879885700000045],[126.70372840000005,37.87931100000003],[126.70377330000008,37.87924040000007],[126.7038927000001,37.87904970000005],[126.70422040000005,37.878518400000075],[126.70459520000009,37.877879300000075],[126.70500700000002,37.877139500000055],[126.70509700000002,37.87697570000006],[126.70546620000005,37.87629440000006],[126.70594190000008,37.87534270000003],[126.70623680000006,37.874657400000046],[126.70640290000006,37.87424450000003],[126.70662260000006,37.87366490000005],[126.70681760000002,37.87307980000003],[126.70698770000001,37.87248980000004],[126.7071327000001,37.87189570000004],[126.7072677000001,37.87121080000003],[126.70736940000006,37.87052240000003],[126.70742100000007,37.87010410000005],[126.70750180000005,37.86922720000007],[126.70752860000005,37.86834830000004],[126.70752620000007,37.868091900000024],[126.7075185000001,37.86767210000005],[126.7074871000001,37.866950400000064],[126.70741920000012,37.86623030000004],[126.70731500000011,37.86551300000008],[126.70717470000011,37.86479950000006],[126.70689790000006,37.86374280000007],[126.70680950000008,37.86345700000004],[126.70700810000005,37.86264650000004],[126.70752330000005,37.86094970000005],[126.70817510000006,37.85897890000007],[126.70922450000012,37.856098100000054],[126.70927520000009,37.85597160000003],[126.70948250000004,37.85542400000003],[126.70966780000003,37.854871400000036],[126.70983090000004,37.854314500000044],[126.70988250000005,37.85410890000003],[126.7101421000001,37.85373510000005],[126.71055070000011,37.853086000000076],[126.7106748000001,37.85287850000003],[126.7111096000001,37.852105100000074],[126.71149820000005,37.851316300000065],[126.71181660000002,37.85057180000007],[126.71209390000001,37.84981700000003],[126.71217110000009,37.84956630000005],[126.71115190000012,37.84940380000006],[126.70926090000012,37.849150200000054],[126.70702410000001,37.848712000000035],[126.70344970000008,37.84790490000006],[126.70236590000002,37.84744370000004],[126.7016049,37.84670580000005],[126.70086700000002,37.846106200000065],[126.70033660000001,37.845829500000036],[126.69943720000003,37.84576030000005],[126.6980536000001,37.84559890000003],[126.69692370000007,37.84543750000006],[126.69602430000009,37.845114600000045],[126.69491740000001,37.84453810000008],[126.69424870000012,37.84403080000004],[126.69334930000002,37.84373100000005],[126.69104880000009,37.84309340000004],[126.69053090000011,37.84297060000006],[126.69034410000006,37.842927100000054],[126.69019500000002,37.84288300000003],[126.68833250000012,37.84199660000007],[126.68476260000011,37.84002820000006],[126.68408520000003,37.83969270000006],[126.68380910000008,37.839514000000065],[126.68265320000012,37.83902830000005],[126.68126370000004,37.838675100000046],[126.68035930000008,37.838347200000044],[126.67903350000006,37.83770700000008],[126.67794690000005,37.83728340000005],[126.67746120000004,37.83711290000008],[126.67689200000007,37.836955800000055],[126.67642690000002,37.836895500000026],[126.67591440000001,37.83687190000006],[126.67565800000011,37.83677680000005],[126.67528120000009,37.83674120000006],[126.67479890000004,37.83682470000008],[126.67436650000002,37.836869500000034],[126.67379750000009,37.83677840000007],[126.67309550000004,37.83673010000007],[126.67267330000004,37.83661120000005],[126.67225120000012,37.836420900000064],[126.67156510000007,37.83597990000004],[126.6707123000001,37.835326800000075],[126.67000550000012,37.834777700000075],[126.66993950000005,37.83472640000008],[126.66960380000012,37.83526600000005],[126.66920440000001,37.83598550000005],[126.66884490000007,37.836718200000064],[126.66852600000004,37.83746260000004],[126.66824840000004,37.83821730000005],[126.66801250000003,37.838980900000024],[126.66787470000008,37.83955350000008],[126.66781670000012,37.83976460000008],[126.66777410000009,37.83993510000005],[126.66775990000008,37.83998280000003],[126.66765830000008,37.84034850000006],[126.66754470000001,37.840598700000044],[126.66748220000011,37.84071050000006],[126.66716330000008,37.84145490000003],[126.66688570000008,37.84220960000005],[126.66683190000003,37.84238380000005],[126.66665390000003,37.842795100000046],[126.66639830000008,37.84342260000005],[126.66614890000005,37.84407560000005],[126.6658116000001,37.845058100000074],[126.66554480000002,37.84605410000006],[126.66549140000006,37.84628550000008],[126.66443350000009,37.849185000000034],[126.66428420000011,37.84961410000005],[126.66350150000005,37.85197630000005],[126.6633892000001,37.85232970000004],[126.66270550000002,37.854576800000075],[126.66249850000008,37.85532690000008],[126.66206840000007,37.85706150000004],[126.66198780000002,37.85740400000003],[126.66184290000001,37.85814420000003],[126.66155260000005,37.859862200000066],[126.66144310000004,37.86063670000004],[126.6612589,37.862255600000026],[126.66119670000012,37.86295380000007],[126.66115230000003,37.86364290000006],[126.66112260000011,37.86455900000004],[126.66114460000006,37.86535640000005],[126.66117840000004,37.865964500000075],[126.66120810000007,37.866318000000035],[126.66104000000007,37.86660020000005],[126.6607322000001,37.867139300000076],[126.66044680000005,37.86768610000007],[126.66008000000011,37.868423300000075],[126.6598666000001,37.86886930000003],[126.65955420000012,37.869597000000056],[126.65928130000009,37.870334600000035],[126.65913870000009,37.87075290000007],[126.65889600000003,37.87153330000007],[126.65869750000002,37.87232140000003],[126.65864080000006,37.87258790000004],[126.65855230000011,37.873023200000034],[126.65842590000011,37.87373470000006],[126.65833550000002,37.87444970000007],[126.6582810000001,37.87516690000007],[126.65826270000002,37.87588530000005],[126.65826140000001,37.87988500000006],[126.65826030000005,37.88313860000005],[126.65825930000005,37.88621460000007],[126.65825810000001,37.88976400000007],[126.65825690000008,37.89354990000004],[126.65825570000004,37.89721750000007],[126.65825430000007,37.901262100000054],[126.6582757000001,37.902048200000024],[126.65834040000004,37.90283270000003],[126.65844820000007,37.90361420000005],[126.65859890000002,37.90439130000004],[126.65879220000011,37.90516240000005],[126.6590278000001,37.90592600000008],[126.65930520000006,37.90668080000006],[126.65962390000004,37.90742530000006],[126.66002440000011,37.90823610000007],[126.66047380000009,37.90903060000005],[126.66059480000001,37.90923140000007],[126.66083300000003,37.90961480000004],[126.66110350000008,37.91003760000007],[126.6616901000001,37.91089580000005],[126.66173800000001,37.91095910000007],[126.66113230000008,37.91127970000008],[126.66033200000004,37.91174440000003],[126.65955800000006,37.91223640000004],[126.65887880000002,37.912706300000025],[126.65853600000003,37.91295310000004],[126.65797720000012,37.913369200000034],[126.65743640000005,37.91380010000006],[126.65691420000007,37.91424510000007],[126.65641130000006,37.91470380000004],[126.65585520000002,37.91524990000005],[126.65532640000004,37.91581270000006],[126.6548256000001,37.916391400000066],[126.65435370000012,37.91698510000003],[126.65408530000002,37.917337700000076],[126.65386820000003,37.917629000000034],[126.65339070000005,37.918318200000044],[126.65295160000005,37.91902320000003],[126.65255170000012,37.91974270000003],[126.65219180000008,37.92047530000008],[126.65212760000009,37.92061690000003],[126.65194860000008,37.921016500000064],[126.6516577000001,37.921710200000064],[126.6514026000001,37.92241270000005],[126.65118370000005,37.92312290000007],[126.65100130000008,37.92383940000008],[126.65089680000006,37.924297900000056],[126.6508811000001,37.92436720000006],[126.6507299000001,37.925144200000034],[126.65062160000002,37.92592560000003],[126.6505565000001,37.92671010000004],[126.65053460000001,37.927496000000076],[126.65057390000004,37.92855940000004],[126.65059980000001,37.92890730000005],[126.65071790000002,37.92996480000005],[126.65077460000009,37.93034410000007],[126.65058790000012,37.93210450000004],[126.65056990000005,37.93223850000004],[126.65031190000002,37.93257090000003],[126.64995540000007,37.93307850000008],[126.64981710000006,37.933283000000074],[126.64943520000008,37.93387390000004],[126.64929760000007,37.93409680000008],[126.64914400000009,37.93435060000007],[126.64901150000003,37.934574000000055],[126.64869750000003,37.935127600000044],[126.6484071000001,37.935689300000035],[126.64826030000006,37.93598750000007],[126.64808010000002,37.936366200000066],[126.64766840000004,37.93734830000005],[126.6475253000001,37.93772540000003],[126.64717960000007,37.93874400000004],[126.64690970000004,37.93977700000005],[126.64675850000003,37.94055330000003],[126.6466511000001,37.94132620000005],[126.6466362000001,37.94143280000003],[126.64652050000007,37.94224310000004],[126.64650010000003,37.94243450000005],[126.64643970000009,37.94318990000005],[126.64643080000008,37.94369610000007],[126.64642320000007,37.94380640000003],[126.64641510000001,37.94394620000003],[126.64638810000008,37.944200900000055],[126.64636310000003,37.94504130000007],[126.64638590000004,37.94585120000005],[126.64645460000008,37.94665950000007],[126.6464942,37.947008700000026],[126.64660060000006,37.94776550000006],[126.64674720000005,37.94851810000006],[126.64679450000006,37.94873110000003],[126.64698810000004,37.94950280000006],[126.64722390000009,37.950266500000055],[126.64743450000003,37.95084850000006],[126.64741740000011,37.95092770000008],[126.64731580000011,37.95160780000003],[126.64725810000004,37.95223610000005],[126.64725120000003,37.95229120000005],[126.64711750000004,37.95320510000005],[126.64703760000009,37.95417830000008],[126.64702520000003,37.95443720000003],[126.64700890000006,37.955115000000035],[126.6470303000001,37.95590100000004],[126.64709500000004,37.95668550000005],[126.64720280000006,37.957467000000065],[126.64735370000005,37.958244000000036],[126.64752360000011,37.958930200000054],[126.64769010000009,37.959486800000036],[126.64770520000002,37.95954830000005],[126.64772270000003,37.95961170000004],[126.64774720000003,37.95969700000006],[126.64789570000005,37.96032020000007],[126.64813700000002,37.96108250000003],[126.64824820000001,37.961502600000074],[126.64848400000005,37.96226630000007],[126.64876170000002,37.96302110000005],[126.64908060000005,37.963765600000045],[126.64936180000007,37.964346300000045],[126.64940490000004,37.96443080000006],[126.64971580000008,37.96501150000006],[126.65005210000004,37.965583200000026],[126.65041350000001,37.96614530000005],[126.65079960000003,37.96669700000007],[126.65137650000008,37.96744570000004],[126.65142570000012,37.96750620000006],[126.6522384000001,37.96843960000007],[126.65312380000012,37.96933070000006],[126.65377840000008,37.96992190000003],[126.65446500000007,37.970489900000075],[126.65518230000009,37.971033600000055],[126.65592880000008,37.97155200000003],[126.65670320000004,37.97204420000003],[126.65750400000002,37.972509100000025],[126.65832970000008,37.972946000000036],[126.65917860000002,37.97335390000006],[126.66004930000008,37.97373210000006],[126.66093990000002,37.97407990000005],[126.66184890000011,37.974396600000034],[126.66277450000007,37.97468160000005],[126.66371490000006,37.97493430000003],[126.66466830000002,37.975154400000065],[126.66563300000007,37.975341300000025],[126.66660710000008,37.97549470000007],[126.66738380000004,37.97559220000005],[126.66816440000002,37.975668400000075],[126.66894780000007,37.97572320000006],[126.66973310000003,37.97575660000007],[126.67013760000009,37.97576820000006],[126.67097590000003,37.975780100000065],[126.67140470000004,37.975779800000055],[126.67248690000008,37.97575850000004],[126.6731870000001,37.975731600000074],[126.67403750000005,37.97568620000004],[126.67488530000003,37.975615600000026],[126.67549300000007,37.97555580000005],[126.67661410000005,37.97542310000006],[126.67707760000008,37.97535890000006],[126.67759490000003,37.97527430000008],[126.67774270000007,37.97531870000006],[126.67886350000003,37.97561590000004],[126.67971630000011,37.97582260000007],[126.68106220000004,37.976113500000054],[126.68242800000007,37.976338600000076],[126.68248940000001,37.976347100000055],[126.68361770000001,37.97650210000006],[126.68459360000008,37.97661890000006],[126.68530220000002,37.97669140000005],[126.68582370000001,37.976739800000075],[126.68668980000007,37.97681230000006],[126.68748030000006,37.976867500000026],[126.68827270000008,37.97690080000007],[126.6893751,37.97693190000007],[126.69018530000005,37.97694330000007],[126.69051600000012,37.976941400000044],[126.69142150000005,37.976931000000036],[126.69217500000002,37.97691240000006],[126.6929272000001,37.97687410000003],[126.69341270000007,37.97684300000003],[126.69447390000005,37.97675510000005],[126.69552870000007,37.97662800000006],[126.69682140000009,37.97641670000007],[126.69809650000002,37.97614650000003],[126.69849010000007,37.97605340000007],[126.69975490000002,37.975721700000065],[126.70050720000006,37.97549290000006],[126.70124890000011,37.97524310000006],[126.70162940000012,37.975108600000056],[126.70269430000008,37.97470560000005],[126.70373130000007,37.97425950000007],[126.70435210000005,37.973965200000066],[126.70496070000002,37.97365540000004],[126.70555660000002,37.97333050000003],[126.70613920000005,37.972990700000025],[126.70658530000003,37.97272170000008],[126.70734550000009,37.97224040000003],[126.70760830000006,37.972336400000074],[126.70772580000005,37.972378900000024],[126.70924290000005,37.97292440000007],[126.70984800000008,37.97312980000004],[126.70991450000008,37.97322970000005],[126.7100895000001,37.973474800000076],[126.71070580000003,37.97450450000008],[126.71111670000005,37.97515660000005],[126.71156070000006,37.97579500000006],[126.71207570000001,37.976467100000036],[126.71262730000001,37.977120900000045],[126.71321440000008,37.97775500000006],[126.71383590000005,37.978368200000034],[126.71467430000007,37.979116100000056],[126.71487650000006,37.979286700000046],[126.7158323000001,37.98004660000004],[126.7168435000001,37.98076000000003],[126.71755320000011,37.98121270000007],[126.71828530000005,37.98164260000004],[126.71903860000009,37.98204890000005],[126.71981190000008,37.982430900000054],[126.72024510000006,37.98263560000004],[126.72052680000002,37.982766500000025],[126.72121040000002,37.98306670000005],[126.72190670000009,37.98334820000008],[126.72261470000001,37.983610500000054],[126.72333370000001,37.983853500000066],[126.72396900000001,37.98405800000006],[126.72475830000008,37.98429870000007],[126.72488620000001,37.98433520000003],[126.72581020000007,37.984596500000066],[126.72654910000006,37.98479420000007],[126.72729620000007,37.98497180000004],[126.72902870000007,37.98535810000004],[126.72907750000002,37.98536800000005],[126.73008100000004,37.98607160000006],[126.73054160000004,37.98638610000006],[126.73159640000006,37.98704570000007],[126.73255140000003,37.98760760000005],[126.73362830000008,37.98820370000004],[126.73474690000012,37.98874970000003],[126.73478030000001,37.988764900000035],[126.73523590000002,37.98897230000006],[126.73632950000001,37.98943920000005],[126.7374536000001,37.98985820000007],[126.73791460000007,37.99001800000008],[126.73858300000006,37.990239700000075],[126.73926000000006,37.99044450000008],[126.74015190000011,37.990680300000065],[126.74021440000001,37.99074260000003],[126.7409070000001,37.99136630000004],[126.74163520000002,37.991964100000075],[126.74209430000008,37.99232400000005],[126.74277370000004,37.99283520000006],[126.74347920000002,37.99332380000004],[126.74439060000009,37.99389830000007],[126.74477930000012,37.99413080000005],[126.74592510000002,37.994773000000066],[126.7471187000001,37.99535810000003],[126.74792400000001,37.995709100000056],[126.74874650000004,37.996034200000054],[126.74916350000001,37.99619070000006],[126.75013830000012,37.99653470000004],[126.75113250000004,37.99684220000006],[126.75198430000012,37.997072600000024],[126.75284690000001,37.997276200000044],[126.75338420000003,37.99739390000008],[126.75443810000002,37.997603500000025],[126.75550340000007,37.99777300000005],[126.75616300000002,37.997857200000055],[126.7567130000001,37.99792080000003],[126.7569155000001,37.998063900000034],[126.75869010000008,37.99927230000003],[126.7601486000001,38.000310900000045],[126.76074040000003,38.00071790000004],[126.76151510000011,38.00121000000007],[126.7623162000001,38.001675000000034],[126.76314220000006,38.00211180000008],[126.76399150000009,38.00251980000007],[126.76477820000002,38.00286310000007],[126.76558140000009,38.00318150000004],[126.76585350000005,38.00328420000005],[126.76684710000006,38.00363610000005],[126.76786080000011,38.00395000000003],[126.76856370000007,38.00414230000007],[126.76927410000008,38.00431630000003],[126.76952390000008,38.004373900000076],[126.77015580000011,38.004505100000074],[126.77048930000001,38.00484480000006],[126.77077940000004,38.00536690000007],[126.77121870000008,38.00607210000004],[126.77169640000011,38.00676140000007],[126.77200130000006,38.00716700000004],[126.7721156,38.00731470000005],[126.77257000000009,38.00787790000004],[126.7730504000001,38.00842740000007],[126.77355630000011,38.00896240000003],[126.77408690000004,38.009482200000036],[126.7747419000001,38.01007340000007],[126.77542890000007,38.010641400000054],[126.7761465000001,38.011185100000034],[126.77689350000003,38.01170350000007],[126.77692200000001,38.01172240000005],[126.7770418,38.011801700000035],[126.77781020000009,38.012288400000045],[126.77860460000011,38.012748300000055],[126.77942330000008,38.01318070000008],[126.78026490000002,38.013584700000024],[126.7804665000001,38.01367570000008],[126.78068510000003,38.01377320000006],[126.78150930000004,38.01412360000006],[126.78235100000006,38.01444680000003],[126.78320880000001,38.014742400000046],[126.78408120000006,38.01500980000003],[126.78479080000011,38.01520380000005],[126.78550810000002,38.01537920000004],[126.78593400000011,38.01547720000008],[126.78713010000001,38.015724900000066],[126.78834160000008,38.015920900000026],[126.78944710000007,38.016053200000044],[126.7898484000001,38.01609320000006],[126.79079730000001,38.01615900000007],[126.79084090000003,38.01616720000004],[126.79090710000003,38.01617640000006],[126.79135090000011,38.01628800000003],[126.79205760000002,38.016458200000045],[126.7922506000001,38.01650200000006],[126.79298330000006,38.01665790000004],[126.79372220000005,38.01679440000004],[126.79391550000003,38.01682740000007],[126.79476780000005,38.016959600000064],[126.79574990000003,38.017079300000034],[126.79673770000011,38.01716490000007],[126.79772930000001,38.01721630000003],[126.79872280000006,38.01723350000003],[126.79971630000011,38.01721630000003],[126.80070780000005,38.01716490000007],[126.80132460000004,38.01711140000003],[126.80157740000004,38.01770090000008],[126.80193730000008,38.01843370000006],[126.80233740000006,38.01915330000003],[126.8027767000001,38.019858500000055],[126.8032545000001,38.02054780000003],[126.80376980000005,38.02121990000006],[126.80432180000003,38.02187370000007],[126.80479270000001,38.02238200000005],[126.8048123000001,38.02241380000004],[126.80516310000007,38.023406700000066],[126.80539870000007,38.024018900000044],[126.80566170000009,38.02462410000004],[126.80596200000002,38.02524180000006],[126.80627940000011,38.02586020000007],[126.80656280000005,38.02638840000003],[126.8068674000001,38.02690910000007],[126.80719280000005,38.027421900000036],[126.80753870000001,38.02792630000005],[126.80792290000011,38.02846570000003],[126.80804030000002,38.02862870000007],[126.80864130000009,38.02940640000003],[126.80929130000004,38.030159000000026],[126.81022650000011,38.03118520000004],[126.81072730000005,38.03171400000008],[126.81125230000009,38.032227900000066],[126.81192010000007,38.03283000000005],[126.81262110000011,38.03340790000004],[126.81301020000001,38.03371480000004],[126.81340900000009,38.034213100000045],[126.8135870000001,38.03443190000007],[126.81430490000002,38.03530090000004],[126.81480350000004,38.035879600000044],[126.81662420000009,38.03790680000003],[126.81691740000008,38.038225700000055],[126.81831820000002,38.03971500000006],[126.81910830000004,38.040507700000035],[126.82031640000002,38.041652200000044],[126.82035040000005,38.041684400000065],[126.82094370000004,38.04222170000003],[126.8222747000001,38.04338020000006],[126.82283810000001,38.04385320000006],[126.82342270000004,38.044309800000065],[126.8246325,38.04522110000005],[126.82569860000001,38.04597510000008],[126.82633050000004,38.04637960000008],[126.82698030000006,38.04676600000005],[126.8275589000001,38.04709740000004],[126.82852810000009,38.047623000000044],[126.8295303000001,38.04810840000005],[126.8304250000001,38.04849610000008],[126.83067970000002,38.048600700000065],[126.8313313000001,38.04885790000003],[126.83199310000009,38.04909850000007],[126.83266420000007,38.04932220000006],[126.83334400000001,38.04952890000004],[126.83358570000007,38.049598900000035],[126.83362590000002,38.04961050000003],[126.83456730000012,38.04986330000003],[126.83550580000008,38.05008250000003],[126.83570570000006,38.050243900000055],[126.83568170000001,38.050516800000025],[126.83563060000006,38.051439800000026],[126.83560710000006,38.05246770000008],[126.83560330000012,38.052789500000074],[126.83562890000007,38.05364690000005],[126.8357337000001,38.05539630000004],[126.83573090000004,38.05579850000004],[126.83569960000011,38.05670690000005],[126.83569380000006,38.056920700000035],[126.8356844000001,38.05740470000006],[126.83568170000001,38.05767700000007],[126.83571210000002,38.05861200000004],[126.83580390000009,38.05954450000007],[126.83583570000008,38.05978650000003],[126.83593310000003,38.060418800000036],[126.83605880000005,38.06104790000006],[126.83620040000005,38.061627900000076],[126.83636590000003,38.06220380000008],[126.8364183000001,38.062373000000036],[126.83674600000006,38.063319800000045],[126.83713840000007,38.064251100000035],[126.83742060000009,38.06483300000008],[126.83772810000005,38.06540690000003],[126.83806060000006,38.065972000000045],[126.83841760000007,38.066527800000074],[126.83855210000002,38.06672850000007],[126.83895110000003,38.06729860000007],[126.83946680000008,38.06797080000007],[126.83969450000006,38.068240400000036],[126.8397040000001,38.06835540000003],[126.83981200000005,38.06913640000005],[126.83996300000001,38.06991300000004],[126.84015680000005,38.07068400000003],[126.8403929000001,38.07144770000008],[126.84067090000008,38.07220250000006],[126.84099040000001,38.072946900000034],[126.84112110000001,38.07322390000007],[126.84122100000002,38.07343040000006],[126.84155940000005,38.07409050000007],[126.8419305000001,38.07473960000004],[126.84233380000012,38.07537650000006],[126.84276860000011,38.07600030000003],[126.84328440000002,38.076672400000064],[126.84383670000011,38.07732620000007],[126.84442460000002,38.077960200000064],[126.84504700000002,38.07857340000004],[126.84539430000007,38.07888890000004],[126.84534600000006,38.07922590000004],[126.84528770000009,38.07980320000007],[126.84524350000004,38.08012680000007],[126.84517820000008,38.08091120000006],[126.8451563000001,38.081697200000065],[126.84515850000003,38.08195660000007],[126.84516400000007,38.08226320000006],[126.84519520000003,38.08298410000003],[126.84526290000008,38.08370340000005],[126.84536690000004,38.08442000000008],[126.84550710000008,38.08513270000003],[126.84570090000011,38.085903700000074],[126.84593710000001,38.08666740000007],[126.8461334000001,38.08720090000003],[126.84624140000005,38.08798460000003],[126.84639240000001,38.088761600000055],[126.84657290000007,38.08948460000005],[126.84679060000008,38.090201200000024],[126.84704520000003,38.09091010000003],[126.84733620000009,38.09161020000005],[126.84738610000011,38.09172250000006],[126.84747000000004,38.09190780000006],[126.84799280000004,38.092942900000025],[126.84803030000012,38.09301110000007],[126.8485760000001,38.09392980000007],[126.84890940000003,38.09441760000004],[126.84905520000007,38.094714500000066],[126.84944840000003,38.09542300000004],[126.84953900000005,38.09557730000006],[126.84998480000002,38.096293900000035],[126.85047410000004,38.09699930000005],[126.85059550000005,38.09716530000003],[126.8509745,38.097664800000075],[126.85137370000007,38.09815430000003],[126.85167880000006,38.09850310000007],[126.85187030000009,38.099077700000066],[126.85211170000002,38.099707600000045],[126.85238200000003,38.100330100000065],[126.85259850000011,38.10078150000004],[126.85265030000005,38.10088530000007],[126.85285040000008,38.10125860000005],[126.85289420000004,38.10136980000004],[126.85311400000012,38.10202010000006],[126.85343360000002,38.10276460000006],[126.85349860000008,38.10289960000006],[126.85353720000012,38.10298060000008],[126.85363920000009,38.10319090000007],[126.85368330000006,38.10327980000005],[126.85389370000007,38.10370150000006],[126.85428950000005,38.10440930000004],[126.85472330000005,38.105103100000065],[126.85519450000004,38.10578160000006],[126.8557105000001,38.10645370000003],[126.85626310000009,38.10710750000004],[126.85673180000003,38.10761280000003],[126.8568974000001,38.10785140000007],[126.85741340000004,38.10852360000007],[126.85765770000012,38.10880140000006],[126.85804410000003,38.10939250000007],[126.85845280000001,38.10997670000006],[126.85912120000012,38.110835500000064],[126.85929930000009,38.111050600000056],[126.85938710000005,38.11115580000006],[126.85952640000005,38.11132150000003],[126.86025960000006,38.11214280000007],[126.86104960000011,38.11293060000003],[126.86159200000009,38.11342320000006],[126.86215670000001,38.113899900000035],[126.86274290000006,38.114360100000056],[126.86334980000004,38.11480320000004],[126.86349930000006,38.11490840000005],[126.86400950000007,38.115257100000065],[126.86444960000006,38.115536200000065],[126.86461750000001,38.11568530000005],[126.86467140000002,38.115730400000075],[126.86560770000006,38.11647010000007],[126.86623080000004,38.116908300000034],[126.8665923000001,38.11717310000006],[126.8673060000001,38.11768370000004],[126.86738270000001,38.11773520000003],[126.86749060000011,38.11780720000007],[126.86826650000012,38.11829940000007],[126.86906890000012,38.118764300000066],[126.86989620000008,38.119201100000055],[126.87074690000009,38.119609000000025],[126.87161920000005,38.119987200000025],[126.87251170000002,38.12033500000007],[126.87342250000006,38.12065170000005],[126.87434990000008,38.12093670000007],[126.87548740000011,38.121237300000075],[126.87664340000003,38.12149030000006],[126.87683820000007,38.12152860000003],[126.87760870000011,38.12166890000003],[126.87838490000001,38.12178810000006],[126.87930620000009,38.121901200000025],[126.87960650000002,38.121933100000035],[126.88036340000008,38.122003300000074],[126.8811227000001,38.12205360000007],[126.88188380000008,38.122083700000076],[126.88264580000009,38.12209380000007],[126.88407570000004,38.12205830000005],[126.88540740000008,38.12195900000006],[126.8862018000001,38.122883100000024],[126.88687490000007,38.12362470000005],[126.88736560000007,38.12411140000006],[126.88762900000006,38.12449090000007],[126.88814510000009,38.125163100000066],[126.88869780000005,38.12581680000005],[126.88928610000005,38.126450900000066],[126.88990890000002,38.12706410000004],[126.89040810000006,38.12751860000003],[126.89092630000005,38.127959700000076],[126.89146280000011,38.128386900000066],[126.89201720000005,38.12879970000006],[126.8923840000001,38.12906380000004],[126.89308670000003,38.12954940000003],[126.89386270000011,38.13004160000003],[126.89466530000004,38.130506500000024],[126.89549270000009,38.130943400000035],[126.89634350000006,38.13135130000006],[126.89708440000004,38.131674900000064],[126.89784000000009,38.13197660000003],[126.89814930000011,38.13209440000003],[126.89919160000011,38.13246650000008],[126.90025630000002,38.13279670000003],[126.90087700000004,38.132967300000075],[126.90151240000012,38.13313370000003],[126.90203680000002,38.13326560000007],[126.90478480000002,38.133928000000026],[126.90677420000009,38.13443120000005],[126.90750780000008,38.13460610000004],[126.90843530000006,38.134813800000074],[126.90876000000003,38.135077300000034],[126.9094232000001,38.135573900000054],[126.90957630000003,38.135684000000026],[126.90981410000006,38.135982100000035],[126.91031390000012,38.13655780000005],[126.91084160000003,38.137117800000055],[126.91139640000006,38.137661200000025],[126.91226180000001,38.13843040000006],[126.91257420000011,38.13869260000007],[126.91311220000011,38.13912910000005],[126.91366870000002,38.13955100000004],[126.91401700000006,38.13980630000003],[126.91486850000001,38.140399900000034],[126.91548970000008,38.14079730000003],[126.91612820000012,38.14117720000007],[126.91678320000005,38.141539300000034],[126.91745380000009,38.14188290000004],[126.91799600000002,38.142150300000026],[126.91866800000003,38.14246910000003],[126.91931130000012,38.142751600000054],[126.91996580000011,38.143017600000064],[126.92063080000003,38.14326690000007],[126.92101880000007,38.14340030000005],[126.92129020000004,38.14372120000007],[126.9218787000001,38.14435530000003],[126.92250160000003,38.14496850000006],[126.92306950000011,38.145483100000035],[126.92366170000003,38.145980300000076],[126.92393260000006,38.146199300000035],[126.9247395000001,38.14682010000007],[126.92558420000012,38.14740870000003],[126.92632440000011,38.14787890000008],[126.92708880000009,38.14832450000006],[126.92732890000002,38.14845840000004],[126.92819250000002,38.14891720000003],[126.92908180000006,38.149344400000075],[126.93013260000009,38.14979500000004],[126.93018180000001,38.14981350000005],[126.9299701000001,38.150225300000045],[126.92980130000001,38.150573300000076],[126.92966920000003,38.150852400000076],[126.9293497000001,38.151595100000065],[126.92907140000011,38.152348000000075],[126.92883480000012,38.15310970000007],[126.92864050000003,38.15387890000005],[126.92856910000012,38.154197400000044],[126.9284166000001,38.15497790000006],[126.92830800000002,38.15575930000006],[126.92824260000009,38.15654370000004],[126.92822070000011,38.15732970000005],[126.92822690000003,38.15775590000004],[126.92823380000004,38.15798630000006],[126.92827010000008,38.15866530000005],[126.92833400000006,38.15929390000008],[126.92833430000007,38.15934230000005],[126.92830500000002,38.159623700000054],[126.92828060000011,38.160451900000055],[126.92829790000008,38.16115800000006],[126.92835030000003,38.16186300000004],[126.92837250000002,38.16208670000003],[126.92848430000004,38.16294820000007],[126.92864850000001,38.163804500000026],[126.92879630000004,38.16440660000006],[126.92896990000008,38.165004500000066],[126.92916910000008,38.16559730000006],[126.92939390000004,38.16618450000004],[126.92951700000003,38.16648740000005],[126.92980040000009,38.16714140000005],[126.93030910000004,38.16814990000006],[126.93066060000001,38.168740600000035],[126.93087430000003,38.16916280000004],[126.93125600000008,38.169835600000056],[126.93167230000006,38.17049560000004],[126.93212240000003,38.17114150000003],[126.93263880000006,38.17181370000003],[126.93319190000011,38.17246740000007],[126.93378050000001,38.17310150000003],[126.93440370000008,38.17371460000004],[126.93506020000007,38.17430580000007],[126.93574870000009,38.174873700000035],[126.93646790000003,38.17541740000007],[126.93721650000009,38.17593590000007],[126.93799310000009,38.176428000000044],[126.9387961000001,38.17689290000004],[126.93962410000006,38.17732980000005],[126.94047540000008,38.17773770000008],[126.94134850000012,38.17811590000008],[126.9422416000001,38.178463700000066],[126.94315310000002,38.17878030000003],[126.94371550000005,38.17894430000007],[126.9437458000001,38.17896090000005],[126.94389430000001,38.17909010000005],[126.9439963000001,38.17916230000003],[126.94400670000005,38.17919500000005],[126.94405760000006,38.179543900000056],[126.94410540000001,38.17975110000003],[126.94418470000005,38.18008390000006],[126.94436780000001,38.180776700000024],[126.9445902000001,38.18147770000007],[126.94426380000004,38.18191740000003],[126.9437845000001,38.18260650000008],[126.9433438000001,38.18331150000006],[126.94294250000007,38.18403100000006],[126.94258130000003,38.18476360000005],[126.94226090000006,38.18550790000006],[126.94198200000005,38.18626260000008],[126.94174500000008,38.18702620000005],[126.94155050000006,38.18779710000007],[126.94139870000004,38.18857410000004],[126.94129010000006,38.18935550000003],[126.94122470000002,38.19013990000008],[126.94120270000008,38.190925900000025],[126.94122420000008,38.191711800000064],[126.94128910000006,38.19249630000007],[126.94139730000006,38.19327770000007],[126.94154860000003,38.19405470000004],[126.94174270000008,38.19482580000005],[126.9419792000001,38.195589400000074],[126.94225770000003,38.196344200000055],[126.94257770000002,38.19708860000003],[126.94293850000008,38.197821400000066],[126.94333950000009,38.198541000000034],[126.9437799000001,38.19924610000004],[126.94425890000002,38.19993540000007],[126.9447755000001,38.20060760000007],[126.94532880000008,38.201261300000056],[126.94591770000011,38.20189530000005],[126.9465411000001,38.20250850000008],[126.94710780000003,38.203021600000056],[126.94769860000008,38.20351740000007],[126.94831270000009,38.20399530000003],[126.94871340000009,38.20428440000006],[126.94910690000006,38.20468550000004],[126.9494135000001,38.204979500000036],[126.94955010000001,38.20510920000004],[126.9502007000001,38.20569510000007],[126.9520199000001,38.20726330000008],[126.95358310000006,38.20869800000003],[126.95424330000003,38.20927800000004],[126.95493460000012,38.20983490000003],[126.95531670000003,38.21012960000007],[126.95594690000007,38.21059760000003],[126.95659910000006,38.211046500000066],[126.95732150000003,38.211505500000044],[126.95806700000003,38.211941000000024],[126.95885270000008,38.21238080000006],[126.9590578000001,38.21249000000006],[126.95951690000004,38.21298420000005],[126.96014040000011,38.213597400000026],[126.96020680000004,38.21365720000006],[126.96035880000011,38.213856100000044],[126.96084110000004,38.214435500000036],[126.96145990000002,38.21514860000008],[126.96152250000011,38.215220300000055],[126.96260820000009,38.21645220000005],[126.96271330000002,38.21658680000007],[126.96308950000002,38.21713500000004],[126.9633090000001,38.21783420000003],[126.9635578000001,38.21853050000004],[126.9638417000001,38.21921830000008],[126.96387980000009,38.219304600000044],[126.9639863000001,38.21954090000003],[126.96439150000003,38.22035740000007],[126.9648466000001,38.22115730000007],[126.96492910000006,38.22129330000007],[126.96532470000011,38.221914800000036],[126.96575050000001,38.22252370000007],[126.96626730000003,38.22319580000004],[126.96682080000005,38.22384960000005],[126.9674099,38.22448360000004],[126.96803350000005,38.225096800000074],[126.96825810000007,38.22530480000006],[126.96835560000011,38.22539370000004],[126.96896450000008,38.22592720000006],[126.96959980000008,38.226441100000045],[126.97026060000007,38.22693460000005],[126.97085230000005,38.22734150000008],[126.97094340000001,38.22740980000003],[126.97138020000011,38.22777050000008],[126.97192540000003,38.22818620000004],[126.9724877000001,38.22858740000004],[126.97284740000009,38.22883550000006],[126.9730651000001,38.22899030000008],[126.97367280000003,38.22940730000005],[126.97445000000005,38.22989940000008],[126.97525360000009,38.23036440000004],[126.9760821000001,38.23080120000003],[126.97693410000011,38.23120910000006],[126.97751920000007,38.231466700000055],[126.97780000000012,38.23158600000005],[126.97895050000011,38.23204270000008],[126.97928600000012,38.23215760000005],[126.97942730000011,38.23221230000007],[126.98031380000009,38.232564000000025],[126.9804683000001,38.23262090000003],[126.98138560000007,38.23293970000003],[126.98231980000003,38.233226400000035],[126.98308750000001,38.233434800000055],[126.98386410000012,38.23362140000006],[126.98464860000001,38.233786200000054],[126.98544000000004,38.23392890000008],[126.98586000000012,38.23399850000004],[126.98658660000001,38.23409920000006],[126.98709030000009,38.23460010000008],[126.98744990000012,38.234948200000076],[126.98765780000008,38.23514650000004],[126.98831660000008,38.23573920000007],[126.98900770000012,38.23630870000005],[126.98998970000002,38.23708300000004],[126.99008050000009,38.23715430000004],[126.99037360000011,38.237382800000034],[126.9904418000001,38.23762990000006],[126.9906099000001,38.23816890000006],[126.9908431,38.23885770000004],[126.99111060000007,38.239538700000026],[126.99127360000011,38.23992620000007],[126.99148780000007,38.24041230000006],[126.99197880000008,38.24138750000003],[126.99254100000007,38.24233860000004],[126.99277980000011,38.242713700000024],[126.99340880000011,38.24363400000004],[126.99365060000002,38.24395670000007],[126.99428200000011,38.24477950000005],[126.99468430000002,38.245284800000036],[126.99523290000002,38.245949100000075],[126.99583540000003,38.246642500000064],[126.9964781000001,38.24731300000008],[126.9968103000001,38.24764320000003],[126.9972044000001,38.24802420000003],[126.9972474000001,38.248064500000055],[126.99755240000002,38.24834960000004],[126.99815210000008,38.24888790000006],[126.99877850000007,38.24940710000004],[126.9994306000001,38.249906200000055],[127.00010730000008,38.25038440000003],[127.00029810000001,38.25051400000007],[127.00051580000002,38.25065990000007],[127.00113490000001,38.25105540000004],[127.00177120000001,38.251433700000064],[127.00242390000005,38.25179420000006],[127.00309200000004,38.25213650000006],[127.00330280000003,38.25224040000006],[127.00363500000003,38.25240110000004],[127.00383310000007,38.25249510000003],[127.00411640000004,38.25262740000005],[127.00454730000001,38.252825200000075],[127.00461750000011,38.25285730000007],[127.00479370000005,38.25293370000003],[127.00490910000008,38.25314180000004],[127.00545000000011,38.25404780000008],[127.0060539000001,38.25492860000003],[127.00657090000004,38.25560070000006],[127.00712460000011,38.25625450000007],[127.00771390000011,38.25688850000006],[127.00833780000005,38.257501700000034],[127.00899500000003,38.25809280000004],[127.00968430000012,38.25866080000003],[127.01040440000008,38.25920450000007],[127.01115390000007,38.25972290000004],[127.01193130000001,38.26021500000007],[127.01273530000003,38.260680000000036],[127.01356420000002,38.261116800000025],[127.01441650000004,38.26152470000005],[127.01529060000007,38.26190290000005],[127.01618470000005,38.26225060000007],[127.01683130000004,38.26247500000005],[127.01695070000005,38.26258240000004],[127.01764010000011,38.26315030000006],[127.01836020000007,38.263694100000066],[127.01910970000006,38.26421250000004],[127.01988720000008,38.26470460000007],[127.0206912000001,38.26516950000007],[127.02145990000008,38.265574600000036],[127.02155570000002,38.26569790000008],[127.02224160000003,38.26648360000007],[127.02264900000011,38.26692470000006],[127.02286450000008,38.26715430000007],[127.02303180000001,38.26732950000007],[127.02323920000003,38.26755550000007],[127.02368330000002,38.26804070000003],[127.02421020000008,38.26859360000003],[127.02481030000001,38.26919870000006],[127.02510130000007,38.26948610000005],[127.02571210000008,38.27007670000006],[127.02591550000011,38.270270700000026],[127.02651620000006,38.270812800000044],[127.02714380000009,38.27133560000004],[127.02753790000008,38.27165110000004],[127.02792480000005,38.27195340000003],[127.02818510000009,38.27215200000006],[127.02877610000007,38.272587300000055],[127.02938640000002,38.27300580000008],[127.0302832000001,38.27356960000003],[127.03065500000002,38.27379150000007],[127.03172250000011,38.274391500000036],[127.03283190000002,38.27494230000008],[127.03328970000007,38.27515530000005],[127.03347900000006,38.27524250000005],[127.03435330000002,38.27562070000005],[127.03524760000005,38.27596850000003],[127.03616030000012,38.27628510000005],[127.03708970000002,38.27657010000007],[127.03770620000012,38.276739200000065],[127.03813580000008,38.276851700000066],[127.03882980000003,38.27702370000003],[127.0395304000001,38.27717820000004],[127.04023680000012,38.27731510000007],[127.04094850000001,38.27743410000005],[127.04156540000008,38.277529300000026],[127.04198440000005,38.277590700000076],[127.04270800000006,38.27768190000006],[127.04343490000008,38.277754800000025],[127.04416440000011,38.277809200000036],[127.0448957000001,38.27784520000006],[127.04536940000003,38.277862500000026],[127.04642710000007,38.277881800000046],[127.04731950000007,38.27786320000007],[127.04761650000012,38.27798100000007],[127.04832110000007,38.27825240000004],[127.04903700000011,38.278504600000076],[127.0494490000001,38.27864310000007],[127.05059500000004,38.278999800000065],[127.05101320000006,38.27911620000003],[127.05141430000003,38.27922440000003],[127.0519455000001,38.279354100000035],[127.05202370000006,38.27941590000006],[127.05260250000003,38.279842200000076],[127.05266570000003,38.279887200000076],[127.05302170000004,38.28013140000007],[127.0530993000001,38.280529400000034],[127.05329360000007,38.28130050000004],[127.05353040000011,38.28206410000007],[127.05380930000001,38.28281890000005],[127.05412970000009,38.283563300000026],[127.05449090000002,38.28429600000004],[127.05489240000009,38.285015600000065],[127.05533330000003,38.285720800000036],[127.05581280000001,38.286410000000046],[127.05633010000008,38.28708220000004],[127.05688400000008,38.28773590000003],[127.0574736000001,38.28836990000008],[127.05809780000004,38.28898310000005],[127.05875530000003,38.28957420000006],[127.05944490000002,38.29014220000005],[127.06016520000003,38.29068590000003],[127.06091500000002,38.29120430000006],[127.06169280000006,38.291696400000035],[127.06249710000009,38.292161400000055],[127.06332640000005,38.29259820000004],[127.06417910000005,38.29300610000007],[127.06529480000006,38.293481900000074],[127.06644230000006,38.29390810000007],[127.06676390000007,38.29401910000007],[127.06743380000012,38.29424030000007],[127.06811220000009,38.29444470000004],[127.06926460000011,38.29474820000007],[127.0704359,38.29500310000003],[127.07061260000012,38.29503760000006],[127.0713727000001,38.295175200000074],[127.07213830000012,38.29529220000006],[127.07298370000001,38.29539690000007],[127.07402680000007,38.29551040000007],[127.07438020000006,38.29554660000008],[127.07508260000009,38.295614200000045],[127.07583340000008,38.29567650000007],[127.07658640000011,38.29571930000003],[127.07719000000009,38.295745700000055],[127.07792360000008,38.29576180000004],[127.07800270000007,38.29585520000006],[127.07859240000005,38.29648920000005],[127.07921660000011,38.29710240000003],[127.07987420000006,38.29769350000004],[127.08056390000002,38.29826150000008],[127.0812843000001,38.29880520000006],[127.08203420000007,38.29932360000004],[127.08281210000007,38.29981570000007],[127.08361650000006,38.300280600000065],[127.0844459000001,38.300717500000076],[127.0852986000001,38.301125400000046],[127.08617320000008,38.301503600000046],[127.08706780000011,38.30185130000007],[127.08765600000004,38.30205530000006],[127.08769170000005,38.30208770000007],[127.08819390000008,38.30251560000005],[127.08847370000001,38.302746300000024],[127.08878930000003,38.30299270000006],[127.08892320000007,38.30314800000008],[127.09035770000003,38.30475500000006],[127.0908928,38.30532990000006],[127.09145630000012,38.30588760000006],[127.09207690000005,38.30647750000003],[127.09216140000001,38.306557300000065],[127.09263520000002,38.30698840000008],[127.09312620000003,38.30740750000007],[127.09363370000005,38.30781410000003],[127.0941573,38.30820780000005],[127.09492640000008,38.308768100000066],[127.09574830000008,38.30933870000007],[127.09681430000012,38.31000220000004],[127.09792840000011,38.310614600000065],[127.09870950000004,38.31101730000006],[127.09979410000005,38.31154310000005],[127.10066880000011,38.31192130000005],[127.10156350000011,38.31226910000004],[127.10247670000001,38.31258570000006],[127.10340660000008,38.312870700000076],[127.10355030000005,38.31291150000004],[127.10396480000009,38.313023100000066],[127.10469080000007,38.31333470000004],[127.10542970000006,38.313630000000046],[127.10573410000006,38.313746200000026],[127.1067465000001,38.31410790000007],[127.10678570000005,38.31412400000005],[127.10748130000002,38.31442990000005],[127.10791110000002,38.314602200000024],[127.10815170000001,38.31471620000008],[127.10903800000006,38.31509900000003],[127.10909200000003,38.31530580000003],[127.10917730000006,38.31566570000007],[127.10923030000004,38.315877700000044],[127.10939370000006,38.316476900000055],[127.10958290000008,38.31707140000003],[127.10964500000011,38.31725360000007],[127.11000410000008,38.318201300000055],[127.11009830000012,38.31842690000008],[127.11033220000002,38.31895950000006],[127.11062220000008,38.31955460000006],[127.11093870000002,38.32014120000008],[127.11104060000002,38.32032120000008],[127.11155190000011,38.321164700000054],[127.11211810000009,38.321986200000026],[127.11283480000009,38.32290050000006],[127.11361940000006,38.323779400000035],[127.11377270000003,38.32394080000006],[127.11455750000005,38.32472050000007],[127.11519390000001,38.32529320000003],[127.11586050000005,38.32584430000003],[127.11620640000001,38.326118300000076],[127.11694850000003,38.326680500000066],[127.11772200000007,38.32721570000007],[127.11859970000012,38.32776780000006],[127.11951090000002,38.32828520000004],[127.12010690000011,38.32860640000007],[127.12083630000006,38.32898360000007],[127.12158660000011,38.329340100000024],[127.1220800000001,38.32956440000004],[127.12295670000003,38.32994300000007],[127.12385360000007,38.33029110000007],[127.12431550000008,38.33046060000004],[127.12490170000001,38.33066790000004],[127.1253885000001,38.33083360000006],[127.12663550000002,38.331224200000065],[127.1276468000001,38.331493300000034],[127.12814780000008,38.33161650000005],[127.12891400000001,38.33179330000007],[127.12968750000005,38.33194890000004],[127.13060710000002,38.33212050000003],[127.13190710000003,38.33233190000004],[127.1329055000001,38.332452800000056],[127.13390980000008,38.332538800000066],[127.1346847000001,38.33259160000006],[127.1356684000001,38.33264170000007],[127.13665390000006,38.332658500000036],[127.13752620000002,38.33264540000005],[127.13824230000012,38.33262380000008],[127.13880410000002,38.332613200000026],[127.1397204000001,38.33258150000006],[127.14048790000004,38.33254270000003],[127.14174590000005,38.33245150000005],[127.14299570000003,38.33230580000003],[127.14435130000004,38.332084000000066],[127.14483980000011,38.331991800000026],[127.14589110000009,38.331772500000056],[127.14692800000012,38.33151400000003],[127.1474981,38.33136010000004],[127.14768580000009,38.331309600000054],[127.14812790000008,38.331186900000034],[127.14905800000008,38.33090190000007],[127.1499715000001,38.33058520000003],[127.1508665,38.33023750000007],[127.1517414000001,38.32985930000007],[127.15272510000011,38.32938530000007],[127.15367720000006,38.32887290000008],[127.15399250000007,38.328693900000076],[127.15466690000005,38.32829590000006],[127.15532220000011,38.327878500000054],[127.15611630000001,38.327328400000056],[127.15687720000005,38.32674990000004],[127.15711190000002,38.32656300000008],[127.15775800000006,38.326026900000045],[127.1579058000001,38.325893800000074],[127.15810510000006,38.325776500000075],[127.15905550000002,38.32518920000007],[127.15964410000004,38.32481290000004],[127.1596968,38.32477780000005],[127.16015440000001,38.32491680000004],[127.16050770000004,38.32501550000006],[127.16374940000003,38.32589800000005],[127.16618710000012,38.32656170000007],[127.16931580000005,38.32741340000007],[127.1718919000001,38.32811470000007],[127.17580730000009,38.329219300000034],[127.17927300000008,38.33019710000008],[127.18220110000004,38.33106770000006],[127.18425720000005,38.33167910000003],[127.18697630000008,38.33259540000006],[127.18956150000008,38.33351540000007],[127.19204680000007,38.33439990000005],[127.19426470000008,38.33518920000006],[127.19680990000006,38.33619280000005],[127.19917380000004,38.33712500000007],[127.2020864000001,38.33829760000003],[127.20480060000011,38.339392400000065],[127.20524250000005,38.339832200000046],[127.20597650000002,38.34048830000006],[127.20675000000006,38.34111560000008],[127.2071850000001,38.34145170000005],[127.20782930000007,38.341930500000046],[127.20849670000007,38.342389300000036],[127.20927500000005,38.34288150000003],[127.2100799000001,38.34334640000003],[127.21090980000008,38.343783200000075],[127.21176300000002,38.344191100000046],[127.21241080000004,38.34447480000006],[127.21324390000007,38.344825900000046],[127.21344190000002,38.34490830000004],[127.21673540000006,38.34626360000004],[127.21775610000009,38.346658500000046],[127.22108070000002,38.347864800000025],[127.22216950000006,38.34823320000004],[127.2249561000001,38.34910940000003],[127.22561270000006,38.34930670000006],[127.22567420000007,38.34932420000007],[127.22864880000009,38.35016940000003],[127.22938540000007,38.35036760000003],[127.2314828000001,38.35090080000003],[127.23223590000009,38.351080900000056],[127.23299630000008,38.35124060000004],[127.23376330000008,38.35137960000003],[127.23453590000008,38.35149770000004],[127.23591890000012,38.35165570000004],[127.23636820000002,38.35167640000003],[127.23651210000003,38.351693400000045],[127.23663490000001,38.35170700000003],[127.23709880000001,38.35181600000004],[127.23783420000007,38.35194790000003],[127.23857490000012,38.35206070000004],[127.23956150000004,38.352180400000066],[127.24055380000004,38.35226600000004],[127.24155000000007,38.35231740000006],[127.24254800000006,38.35233450000004],[127.24354600000004,38.35231740000006],[127.24454220000007,38.35226600000004],[127.24553450000008,38.352180400000066],[127.24652120000007,38.35206070000004],[127.2475002000001,38.35190730000005],[127.24846990000003,38.351720500000056],[127.24942820000001,38.35150040000008],[127.25037350000002,38.351247700000044],[127.25130380000007,38.350962700000025],[127.25221750000003,38.35064600000004],[127.25311280000005,38.35029830000008],[127.25398790000008,38.34992010000008],[127.2548412000001,38.34951220000005],[127.25567110000009,38.34907540000006],[127.2564761000001,38.34861050000006],[127.25725450000004,38.34811830000007],[127.2577424000001,38.34778650000004],[127.25836840000011,38.347348400000044],[127.25891830000012,38.346950700000036],[127.2594514000001,38.34653920000005],[127.2603557000001,38.34581790000004],[127.26444650000008,38.34563440000005],[127.26532610000004,38.34558150000004],[127.26620250000008,38.345501900000045],[127.27022250000005,38.34507480000008],[127.27113680000002,38.344962800000076],[127.27123140000003,38.34494950000004],[127.27468520000002,38.344457900000066],[127.27736890000006,38.344075900000064],[127.28095150000001,38.34358690000005],[127.2810177,38.34357780000005],[127.28151360000004,38.34350440000003],[127.28469770000004,38.343004800000074],[127.28869580000003,38.342380200000036],[127.28937780000001,38.34226510000008],[127.29404290000002,38.341418900000065],[127.29532890000007,38.34115440000005],[127.29659320000007,38.340831500000036],[127.29859760000011,38.34026840000007],[127.29873730000008,38.34022870000007],[127.29979340000011,38.33990230000006],[127.30082760000005,38.339535100000035],[127.30173570000011,38.33919100000003],[127.30250500000011,38.33888540000004],[127.3032591000001,38.33855710000006],[127.30411230000004,38.33814920000003],[127.30494210000006,38.33771240000004],[127.30574690000003,38.337247500000046],[127.30652520000001,38.33675530000005],[127.30756070000007,38.336027400000035],[127.30779260000008,38.33584330000008],[127.30794270000001,38.335884200000066],[127.3087703000001,38.336128400000064],[127.3096064,38.33637410000006],[127.30977770000004,38.33642390000006],[127.3107017000001,38.33667140000006],[127.31161540000005,38.336892800000044],[127.31178060000002,38.33694120000007],[127.31240020000007,38.33715140000004],[127.31319540000004,38.33739280000003],[127.31422960000009,38.337667500000066],[127.31473480000011,38.33779120000003],[127.31564380000009,38.33799760000005],[127.31656280000004,38.33817430000005],[127.31700110000008,38.33825100000007],[127.31799020000005,38.338406200000065],[127.31897430000004,38.338525600000025],[127.31949020000002,38.33857910000006],[127.32067510000002,38.33867740000005],[127.32186490000004,38.33872700000006],[127.32230790000006,38.33873640000007],[127.32292140000004,38.33874290000006],[127.32355940000002,38.338735900000074],[127.3241207000001,38.33872350000007],[127.32476580000002,38.33870220000006],[127.32491470000002,38.33869560000005],[127.32585940000001,38.33921940000005],[127.32636450000007,38.339482900000064],[127.32755720000011,38.34006450000004],[127.32808690000002,38.34029810000004],[127.32863640000005,38.34053300000005],[127.32900900000004,38.34070060000005],[127.32928780000009,38.34090740000005],[127.3298559000001,38.341314100000034],[127.3305362000001,38.34178220000007],[127.33126990000005,38.342247300000054],[127.33197700000005,38.34267690000007],[127.33307700000012,38.343305100000066],[127.33422250000001,38.34388080000008],[127.3347434000001,38.34412570000006],[127.33503030000008,38.34425840000006],[127.33604190000005,38.34469210000003],[127.33707990000005,38.34508520000003],[127.3373739000001,38.34518940000004],[127.33815020000009,38.34545120000007],[127.33893830000011,38.345690200000035],[127.33929710000007,38.345790400000055],[127.33982830000002,38.34593490000003],[127.34071150000011,38.34615940000003],[127.34160550000001,38.34635550000007],[127.34206920000008,38.34644920000005],[127.3429235000001,38.34660830000007],[127.34378500000003,38.34674140000004],[127.34450000000004,38.346831500000064],[127.34497750000003,38.34688570000003],[127.3457883000001,38.34696590000004],[127.3466022,38.347023300000046],[127.3474182000001,38.34705780000007],[127.34823520000009,38.347069300000044],[127.34837570000002,38.34706890000007],[127.3485740000001,38.347068000000036],[127.34944880000012,38.347050600000046],[127.35032220000005,38.34700680000003],[127.35119280000004,38.34693680000004],[127.35205930000006,38.346840600000064],[127.35232470000005,38.34680700000007],[127.35267160000001,38.34676100000007],[127.35347190000005,38.34663820000003],[127.3542662000001,38.346493000000066],[127.35503810000012,38.34633050000008],[127.35513040000001,38.346331200000066],[127.35546610000006,38.34632480000005],[127.35614040000007,38.346304100000054],[127.3565549000001,38.34628660000004],[127.35750100000007,38.34623110000007],[127.35844320000001,38.346144700000025],[127.35872250000011,38.346114500000056],[127.35958030000006,38.34600850000004],[127.36014080000007,38.34592500000008],[127.36032110000008,38.34589620000003],[127.3617564000001,38.34664290000006],[127.36383910000006,38.347726400000056],[127.3646222000001,38.348234500000046],[127.3655480000001,38.34880440000006],[127.36650980000002,38.34933610000007],[127.36748290000003,38.34984530000003],[127.36753050000004,38.34987010000003],[127.36868970000012,38.35047320000007],[127.36904950000007,38.35065670000006],[127.36979050000002,38.351026700000034],[127.37060090000011,38.35141310000006],[127.37143220000007,38.351773200000025],[127.37228170000003,38.352105900000026],[127.37314800000001,38.35241060000004],[127.37402960000009,38.35268670000005],[127.37481780000007,38.352918800000054],[127.37500330000012,38.352972700000066],[127.37594860000002,38.35322540000004],[127.37690700000007,38.35344550000008],[127.37787670000012,38.35363230000007],[127.37885580000011,38.35378570000006],[127.37984230000006,38.353905300000065],[127.38083460000007,38.35399090000004],[127.38183070000002,38.354042400000026],[127.38282860000004,38.35405950000006],[127.3860264000001,38.35405950000006],[127.38702440000009,38.354042400000026],[127.38802040000007,38.35399090000004],[127.38901270000008,38.353905300000065],[127.38999920000003,38.35378570000006],[127.39097830000003,38.35363230000007],[127.39194800000007,38.35344550000008],[127.39290640000002,38.35322540000004],[127.39385170000003,38.352972700000066],[127.39459090000003,38.35274930000003],[127.39561010000011,38.35242520000003],[127.39634680000006,38.35217910000006],[127.39707220000003,38.351912800000036],[127.39778520000004,38.351626700000054],[127.39790240000002,38.351575500000024],[127.39838290000012,38.35161700000003],[127.39937900000007,38.35166840000005],[127.40037700000005,38.35168550000003],[127.40096160000007,38.351679700000034],[127.4027000000001,38.35164460000004],[127.40388230000008,38.35159670000007],[127.40505980000012,38.35150070000003],[127.4067698,38.35132580000004],[127.40914210000005,38.351082000000076],[127.41008510000006,38.350969200000065],[127.41110440000011,38.350830200000075],[127.41117310000004,38.35082070000004],[127.41215210000007,38.35066740000008],[127.41312180000011,38.35048050000006],[127.41408010000009,38.350260400000025],[127.4150254000001,38.35000770000005],[127.41577010000003,38.34978250000006],[127.41650450000009,38.349537000000055],[127.41722750000008,38.34927150000004],[127.41793840000003,38.348986300000035],[127.41893450000009,38.34856920000004],[127.4196356000001,38.348263100000054],[127.42028360000006,38.347957000000065],[127.42090500000006,38.34763480000004],[127.42095780000011,38.347612800000036],[127.42170060000001,38.34738600000003],[127.42249890000005,38.34711420000008],[127.42404160000001,38.34656160000003],[127.42427750000002,38.34650370000003],[127.4253715000001,38.34625730000005],[127.42689990000008,38.34598100000005],[127.42762970000001,38.345839100000035],[127.42955340000003,38.34543540000004],[127.43013150000002,38.34531430000004],[127.43082970000012,38.34516140000005],[127.43112830000007,38.34509230000003],[127.43260350000003,38.34474620000003],[127.4338828000001,38.34441270000008],[127.43473860000006,38.34415190000004],[127.43558040000005,38.343864300000064],[127.43614190000005,38.34366180000006],[127.4362698000001,38.34361530000007],[127.43658310000001,38.34350040000004],[127.43748760000005,38.343149700000026],[127.43837150000002,38.34276780000005],[127.43843340000001,38.34273960000007],[127.43903890000001,38.34246220000006],[127.43987540000012,38.34205980000007],[127.44068930000003,38.34162960000003],[127.44147900000007,38.34117230000004],[127.44224310000004,38.340688700000044],[127.44234110000002,38.34062360000007],[127.4425523000001,38.34048240000004],[127.44327540000006,38.33997780000004],[127.4439708000001,38.33944960000008],[127.4446372000001,38.33889880000004],[127.4452735000001,38.33832630000006],[127.44589810000002,38.33771320000005],[127.44648810000001,38.33707910000004],[127.4470424000001,38.33642540000005],[127.44715000000008,38.336285700000076],[127.44793930000003,38.33603010000007],[127.44826230000001,38.33592720000007],[127.44861030000004,38.336021800000026],[127.44935320000002,38.33620160000004],[127.44952690000002,38.33624110000005],[127.45070650000002,38.33648290000008],[127.45190080000009,38.33667470000006],[127.45268070000009,38.33677220000004],[127.45346440000003,38.336848400000065],[127.45360080000012,38.33685970000005],[127.45480340000006,38.33693480000005],[127.45600940000008,38.33695990000007],[127.45713110000008,38.33693820000008],[127.45726760000002,38.33693290000008],[127.45839450000005,38.33686730000005],[127.45951590000004,38.33675800000003],[127.4596140000001,38.33674650000006],[127.4602162000001,38.33666930000004],[127.46141470000009,38.33647670000005],[127.46259830000008,38.336233900000025],[127.46265610000012,38.33622070000007],[127.46339490000003,38.33604170000007],[127.4641256000001,38.335843100000034],[127.46419700000001,38.33582250000006],[127.46455200000003,38.33571970000003],[127.4648241000001,38.33574310000006],[127.46582000000001,38.33579460000004],[127.46627720000004,38.335802400000034],[127.46676040000011,38.33583850000008],[127.46762280000007,38.33587700000004],[127.46848650000004,38.335889800000075],[127.46879730000012,38.335888200000056],[127.46902220000004,38.33588580000003],[127.46994210000003,38.33586130000003],[127.47085990000005,38.335807800000055],[127.47177420000003,38.33572520000007],[127.4726836000001,38.335613600000045],[127.47406870000009,38.33538620000007],[127.47543330000008,38.33509180000004],[127.4757092000001,38.33502500000003],[127.47609840000007,38.33492210000003],[127.4767048000001,38.334869800000035],[127.47747700000002,38.33478210000004],[127.47771610000007,38.33475170000003],[127.47804010000004,38.334708600000056],[127.47901890000003,38.33455520000007],[127.48000250000007,38.33436780000005],[127.48083500000007,38.334217600000045],[127.48136480000005,38.33411190000004],[127.48177910000004,38.33402600000005],[127.48229000000003,38.333916000000045],[127.48319300000003,38.333705800000075],[127.4840842000001,38.33346650000004],[127.4850143000001,38.33318150000008],[127.48592780000001,38.33286480000004],[127.48682280000003,38.332517100000075],[127.48769770000001,38.332138900000075],[127.4883430000001,38.33183410000004],[127.48897520000003,38.331512700000076],[127.48959370000011,38.331175200000075],[127.49019770000007,38.33082180000008],[127.49036590000003,38.33071990000008],[127.4911317000001,38.33023520000006],[127.49188190000007,38.32971680000003],[127.49260270000002,38.32917310000005],[127.4932927000001,38.32860520000003],[127.4939505000001,38.328014100000075],[127.49478440000007,38.32718240000003],[127.49490920000005,38.327050100000065],[127.49566740000012,38.32619600000004],[127.49636150000003,38.32530870000005],[127.49674500000003,38.32476370000006],[127.49710430000005,38.324208500000054],[127.4974390000001,38.32364380000007],[127.49774880000007,38.32307040000006],[127.49785100000008,38.322871700000064],[127.4980293000001,38.322506100000055],[127.49815750000005,38.32246040000007],[127.49900860000002,38.322139900000025],[127.49932300000012,38.32201520000007],[127.50047410000002,38.321525500000064],[127.50160770000002,38.320974500000034],[127.50212810000005,38.320687200000066],[127.50221360000012,38.320751200000075],[127.50312250000002,38.32139570000004],[127.50351150000006,38.32165710000004],[127.50364920000004,38.321748900000046],[127.50468280000007,38.322393300000044],[127.50576170000011,38.32298970000005],[127.50600140000006,38.32311420000008],[127.50715420000006,38.323675200000025],[127.50798840000004,38.32403670000008],[127.5082278000001,38.32413530000008],[127.50868130000003,38.324317300000075],[127.50911460000009,38.324486300000046],[127.50935820000007,38.32457990000006],[127.50966030000006,38.32469430000003],[127.51069030000008,38.325059800000076],[127.51174190000006,38.32538480000005],[127.51282660000004,38.32567190000003],[127.51304940000011,38.32572600000003],[127.51332160000004,38.32578490000003],[127.51384790000009,38.326179600000046],[127.51451630000008,38.32664310000007],[127.51493140000002,38.326919900000064],[127.5154424000001,38.32728840000004],[127.51607640000009,38.32774990000007],[127.51636700000006,38.327957800000036],[127.51695150000012,38.328368900000044],[127.51705470000002,38.328444500000046],[127.51742110000009,38.328707000000065],[127.51783260000002,38.328995500000076],[127.5182612000001,38.329305100000056],[127.51899450000008,38.32981240000004],[127.5198875000001,38.33040410000007],[127.52024940000001,38.330638700000065],[127.52043420000007,38.330756000000065],[127.52113290000011,38.33118230000008],[127.52185210000005,38.33158700000007],[127.52259060000006,38.33196950000007],[127.52334730000007,38.332329300000026],[127.52401180000004,38.33262010000004],[127.52417480000008,38.33268860000004],[127.52502770000001,38.333029500000066],[127.52589790000002,38.33334200000007],[127.52652590000002,38.33355510000007],[127.52693540000007,38.33369040000008],[127.52799730000004,38.334031700000025],[127.52805940000007,38.334051300000056],[127.5281715000001,38.334154700000056],[127.52829650000001,38.33426790000004],[127.52838350000002,38.33435470000006],[127.52881330000002,38.334770700000036],[127.52897440000004,38.33492030000008],[127.52916940000011,38.33508860000006],[127.52938660000007,38.33529280000005],[127.52973920000011,38.33562920000003],[127.52980420000006,38.33569790000007],[127.53055600000005,38.336369200000036],[127.53067400000009,38.336469400000055],[127.53105300000004,38.33691630000004],[127.53164300000003,38.337550400000055],[127.5322675000001,38.338163500000064],[127.53279410000005,38.338640800000064],[127.53334170000005,38.339103100000045],[127.53390950000005,38.339550100000054],[127.53449690000002,38.339981100000045],[127.5345430000001,38.34001370000004],[127.53513280000004,38.340417400000035],[127.53591110000002,38.340909500000066],[127.53671600000007,38.34137440000006],[127.53754580000009,38.341811300000074],[127.5383991000001,38.342219200000045],[127.5392687000001,38.34259510000004],[127.54015820000006,38.34294100000005],[127.54106590000004,38.34325620000004],[127.54199010000002,38.343540200000064],[127.54221860000007,38.34360590000006],[127.54350340000008,38.34394130000004],[127.5440592000001,38.34405670000007],[127.54479910000009,38.344214700000066],[127.5452838000001,38.344332300000076],[127.54565230000003,38.344413100000054],[127.54660630000001,38.34461550000003],[127.5472334000001,38.34474110000008],[127.54754360000004,38.344799600000044],[127.54785670000001,38.34486440000006],[127.5479937,38.344892300000026],[127.54847550000011,38.344989500000054],[127.54961980000007,38.34519110000008],[127.54984190000005,38.345234600000026],[127.5504734000001,38.345374900000024],[127.55199900000002,38.34571150000005],[127.5523654000001,38.345798100000025],[127.55260480000004,38.34585560000005],[127.55273860000011,38.34589790000007],[127.55321010000011,38.34607690000007],[127.55426920000002,38.34643440000008],[127.55467600000009,38.34656220000005],[127.55549970000004,38.346830200000056],[127.55640850000009,38.34710820000004],[127.55695010000011,38.34725750000007],[127.55841720000001,38.347645500000056],[127.55872660000011,38.34773930000006],[127.55916160000004,38.348078900000075],[127.55929440000011,38.348176300000034],[127.56018340000003,38.348795600000074],[127.56111990000011,38.349382400000025],[127.56132020000007,38.34950130000004],[127.56246160000012,38.35013680000003],[127.56365100000005,38.35071480000005],[127.56406670000001,38.35093490000003],[127.56447130000004,38.35115220000006],[127.5651865000001,38.35152100000005],[127.56591860000003,38.35186840000006],[127.56679370000006,38.35224660000006],[127.56768900000009,38.352594400000044],[127.56860270000004,38.35291110000003],[127.56953310000006,38.353196000000025],[127.57047840000007,38.35344880000008],[127.57143680000001,38.35366880000004],[127.57240640000009,38.353855700000054],[127.57338550000009,38.35400910000004],[127.57437220000008,38.35412870000005],[127.57536460000006,38.35421430000008],[127.57636070000001,38.35426570000004],[127.57735960000002,38.354282900000044],[127.58112050000011,38.35428260000003],[127.58484700000008,38.35428230000008],[127.58916540000007,38.35428200000007],[127.59330630000011,38.35428170000006],[127.59679640000002,38.35428150000007],[127.60010910000005,38.35428120000006],[127.60354890000008,38.35428100000007],[127.6072703000001,38.35428030000003],[127.61101130000009,38.354279500000075],[127.61200780000001,38.35426220000005],[127.61300240000003,38.35421080000003],[127.6139932000001,38.354125200000055],[127.61497840000004,38.35400570000007],[127.61595750000004,38.35385240000005],[127.61692720000008,38.353665500000034],[127.61788560000002,38.353445400000055],[127.61883080000007,38.35319270000008],[127.61976120000008,38.35290770000006],[127.62067490000004,38.352591000000075],[127.62157020000006,38.352243300000055],[127.6224453000001,38.351865100000055],[127.62329870000008,38.35145720000003],[127.62412860000006,38.35102040000004],[127.62493360000008,38.35055550000004],[127.62571200000002,38.350063300000045],[127.62617200000011,38.349751000000026],[127.6265648000001,38.349477000000036],[127.62759200000005,38.34877330000006],[127.6282268000001,38.348321800000065],[127.62883970000007,38.34785190000008],[127.62919320000003,38.34757060000004],[127.63003810000009,38.346860700000036],[127.63059460000011,38.34636700000004],[127.63101480000012,38.34598360000007],[127.63146240000003,38.34554990000004],[127.63170680000007,38.34530540000003],[127.63255190000007,38.34440360000008],[127.63289860000009,38.34400850000003],[127.63299210000002,38.34389720000007],[127.63330930000006,38.343889200000035],[127.63412380000011,38.343857300000025],[127.63493630000005,38.34380240000007],[127.63574580000011,38.34372490000004],[127.6365512000001,38.343624600000055],[127.63672480000002,38.34360000000004],[127.6371971000001,38.343531400000074],[127.63779000000011,38.34343380000007],[127.63821130000008,38.34353050000004],[127.63918080000008,38.34371740000006],[127.6401598000001,38.34387080000005],[127.64155260000007,38.34402970000008],[127.64166560000001,38.344039800000076],[127.64190380000002,38.34406130000008],[127.64320550000002,38.34414940000005],[127.64451140000006,38.34417870000004],[127.64575780000007,38.344152000000065],[127.64614160000008,38.34412720000006],[127.64622140000006,38.344128100000034],[127.64721780000002,38.34418560000006],[127.64821570000004,38.34420270000004],[127.64921370000002,38.34418560000006],[127.65020970000012,38.344134100000076],[127.65120190000005,38.34404850000004],[127.65218840000011,38.34392890000004],[127.65247080000006,38.34388830000006],[127.65252470000007,38.34388020000006],[127.65343120000011,38.34373000000005],[127.65428940000004,38.34355890000006],[127.65432940000005,38.34355470000003],[127.65455470000006,38.34355540000007],[127.65460680000001,38.34355400000004],[127.65540870000007,38.34352130000008],[127.6562087000001,38.343466500000034],[127.65700580000009,38.34338960000008],[127.6577989000001,38.34329070000007],[127.65841610000007,38.34319440000007],[127.65937660000009,38.34341550000005],[127.66034610000008,38.343602400000066],[127.66132510000011,38.343755800000054],[127.66212760000008,38.34385570000006],[127.66293420000011,38.34393310000007],[127.66374370000005,38.34398790000006],[127.66455510000003,38.34402010000008],[127.66466140000011,38.34402280000006],[127.66540400000008,38.34403230000004],[127.66640200000006,38.344015100000036],[127.66739800000005,38.343963700000074],[127.66839020000009,38.34387810000004],[127.66937670000004,38.343758500000035],[127.67035570000007,38.34360510000005],[127.67132520000007,38.34341820000003],[127.67228350000005,38.343198200000074],[127.67322860000002,38.342945400000076],[127.67415890000007,38.34266050000008],[127.67441760000008,38.34257080000003],[127.67459530000008,38.34259210000005],[127.67503290000002,38.342627900000025],[127.67564850000008,38.34272430000004],[127.67583530000002,38.34274700000003],[127.67634110000006,38.343346600000075],[127.67691260000004,38.34395230000007],[127.67696690000002,38.34401290000005],[127.67747140000006,38.34458530000006],[127.67800060000002,38.34514530000007],[127.6785569000001,38.345688600000074],[127.67921490000003,38.346279700000025],[127.67946040000004,38.34648180000005],[127.67974030000005,38.346753600000056],[127.67992040000001,38.34692060000003],[127.68024120000007,38.347214500000064],[127.68086080000012,38.347759300000064],[127.68150790000004,38.34828380000005],[127.68218160000004,38.34878720000006],[127.68288060000009,38.34926860000007],[127.68364730000008,38.349753700000065],[127.68443980000006,38.35021230000007],[127.68507100000011,38.350561500000026],[127.68591270000002,38.351005400000076],[127.6867784000001,38.35141950000008],[127.68743100000006,38.351705200000026],[127.68809510000006,38.35197400000004],[127.68877010000006,38.35222550000003],[127.68945740000004,38.35245430000003],[127.68983230000003,38.35260990000006],[127.69072760000006,38.35295770000005],[127.69164130000001,38.353274300000066],[127.69257170000003,38.35355930000003],[127.69348510000009,38.35380410000005],[127.69441080000001,38.35401840000003],[127.69534720000001,38.35420170000003],[127.6962926000001,38.35435380000007],[127.69734810000011,38.35450540000005],[127.69747940000002,38.35452390000006],[127.69846600000005,38.354643500000066],[127.69945840000003,38.35472910000004],[127.70045460000006,38.354780600000026],[127.70145260000004,38.35479770000006],[127.70276290000004,38.35476810000006],[127.70406890000004,38.35467950000003],[127.70563460000005,38.35453760000007],[127.70699120000006,38.354382000000044],[127.70797030000006,38.354228600000056],[127.7089400000001,38.35404170000004],[127.70989840000004,38.353821700000026],[127.71084370000005,38.35356890000003],[127.71142020000002,38.353392400000075],[127.71170800000004,38.35338870000004],[127.71201850000011,38.35337670000007],[127.71263340000007,38.35339090000008],[127.71315120000008,38.353386200000045],[127.71383810000009,38.35337400000003],[127.71470610000006,38.353345500000046],[127.71557220000011,38.353291100000035],[127.71643500000005,38.353210800000056],[127.71729330000005,38.35310480000004],[127.71826060000001,38.35295350000007],[127.71921870000006,38.35276950000008],[127.71982920000005,38.35263000000003],[127.71998510000003,38.35274950000007],[127.7206738000001,38.35323610000006],[127.72118230000001,38.35358100000008],[127.72140450000006,38.35372970000003],[127.72218300000009,38.35422190000003],[127.72298790000002,38.354686800000025],[127.72381790000009,38.35512360000007],[127.72467130000007,38.35553150000004],[127.72573870000008,38.35597640000003],[127.72589060000007,38.35603720000006],[127.72678790000009,38.35637970000005],[127.72682730000008,38.35639390000006],[127.7271740000001,38.356514600000025],[127.72770240000011,38.35669420000005],[127.7278983000001,38.35675680000003],[127.72863250000012,38.35698030000003],[127.72957780000002,38.357233000000065],[127.73053620000007,38.35745300000008],[127.73150590000012,38.35763990000004],[127.73248510000008,38.357793300000026],[127.73347180000007,38.35791290000003],[127.73446420000005,38.357998500000065],[127.73491450000006,38.358021800000074],[127.73506700000007,38.35803140000007],[127.73594430000003,38.35812150000004],[127.73670090000007,38.35817960000003],[127.73732180000002,38.35821540000006],[127.73737660000006,38.35822220000006],[127.73835560000009,38.358379300000024],[127.73934230000009,38.35849890000003],[127.74033470000006,38.35858450000006],[127.7413309000001,38.358635900000024],[127.7423291,38.358653100000026],[127.74332720000007,38.358635900000024],[127.7443234000001,38.35858450000006],[127.74531580000007,38.35849890000003],[127.74630260000004,38.358379300000024],[127.74728170000003,38.358225900000036],[127.74825140000007,38.358039000000076],[127.7492099000001,38.35781900000006],[127.75015520000011,38.357566200000065],[127.75108570000009,38.357281200000045],[127.75199940000005,38.356964600000026],[127.75289470000007,38.35661680000004],[127.75376990000007,38.35623860000004],[127.75462330000005,38.35583070000007],[127.75488990000008,38.35569050000004],[127.75516490000007,38.35574370000006],[127.7554110000001,38.355787400000054],[127.75646900000004,38.35595470000004],[127.75724120000007,38.35605130000005],[127.75801730000012,38.35612700000007],[127.75879610000004,38.35618180000006],[127.75955490000001,38.35622100000006],[127.75997310000002,38.35683020000005],[127.76069140000004,38.35774600000008],[127.76147790000005,38.35862640000005],[127.76183990000004,38.359006900000054],[127.76262220000001,38.35978370000004],[127.76328030000002,38.36037490000007],[127.7639706000001,38.36094280000003],[127.76469170000007,38.36148650000007],[127.76544220000005,38.362004900000045],[127.76608500000009,38.36241430000007],[127.76652490000004,38.362684400000035],[127.7671577000001,38.363059100000044],[127.76780650000012,38.36341630000004],[127.76847070000008,38.36375560000005],[127.7691493000001,38.364076700000055],[127.76989130000004,38.36439980000006],[127.77064800000005,38.364701000000025],[127.77141840000002,38.36498000000006],[127.77220140000009,38.36523620000003],[127.7730716000001,38.36550630000005],[127.7736344000001,38.36567430000008],[127.77452360000007,38.365913000000035],[127.77542440000002,38.36612270000006],[127.77633550000007,38.36630320000006],[127.77725510000005,38.366454100000055],[127.77806480000004,38.36657330000003],[127.77829710000003,38.366606500000046],[127.77928390000011,38.36672610000005],[127.78027640000005,38.36681170000003],[127.78127280000001,38.36686320000007],[127.78227100000004,38.36688030000005],[127.78301800000008,38.36687070000005],[127.78376520000006,38.36685150000005],[127.78457590000005,38.36681930000003],[127.78538460000004,38.366764500000045],[127.78619030000004,38.366687100000036],[127.78699200000005,38.36658730000005],[127.78791460000002,38.36644370000005],[127.78882900000008,38.366270400000076],[127.78946630000007,38.36613870000008],[127.79068800000005,38.36585730000007],[127.79131920000009,38.36569670000006],[127.7921133000001,38.36548200000004],[127.79335270000001,38.365094200000044],[127.79456130000005,38.36465020000003],[127.79513020000002,38.36442500000004],[127.79629720000003,38.36392930000005],[127.79715070000009,38.36352150000005],[127.79798080000012,38.363084600000036],[127.79878580000002,38.36261970000004],[127.79956440000001,38.362127600000065],[127.8002537000001,38.361653200000035],[127.80091840000011,38.36115750000005],[127.80155730000001,38.36064120000003],[127.8021695000001,38.36010520000008],[127.80257630000006,38.359734400000036],[127.80279110000004,38.35953560000007],[127.80341590000012,38.35892250000006],[127.80400610000004,38.35828840000005],[127.80456060000006,38.35763470000006],[127.8050783000001,38.35696260000003],[127.80565650000005,38.35612290000006],[127.80610150000007,38.35543380000007],[127.80669350000005,38.354443600000025],[127.80720800000006,38.353426900000045],[127.80744450000009,38.35288850000006],[127.80802090000009,38.35150590000006],[127.80822460000002,38.35119880000008],[127.80859680000003,38.350582100000054],[127.80893900000001,38.34995470000007],[127.8092507,38.34931750000004],[127.8096776000001,38.34830000000005],[127.81002690000003,38.34726430000006],[127.81033570000011,38.34622500000006],[127.81060230000003,38.34538730000003],[127.8108069000001,38.34468500000003],[127.81107800000007,38.343661000000054],[127.81121310000003,38.34310760000005],[127.81134550000002,38.34244320000005],[127.81142140000009,38.341940400000055],[127.81168080000009,38.34165440000004],[127.81230280000011,38.340932200000054],[127.81287980000002,38.34018710000004],[127.81326180000008,38.339644200000066],[127.81361990000005,38.33909140000003],[127.8139536000001,38.33852910000007],[127.81426250000004,38.33795810000004],[127.8145181000001,38.33746210000004],[127.81481970000004,38.33684450000004],[127.8150763000001,38.33625760000007],[127.81530700000008,38.33566410000003],[127.81546820000005,38.33519200000006],[127.81566870000006,38.33492060000003],[127.81571000000008,38.33486450000004],[127.81618980000007,38.33417530000003],[127.81663100000003,38.33347020000008],[127.81670430000008,38.33333890000006],[127.81724210000004,38.332967300000064],[127.81796290000011,38.33242360000003],[127.81865290000007,38.33185560000004],[127.81931080000004,38.33126450000003],[127.81935910000004,38.33121890000007],[127.81949760000009,38.331088100000045],[127.81979960000001,38.330789700000025],[127.82033420000005,38.33045500000003],[127.82080770000005,38.330150400000036],[127.82097260000012,38.33003650000006],[127.82110430000012,38.32999570000004],[127.82135660000006,38.32991180000005],[127.82264810000004,38.32944470000007],[127.82390020000003,38.32891520000004],[127.82456840000009,38.32859920000004],[127.82522250000011,38.32826540000008],[127.8258618000001,38.327914200000066],[127.82616160000009,38.32772680000005],[127.82648160000008,38.327539100000024],[127.82657670000003,38.32748390000006],[127.82709030000001,38.327183700000035],[127.82739720000006,38.32701410000004],[127.8281889000001,38.32651380000004],[127.82917370000007,38.325823600000035],[127.82975270000009,38.325368000000026],[127.83038410000006,38.32492700000006],[127.83050330000003,38.324977500000045],[127.83057190000011,38.32500440000007],[127.83061930000008,38.325026800000046],[127.83071790000008,38.32507510000005],[127.83100960000002,38.32538860000005],[127.83163400000001,38.32600180000003],[127.83222940000007,38.32653890000006],[127.83237830000007,38.32666810000006],[127.83290150000005,38.32710670000006],[127.83344310000007,38.327531400000055],[127.83400230000007,38.32794160000003],[127.83457870000007,38.32833690000007],[127.83488880000004,38.328542500000026],[127.83567850000009,38.32904220000006],[127.83648320000009,38.32950710000006],[127.83731290000003,38.329943900000046],[127.83816600000011,38.330351800000074],[127.8390409000001,38.330730000000074],[127.83993590000011,38.33107780000006],[127.84084930000006,38.33139440000008],[127.84177940000006,38.33167940000004],[127.84286620000012,38.33196700000008],[127.84319560000006,38.332047000000046],[127.84456740000007,38.33234360000006],[127.8459600000001,38.33257240000006],[127.84670970000002,38.33266650000007],[127.84746300000006,38.33274090000003],[127.84789430000001,38.33277780000003],[127.84918310000012,38.332859100000064],[127.8497870000001,38.332883700000025],[127.85096710000005,38.33290770000008],[127.85179000000005,38.33289600000006],[127.85261190000006,38.33286110000006],[127.85343160000002,38.332802800000024],[127.85424820000003,38.33272130000006],[127.85467950000009,38.332672100000025],[127.85537040000008,38.33258470000004],[127.8557492000001,38.33252530000004],[127.85587970000006,38.33318730000008],[127.85609710000006,38.334039000000075],[127.8563663000001,38.33488130000006],[127.85642360000008,38.33504410000006],[127.85667930000011,38.33571820000003],[127.85696810000002,38.336383900000044],[127.85732970000004,38.337116700000024],[127.85773140000003,38.33783630000005],[127.85817270000007,38.338541400000054],[127.85865250000006,38.33923070000003],[127.85917010000003,38.33990280000006],[127.85972450000008,38.34055650000005],[127.86031450000007,38.34119050000004],[127.86093910000011,38.34180370000007],[127.86185780000005,38.342615300000034],[127.86283700000001,38.343381700000066],[127.86304060000009,38.34353170000003],[127.86396200000001,38.344174800000076],[127.86474030000011,38.34466700000007],[127.86554520000004,38.34513190000007],[127.86637510000003,38.34556870000006],[127.86722840000004,38.34597660000003],[127.86810350000007,38.34635480000003],[127.86899870000002,38.34670260000007],[127.86957300000006,38.34690160000008],[127.87012980000009,38.34714340000005],[127.87052410000001,38.34730680000007],[127.87121370000011,38.347580900000025],[127.87191470000005,38.34783640000006],[127.87262630000009,38.348073200000044],[127.8733476000001,38.348291000000074],[127.87464280000006,38.348628200000064],[127.87491810000006,38.34869280000004],[127.8761879000001,38.34895960000006],[127.87747500000012,38.34916860000004],[127.87846160000004,38.349288200000046],[127.87945390000004,38.34937380000008],[127.88045000000011,38.34942520000004],[127.88050570000007,38.34942620000004],[127.88062460000003,38.34943980000003],[127.88109250000002,38.349481800000035],[127.88238580000007,38.34956870000008],[127.88368330000003,38.34959770000006],[127.88447050000002,38.34958700000004],[127.88525690000006,38.349555000000066],[127.8860413000001,38.349501700000076],[127.88682290000008,38.34942720000004],[127.88711640000008,38.34939520000006],[127.88794960000007,38.349291900000026],[127.88799470000004,38.34928560000003],[127.88813290000007,38.349266200000045],[127.88886690000004,38.34918310000006],[127.88958730000002,38.349092400000075],[127.89028180000003,38.34898720000007],[127.8910287000001,38.34886460000007],[127.89175840000007,38.34873500000003],[127.89248220000002,38.34858660000003],[127.89319950000004,38.348419800000045],[127.89354550000007,38.34833160000005],[127.89497100000006,38.34816990000007],[127.89613720000011,38.347983200000044],[127.89636670000004,38.347929400000055],[127.89699740000003,38.347911400000044],[127.89822060000006,38.34786370000006],[127.8994388000001,38.34776450000004],[127.8998898000001,38.34771820000003],[127.9009023000001,38.347595900000044],[127.9018814000001,38.34744250000006],[127.90285090000009,38.34725560000004],[127.90380920000007,38.34703560000003],[127.90475440000012,38.34678280000003],[127.90520910000009,38.34664810000004],[127.90544530000011,38.34657590000006],[127.90625640000007,38.34631370000005],[127.90696350000007,38.34605360000006],[127.90705470000012,38.34603160000006],[127.90718690000006,38.346019100000035],[127.90746700000011,38.34598160000007],[127.90844600000003,38.34582820000003],[127.9094156000001,38.34564130000007],[127.91037310000002,38.34541750000005],[127.91050030000008,38.34538790000005],[127.91091760000006,38.34529670000006],[127.91140660000008,38.34518470000006],[127.91183210000008,38.34508320000003],[127.91302700000006,38.34476970000003],[127.9139573000001,38.344484700000066],[127.9148709000001,38.34416810000005],[127.91576600000008,38.34382030000006],[127.9166411000001,38.34344210000006],[127.91735200000005,38.34310510000006],[127.91754890000004,38.343007800000066],[127.91797370000006,38.34279290000006],[127.91821940000011,38.34266560000003],[127.91971130000002,38.34253830000006],[127.9198861000001,38.34252290000006],[127.92228310000007,38.34230360000004],[127.92306890000009,38.34222090000003],[127.92520680000007,38.34196590000005],[127.92676340000003,38.34182210000006],[127.92750780000006,38.34177230000006],[127.92852740000001,38.34168580000005],[127.92954110000005,38.341563300000075],[127.93055500000003,38.34140380000008],[127.9315587000001,38.34120830000006],[127.93209550000006,38.34109360000008],[127.93250750000004,38.34110080000005],[127.93350540000006,38.34108370000007],[127.93450130000008,38.34103230000005],[127.9354935,38.340946700000075],[127.93648000000007,38.34082710000007],[127.93745890000002,38.340673700000025],[127.93842840000002,38.340486800000065],[127.93938660000003,38.34026670000003],[127.94033170000012,38.34001400000005],[127.9413803000001,38.33969010000004],[127.94160180000006,38.33961670000008],[127.94272030000002,38.339216400000055],[127.94290660000001,38.33915360000003],[127.94370090000007,38.338911600000074],[127.94419720000008,38.33881590000004],[127.94515540000009,38.33859590000003],[127.94610050000006,38.33834310000003],[127.94657660000007,38.33820190000006],[127.94696140000008,38.33808380000005],[127.9477667000001,38.337822800000026],[127.94855880000011,38.337537800000064],[127.94933660000004,38.337229200000024],[127.95009890000006,38.33689750000008],[127.95095210000011,38.33648960000005],[127.9515335000001,38.33618350000006],[127.95220000000006,38.33589950000004],[127.9527058000001,38.33566250000007],[127.9533398000001,38.335356700000034],[127.95405710000011,38.334996200000035],[127.95444850000001,38.33478290000005],[127.9546825000001,38.33472830000005],[127.95519850000005,38.33458970000004],[127.95559690000005,38.334738800000025],[127.95571600000005,38.334789700000044],[127.9557698000001,38.334810900000036],[127.95649280000009,38.335136600000055],[127.95723280000004,38.33543210000005],[127.95798600000012,38.33570640000005],[127.95875120000005,38.33595890000004],[127.95889130000012,38.336002800000074],[127.95952060000002,38.33619150000004],[127.9604657000001,38.33644430000004],[127.96142380000003,38.33666430000005],[127.96239330000003,38.33685120000007],[127.96337210000002,38.33700460000006],[127.96435860000008,38.33712420000006],[127.96535070000004,38.33720980000004],[127.96634660000007,38.33726120000006],[127.96734450000008,38.33727840000006],[127.96758980000004,38.337276200000076],[127.96804910000003,38.33731750000004],[127.96865160000004,38.337526300000036],[127.96958180000001,38.337811300000055],[127.9705163000001,38.33806140000007],[127.97078380000005,38.33812800000004],[127.97150380000005,38.33829700000007],[127.97223050000002,38.338447200000076],[127.97296310000002,38.33857860000006],[127.97370080000007,38.338690900000074],[127.97400010000001,38.33873090000003],[127.97527450000007,38.33889420000003],[127.97618750000004,38.338996300000076],[127.97710490000009,38.33906940000003],[127.97802530000001,38.339113300000065],[127.97894730000007,38.33912800000007],[127.9790183,38.33912790000005],[127.97937600000012,38.339127000000076],[127.98035600000003,38.33910810000003],[127.98133410000003,38.33905610000005],[127.98152020000009,38.33903980000008],[127.982211,38.339099400000066],[127.98320690000003,38.33915090000005],[127.98420480000004,38.33916800000003],[127.9852026000001,38.33915090000005],[127.98619860000008,38.339099400000066],[127.98719070000004,38.33901380000003],[127.98817720000011,38.33889420000003],[127.98915610000006,38.33874080000004],[127.99012560000006,38.33855390000008],[127.9910837000001,38.338333900000066],[127.99202880000007,38.33808120000003],[127.99292170000001,38.33780830000006],[127.99379920000001,38.33750630000003],[127.99433040000008,38.33731300000005],[127.99481020000007,38.337139800000045],[127.99577670000008,38.336769100000026],[127.9967200000001,38.33636300000006],[127.99719430000005,38.33614120000004],[127.99746200000004,38.33601250000004],[127.9981878000001,38.33564880000006],[127.99889560000008,38.33526390000003],[127.99958450000008,38.334858300000064],[127.99990490000005,38.33465330000007],[128.00033000000008,38.334659800000054],[128.00108610000007,38.33464690000005],[128.0013278,38.33464280000004],[128.00208930000008,38.33463000000006],[128.0030852000001,38.33457860000004],[128.00407730000006,38.334493000000066],[128.00506370000005,38.33437340000006],[128.00517260000004,38.33435810000003],[128.00574770000003,38.33427590000008],[128.00582210000005,38.33426520000006],[128.00681050000003,38.33412130000005],[128.00781800000004,38.33399820000005],[128.00787050000008,38.333995800000025],[128.00816020000002,38.33399380000003],[128.00964220000003,38.334002600000076],[128.0108934000001,38.333976000000064],[128.01221710000004,38.333919200000025],[128.0132675000001,38.33385500000003],[128.0143131000001,38.33375280000007],[128.0156763000001,38.33359120000006],[128.01577480000003,38.333587700000066],[128.01656760000003,38.33359040000005],[128.01978780000002,38.333700400000055],[128.02377190000004,38.33384240000004],[128.0241443000001,38.33385320000008],[128.0268337000001,38.333914400000026],[128.02692050000007,38.33391620000003],[128.0279551000001,38.33393670000004],[128.02852440000004,38.33394230000005],[128.02950910000004,38.33394240000007],[128.0302646,38.333932600000026],[128.0310178000001,38.333903200000066],[128.03176940000003,38.33385430000004],[128.03251850000004,38.333785900000066],[128.03329470000006,38.33370480000008],[128.0342588000001,38.33358750000008],[128.0352626,38.33342970000007],[128.0369962000001,38.33312530000006],[128.03826440000012,38.33287240000004],[128.0396535000001,38.332561800000065],[128.04044750000003,38.33237200000008],[128.04123210000012,38.33215960000007],[128.0421622,38.33187460000005],[128.04307570000003,38.331557900000064],[128.04397070000005,38.331210200000044],[128.04484560000003,38.33083200000004],[128.04569870000012,38.33042410000007],[128.04652840000006,38.32998730000003],[128.04733310000006,38.329522300000065],[128.04811130000007,38.329030200000034],[128.04886150000004,38.32851180000006],[128.0495823000001,38.32796810000008],[128.0502722000001,38.327400100000034],[128.0509300000001,38.326809000000026],[128.05155450000007,38.32619590000007],[128.0516742000001,38.326064400000064],[128.0522817000001,38.32614060000003],[128.05393010000012,38.32632670000004],[128.05405530000007,38.32634690000003],[128.05487500000004,38.32651430000004],[128.05582880000009,38.32667690000005],[128.0574799000001,38.32692950000006],[128.05819770000005,38.32704030000008],[128.05888160000006,38.327176500000064],[128.0590532000001,38.32721010000006],[128.06143200000008,38.32766830000003],[128.0634881000001,38.32806780000004],[128.0654727000001,38.32848270000005],[128.06670850000012,38.328745800000036],[128.0678792000001,38.329062900000054],[128.0693139000001,38.32946620000007],[128.07074160000002,38.32990580000006],[128.07248570000002,38.33046290000004],[128.07414340000003,38.330996500000026],[128.0750104000001,38.331812300000024],[128.07686220000005,38.33372020000007],[128.0784393,38.33534570000006],[128.0790886000001,38.335984300000064],[128.0797774,38.33660190000006],[128.08073850000005,38.337425100000075],[128.0811040000001,38.33773080000003],[128.0822935000001,38.338702900000044],[128.08306370000003,38.33930330000004],[128.08457910000004,38.34042980000004],[128.0848575000001,38.34063320000007],[128.0869616000001,38.34214600000007],[128.0888294,38.34365640000004],[128.0889264000001,38.34373440000007],[128.09146710000005,38.345764200000076],[128.09224160000008,38.34635440000005],[128.09305050000012,38.34691520000007],[128.09331050000003,38.34708450000005],[128.0950444,38.348196700000074],[128.0956523000001,38.34857340000008],[128.09627610000007,38.348933600000066],[128.09691490000012,38.34927710000005],[128.09756820000007,38.34960330000007],[128.09884520000003,38.350217400000076],[128.0991292000001,38.35036930000007],[128.10064670000008,38.35119620000006],[128.10109540000008,38.35143460000006],[128.10172540000008,38.35176080000008],[128.10285310000006,38.35230850000005],[128.10361850000004,38.35264140000004],[128.10439960000008,38.35295110000004],[128.10468590000005,38.353059200000075],[128.1057092000001,38.35342170000007],[128.10675390000006,38.35374430000007],[128.10754170000007,38.35395740000007],[128.10833890000004,38.35414780000008],[128.10863690000008,38.354214400000046],[128.10976400000004,38.354441800000075],[128.11090430000002,38.354623900000036],[128.11162860000002,38.354715000000056],[128.11189690000003,38.35474540000007],[128.11270550000006,38.35482520000005],[128.11351720000005,38.35488230000004],[128.1143310000001,38.35491650000006],[128.11514590000002,38.35492800000003],[128.1161439000001,38.35491080000003],[128.11714010000003,38.354859400000066],[128.11813250000012,38.35477380000003],[128.11911910000003,38.35465420000003],[128.11933080000006,38.35462400000006],[128.1195653000001,38.354589600000054],[128.1204901000001,38.35443850000007],[128.12140620000002,38.35425740000005],[128.12231210000004,38.354046700000026],[128.12320610000006,38.35380680000003],[128.1241364000001,38.35352180000007],[128.12505010000007,38.353205100000025],[128.12595120000003,38.35285180000005],[128.12632570000005,38.35322640000004],[128.12728320000008,38.35416100000003],[128.12756030000003,38.35442610000007],[128.12830780000002,38.355093700000054],[128.12909620000005,38.35573130000006],[128.12921710000012,38.35582430000005],[128.12984790000007,38.35629190000003],[128.13050090000002,38.35674030000007],[128.13127930000007,38.35723240000004],[128.13208440000005,38.35769730000004],[128.13291440000012,38.35813410000003],[128.1337678000001,38.35854200000006],[128.1349202,38.35903200000007],[128.13610630000005,38.359469200000035],[128.13621850000004,38.35950750000006],[128.1374948,38.35990790000005],[128.1384402000001,38.36016070000005],[128.13939870000002,38.360380700000064],[128.14036840000006,38.360567600000024],[128.14134760000002,38.36072100000007],[128.14216180000005,38.36082220000003],[128.1428088,38.36088390000003],[128.14293580000003,38.360980400000074],[128.14298910000002,38.36105770000006],[128.14354300000002,38.361774300000036],[128.14453120000007,38.36298840000006],[128.1452944,38.363867500000026],[128.14665790000004,38.36534270000004],[128.14781560000006,38.36665080000006],[128.1482185000001,38.367091800000026],[128.14924010000004,38.368175000000065],[128.14964970000005,38.36859620000007],[128.1508387,38.369782100000066],[128.1527512,38.37176510000006],[128.15343140000004,38.372436400000026],[128.15443070000003,38.37337590000004],[128.1554682000001,38.37440770000006],[128.15566130000002,38.37459700000005],[128.1569730000001,38.37586580000004],[128.15718890000005,38.376071600000046],[128.1578472000001,38.376662700000054],[128.15853760000005,38.377230600000075],[128.15925890000005,38.377774300000056],[128.16000960000008,38.37829270000003],[128.16078830000004,38.37878490000003],[128.16159360000006,38.379249800000025],[128.16242380000006,38.37968660000007],[128.16327750000005,38.38009450000004],[128.16415300000006,38.38047270000004],[128.1650486000001,38.38082040000006],[128.16596270000002,38.381137100000046],[128.16689340000005,38.381422100000066],[128.16783910000004,38.38167480000004],[128.1687978000001,38.38189490000008],[128.1697679,38.38208170000007],[128.1707474000001,38.38223510000006],[128.1716288,38.38234200000005],[128.17185310000002,38.382633000000055],[128.1724078000001,38.38328670000004],[128.1729981000001,38.38392070000003],[128.1736231000001,38.384533900000065],[128.1742815,38.38512500000007],[128.17497200000003,38.38569290000004],[128.17569330000003,38.386236600000075],[128.17644410000003,38.38675500000005],[128.17722290000006,38.38724720000005],[128.17802820000009,38.387712100000044],[128.1788586,38.38814890000003],[128.17971240000008,38.38855680000006],[128.18058800000006,38.38893500000006],[128.18148370000006,38.389282700000024],[128.18239790000007,38.389599400000066],[128.18332870000006,38.38988440000003],[128.18427450000001,38.39013710000006],[128.18523340000002,38.39035720000004],[128.18620350000003,38.390544000000034],[128.18718310000008,38.39069740000008],[128.18801180000003,38.390788100000066],[128.18897020000009,38.39109240000005],[128.18970660000002,38.39131690000005],[128.19014220000008,38.39144570000008],[128.19131730000004,38.39175430000006],[128.1924474000001,38.39202460000007],[128.1932220000001,38.39219820000005],[128.19400380000002,38.39235020000007],[128.19557620000012,38.39263290000008],[128.1965437,38.39278970000004],[128.19844000000012,38.39306350000004],[128.1985945,38.393085400000075],[128.19881650000002,38.39311280000004],[128.19900440000004,38.39330760000007],[128.1993073000001,38.39360420000003],[128.19940610000003,38.39369840000006],[128.19950310000002,38.393872600000066],[128.2001332000001,38.39486240000008],[128.20025850000002,38.39504500000004],[128.2005729000001,38.39548800000006],[128.20129640000005,38.39640950000006],[128.20208900000011,38.39729520000003],[128.2021519000001,38.397361200000034],[128.20251480000002,38.39771030000003],[128.2026207,38.39781270000003],[128.2027706,38.39795950000007],[128.20285160000003,38.39803560000007],[128.2029242000001,38.398127000000045],[128.20319630000006,38.398371000000054],[128.20353540000008,38.39867620000007],[128.20382130000007,38.398923300000035],[128.20416910000006,38.399211800000046],[128.2044658000001,38.399466000000075],[128.20455860000004,38.39953970000005],[128.2053184,38.40011660000005],[128.2061112,38.40066530000007],[128.20622240000012,38.400735600000075],[128.2064054000001,38.400972300000035],[128.20699550000006,38.40166190000008],[128.20713990000002,38.40182250000004],[128.2076992000001,38.40241830000008],[128.20806530000004,38.40277640000005],[128.20815800000003,38.40301860000005],[128.2084357000001,38.40365630000008],[128.20866310000008,38.40408990000003],[128.2087586,38.40427990000006],[128.20880950000003,38.40438270000004],[128.20900430000006,38.404749700000025],[128.2091183000001,38.404958400000055],[128.20920090000004,38.40510770000003],[128.20934110000007,38.40536030000004],[128.20949110000004,38.40563720000006],[128.20990890000007,38.40629740000003],[128.21036070000002,38.406943700000056],[128.21087880000005,38.40761580000003],[128.21143370000004,38.408269500000074],[128.2120242000001,38.408903500000065],[128.21264940000003,38.40951670000004],[128.21355970000002,38.41032050000007],[128.2143277,38.41092220000007],[128.2145409000001,38.41113130000008],[128.21468270000003,38.411247900000035],[128.2153422,38.41188720000008],[128.21600080000007,38.41247830000003],[128.2166916000001,38.41304620000005],[128.2174132,38.413589900000034],[128.2181643,38.414108300000066],[128.21919120000007,38.41474800000003],[128.2195842000001,38.41497880000003],[128.2205722000001,38.41552400000006],[128.22078360000012,38.41609520000003],[128.2211046000001,38.416839700000025],[128.22122260000003,38.41708920000008],[128.2214037000001,38.41746370000004],[128.22174600000005,38.41813100000007],[128.22212190000005,38.41878690000004],[128.22253080000007,38.419430600000055],[128.22297200000003,38.42006090000007],[128.22372410000003,38.421016200000054],[128.2239733,38.421311600000024],[128.22429480000005,38.42167060000003],[128.22454060000007,38.421992300000056],[128.2249885000001,38.42253340000008],[128.22516340000004,38.42272890000004],[128.2253350000001,38.423036000000025],[128.2257767000001,38.42374110000003],[128.22625720000008,38.42443030000004],[128.22677540000007,38.42510250000004],[128.22733040000003,38.42575620000008],[128.22792110000012,38.42639020000007],[128.2285465000001,38.427003400000046],[128.22920520000002,38.427594500000055],[128.22989610000002,38.428162400000076],[128.23061790000008,38.428706100000056],[128.23136910000005,38.42922450000003],[128.23214840000003,38.42971660000006],[128.2329542000001,38.43018150000006],[128.233785,38.43061840000007],[128.23463930000003,38.431026200000076],[128.23551240000006,38.431407000000036],[128.2357383000001,38.431679200000076],[128.23632910000003,38.43231330000003],[128.23695440000006,38.43292640000004],[128.23761320000006,38.43351750000005],[128.23830420000002,38.43408550000004],[128.23902600000008,38.434629200000074],[128.23977730000001,38.43514760000005],[128.2403948000001,38.43554110000008],[128.24108740000008,38.43596700000006],[128.2416704000001,38.43631390000007],[128.24226720000001,38.43664590000003],[128.24287720000007,38.436962900000026],[128.24349970000003,38.43726430000004],[128.24418400000002,38.43758390000005],[128.24442440000007,38.437694700000065],[128.24530060000006,38.438072900000066],[128.2461969000001,38.43842060000003],[128.24711170000012,38.43873730000007],[128.2480432000001,38.43902230000003],[128.2487324000001,38.43920990000004],[128.24942900000008,38.43938020000007],[128.24962400000004,38.43942520000007],[128.24967930000003,38.43955560000006],[128.24975330000007,38.43971860000005],[128.24979970000004,38.439820000000054],[128.25016180000011,38.44055270000007],[128.25056410000002,38.44127230000004],[128.25100600000007,38.44197740000004],[128.25148650000006,38.442666700000075],[128.25194190000002,38.44326060000003],[128.25200500000005,38.44333940000007],[128.25243120000005,38.44385230000006],[128.2528794000001,38.444353500000034],[128.25334900000007,38.44484240000003],[128.25383950000003,38.44531850000004],[128.2544984000001,38.44590960000005],[128.25518950000003,38.44647750000007],[128.25581810000006,38.44694590000006],[128.2559142,38.44701750000007],[128.25643530000002,38.447389300000054],[128.25666,38.44754370000004],[128.25706460000004,38.44782690000005],[128.25777770000002,38.448278800000026],[128.25851330000012,38.44870800000007],[128.2592701000001,38.449113700000055],[128.26004690000002,38.44949520000006],[128.26057920000005,38.449745300000075],[128.2608679000001,38.449878600000034],[128.26160740000012,38.45020030000006],[128.26236160000008,38.450500300000044],[128.26276870000004,38.450654900000075],[128.26382020000005,38.45102890000004],[128.26432680000005,38.45118540000004],[128.26449710000009,38.452241800000024],[128.26463460000002,38.452973600000064],[128.26481020000006,38.45379140000006],[128.26483770000004,38.453916900000024],[128.2649556,38.45440410000003],[128.26546710000002,38.45636990000003],[128.26567230000012,38.45708410000003],[128.26591410000003,38.457791100000065],[128.26651260000006,38.459408600000074],[128.2666157000001,38.45967930000006],[128.2668156000001,38.46018970000006],[128.26718040000003,38.461044300000026],[128.2674445,38.461587800000075],[128.2677308000001,38.46212430000003],[128.26803900000004,38.462653300000056],[128.26836880000008,38.463174200000026],[128.2687615000001,38.46377000000007],[128.2690735000001,38.46422740000003],[128.26946770000006,38.46478550000006],[128.26965440000004,38.465044800000044],[128.27026740000008,38.465832600000056],[128.27093090000005,38.46659470000003],[128.2714440000001,38.46715270000004],[128.2719393000001,38.46767140000003],[128.27245800000003,38.468175700000074],[128.272872,38.468553100000065],[128.27317170000003,38.46881870000004],[128.27346820000002,38.469071900000074],[128.27390230000003,38.470133900000064],[128.2740715000001,38.470700400000055],[128.27409760000012,38.470786900000064],[128.27462910000008,38.47252700000007],[128.2748660000001,38.473238500000036],[128.27530620000005,38.47445810000005],[128.2757643000001,38.47573470000003],[128.2760280000001,38.476519300000064],[128.2763156000001,38.477302500000064],[128.27664790000006,38.478074700000036],[128.27667140000005,38.478125300000045],[128.27700240000001,38.47883400000006],[128.27734540000006,38.47952440000006],[128.27772430000005,38.48020310000004],[128.27855350000004,38.48160880000006],[128.27862990000006,38.48173940000004],[128.2785629000001,38.48193820000006],[128.2783045000001,38.482926200000065],[128.27815420000002,38.483690900000056],[128.2780457,38.48445990000005],[128.27795550000008,38.48525590000003],[128.27788780000003,38.48605260000005],[128.27786500000002,38.48685080000007],[128.27787980000005,38.487502300000074],[128.2778826000001,38.48754360000004],[128.27787610000007,38.48763690000004],[128.2778605000001,38.48829580000006],[128.27790430000005,38.489412300000026],[128.27793040000006,38.48974430000004],[128.27796880000005,38.490156400000046],[128.27798540000003,38.49030950000008],[128.27811480000003,38.49122790000007],[128.27813400000002,38.491337600000065],[128.27826960000004,38.49201930000004],[128.27853160000006,38.493021300000066],[128.27886550000005,38.49400990000004],[128.2788948000001,38.494087800000045],[128.27933230000008,38.49513090000005],[128.27976740000008,38.49600030000005],[128.27982870000005,38.49611390000007],[128.28041650000011,38.497117600000024],[128.28100150000012,38.497973900000034],[128.28109310000002,38.49831070000005],[128.28127210000002,38.49891710000003],[128.28131940000003,38.49905540000003],[128.28122100000007,38.499618300000066],[128.28113410000003,38.500316000000055],[128.28108190000012,38.50101580000006],[128.28106430000003,38.501716800000054],[128.28107620000003,38.50230220000003],[128.28111230000002,38.502887100000066],[128.2811726000001,38.50347070000004],[128.2812570000001,38.50405250000006],[128.28135290000012,38.50462950000008],[128.2815075000001,38.505422500000066],[128.28167550000012,38.50609670000006],[128.2818761000001,38.50676540000006],[128.2821090000001,38.50742760000003],[128.28237390000004,38.508082400000035],[128.28260770000009,38.50862440000003],[128.28277480000008,38.508998200000065],[128.28313720000006,38.50973090000008],[128.28353990000005,38.51045050000005],[128.28398220000008,38.51115560000005],[128.28446320000012,38.51184480000006],[128.2848838000001,38.51239460000005],[128.2853291,38.512932300000045],[128.2857984000001,38.51345720000006],[128.28629120000005,38.513968600000055],[128.28715710000006,38.514834800000074],[128.28762110000002,38.51528380000008],[128.28826600000002,38.51586240000006],[128.28894190000005,38.516418800000054],[128.28904020000004,38.51649640000005],[128.2896135000001,38.51701600000007],[128.29040840000005,38.51773940000004],[128.29041170000005,38.517826600000035],[128.29046870000002,38.518948900000055],[128.29028130000006,38.51942950000006],[128.29007920000004,38.52001820000004],[128.28990270000008,38.52061180000004],[128.2897517,38.52120990000003],[128.28954450000003,38.522110800000064],[128.28952820000006,38.52218220000003],[128.28937580000002,38.52295910000004],[128.28926660000002,38.52374050000003],[128.28920090000008,38.524524900000074],[128.28917880000006,38.52531080000006],[128.28920040000003,38.52609670000004],[128.28921720000005,38.52629850000005],[128.2890327,38.52708930000006],[128.28900670000007,38.52720320000003],[128.28881830000012,38.528204800000026],[128.2886449,38.52934770000007],[128.28852430000006,38.53040940000005],[128.28848390000007,38.53147480000007],[128.28849920000005,38.532137600000055],[128.28854550000005,38.53279950000007],[128.2885506,38.53285370000003],[128.28836130000002,38.534007200000076],[128.2880579,38.53554880000007],[128.2879134000001,38.536425300000076],[128.2878237000001,38.53730630000007],[128.28778950000003,38.53779120000007],[128.28775450000012,38.53878180000004],[128.28776760000005,38.53939400000007],[128.2878071,38.54000560000003],[128.28787590000002,38.540801600000066],[128.28799100000003,38.54175710000004],[128.2881708000001,38.54270640000004],[128.28840100000002,38.54360010000005],[128.28868840000007,38.54448340000005],[128.2887995000001,38.54479200000003],[128.28881090000004,38.54487340000003],[128.28889430000004,38.54579540000003],[128.28889390000006,38.54703310000008],[128.28886320000004,38.54869300000007],[128.2888303000001,38.54978950000003],[128.2888239,38.55020980000006],[128.2888336000001,38.550739100000044],[128.2888683000001,38.551674200000036],[128.2889077000001,38.552327200000036],[128.2889772000001,38.552978600000074],[128.2890767,38.55362760000003],[128.28920620000008,38.554273400000056],[128.2893021000001,38.55466020000006],[128.28927980000003,38.55535690000005],[128.2892461,38.55634480000003],[128.28923780000002,38.556823800000075],[128.28924430000006,38.55725710000007],[128.28933100000006,38.56011670000004],[128.28928470000005,38.561140600000044],[128.28927020000003,38.56177580000008],[128.28926980000006,38.562979400000074],[128.289215,38.56418230000003],[128.28920030000006,38.56482280000006],[128.28919970000004,38.566485800000066],[128.289215,38.56714830000004],[128.2892614000001,38.56780990000004],[128.2893650000001,38.56891790000003],[128.28947900000003,38.56982300000004],[128.28965100000005,38.57072240000008],[128.2898461000001,38.571493400000065],[128.2900839,38.572257000000036],[128.2903639000001,38.57301170000005],[128.2906855000001,38.573756100000026],[128.29094740000005,38.574294500000065],[128.291017,38.57443100000006],[128.29083140000012,38.57478680000003],[128.29050460000008,38.575450000000046],[128.29018250000001,38.576194300000054],[128.28990210000006,38.57694890000005],[128.28966380000008,38.57771240000005],[128.2894682000001,38.57848330000007],[128.2893156,38.57926020000008],[128.2892064,38.58004160000007],[128.2891406000001,38.58082600000006],[128.2891185000001,38.581611800000076],[128.28913310000007,38.582141800000045],[128.28897050000012,38.58247200000005],[128.28867030000004,38.58316190000005],[128.288406,38.583860800000025],[128.28817780000008,38.58456750000005],[128.28798630000006,38.58528090000004],[128.28786850000006,38.58576850000003],[128.2878161000001,38.58599300000003],[128.2876748000001,38.586703500000056],[128.28756980000003,38.587417800000026],[128.28749340000002,38.58804710000004],[128.2874346000001,38.58863310000004],[128.28735900000004,38.58958390000004],[128.28735340000003,38.58970180000006],[128.28729180000005,38.59012080000008],[128.28724190000003,38.590351500000054],[128.2871950000001,38.59065100000004],[128.28695770000002,38.591545300000064],[128.28680510000004,38.59232220000007],[128.28669580000007,38.59310360000006],[128.28663010000002,38.59388790000003],[128.28660800000011,38.594673800000066],[128.2866196000001,38.59525260000004],[128.2866550000001,38.59583070000008],[128.28666940000005,38.59600770000003],[128.28678520000005,38.596996800000056],[128.28697020000004,38.59797940000004],[128.28715540000007,38.59871500000003],[128.28737950000004,38.59944390000004],[128.28764210000008,38.60016490000004],[128.28794260000006,38.60087670000007],[128.2880183000001,38.60104420000005],[128.2880808000001,38.60118060000008],[128.28844360000005,38.601913300000035],[128.2888468000001,38.60263290000006],[128.28928970000004,38.60333790000004],[128.2897713000001,38.604027200000075],[128.29045740000004,38.60490150000004],[128.29058800000007,38.60505790000008],[128.2908493000001,38.605363700000055],[128.29110360000004,38.605654800000025],[128.2917559000001,38.606364100000064],[128.29245120000007,38.607047600000044],[128.2931116000001,38.60763870000005],[128.29380420000007,38.608206600000074],[128.29452780000008,38.608750300000054],[128.29528090000008,38.60926870000003],[128.29606210000009,38.60976080000006],[128.29686990000005,38.61022570000006],[128.2977029000001,38.610662500000046],[128.29855930000008,38.611070400000074],[128.29943760000003,38.611448600000074],[128.3003361000001,38.61179630000004],[128.3012530000001,38.61211300000008],[128.30218680000007,38.612397900000076],[128.3031354000001,38.612650700000074],[128.30409720000011,38.61287070000003],[128.3050704000001,38.61305760000005],[128.30605300000002,38.61321090000007],[128.30704320000007,38.61333060000004],[128.3080391000001,38.613416200000074],[128.30903890000002,38.613467600000035],[128.3100405,38.61348470000007],[128.3110422000001,38.613467600000035],[128.3113975000001,38.61344930000007],[128.31234590000008,38.613788500000055],[128.3126793,38.61389150000008],[128.31297260000008,38.61401740000008],[128.31319100000007,38.61409510000004],[128.3138643000001,38.61435460000007],[128.31393030000004,38.61438860000004],[128.31395010000006,38.61442240000008],[128.31457870000008,38.614851800000054],[128.31561440000007,38.615494900000044],[128.31669550000004,38.61609030000005],[128.3169689,38.61623180000004],[128.3181307000001,38.616795000000025],[128.31910140000002,38.617210700000044],[128.31949040000006,38.61736790000003],[128.32066010000005,38.61781010000004],[128.3206997000001,38.61782530000005],[128.32087940000008,38.61803500000008],[128.3212953000001,38.61850410000005],[128.32173000000012,38.61896260000003],[128.3219219,38.619158500000026],[128.32253400000002,38.61975640000003],[128.322761,38.619961500000045],[128.3233534000001,38.62062910000003],[128.3235413000001,38.62082860000004],[128.3244151,38.62169890000007],[128.32503880000002,38.622258300000055],[128.32569130000002,38.62279710000007],[128.3259614000001,38.62301110000004],[128.32649800000002,38.623422600000026],[128.32679370000005,38.623642000000075],[128.3278110000001,38.62435330000005],[128.32799290000003,38.62447180000004],[128.32829990000005,38.62466970000003],[128.3294049000001,38.625339100000076],[128.33055980000006,38.62595460000006],[128.33093800000006,38.62614330000008],[128.33177520000004,38.62654150000003],[128.3326975000001,38.626937500000054],[128.33308180000006,38.627093700000046],[128.3337332000001,38.62734820000003],[128.3342050000001,38.627525200000036],[128.33522170000003,38.627883300000065],[128.33627120000006,38.628205500000035],[128.33692170000006,38.62839070000007],[128.33826010000007,38.62873560000003],[128.33941600000003,38.62900280000008],[128.34014200000001,38.629160600000034],[128.34107300000005,38.62935010000007],[128.34133640000005,38.62939700000004],[128.3419861000001,38.62992950000006],[128.34270980000008,38.63047320000004],[128.3434632000001,38.63099160000007],[128.34424460000002,38.63148370000005],[128.3450527000001,38.631948600000044],[128.34588580000002,38.63238540000003],[128.34674250000012,38.63279320000004],[128.34762110000008,38.63317140000004],[128.34851980000008,38.63351920000008],[128.34943710000005,38.63383580000004],[128.35037110000007,38.63412080000006],[128.3513200000001,38.63437350000004],[128.3522822000001,38.63459350000005],[128.3532556,38.63478040000007],[128.35423850000006,38.634933800000056],[128.355229,38.63505340000006],[128.35622520000004,38.63513900000004],[128.3572253000001,38.635190400000056],[128.3582272000001,38.63520760000006],[128.35922920000007,38.635190400000056],[128.36022920000005,38.63513900000004],[128.36122540000008,38.63505340000006],[128.36221590000002,38.634933800000056],[128.3629787029747,38.63481472583748],[128.3631166,38.63479320000005],[128.3629684000001,38.63367370000003],[128.3629644,38.63327280000004],[128.3629330000001,38.63298000000003],[128.36288890000003,38.63286180000006],[128.36277040000004,38.632709000000034],[128.3627133000001,38.632526100000064],[128.36269090000008,38.63222890000003],[128.36269260000006,38.63191820000003],[128.3627024000001,38.631768400000055],[128.36274190000006,38.63156800000007],[128.363018,38.63076210000003],[128.36307580000005,38.63067070000005],[128.3632698,38.630456200000026],[128.3634062000001,38.630319400000076],[128.36346360000005,38.630227500000046],[128.36350130000005,38.63002860000006],[128.36350140000002,38.62988480000007],[128.36346420000007,38.62968570000004],[128.36340710000002,38.62959360000008],[128.3632129,38.629378400000064],[128.36307510000006,38.62924420000007],[128.36301490000005,38.62915920000006],[128.3627715,38.628669400000035],[128.3627196000001,38.62849010000008],[128.36267930000008,38.62791390000007],[128.36264970000002,38.627789300000074],[128.36259540000003,38.627698800000076],[128.3623950000001,38.62749310000004],[128.36230880000005,38.62743390000003],[128.36181770000007,38.62719580000004],[128.3617111000001,38.627161700000045],[128.36159210000005,38.62715680000008],[128.3614265000001,38.62720170000006],[128.36127480000005,38.62731910000008],[128.36116170000003,38.62736300000006],[128.3608842000001,38.627396100000055],[128.36059350000005,38.62738950000005],[128.36039970000002,38.627351600000054],[128.35959160000004,38.627079700000024],[128.35949950000008,38.627023300000076],[128.35925040000006,38.626800600000024],[128.35909460000005,38.62661940000004],[128.35882700000002,38.626348000000064],[128.35857590000012,38.62612740000003],[128.35847050000007,38.62607880000007],[128.35829200000012,38.62602640000006],[128.35818670000003,38.62597770000008],[128.35794810000004,38.62574470000004],[128.35789160000002,38.625652900000034],[128.35762680000005,38.62484360000008],[128.35733770000002,38.62370260000006],[128.3573070000001,38.62341380000004],[128.35730260000003,38.62309880000004],[128.35730300000012,38.620296600000074],[128.35731110000006,38.61998530000005],[128.35732560000008,38.619840200000056],[128.3573815000001,38.619656500000076],[128.3574983000001,38.619503800000075],[128.35755330000006,38.61932100000007],[128.3575734000001,38.619024000000024],[128.35777850580527,38.6183435612314],[128.3582272000001,38.617190900000026],[128.3583296577419,38.616774179445756]]]}}]}
