{"type":"FeatureCollection","features":[{"type":"Feature","properties":{"place":"lawa-headwaters","region":"area/lawa-headwaters","donors":"GF SR","rank":3,"whose_line":"OSM mappers: the area Suriname claims and France controls, between both parties' lines (Lawa and Marouini rivers)","publisher":"OpenStreetMap contributors","source_url":"https://www.openstreetmap.org/relation/16104167","version_or_date":"snapshot 2026-10-04T06:57:51Z (Overpass attic query); relation 16104167 v5","feature_id":"relation 16104167","licence":"ODbL 1.0","notes":"Held by France (de facto administration); France's own commune of Maripasoula (IGN ADMIN EXPRESS) covers 3,490 of its 3,494.5 km². Natural Earth B14 is the same area. The register's 'about 5,000 square miles' does not match.","input_sha256":"9aecb59eb9e9cc060c149390f264d7a93d9f4ab2b8676dea9619a93a946bed50","operation":"assembled from the OSM element's member ways (outer minus inner)","crs":"WGS84 longitude/latitude, as in the source (no reprojection)","source_features":[{"id":"relation 16104167 v5","osm":"relation/16104167","version":5,"timestamp":"2026-07-07T14:35:51Z","name":"Zone réclamée par le Suriname, contrôlée par la France","boundary":"disputed","claimed_by":"SR;FR","controlled_by":"FR","disputed_by":"SR"}]},"geometry":{"type":"Polygon","coordinates":[[[-54.0854897,3.2312055],[-54.085803,3.231303],[-54.086169,3.231413],[-54.086859,3.231626],[-54.087264,3.231887],[-54.087646,3.232125],[-54.087955,3.232363],[-54.088242,3.232721],[-54.088481,3.233007],[-54.088981,3.233197],[-54.0896,3.233482],[-54.089956,3.233505],[-54.090313,3.233312],[-54.09062,3.232857],[-54.090809,3.232187],[-54.090878,3.231542],[-54.090804,3.230634],[-54.090659,3.229869],[-54.090442,3.229081],[-54.09025,3.228365],[-54.089962,3.227553],[-54.089699,3.226908],[-54.089388,3.22624],[-54.089172,3.225619],[-54.08886,3.224879],[-54.088692,3.224139],[-54.088617,3.223183],[-54.088472,3.222371],[-54.088375,3.221702],[-54.088159,3.221033],[-54.087896,3.220436],[-54.087584,3.21972],[-54.08713,3.218861],[-54.086915,3.218432],[-54.08658,3.217931],[-54.086103,3.21755],[-54.08577,3.217335],[-54.084985,3.217218],[-54.084033,3.217126],[-54.083177,3.217033],[-54.082606,3.216819],[-54.082343,3.216509],[-54.08227,3.216055],[-54.082411,3.215481],[-54.08279,3.214835],[-54.083335,3.214331],[-54.083786,3.213995],[-54.084189,3.213492],[-54.084449,3.212942],[-54.08459,3.212367],[-54.084706,3.21165],[-54.084751,3.210789],[-54.084749,3.210048],[-54.084699,3.209164],[-54.084768,3.208375],[-54.084956,3.207705],[-54.085192,3.207155],[-54.085571,3.206676],[-54.085974,3.206292],[-54.086449,3.205956],[-54.086852,3.205405],[-54.087159,3.204759],[-54.087229,3.20428],[-54.087322,3.203707],[-54.087344,3.203133],[-54.087271,3.202416],[-54.087269,3.201866],[-54.087172,3.201221],[-54.087123,3.200648],[-54.086883,3.200027],[-54.086406,3.199574],[-54.085858,3.199193],[-54.085334,3.198908],[-54.084858,3.198742],[-54.084263,3.198505],[-54.083739,3.198268],[-54.08312,3.19803],[-54.08262,3.197793],[-54.082168,3.197675],[-54.081763,3.197676],[-54.08136,3.197916],[-54.080981,3.198324],[-54.080435,3.198803],[-54.080079,3.199067],[-54.079628,3.199332],[-54.07913,3.199596],[-54.078655,3.199956],[-54.078205,3.200459],[-54.07785,3.200963],[-54.077685,3.201584],[-54.077568,3.202278],[-54.077522,3.202852],[-54.077548,3.203449],[-54.077597,3.204142],[-54.077718,3.204644],[-54.077886,3.20505],[-54.07822,3.205646],[-54.078555,3.206362],[-54.078581,3.206912],[-54.078535,3.207534],[-54.078346,3.20806],[-54.078087,3.208682],[-54.077898,3.209256],[-54.077424,3.209736],[-54.076996,3.209761],[-54.076496,3.209667],[-54.076186,3.209333],[-54.076042,3.20888],[-54.076064,3.208354],[-54.076182,3.20778],[-54.076418,3.207277],[-54.07644,3.206703],[-54.076319,3.20613],[-54.076033,3.205701],[-54.075579,3.205272],[-54.075127,3.205106],[-54.074771,3.205107],[-54.0742,3.20518],[-54.073702,3.205516],[-54.073394,3.205995],[-54.073039,3.206594],[-54.072827,3.20724],[-54.072472,3.207863],[-54.07207,3.208509],[-54.071738,3.209036],[-54.071336,3.209587],[-54.070909,3.209971],[-54.070482,3.210235],[-54.069983,3.210499],[-54.069437,3.21074],[-54.068986,3.211004],[-54.068392,3.211174],[-54.067489,3.211535],[-54.0668,3.211585],[-54.066181,3.211587],[-54.065468,3.211469],[-54.064897,3.211351],[-54.064063,3.211043],[-54.063563,3.210877],[-54.062992,3.210807],[-54.062398,3.210833],[-54.061946,3.210834],[-54.061162,3.211028],[-54.060401,3.211102],[-54.059831,3.211104],[-54.05914,3.210915],[-54.05864,3.210653],[-54.058116,3.21032],[-54.057711,3.209939],[-54.057376,3.20951],[-54.057137,3.208961],[-54.056897,3.208388],[-54.056515,3.207719],[-54.056299,3.207051],[-54.05594,3.206359],[-54.055629,3.205786],[-54.055342,3.205142],[-54.055031,3.204593],[-54.054816,3.204139],[-54.054099,3.203113],[-54.053717,3.202517],[-54.053383,3.202064],[-54.05312,3.20161],[-54.052832,3.200894],[-54.052712,3.200273],[-54.052733,3.19958],[-54.052756,3.199173],[-54.05285,3.198695],[-54.053015,3.198193],[-54.053227,3.197738],[-54.053559,3.197235],[-54.053819,3.196852],[-54.054175,3.19642],[-54.054601,3.195893],[-54.054957,3.195581],[-54.055407,3.195126],[-54.05562,3.194576],[-54.055642,3.194002],[-54.055426,3.193524],[-54.054974,3.193335],[-54.054569,3.193168],[-54.053737,3.193123],[-54.053119,3.193268],[-54.05243,3.193438],[-54.051789,3.193703],[-54.05129,3.194015],[-54.050839,3.194375],[-54.050413,3.194806],[-54.050081,3.195261],[-54.049535,3.195693],[-54.049156,3.195933],[-54.048538,3.19627],[-54.047968,3.196511],[-54.047516,3.196536],[-54.047017,3.19649],[-54.046565,3.196276],[-54.046183,3.19599],[-54.045778,3.195561],[-54.045324,3.195013],[-54.04499,3.19444],[-54.044703,3.193867],[-54.044367,3.193127],[-54.044176,3.192674],[-54.044103,3.192028],[-54.044125,3.19155],[-54.044242,3.190928],[-54.044526,3.19045],[-54.044857,3.189827],[-54.045212,3.1893],[-54.045568,3.188893],[-54.046042,3.188604],[-54.046494,3.18846],[-54.047041,3.188458],[-54.047588,3.188576],[-54.048041,3.188814],[-54.048493,3.189075],[-54.048946,3.18948],[-54.049257,3.189838],[-54.049615,3.19041],[-54.049901,3.190744],[-54.050378,3.191054],[-54.051021,3.191362],[-54.05152,3.191385],[-54.052186,3.191263],[-54.052613,3.191023],[-54.053135,3.190639],[-54.053491,3.190303],[-54.053798,3.189681],[-54.054106,3.18925],[-54.054342,3.188508],[-54.054554,3.187862],[-54.054908,3.187168],[-54.05543,3.186497],[-54.055999,3.186137],[-54.056593,3.185848],[-54.057353,3.185559],[-54.057971,3.185318],[-54.058636,3.185101],[-54.059229,3.184836],[-54.059847,3.184524],[-54.060986,3.183779],[-54.061769,3.183347],[-54.062624,3.182818],[-54.063265,3.182291],[-54.063929,3.181739],[-54.064498,3.181259],[-54.065044,3.180779],[-54.065494,3.180324],[-54.065944,3.179797],[-54.066394,3.179222],[-54.066797,3.178623],[-54.067176,3.178215],[-54.06765,3.177616],[-54.068028,3.176898],[-54.068264,3.1763],[-54.068405,3.175702],[-54.068427,3.175128],[-54.068568,3.174459],[-54.068828,3.174027],[-54.069279,3.173715],[-54.069778,3.173499],[-54.070325,3.173473],[-54.070872,3.173543],[-54.071752,3.173684],[-54.072394,3.173754],[-54.072941,3.173704],[-54.073511,3.173559],[-54.073939,3.173223],[-54.074508,3.172863],[-54.075102,3.172527],[-54.075671,3.172167],[-54.076265,3.171997],[-54.076788,3.1719],[-54.07957,3.171892],[-54.080236,3.17177],[-54.080829,3.171506],[-54.081328,3.171098],[-54.081825,3.170571],[-54.082442,3.170091],[-54.082988,3.169707],[-54.083439,3.169418],[-54.08408,3.16901],[-54.084625,3.168531],[-54.085171,3.168075],[-54.085484,3.167667],[-54.085858,3.167236],[-54.086309,3.166852],[-54.086664,3.166373],[-54.086853,3.165847],[-54.086851,3.165297],[-54.086778,3.164747],[-54.086705,3.164078],[-54.086584,3.163481],[-54.086297,3.162741],[-54.085986,3.162097],[-54.085675,3.161596],[-54.085341,3.161262],[-54.084817,3.161025],[-54.084317,3.160835],[-54.083841,3.160669],[-54.083294,3.160575],[-54.082651,3.160386],[-54.082104,3.160148],[-54.081461,3.159911],[-54.080865,3.159531],[-54.080436,3.159173],[-54.079769,3.158578],[-54.07941,3.158029],[-54.079147,3.157456],[-54.07905,3.156668],[-54.079023,3.155712],[-54.079044,3.154851],[-54.079113,3.154014],[-54.079159,3.153249],[-54.07918,3.152508],[-54.079176,3.151122],[-54.079079,3.150477],[-54.078911,3.149904],[-54.078529,3.149355],[-54.078076,3.14895],[-54.077766,3.148712],[-54.077194,3.148164],[-54.076764,3.147711],[-54.076311,3.14733],[-54.075645,3.147045],[-54.075003,3.147047],[-54.074575,3.147096],[-54.073838,3.147194],[-54.073053,3.14722],[-54.072411,3.147222],[-54.071864,3.147152],[-54.071151,3.14713],[-54.070414,3.147228],[-54.069796,3.147373],[-54.069012,3.147686],[-54.068561,3.147903],[-54.067873,3.148192],[-54.067254,3.148241],[-54.066707,3.148243],[-54.066137,3.148197],[-54.065708,3.148055],[-54.065256,3.147865],[-54.064755,3.147508],[-54.064493,3.147174],[-54.064182,3.146721],[-54.063871,3.146052],[-54.063751,3.145503],[-54.06363,3.144834],[-54.063415,3.144452],[-54.063105,3.144238],[-54.062629,3.144144],[-54.062225,3.144145],[-54.061726,3.144266],[-54.061085,3.144531],[-54.060681,3.144842],[-54.060017,3.145203],[-54.059542,3.145539],[-54.058925,3.145923],[-54.058237,3.146332],[-54.057548,3.146788],[-54.057169,3.147315],[-54.056909,3.147889],[-54.056769,3.148583],[-54.056605,3.149444],[-54.056536,3.150137],[-54.056657,3.151117],[-54.056779,3.151905],[-54.057018,3.152359],[-54.057424,3.152955],[-54.058019,3.153336],[-54.058448,3.15355],[-54.059115,3.153835],[-54.0599,3.154095],[-54.060472,3.154404],[-54.060853,3.154857],[-54.06114,3.155287],[-54.061143,3.156147],[-54.060906,3.15653],[-54.060479,3.156938],[-54.059956,3.157131],[-54.05941,3.157132],[-54.058743,3.157039],[-54.058172,3.156921],[-54.05753,3.156636],[-54.057029,3.156255],[-54.05629,3.155707],[-54.055742,3.155374],[-54.055219,3.155232],[-54.054695,3.155186],[-54.054172,3.155188],[-54.053388,3.155262],[-54.052817,3.155264],[-54.052199,3.15517],[-54.051485,3.154933],[-54.050961,3.154695],[-54.050484,3.154482],[-54.050246,3.154195],[-54.050031,3.153766],[-54.049886,3.153145],[-54.050003,3.152475],[-54.050239,3.151781],[-54.050569,3.150896],[-54.050829,3.150178],[-54.051064,3.149508],[-54.051324,3.148718],[-54.051512,3.148096],[-54.051557,3.147307],[-54.051553,3.145802],[-54.051551,3.145156],[-54.051501,3.144272],[-54.051499,3.143555],[-54.051449,3.142623],[-54.051208,3.141787],[-54.050707,3.141095],[-54.050373,3.140833],[-54.049897,3.1405],[-54.049587,3.140286],[-54.049134,3.139881],[-54.048847,3.139284],[-54.048583,3.138448],[-54.048391,3.137803],[-54.048175,3.137111],[-54.047839,3.136203],[-54.047434,3.135655],[-54.047099,3.135226],[-54.046718,3.13494],[-54.04636,3.134606],[-54.045908,3.134369],[-54.04536,3.134131],[-54.044813,3.133918],[-54.044265,3.133752],[-54.043742,3.133706],[-54.0431,3.133731],[-54.042363,3.133781],[-54.041649,3.133616],[-54.041244,3.13333],[-54.040981,3.132829],[-54.041027,3.13216],[-54.04112,3.131538],[-54.041308,3.130868],[-54.04164,3.130317],[-54.042114,3.129742],[-54.042517,3.129335],[-54.04292,3.128999],[-54.043323,3.128472],[-54.043916,3.128088],[-54.044509,3.127656],[-54.045008,3.127511],[-54.04565,3.127222],[-54.046362,3.127005],[-54.047146,3.12674],[-54.047549,3.126404],[-54.047857,3.125973],[-54.047927,3.125327],[-54.047854,3.124897],[-54.047519,3.124229],[-54.047019,3.123848],[-54.046447,3.123467],[-54.045876,3.123206],[-54.04521,3.123112],[-54.04471,3.123114],[-54.043856,3.123618],[-54.043358,3.124265],[-54.042694,3.124984],[-54.042149,3.125535],[-54.041532,3.126111],[-54.040868,3.126471],[-54.040345,3.126784],[-54.039751,3.126809],[-54.039109,3.126739],[-54.038538,3.126741],[-54.037824,3.1266],[-54.037039,3.126459],[-54.036016,3.12627],[-54.035445,3.126152],[-54.034732,3.126083],[-54.034137,3.126061],[-54.033614,3.126086],[-54.03321,3.126255],[-54.032664,3.126471],[-54.032142,3.126736],[-54.031572,3.127072],[-54.03105,3.127456],[-54.030694,3.127792],[-54.030339,3.128223],[-54.030007,3.128726],[-54.029604,3.129181],[-54.029463,3.129779],[-54.029369,3.13021],[-54.029228,3.130736],[-54.028564,3.131407],[-54.027875,3.131601],[-54.027257,3.131794],[-54.026211,3.131892],[-54.022169,3.131904],[-54.021289,3.131859],[-54.020361,3.131766],[-54.019338,3.131601],[-54.018482,3.131437],[-54.017815,3.131056],[-54.017277,3.130286],[-54.016812,3.129553],[-54.016238,3.128407],[-54.015736,3.1275],[-54.015353,3.126641],[-54.0149,3.126092],[-54.01447,3.125639],[-54.013875,3.125354],[-54.01328,3.125165],[-54.012733,3.125071],[-54.012091,3.125049],[-54.011567,3.125026],[-54.01083,3.124885],[-54.01033,3.124791],[-54.009711,3.124458],[-54.009163,3.124101],[-54.008757,3.123576],[-54.008208,3.122765],[-54.007873,3.121906],[-54.007489,3.120927],[-54.007392,3.12021],[-54.007366,3.119445],[-54.007364,3.11868],[-54.0073,3.118074],[-54.007242,3.117533],[-54.00724,3.116792],[-54.007357,3.116098],[-54.007593,3.1155],[-54.00802,3.115069],[-54.008541,3.114302],[-54.008776,3.113489],[-54.0092,3.112197],[-54.009673,3.111144],[-54.010122,3.110282],[-54.010714,3.109324],[-54.011116,3.108558],[-54.011422,3.107553],[-54.011562,3.106525],[-54.011584,3.105879],[-54.011654,3.105258],[-54.01208,3.104778],[-54.012746,3.104609],[-54.013626,3.104607],[-54.014338,3.104294],[-54.014931,3.103671],[-54.015405,3.103095],[-54.015974,3.102496],[-54.016495,3.101897],[-54.017088,3.101322],[-54.0173,3.100724],[-54.017299,3.100078],[-54.017202,3.099576],[-54.016796,3.098908],[-54.016177,3.098552],[-54.015724,3.098146],[-54.015128,3.097861],[-54.01458,3.097528],[-54.013747,3.097076],[-54.01308,3.096696],[-54.012485,3.096387],[-54.011723,3.095983],[-54.010913,3.095579],[-54.010294,3.095198],[-54.009817,3.094793],[-54.00934,3.094244],[-54.00891,3.093696],[-54.008599,3.093099],[-54.008193,3.092455],[-54.00762,3.091644],[-54.006929,3.091048],[-54.006215,3.090716],[-54.005763,3.090597],[-54.005238,3.09024],[-54.004809,3.089787],[-54.004522,3.089023],[-54.004425,3.088426],[-54.004423,3.087613],[-54.004372,3.086681],[-54.004347,3.08594],[-54.004342,3.084243],[-54.004316,3.083406],[-54.004099,3.08257],[-54.003813,3.082045],[-54.003265,3.081736],[-54.002812,3.08157],[-54.002361,3.081571],[-54.001553,3.081717],[-54.001007,3.082077],[-54.000508,3.082246],[-54.00008,3.082271],[-53.999651,3.082153],[-53.999175,3.081963],[-53.998628,3.081725],[-53.998008,3.081177],[-53.99777,3.080963],[-53.997792,3.080413],[-53.997909,3.079934],[-53.99848,3.079766],[-53.999073,3.079549],[-53.999453,3.079333],[-53.999857,3.078949],[-54.000116,3.078207],[-54.000161,3.077442],[-54.0000961,3.076962],[-54.000064,3.076725],[-53.999777,3.076081],[-53.999442,3.07534],[-53.999155,3.074815],[-53.998726,3.074195],[-53.998106,3.073551],[-53.997629,3.073314],[-53.997034,3.073029],[-53.996344,3.072696],[-53.995843,3.072315],[-53.995581,3.071981],[-53.99527,3.07136],[-53.995078,3.070715],[-53.995219,3.070046],[-53.99555,3.069543],[-53.996143,3.069135],[-53.996761,3.068894],[-53.997545,3.068581],[-53.998376,3.06822],[-53.999017,3.067836],[-53.999824,3.067451],[-54.000418,3.067186],[-54.001154,3.066754],[-54.001819,3.06637],[-54.00246,3.066009],[-54.00386,3.065097],[-54.004454,3.064761],[-54.005048,3.064568],[-54.005547,3.064686],[-54.006072,3.065091],[-54.006429,3.065472],[-54.006931,3.066164],[-54.007265,3.066665],[-54.007552,3.067262],[-54.007744,3.067835],[-54.007745,3.068337],[-54.007676,3.069054],[-54.007701,3.069461],[-54.007939,3.069699],[-54.008463,3.069865],[-54.008986,3.069863],[-54.009533,3.069766],[-54.010055,3.06943],[-54.010434,3.069047],[-54.010765,3.068424],[-54.010906,3.067659],[-54.010975,3.066822],[-54.01102,3.065937],[-54.011137,3.065172],[-54.011396,3.064335],[-54.011585,3.063784],[-54.011963,3.063138],[-54.012532,3.062587],[-54.012888,3.062299],[-54.013196,3.062011],[-54.013386,3.061628],[-54.013242,3.061126],[-54.012979,3.060769],[-54.012598,3.060435],[-54.011955,3.06015],[-54.010955,3.059722],[-54.010384,3.059605],[-54.009908,3.059486],[-54.009361,3.059345],[-54.008694,3.058964],[-54.008217,3.058416],[-54.007668,3.057652],[-54.007381,3.057008],[-54.007212,3.056243],[-54.007163,3.055574],[-54.007018,3.054785],[-54.00685,3.054141],[-54.006634,3.053544],[-54.006371,3.053042],[-54.006012,3.052302],[-54.005678,3.051801],[-54.005225,3.051277],[-54.00489,3.050656],[-54.004674,3.050083],[-54.004625,3.049509],[-54.004647,3.048888],[-54.004693,3.048147],[-54.004833,3.047405],[-54.004951,3.046831],[-54.005258,3.046209],[-54.005684,3.045634],[-54.006206,3.045226],[-54.006824,3.044794],[-54.007441,3.044506],[-54.008201,3.044145],[-54.008842,3.043713],[-54.009244,3.043138],[-54.009623,3.042635],[-54.010026,3.042084],[-54.010381,3.041557],[-54.010713,3.041054],[-54.011139,3.040551],[-54.011329,3.040216],[-54.011494,3.039833],[-54.012683,3.03983],[-54.01323,3.039995],[-54.013635,3.040209],[-54.014111,3.040447],[-54.014516,3.040494],[-54.014896,3.040397],[-54.015204,3.040085],[-54.015417,3.039559],[-54.015747,3.038817],[-54.015936,3.038219],[-54.015982,3.037645],[-54.015886,3.037239],[-54.016146,3.03688],[-54.016358,3.036234],[-54.016643,3.03585],[-54.016904,3.035587],[-54.017212,3.035251],[-54.017209,3.034462],[-54.017089,3.033889],[-54.016874,3.03334],[-54.016872,3.032838],[-54.017085,3.03255],[-54.017465,3.03231],[-54.017869,3.03219],[-54.018416,3.032188],[-54.019225,3.032449],[-54.019868,3.032853],[-54.02044,3.033258],[-54.021179,3.033806],[-54.021798,3.034163],[-54.022488,3.034495],[-54.023154,3.034661],[-54.023916,3.035065],[-54.024608,3.035637],[-54.024847,3.036258],[-54.025039,3.036903],[-54.025231,3.037571],[-54.025376,3.038384],[-54.025617,3.039387],[-54.025643,3.0402],[-54.025669,3.041084],[-54.025671,3.041801],[-54.025554,3.042518],[-54.025366,3.043212],[-54.025463,3.043881],[-54.02582,3.044191],[-54.026486,3.044309],[-54.027105,3.044283],[-54.027674,3.044018],[-54.028054,3.043539],[-54.028361,3.042821],[-54.028573,3.042104],[-54.028785,3.041362],[-54.02902,3.04062],[-54.029375,3.039878],[-54.029587,3.039232],[-54.029728,3.038419],[-54.029773,3.037606],[-54.029675,3.036698],[-54.029673,3.036077],[-54.029552,3.035336],[-54.029478,3.034308],[-54.029476,3.033496],[-54.029356,3.03297],[-54.028807,3.032374],[-54.028187,3.031754],[-54.027425,3.031159],[-54.026781,3.030635],[-54.025923,3.029944],[-54.025257,3.029587],[-54.024565,3.02904],[-54.023922,3.028587],[-54.023159,3.027753],[-54.022491,3.027109],[-54.021872,3.0268],[-54.021135,3.026635],[-54.020183,3.026398],[-54.019421,3.026042],[-54.018849,3.025637],[-54.018325,3.025161],[-54.017633,3.024398],[-54.017108,3.023586],[-54.016511,3.022752],[-54.0162,3.02182],[-54.015674,3.020913],[-54.015149,3.020365],[-54.014625,3.019841],[-54.01391,3.019436],[-54.013196,3.018984],[-54.012434,3.018651],[-54.011696,3.018367],[-54.010911,3.018034],[-54.009888,3.017894],[-54.008984,3.017633],[-54.007365,3.016873],[-54.006912,3.016659],[-54.006413,3.016565],[-54.004986,3.016569],[-54.004534,3.016474],[-54.004034,3.016284],[-54.003343,3.015856],[-54.002772,3.01569],[-54.002059,3.015549],[-54.001511,3.015431],[-54.000869,3.015241],[-54.000273,3.014765],[-53.999819,3.014025],[-53.999389,3.013237],[-53.999149,3.012449],[-53.999146,3.011206],[-53.998906,3.010346],[-53.998524,3.009774],[-53.998261,3.009368],[-53.997618,3.008916],[-53.996927,3.008583],[-53.99638,3.00825],[-53.99595,3.007773],[-53.995688,3.007391],[-53.995518,3.006388],[-53.995254,3.005456],[-53.995109,3.004524],[-53.994917,3.003712],[-53.994558,3.002972],[-53.9942,3.002543],[-53.993628,3.002114],[-53.993081,3.001853],[-53.99208,3.001114],[-53.991127,3.000352],[-53.990412,2.999852],[-53.989578,2.999113],[-53.988625,2.998231],[-53.98829,2.997778],[-53.987861,2.99711],[-53.987621,2.996609],[-53.987453,2.995844],[-53.987451,2.995199],[-53.987664,2.994577],[-53.988019,2.994169],[-53.988398,2.993666],[-53.988944,2.99333],[-53.989514,2.993161],[-53.990227,2.99304],[-53.990821,2.992703],[-53.991176,2.9922],[-53.991602,2.991482],[-53.991885,2.990621],[-53.992311,2.989855],[-53.992786,2.989471],[-53.993355,2.989182],[-53.993759,2.989086],[-53.994615,2.989036],[-53.995067,2.989034],[-53.995781,2.989248],[-53.996495,2.989437],[-53.997137,2.989698],[-53.997708,2.98972],[-53.998659,2.989694],[-53.999634,2.989739],[-54.000252,2.989713],[-54.000608,2.989425],[-54.000892,2.988827],[-54.00089,2.988253],[-54.000627,2.98768],[-54.000293,2.987323],[-53.999674,2.987014],[-53.999079,2.986752],[-53.998484,2.986563],[-53.997723,2.986398],[-53.996914,2.986304],[-53.996153,2.986354],[-53.995464,2.986475],[-53.994965,2.986477],[-53.994465,2.986191],[-53.99406,2.98581],[-53.993487,2.985023],[-53.993081,2.984331],[-53.992675,2.983686],[-53.992293,2.983066],[-53.992267,2.982397],[-53.992384,2.981583],[-53.992429,2.980795],[-53.992451,2.980006],[-53.992449,2.97936],[-53.992566,2.978571],[-53.992849,2.977781],[-53.993156,2.976872],[-53.993487,2.976154],[-53.993936,2.975436],[-53.994268,2.975029],[-53.994861,2.974382],[-53.995501,2.973782],[-53.996047,2.973326],[-53.99664,2.972871],[-53.997257,2.972367],[-53.997898,2.971911],[-53.998514,2.97124],[-53.998964,2.970689],[-53.999581,2.970233],[-54.000151,2.969921],[-54.000625,2.96937],[-54.000838,2.968796],[-54.000979,2.968221],[-54.00131,2.967527],[-54.00157,2.966929],[-54.001663,2.966307],[-54.001662,2.965757],[-54.001446,2.96528],[-54.000874,2.964517],[-54.000801,2.964063],[-54.000799,2.963489],[-54.000917,2.962819],[-54.001248,2.962292],[-54.001746,2.961837],[-54.002292,2.961549],[-54.002743,2.96138],[-54.003267,2.961379],[-54.003694,2.961306],[-54.004193,2.961065],[-54.004284,2.959655],[-54.004235,2.958914],[-54.004067,2.958341],[-54.003875,2.957815],[-54.003541,2.957338],[-54.003445,2.956908],[-54.003372,2.956287],[-54.00337,2.955785],[-54.00344,2.955139],[-54.003581,2.954613],[-54.003888,2.953967],[-54.00422,2.953273],[-54.004527,2.952674],[-54.004809,2.951526],[-54.004903,2.951095],[-54.005164,2.95076],[-54.005496,2.950568],[-54.005947,2.950399],[-54.006279,2.949992],[-54.006515,2.949346],[-54.006252,2.948701],[-54.005917,2.948057],[-54.005607,2.947436],[-54.005034,2.946625],[-54.004652,2.946052],[-54.004365,2.945503],[-54.004173,2.944954],[-54.003934,2.944214],[-54.003694,2.943521],[-54.003573,2.942804],[-54.003524,2.942087],[-54.003522,2.941537],[-54.003639,2.940868],[-54.003851,2.940054],[-54.004016,2.939576],[-54.004062,2.93905],[-54.004037,2.938429],[-54.003869,2.938023],[-54.003749,2.937593],[-54.003676,2.936947],[-54.003746,2.936445],[-54.003864,2.936039],[-54.004244,2.935655],[-54.004695,2.935391],[-54.005193,2.935103],[-54.00543,2.934791],[-54.005571,2.933978],[-54.00545,2.933238],[-54.005282,2.93264],[-54.004971,2.932139],[-54.004637,2.931614],[-54.004445,2.931113],[-54.004348,2.930252],[-54.004274,2.929368],[-54.00432,2.928723],[-54.004437,2.928005],[-54.004791,2.92712],[-54.005145,2.926163],[-54.005476,2.925421],[-54.005856,2.924966],[-54.00633,2.924677],[-54.006995,2.924461],[-54.007542,2.92422],[-54.008016,2.923812],[-54.008418,2.923094],[-54.008631,2.922424],[-54.008795,2.921515],[-54.00903,2.920654],[-54.00929,2.91996],[-54.009501,2.919099],[-54.009594,2.918215],[-54.00952,2.917211],[-54.009375,2.916255],[-54.00904,2.915395],[-54.008705,2.914679],[-54.00818,2.914011],[-54.007894,2.913534],[-54.007773,2.912817],[-54.007557,2.912268],[-54.007127,2.911456],[-54.006864,2.910859],[-54.006649,2.910286],[-54.006313,2.909379],[-54.005978,2.908256],[-54.005738,2.907516],[-54.005569,2.906704],[-54.005496,2.905867],[-54.005256,2.905199],[-54.005064,2.90453],[-54.004873,2.904028],[-54.004752,2.903431],[-54.004609,2.903001],[-54.004369,2.902524],[-54.003964,2.901855],[-54.003535,2.901498],[-54.002963,2.901093],[-54.002462,2.900569],[-54.002056,2.899876],[-54.001746,2.899447],[-54.001317,2.899137],[-54.000792,2.898326],[-54.000576,2.897609],[-54.000336,2.896678],[-54.000334,2.895817],[-54.000355,2.894861],[-54.0004,2.894],[-54.000589,2.893283],[-54.000564,2.892876],[-54.000254,2.892566],[-53.999944,2.892233],[-53.999728,2.891468],[-53.999703,2.890847],[-53.999558,2.890058],[-53.999365,2.889198],[-53.999245,2.888505],[-53.998981,2.887861],[-53.998791,2.88755],[-53.998481,2.887336],[-53.997934,2.88717],[-53.996816,2.886958],[-53.996079,2.886936],[-53.995531,2.886722],[-53.994555,2.886319],[-53.99396,2.886081],[-53.993341,2.885796],[-53.99277,2.885558],[-53.991819,2.885298],[-53.991057,2.885181],[-53.989726,2.885184],[-53.989037,2.885258],[-53.988324,2.885259],[-53.987658,2.885213],[-53.986873,2.885072],[-53.986421,2.885002],[-53.985588,2.884717],[-53.984993,2.884456],[-53.984635,2.883978],[-53.9843,2.883262],[-53.983942,2.882594],[-53.983513,2.882212],[-53.982917,2.881736],[-53.982417,2.881498],[-53.981918,2.881428],[-53.981324,2.881453],[-53.980801,2.881455],[-53.980444,2.881384],[-53.979968,2.88117],[-53.97961,2.880884],[-53.979276,2.880407],[-53.979132,2.879953],[-53.978988,2.879284],[-53.978868,2.878615],[-53.978795,2.878041],[-53.978603,2.877397],[-53.978364,2.876943],[-53.978149,2.876442],[-53.977909,2.875821],[-53.977622,2.875248],[-53.977407,2.874746],[-53.977144,2.874269],[-53.976715,2.873864],[-53.976405,2.873458],[-53.975953,2.873053],[-53.975618,2.8726],[-53.975379,2.872098],[-53.975307,2.871668],[-53.975401,2.871261],[-53.975614,2.870974],[-53.976137,2.870853],[-53.976517,2.870685],[-53.976992,2.870397],[-53.977419,2.869989],[-53.977512,2.869391],[-53.97751,2.868602],[-53.977532,2.868005],[-53.977744,2.867192],[-53.978058,2.86641],[-53.978056,2.865884],[-53.977984,2.865549],[-53.977745,2.864952],[-53.977554,2.864594],[-53.977244,2.864165],[-53.976862,2.863712],[-53.976575,2.863234],[-53.976146,2.862614],[-53.975883,2.862256],[-53.975645,2.861946],[-53.975501,2.861516],[-53.975499,2.860703],[-53.975641,2.860344],[-53.976226,2.859507],[-53.976766,2.858993],[-53.977084,2.858704],[-53.977418,2.858479],[-53.977098,2.858176],[-53.976938,2.85792],[-53.976795,2.85768],[-53.977081,2.857503],[-53.977335,2.857327],[-53.977716,2.857069],[-53.978056,2.856681],[-53.977865,2.856323],[-53.977531,2.855989],[-53.977222,2.855727],[-53.976912,2.855417],[-53.976698,2.855274],[-53.976412,2.855179],[-53.976055,2.855108],[-53.975675,2.855037],[-53.974985,2.855039],[-53.974462,2.855064],[-53.973939,2.855066],[-53.973321,2.854972],[-53.973225,2.854781],[-53.973177,2.854446],[-53.973128,2.853921],[-53.973245,2.853299],[-53.973386,2.852629],[-53.973432,2.851936],[-53.973382,2.851243],[-53.973286,2.85055],[-53.973355,2.849952],[-53.973568,2.849545],[-53.973781,2.849234],[-53.974018,2.848922],[-53.974446,2.848754],[-53.974731,2.848538],[-53.974991,2.848155],[-53.975014,2.847772],[-53.974846,2.847294],[-53.974631,2.846793],[-53.974487,2.846172],[-53.974295,2.845527],[-53.97408,2.845073],[-53.973627,2.844692],[-53.97327,2.844502],[-53.972889,2.844288],[-53.972389,2.844145],[-53.971961,2.843979],[-53.971699,2.843597],[-53.971531,2.843215],[-53.971506,2.842713],[-53.971528,2.84214],[-53.971525,2.84092],[-53.971429,2.840467],[-53.971237,2.839678],[-53.971188,2.839057],[-53.971068,2.838555],[-53.970971,2.837838],[-53.970827,2.837241],[-53.970754,2.836691],[-53.970681,2.836333],[-53.970514,2.835975],[-53.970347,2.835641],[-53.970346,2.835115],[-53.97044,2.834851],[-53.970582,2.834564],[-53.97089,2.834181],[-53.971175,2.833893],[-53.971459,2.833701],[-53.971649,2.833462],[-53.971886,2.833198],[-53.972218,2.832839],[-53.972431,2.832527],[-53.972525,2.832121],[-53.972477,2.831715],[-53.972405,2.831428],[-53.972309,2.831237],[-53.972047,2.831118],[-53.971857,2.830951],[-53.971713,2.830689],[-53.971711,2.829709],[-53.971781,2.829398],[-53.971947,2.829158],[-53.972137,2.82899],[-53.972283,2.828806],[-53.97276,2.828278],[-53.973045,2.828062],[-53.973473,2.827845],[-53.973877,2.827868],[-53.974281,2.827987],[-53.974734,2.828344],[-53.975163,2.828869],[-53.975569,2.829466],[-53.975856,2.830015],[-53.976095,2.830636],[-53.976596,2.83128],[-53.976834,2.831542],[-53.977311,2.831947],[-53.977739,2.832209],[-53.978405,2.832351],[-53.978976,2.832349],[-53.979499,2.832324],[-53.980259,2.83225],[-53.980901,2.832177],[-53.981495,2.832032],[-53.981994,2.831768],[-53.982563,2.831408],[-53.983607,2.830592],[-53.984319,2.830184],[-53.984866,2.82992],[-53.985555,2.829822],[-53.986006,2.829749],[-53.986601,2.829796],[-53.987148,2.829842],[-53.987695,2.82996],[-53.988147,2.83015],[-53.988718,2.830364],[-53.989361,2.830625],[-53.989861,2.830863],[-53.990408,2.83122],[-53.990932,2.831434],[-53.991526,2.831432],[-53.992096,2.831335],[-53.992524,2.831119],[-53.99333,2.830304],[-53.993661,2.829634],[-53.993873,2.828964],[-53.994014,2.828175],[-53.994013,2.827625],[-53.993892,2.827004],[-53.993487,2.826551],[-53.993201,2.826169],[-53.992986,2.825763],[-53.993032,2.825261],[-53.993054,2.824615],[-53.993338,2.824089],[-53.993764,2.823466],[-53.994286,2.823011],[-53.994785,2.822723],[-53.995283,2.822387],[-53.9959,2.822074],[-53.996684,2.82157],[-53.998108,2.820754],[-53.998677,2.820298],[-53.999176,2.819914],[-53.999507,2.819459],[-53.999886,2.818861],[-54.000099,2.81843],[-54.000264,2.81776],[-54.000262,2.817163],[-54.000047,2.816589],[-53.999855,2.816184],[-53.999688,2.81573],[-53.999543,2.815013],[-53.999281,2.814631],[-53.999089,2.814106],[-53.999088,2.81358],[-53.999206,2.813125],[-53.999609,2.812694],[-53.999965,2.812382],[-54.000463,2.812142],[-54.000914,2.811974],[-54.001389,2.811781],[-54.001912,2.811684],[-54.002364,2.811564],[-54.002791,2.811539],[-54.003409,2.811417],[-54.003813,2.811321],[-54.004264,2.811033],[-54.004549,2.810793],[-54.004928,2.810362],[-54.005284,2.809978],[-54.005663,2.809595],[-54.006161,2.809044],[-54.006587,2.808421],[-54.006966,2.807775],[-54.007273,2.807129],[-54.007676,2.806578],[-54.008008,2.806218],[-54.008459,2.80593],[-54.008957,2.805642],[-54.009551,2.805449],[-54.009931,2.805281],[-54.010215,2.804922],[-54.010548,2.804658],[-54.010975,2.804633],[-54.011379,2.804417],[-54.011616,2.804129],[-54.011757,2.803579],[-54.01178,2.803101],[-54.011731,2.802551],[-54.011658,2.802121],[-54.011515,2.801787],[-54.011514,2.801261],[-54.011583,2.80052],[-54.011724,2.799826],[-54.011723,2.79942],[-54.011508,2.799014],[-54.011198,2.798656],[-54.010912,2.798394],[-54.01046,2.798204],[-54.010103,2.798014],[-54.009722,2.797824],[-54.009293,2.797586],[-54.008912,2.7973],[-54.008531,2.796942],[-54.008316,2.796608],[-54.008196,2.79625],[-54.008194,2.795389],[-54.008335,2.794839],[-54.008453,2.794241],[-54.008618,2.793691],[-54.008712,2.793189],[-54.00852,2.792807],[-54.00852,2.792472],[-54.008542,2.79209],[-54.008731,2.791635],[-54.009063,2.791132],[-54.00949,2.790677],[-54.009774,2.790389],[-54.010225,2.790101],[-54.0107,2.790004],[-54.011604,2.790002],[-54.012055,2.789953],[-54.01253,2.789689],[-54.012933,2.789353],[-54.013123,2.789018],[-54.01324,2.788611],[-54.013239,2.788086],[-54.013214,2.787655],[-54.012999,2.787058],[-54.01295,2.786628],[-54.012949,2.786246],[-54.012806,2.785864],[-54.012472,2.785578],[-54.012115,2.785363],[-54.011639,2.785126],[-54.011092,2.784936],[-54.01064,2.78477],[-54.010164,2.78458],[-54.009806,2.78427],[-54.00952,2.784007],[-54.009329,2.783602],[-54.009328,2.783195],[-54.009422,2.782621],[-54.009682,2.782095],[-54.009918,2.78164],[-54.010369,2.781256],[-54.010867,2.78092],[-54.011556,2.78056],[-54.012078,2.78032],[-54.013052,2.780006],[-54.014288,2.780003],[-54.014859,2.780074],[-54.01543,2.780239],[-54.015906,2.780382],[-54.016215,2.780381],[-54.016975,2.780259],[-54.017356,2.780282],[-54.017927,2.780472],[-54.018355,2.780686],[-54.018737,2.781163],[-54.019213,2.78152],[-54.019452,2.781831],[-54.019761,2.781854],[-54.019998,2.781758],[-54.02014,2.781446],[-54.020115,2.780968],[-54.019924,2.780586],[-54.019542,2.780181],[-54.019328,2.779799],[-54.019041,2.779274],[-54.018849,2.778653],[-54.018777,2.778271],[-54.018752,2.777817],[-54.018679,2.777219],[-54.018535,2.776574],[-54.018225,2.776097],[-54.017843,2.775739],[-54.017652,2.775405],[-54.017318,2.774952],[-54.017056,2.77469],[-54.016794,2.774308],[-54.016436,2.774046],[-54.016055,2.773736],[-54.015722,2.773522],[-54.015317,2.773188],[-54.015126,2.77271],[-54.014839,2.772161],[-54.0146,2.771779],[-54.014409,2.771493],[-54.014052,2.771183],[-54.013859,2.770858],[-54.013875,2.770509],[-54.014059,2.770201],[-54.014376,2.769904],[-54.014648,2.769723],[-54.014861,2.769519],[-54.015034,2.769263],[-54.015187,2.768766],[-54.015185,2.767977],[-54.01516,2.767547],[-54.015064,2.767069],[-54.014944,2.766591],[-54.014729,2.766162],[-54.014418,2.765637],[-54.014108,2.765255],[-54.013775,2.764921],[-54.013632,2.764706],[-54.013417,2.764396],[-54.013226,2.76399],[-54.013224,2.763201],[-54.013127,2.762724],[-54.012936,2.762294],[-54.012674,2.76196],[-54.012507,2.761673],[-54.012221,2.761459],[-54.011935,2.761221],[-54.011697,2.761102],[-54.011078,2.760888],[-54.010674,2.76077],[-54.010174,2.760675],[-54.009794,2.760605],[-54.009199,2.760535],[-54.008724,2.760416],[-54.008319,2.760202],[-54.007891,2.759964],[-54.007628,2.759678],[-54.007271,2.75932],[-54.006961,2.759034],[-54.006675,2.7587],[-54.006103,2.758128],[-54.005841,2.757746],[-54.005626,2.75734],[-54.005482,2.75703],[-54.005243,2.7566],[-54.005052,2.756242],[-54.004957,2.75598],[-54.005029,2.75559],[-54.005122,2.754934],[-54.005287,2.754527],[-54.005571,2.754096],[-54.005808,2.753618],[-54.005996,2.753115],[-54.006162,2.752565],[-54.006184,2.752111],[-54.006278,2.751704],[-54.006396,2.751345],[-54.006562,2.750915],[-54.006584,2.750413],[-54.006488,2.749911],[-54.006487,2.7496],[-54.006629,2.749385],[-54.007176,2.749288],[-54.007556,2.749382],[-54.008032,2.74962],[-54.008579,2.749762],[-54.009341,2.750071],[-54.009935,2.750189],[-54.010292,2.750188],[-54.010815,2.750091],[-54.011218,2.749947],[-54.01155,2.749659],[-54.012049,2.74949],[-54.01269,2.749226],[-54.013212,2.748842],[-54.013711,2.748506],[-54.013971,2.748099],[-54.014231,2.747477],[-54.014444,2.746903],[-54.014633,2.746376],[-54.014845,2.745826],[-54.015106,2.745419],[-54.015342,2.74506],[-54.015674,2.744748],[-54.015935,2.744437],[-54.016148,2.743958],[-54.016289,2.743384],[-54.016478,2.742786],[-54.016785,2.74214],[-54.016879,2.741566],[-54.016877,2.740968],[-54.016639,2.740634],[-54.016376,2.740181],[-54.01628,2.739846],[-54.016112,2.739273],[-54.015802,2.738891],[-54.015564,2.738581],[-54.015373,2.738175],[-54.015372,2.737841],[-54.015489,2.737315],[-54.01575,2.73686],[-54.016201,2.736596],[-54.0167,2.736547],[-54.017318,2.736473],[-54.017936,2.736448],[-54.018435,2.736327],[-54.01891,2.73623],[-54.019337,2.73599],[-54.019574,2.735703],[-54.019573,2.735296],[-54.019334,2.734891],[-54.019096,2.734652],[-54.018786,2.734414],[-54.018334,2.734128],[-54.017882,2.73389],[-54.017287,2.733701],[-54.016502,2.733463],[-54.016145,2.733345],[-54.015716,2.732892],[-54.015572,2.73239],[-54.015571,2.73196],[-54.015689,2.731434],[-54.015949,2.731003],[-54.016162,2.730548],[-54.016232,2.730165],[-54.016112,2.729735],[-54.015802,2.729306],[-54.015231,2.728973],[-54.014636,2.728711],[-54.014137,2.728641],[-54.01359,2.728642],[-54.013162,2.728835],[-54.013092,2.729313],[-54.012737,2.730007],[-54.012477,2.730557],[-54.012265,2.731251],[-54.012242,2.731634],[-54.012101,2.732255],[-54.011912,2.73271],[-54.011318,2.732831],[-54.010819,2.732832],[-54.010391,2.73269],[-54.010153,2.732571],[-54.009938,2.73207],[-54.009675,2.731616],[-54.009578,2.730995],[-54.009506,2.730445],[-54.009433,2.729872],[-54.009075,2.729156],[-54.00874,2.728559],[-54.008335,2.72813],[-54.007598,2.727892],[-54.007075,2.727918],[-54.006623,2.727943],[-54.006172,2.728063],[-54.005625,2.728184],[-54.005079,2.728377],[-54.004675,2.728426],[-54.003961,2.728284],[-54.003676,2.727998],[-54.003555,2.727544],[-54.003554,2.72709],[-54.00372,2.726707],[-54.003981,2.726419],[-54.004479,2.726179],[-54.004931,2.726058],[-54.005429,2.72577],[-54.005595,2.725483],[-54.005594,2.725053],[-54.005403,2.724743],[-54.005069,2.724433],[-54.004736,2.724147],[-54.004426,2.723813],[-54.004211,2.723502],[-54.00402,2.723097],[-54.003733,2.722547],[-54.003637,2.722189],[-54.003612,2.721735],[-54.003683,2.721305],[-54.003753,2.721018],[-54.003943,2.720778],[-54.004346,2.720562],[-54.004727,2.720537],[-54.005178,2.720536],[-54.005678,2.720582],[-54.006081,2.720462],[-54.006557,2.720293],[-54.007055,2.719934],[-54.007672,2.719597],[-54.008171,2.719309],[-54.008669,2.719117],[-54.009311,2.718948],[-54.009738,2.718779],[-54.010356,2.718634],[-54.010926,2.718514],[-54.011425,2.718465],[-54.011948,2.718368],[-54.012447,2.718366],[-54.01297,2.718437],[-54.013374,2.71846],[-54.013898,2.718578],[-54.014325,2.718577],[-54.014682,2.718504],[-54.014896,2.718408],[-54.015061,2.718169],[-54.015156,2.717905],[-54.015155,2.717595],[-54.015107,2.717284],[-54.014987,2.716926],[-54.014938,2.716543],[-54.014934,2.714918],[-54.014862,2.714655],[-54.014624,2.714393],[-54.014505,2.71425],[-54.014148,2.713988],[-54.013862,2.713821],[-54.013553,2.713774],[-54.013244,2.713679],[-54.012815,2.713537],[-54.012554,2.713394],[-54.012411,2.713251],[-54.01241,2.713036],[-54.012718,2.712772],[-54.013027,2.712556],[-54.013335,2.712364],[-54.013644,2.712148],[-54.013738,2.711933],[-54.01388,2.711526],[-54.01395,2.711096],[-54.01395,2.710833],[-54.013877,2.7104],[-54.013614,2.709567],[-54.013636,2.709089],[-54.013588,2.708587],[-54.01342,2.708324],[-54.012755,2.708326],[-54.012256,2.708423],[-54.011947,2.708639],[-54.011425,2.708998],[-54.011046,2.709239],[-54.010666,2.709502],[-54.010144,2.70991],[-54.009765,2.710246],[-54.009338,2.710653],[-54.008863,2.710869],[-54.008435,2.71087],[-54.008078,2.710824],[-54.007864,2.710681],[-54.007649,2.710394],[-54.007624,2.709988],[-54.007647,2.709558],[-54.007741,2.709079],[-54.00793,2.708744],[-54.008024,2.708314],[-54.007999,2.70774],[-54.007855,2.707239],[-54.007568,2.706522],[-54.007424,2.705973],[-54.007518,2.705494],[-54.007636,2.704849],[-54.007896,2.704274],[-54.008132,2.703724],[-54.008487,2.703245],[-54.008843,2.702742],[-54.009151,2.702407],[-54.009411,2.702024],[-54.009767,2.701688],[-54.009885,2.701353],[-54.009884,2.700851],[-54.009788,2.700469],[-54.009573,2.700039],[-54.009239,2.699705],[-54.008716,2.699539],[-54.008216,2.699421],[-54.007622,2.699518],[-54.007266,2.699591],[-54.00691,2.699687],[-54.006387,2.699927],[-54.006055,2.70012],[-54.00558,2.70024],[-54.005081,2.700241],[-54.004534,2.700123],[-54.004106,2.700029],[-54.003725,2.699958],[-54.003297,2.699816],[-54.001015,2.699821],[-54.000492,2.699727],[-53.999945,2.699561],[-53.99954,2.699371],[-53.999064,2.699037],[-53.998706,2.69856],[-53.998514,2.697963],[-53.998322,2.69727],[-53.998321,2.696625],[-53.998343,2.696123],[-53.998484,2.695477],[-53.998649,2.694736],[-53.998861,2.694066],[-53.999145,2.693252],[-53.999428,2.692606],[-53.999665,2.692223],[-53.999997,2.691792],[-54.000329,2.691433],[-54.000589,2.691073],[-54.000802,2.690667],[-54.001039,2.690283],[-54.001299,2.689853],[-54.001441,2.689398],[-54.001678,2.688967],[-54.001985,2.688488],[-54.002317,2.688081],[-54.003195,2.687194],[-54.003716,2.686596],[-54.004143,2.686093],[-54.004427,2.685709],[-54.004664,2.685278],[-54.00471,2.684752],[-54.004709,2.684298],[-54.004755,2.683892],[-54.004945,2.683485],[-54.005181,2.68303],[-54.005465,2.682575],[-54.005749,2.682097],[-54.00601,2.681594],[-54.006151,2.681139],[-54.006316,2.680565],[-54.006314,2.6798],[-54.006218,2.679346],[-54.006003,2.678869],[-54.005883,2.678367],[-54.005549,2.678105],[-54.005216,2.677962],[-54.004836,2.677963],[-54.004408,2.677988],[-54.003861,2.677918],[-54.003505,2.677847],[-54.003219,2.677585],[-54.002909,2.677347],[-54.002576,2.677037],[-54.002242,2.676798],[-54.001861,2.676584],[-54.001481,2.67649],[-54.001053,2.676515],[-54.000696,2.676539],[-54.000364,2.676731],[-53.999984,2.676995],[-53.999628,2.67714],[-53.998891,2.677189],[-53.99863,2.677142],[-53.998416,2.677047],[-53.998201,2.676856],[-53.997987,2.676618],[-53.997939,2.676331],[-53.998009,2.676068],[-53.998151,2.675685],[-53.998412,2.675326],[-53.998577,2.675015],[-53.998695,2.67468],[-53.998884,2.674273],[-53.99886,2.67389],[-53.99874,2.673652],[-53.998455,2.673485],[-53.998003,2.673414],[-53.997527,2.67344],[-53.997242,2.673488],[-53.996934,2.673704],[-53.996578,2.673968],[-53.996365,2.674255],[-53.99608,2.674375],[-53.995794,2.674185],[-53.995531,2.673707],[-53.995554,2.673205],[-53.995607,2.672747],[-53.995931,2.671938],[-53.996239,2.671267],[-53.996523,2.670765],[-53.996854,2.670405],[-53.997305,2.670141],[-53.997923,2.669972],[-53.998588,2.669851],[-53.999087,2.669778],[-53.999729,2.669753],[-54.000228,2.669752],[-54.000918,2.669774],[-54.001488,2.669796],[-54.001892,2.66958],[-54.002176,2.669317],[-54.002247,2.668862],[-54.002364,2.668432],[-54.002458,2.667786],[-54.002599,2.667164],[-54.002693,2.666614],[-54.002857,2.665849],[-54.003141,2.665203],[-54.003378,2.664796],[-54.003638,2.664413],[-54.00397,2.664029],[-54.004183,2.663646],[-54.004372,2.663311],[-54.004514,2.662881],[-54.004727,2.662545],[-54.005059,2.662138],[-54.005272,2.661827],[-54.005533,2.661468],[-54.005722,2.660989],[-54.006006,2.66051],[-54.006361,2.659936],[-54.006717,2.659529],[-54.00712,2.659217],[-54.007642,2.658953],[-54.008022,2.658569],[-54.008329,2.65809],[-54.008566,2.657588],[-54.008874,2.657085],[-54.009063,2.65663],[-54.009418,2.656199],[-54.009869,2.65572],[-54.010177,2.655552],[-54.010653,2.65567],[-54.011105,2.655861],[-54.011534,2.656266],[-54.01201,2.656408],[-54.012461,2.656287],[-54.012864,2.655976],[-54.013196,2.655712],[-54.013529,2.6554],[-54.013956,2.655089],[-54.014526,2.654848],[-54.014929,2.654704],[-54.015642,2.654582],[-54.016093,2.654438],[-54.016473,2.654246],[-54.016781,2.653791],[-54.016994,2.653288],[-54.017182,2.652595],[-54.017299,2.651734],[-54.017298,2.65128],[-54.017012,2.650946],[-54.016607,2.650755],[-54.016227,2.650541],[-54.015846,2.650447],[-54.015394,2.650352],[-54.014895,2.650186],[-54.014276,2.649996],[-54.01342,2.649783],[-54.012873,2.649785],[-54.012398,2.649953],[-54.012066,2.650097],[-54.011496,2.650409],[-54.011093,2.650673],[-54.010784,2.650698],[-54.010332,2.650771],[-54.010047,2.650819],[-54.009762,2.651035],[-54.009525,2.651299],[-54.009384,2.651729],[-54.009123,2.652041],[-54.008886,2.652233],[-54.008387,2.65221],[-54.007958,2.652139],[-54.007578,2.651901],[-54.007244,2.651711],[-54.00684,2.651425],[-54.006411,2.651043],[-54.006053,2.65071],[-54.005862,2.650328],[-54.005861,2.649826],[-54.005955,2.649467],[-54.006097,2.649084],[-54.006501,2.64882],[-54.006928,2.64858],[-54.007355,2.648412],[-54.007926,2.648339],[-54.01035,2.648333],[-54.010754,2.648284],[-54.01111,2.648068],[-54.011371,2.647852],[-54.011608,2.647469],[-54.011749,2.646871],[-54.011795,2.646273],[-54.011936,2.645604],[-54.01203,2.644934],[-54.012028,2.644384],[-54.011908,2.643883],[-54.011574,2.643286],[-54.011287,2.642737],[-54.010954,2.642379],[-54.010524,2.641806],[-54.010071,2.641162],[-54.009761,2.640637],[-54.009594,2.64035],[-54.00926,2.639921],[-54.00907,2.639754],[-54.008664,2.639349],[-54.008379,2.639182],[-54.007832,2.639016],[-54.007546,2.638826],[-54.007355,2.63842],[-54.007354,2.638061],[-54.007424,2.637631],[-54.00778,2.637271],[-54.008017,2.636864],[-54.008325,2.636481],[-54.008467,2.636194],[-54.008513,2.635716],[-54.008441,2.635238],[-54.008226,2.634856],[-54.008082,2.634474],[-54.007892,2.634235],[-54.007772,2.633877],[-54.007581,2.633567],[-54.007342,2.633137],[-54.007008,2.632588],[-54.006793,2.632278],[-54.006531,2.63192],[-54.005722,2.631396],[-54.00527,2.631134],[-54.004794,2.630896],[-54.004508,2.630729],[-54.004103,2.630396],[-54.003865,2.630109],[-54.003697,2.629727],[-54.003696,2.629369],[-54.003815,2.629034],[-54.004028,2.628866],[-54.004384,2.628746],[-54.005026,2.628648],[-54.005311,2.62848],[-54.005571,2.628145],[-54.005832,2.627858],[-54.005855,2.627451],[-54.00583,2.627021],[-54.005544,2.626592],[-54.005115,2.626377],[-54.004806,2.626187],[-54.004401,2.625949],[-54.003997,2.625663],[-54.003687,2.625449],[-54.003377,2.625162],[-54.003115,2.624852],[-54.002781,2.624303],[-54.00259,2.623754],[-54.002541,2.623157],[-54.002539,2.622368],[-54.002561,2.62189],[-54.002679,2.621483],[-54.002678,2.6211],[-54.002724,2.620081],[-54.002793,2.619522],[-54.002864,2.61902],[-54.00291,2.618518],[-54.002814,2.617969],[-54.002836,2.617467],[-54.002906,2.617084],[-54.003096,2.616725],[-54.00338,2.616342],[-54.003854,2.615863],[-54.004186,2.615384],[-54.00428,2.614786],[-54.004254,2.614188],[-54.00411,2.613567],[-54.003871,2.613042],[-54.003609,2.612708],[-54.003323,2.612422],[-54.003014,2.612207],[-54.002705,2.612136],[-54.002253,2.611946],[-54.002014,2.611708],[-54.001847,2.611302],[-54.001846,2.610919],[-54.001893,2.610489],[-54.002129,2.610106],[-54.002389,2.609579],[-54.002698,2.609316],[-54.002744,2.608933],[-54.002649,2.608551],[-54.002529,2.608097],[-54.002528,2.60769],[-54.002575,2.607451],[-54.002716,2.606925],[-54.002715,2.606567],[-54.002572,2.606304],[-54.002334,2.606113],[-54.002048,2.605994],[-54.001525,2.605948],[-54.000955,2.605949],[-54.000693,2.605735],[-54.000478,2.605377],[-54.000477,2.605018],[-54.000619,2.604731],[-54.000642,2.604277],[-54.000522,2.603942],[-53.999903,2.603537],[-53.999474,2.60306],[-53.999283,2.602559],[-53.998949,2.602034],[-53.998473,2.601772],[-53.99795,2.60163],[-53.997546,2.601631],[-53.997023,2.601823],[-53.996572,2.602135],[-53.995955,2.602447],[-53.995456,2.60264],[-53.994791,2.60288],[-53.994078,2.602882],[-53.993722,2.602835],[-53.993222,2.602741],[-53.992984,2.602622],[-53.992627,2.602455],[-53.992365,2.602193],[-53.992055,2.601835],[-53.991746,2.601501],[-53.991554,2.600976],[-53.991411,2.600594],[-53.991315,2.600187],[-53.991314,2.599757],[-53.991503,2.599422],[-53.991859,2.599158],[-53.992334,2.599109],[-53.992904,2.598893],[-53.993711,2.598556],[-53.994091,2.598245],[-53.994518,2.597861],[-53.994992,2.597454],[-53.995443,2.597046],[-53.995918,2.596854],[-53.996393,2.596709],[-53.997344,2.596707],[-53.997724,2.596754],[-53.99858,2.596967],[-53.999222,2.597013],[-54.000007,2.597131],[-54.000744,2.597225],[-54.001433,2.597247],[-54.00198,2.597246],[-54.00236,2.597149],[-54.002669,2.596981],[-54.002905,2.596622],[-54.003118,2.596119],[-54.003188,2.595593],[-54.00314,2.595139],[-54.003091,2.594542],[-54.00309,2.594135],[-54.003112,2.59361],[-54.003278,2.593179],[-54.003538,2.592533],[-54.003822,2.592006],[-54.00382,2.591433],[-54.003772,2.590955],[-54.003437,2.590334],[-54.003104,2.590072],[-54.002794,2.589857],[-54.0022,2.589883],[-54.00201,2.589931],[-54.001773,2.590194],[-54.001679,2.590505],[-54.001633,2.591103],[-54.001563,2.591557],[-54.001254,2.591725],[-54.00104,2.591726],[-54.000731,2.591703],[-54.000469,2.591632],[-54.000065,2.591489],[-53.999851,2.591346],[-53.99947,2.591037],[-53.999184,2.590798],[-53.998898,2.590488],[-53.998564,2.590059],[-53.998373,2.589677],[-53.99823,2.589294],[-53.998228,2.588601],[-53.998345,2.587979],[-53.998344,2.587573],[-53.998248,2.587191],[-53.99801,2.586857],[-53.997724,2.586475],[-53.997414,2.586093],[-53.997199,2.585783],[-53.997079,2.585329],[-53.996983,2.584923],[-53.996935,2.584421],[-53.997004,2.583847],[-53.997193,2.583369],[-53.997406,2.582962],[-53.997643,2.58265],[-53.998047,2.582434],[-53.998451,2.582457],[-53.998855,2.582528],[-53.999165,2.58291],[-53.999333,2.583483],[-53.999406,2.584009],[-53.999454,2.584511],[-53.999575,2.585204],[-53.999575,2.585538],[-53.999886,2.586039],[-54.000219,2.586349],[-54.000529,2.586564],[-54.001004,2.586706],[-54.001527,2.586777],[-54.001836,2.586609],[-54.002287,2.586201],[-54.002524,2.585842],[-54.002903,2.585411],[-54.003259,2.585075],[-54.003638,2.584764],[-54.003947,2.584572],[-54.004398,2.584332],[-54.004825,2.584211],[-54.005372,2.584019],[-54.005751,2.583731],[-54.006083,2.583467],[-54.006344,2.583179],[-54.006628,2.582796],[-54.006913,2.582628],[-54.007317,2.582627],[-54.007531,2.582722],[-54.007841,2.582985],[-54.007961,2.583343],[-54.008057,2.583773],[-54.0082,2.584107],[-54.008415,2.58437],[-54.0087,2.584465],[-54.009009,2.584488],[-54.009413,2.584415],[-54.009817,2.58439],[-54.010173,2.584198],[-54.010672,2.583982],[-54.011075,2.583646],[-54.011479,2.583382],[-54.011739,2.583119],[-54.012071,2.582664],[-54.012308,2.582257],[-54.012592,2.581683],[-54.012971,2.581228],[-54.013231,2.580797],[-54.013682,2.580198],[-54.01444,2.579431],[-54.014843,2.579072],[-54.015128,2.578784],[-54.015531,2.578425],[-54.015911,2.578161],[-54.016243,2.577897],[-54.016575,2.577705],[-54.017074,2.577441],[-54.017358,2.577106],[-54.017714,2.57677],[-54.017879,2.576339],[-54.018021,2.575741],[-54.018138,2.575311],[-54.018185,2.574904],[-54.018184,2.574426],[-54.018135,2.573924],[-54.018134,2.573518],[-54.018157,2.572968],[-54.018179,2.572514],[-54.018321,2.572155],[-54.01851,2.571796],[-54.018676,2.571533],[-54.018961,2.571197],[-54.019174,2.570886],[-54.019387,2.570431],[-54.019433,2.569953],[-54.019408,2.569595],[-54.019265,2.569284],[-54.018979,2.568998],[-54.018622,2.568664],[-54.018431,2.568426],[-54.018383,2.567972],[-54.018501,2.567685],[-54.018881,2.56754],[-54.019285,2.567492],[-54.019736,2.567347],[-54.019997,2.567131],[-54.020162,2.566796],[-54.020209,2.566318],[-54.020089,2.565864],[-54.019922,2.565578],[-54.019731,2.5651],[-54.01973,2.564718],[-54.019896,2.564502],[-54.02018,2.564286],[-54.02056,2.564166],[-54.020893,2.564093],[-54.021297,2.564116],[-54.021725,2.564211],[-54.02194,2.564497],[-54.022107,2.564784],[-54.022155,2.56531],[-54.022228,2.565716],[-54.022324,2.566122],[-54.022705,2.56636],[-54.023061,2.566455],[-54.023656,2.566429],[-54.023917,2.566309],[-54.024201,2.565998],[-54.024486,2.56571],[-54.024865,2.56547],[-54.025245,2.565183],[-54.025506,2.564943],[-54.02579,2.564584],[-54.025956,2.564105],[-54.02605,2.563723],[-54.026048,2.563173],[-54.025976,2.562743],[-54.025856,2.562337],[-54.025736,2.561787],[-54.025735,2.561381],[-54.025781,2.560783],[-54.02578,2.560281],[-54.025898,2.559898],[-54.025897,2.559277],[-54.025991,2.558775],[-54.026037,2.558201],[-54.02613,2.557555],[-54.02632,2.557196],[-54.026343,2.556838],[-54.026412,2.556264],[-54.026411,2.555833],[-54.026386,2.555164],[-54.026385,2.554519],[-54.026241,2.553946],[-54.025716,2.553134],[-54.025074,2.552849],[-54.024693,2.552706],[-54.024218,2.552683],[-54.023409,2.552685],[-54.022982,2.552806],[-54.022411,2.552807],[-54.022126,2.552593],[-54.02203,2.55233],[-54.022005,2.551828],[-54.021909,2.551422],[-54.021695,2.551231],[-54.021456,2.550993],[-54.021123,2.550826],[-54.020671,2.550588],[-54.020385,2.550374],[-54.020195,2.550159],[-54.020028,2.549896],[-54.019932,2.549634],[-54.019931,2.549036],[-54.02012,2.548797],[-54.02031,2.548629],[-54.020595,2.548485],[-54.020856,2.548484],[-54.021189,2.548603],[-54.02157,2.54865],[-54.02176,2.548578],[-54.021926,2.548386],[-54.021924,2.547693],[-54.021804,2.547263],[-54.021756,2.546904],[-54.021731,2.546474],[-54.021944,2.546235],[-54.022205,2.546043],[-54.022609,2.54597],[-54.022942,2.545826],[-54.023464,2.545586],[-54.02401,2.545417],[-54.024343,2.545297],[-54.024936,2.545056],[-54.025269,2.544864],[-54.02572,2.544624],[-54.026242,2.544336],[-54.026551,2.544455],[-54.026765,2.544598],[-54.026767,2.545339],[-54.026911,2.545625],[-54.027267,2.54572],[-54.027457,2.54572],[-54.027909,2.545623],[-54.028337,2.545622],[-54.02867,2.545812],[-54.028932,2.546075],[-54.028933,2.546457],[-54.02891,2.546768],[-54.028792,2.547127],[-54.028531,2.547366],[-54.02827,2.54763],[-54.028271,2.548108],[-54.028367,2.548299],[-54.0287,2.54849],[-54.029247,2.548608],[-54.02965,2.548487],[-54.03003,2.548295],[-54.030291,2.548032],[-54.030528,2.547649],[-54.030622,2.547218],[-54.030502,2.546812],[-54.0305,2.54588],[-54.030523,2.545378],[-54.030522,2.545115],[-54.030378,2.544709],[-54.030163,2.544279],[-54.029901,2.543873],[-54.029615,2.54342],[-54.029233,2.542943],[-54.028971,2.542585],[-54.028756,2.542227],[-54.028565,2.541821],[-54.028255,2.541415],[-54.02797,2.541153],[-54.02766,2.540915],[-54.027042,2.540701],[-54.026661,2.540678],[-54.026138,2.540679],[-54.025687,2.540585],[-54.025211,2.54049],[-54.024569,2.540468],[-54.024117,2.540301],[-54.023665,2.540231],[-54.023237,2.540088],[-54.022856,2.539826],[-54.022476,2.539636],[-54.022166,2.539374],[-54.021785,2.539112],[-54.021428,2.538921],[-54.021048,2.538922],[-54.020763,2.538947],[-54.020288,2.539187],[-54.019623,2.539428],[-54.019149,2.539739],[-54.01884,2.539907],[-54.018389,2.540052],[-54.01808,2.540053],[-54.017723,2.53991],[-54.017366,2.5396],[-54.017104,2.539338],[-54.016865,2.539052],[-54.016459,2.538288],[-54.016316,2.537977],[-54.016268,2.537547],[-54.016124,2.537117],[-54.016004,2.536591],[-54.01586,2.536066],[-54.015764,2.53554],[-54.015757,2.532504],[-54.015827,2.53217],[-54.015993,2.531835],[-54.01623,2.53138],[-54.016467,2.531116],[-54.016799,2.530805],[-54.017012,2.530494],[-54.017201,2.53023],[-54.017296,2.529967],[-54.01731,2.5297],[-54.01726,2.529149],[-54.017093,2.528766],[-54.016902,2.528408],[-54.016877,2.528002],[-54.017256,2.527571],[-54.017565,2.527403],[-54.018088,2.527426],[-54.018611,2.527568],[-54.018872,2.527567],[-54.0193,2.527542],[-54.019633,2.527446],[-54.019894,2.527254],[-54.019988,2.527015],[-54.020106,2.526584],[-54.020105,2.526226],[-54.020128,2.525867],[-54.020318,2.525556],[-54.02065,2.525316],[-54.021101,2.525052],[-54.021766,2.524907],[-54.022241,2.524882],[-54.022859,2.525024],[-54.02324,2.524999],[-54.023572,2.524831],[-54.023809,2.524615],[-54.024141,2.52428],[-54.024306,2.523849],[-54.024163,2.523539],[-54.023973,2.523396],[-54.023616,2.523325],[-54.023378,2.523326],[-54.023165,2.523541],[-54.022904,2.523781],[-54.022405,2.523997],[-54.022025,2.523998],[-54.021835,2.523879],[-54.021691,2.523592],[-54.021691,2.523353],[-54.021738,2.522971],[-54.021832,2.52254],[-54.022069,2.522229],[-54.022306,2.521966],[-54.022614,2.521582],[-54.022922,2.521414],[-54.023255,2.521175],[-54.023658,2.52115],[-54.024086,2.521149],[-54.02449,2.521172],[-54.024633,2.521195],[-54.025466,2.521504],[-54.025822,2.521551],[-54.026131,2.52155],[-54.026512,2.521597],[-54.026916,2.521692],[-54.027439,2.521667],[-54.027581,2.521499],[-54.027937,2.521116],[-54.028055,2.520805],[-54.028054,2.520422],[-54.028005,2.519873],[-54.028051,2.519371],[-54.028193,2.519179],[-54.028312,2.518964],[-54.02862,2.518748],[-54.029,2.518603],[-54.029689,2.518602],[-54.030118,2.51872],[-54.030403,2.518887],[-54.030499,2.519126],[-54.030499,2.519389],[-54.030453,2.519771],[-54.03005,2.520465],[-54.02979,2.520825],[-54.029648,2.521183],[-54.02972,2.521398],[-54.02991,2.521517],[-54.030338,2.521493],[-54.030504,2.521373],[-54.030765,2.521205],[-54.031597,2.521203],[-54.031978,2.521465],[-54.032453,2.521631],[-54.032715,2.521535],[-54.032951,2.52108],[-54.032927,2.520793],[-54.032593,2.520531],[-54.032307,2.520102],[-54.032306,2.519647],[-54.032329,2.519193],[-54.032328,2.518739],[-54.032209,2.518524],[-54.03197,2.518023],[-54.031755,2.517641],[-54.03154,2.517283],[-54.031326,2.516972],[-54.030968,2.516376],[-54.030705,2.515707],[-54.030561,2.515253],[-54.030346,2.514776],[-54.030203,2.514393],[-54.029987,2.513773],[-54.029962,2.513318],[-54.029843,2.512841],[-54.029841,2.512363],[-54.029935,2.511741],[-54.029958,2.511191],[-54.029955,2.510187],[-54.029906,2.509637],[-54.029644,2.509232],[-54.029572,2.508754],[-54.029404,2.508276],[-54.029403,2.507894],[-54.029379,2.507463],[-54.029377,2.506746],[-54.029542,2.506124],[-54.029684,2.505742],[-54.029873,2.50543],[-54.030371,2.505047],[-54.030822,2.504687],[-54.031154,2.504495],[-54.031558,2.504231],[-54.032009,2.504206],[-54.032413,2.504205],[-54.03277,2.5043],[-54.033079,2.504562],[-54.033128,2.505064],[-54.033438,2.50535],[-54.033675,2.50535],[-54.033841,2.504967],[-54.033888,2.504632],[-54.034077,2.504249],[-54.034385,2.503986],[-54.034741,2.503626],[-54.035191,2.503147],[-54.035476,2.502931],[-54.036045,2.502356],[-54.036425,2.502092],[-54.036995,2.50178],[-54.037232,2.501493],[-54.03735,2.50111],[-54.037111,2.500752],[-54.036873,2.500562],[-54.036539,2.500252],[-54.036491,2.499965],[-54.036561,2.499439],[-54.036774,2.499032],[-54.03713,2.498625],[-54.037414,2.498361],[-54.037747,2.498217],[-54.038246,2.498096],[-54.038745,2.498024],[-54.03903,2.498023],[-54.039576,2.49795],[-54.039909,2.497925],[-54.040217,2.497542],[-54.040335,2.497016],[-54.04031,2.496729],[-54.039905,2.496156],[-54.03969,2.495798],[-54.039547,2.495392],[-54.039474,2.494986],[-54.039592,2.494484],[-54.039663,2.494173],[-54.039971,2.493861],[-54.040232,2.493646],[-54.040636,2.493501],[-54.041158,2.4935],[-54.041468,2.493571],[-54.041824,2.493666],[-54.042537,2.493712],[-54.04287,2.49352],[-54.043059,2.493376],[-54.042869,2.49309],[-54.042536,2.492947],[-54.042274,2.492733],[-54.042178,2.492398],[-54.042224,2.491992],[-54.042413,2.491513],[-54.042745,2.491154],[-54.04303,2.490986],[-54.043529,2.490841],[-54.044218,2.490744],[-54.044574,2.4906],[-54.04493,2.490408],[-54.045048,2.490097],[-54.044952,2.489619],[-54.044737,2.489285],[-54.044523,2.489022],[-54.044403,2.488592],[-54.044521,2.488114],[-54.044758,2.487803],[-54.044995,2.487396],[-54.045018,2.487109],[-54.045183,2.486654],[-54.045611,2.486582],[-54.046086,2.48682],[-54.046562,2.487034],[-54.047038,2.4872],[-54.047228,2.487128],[-54.047394,2.48696],[-54.047583,2.486625],[-54.047582,2.48598],[-54.04751,2.485669],[-54.047509,2.485239],[-54.047603,2.484928],[-54.047863,2.484473],[-54.048029,2.484138],[-54.048171,2.483707],[-54.04817,2.483325],[-54.048073,2.482775],[-54.047764,2.482537],[-54.047454,2.482275],[-54.047453,2.481845],[-54.047643,2.481533],[-54.04788,2.481389],[-54.048284,2.481412],[-54.048594,2.481555],[-54.048807,2.481483],[-54.049092,2.481434],[-54.049234,2.481099],[-54.049162,2.480693],[-54.048995,2.480502],[-54.048757,2.480383],[-54.048281,2.480193],[-54.047853,2.480099],[-54.047259,2.480052],[-54.047021,2.479862],[-54.046925,2.479575],[-54.047281,2.479168],[-54.047661,2.478904],[-54.048159,2.478592],[-54.048325,2.478377],[-54.0483,2.477851],[-54.048062,2.477612],[-54.047824,2.477446],[-54.047538,2.477207],[-54.047418,2.476849],[-54.047465,2.476442],[-54.047488,2.476012],[-54.04732,2.475582],[-54.047082,2.475272],[-54.046891,2.475153],[-54.046297,2.474915],[-54.045964,2.474677],[-54.045891,2.474319],[-54.045914,2.473841],[-54.04627,2.473481],[-54.046603,2.47348],[-54.046935,2.473527],[-54.04715,2.473694],[-54.047292,2.47379],[-54.047436,2.474124],[-54.047579,2.474434],[-54.047864,2.474529],[-54.048316,2.474648],[-54.048553,2.474408],[-54.048672,2.474121],[-54.048671,2.473834],[-54.048551,2.473524],[-54.048384,2.473142],[-54.048288,2.472712],[-54.048287,2.472449],[-54.048501,2.47209],[-54.048904,2.471778],[-54.049212,2.471395],[-54.049544,2.471083],[-54.049781,2.4707],[-54.049875,2.470174],[-54.050206,2.469624],[-54.050703,2.468738],[-54.05075,2.468547],[-54.0512,2.467876],[-54.05139,2.467517],[-54.051626,2.467039],[-54.051625,2.46668],[-54.051553,2.466346],[-54.051244,2.466107],[-54.050982,2.465917],[-54.050767,2.465511],[-54.05079,2.465128],[-54.051073,2.464267],[-54.051215,2.463956],[-54.051238,2.463598],[-54.051356,2.463071],[-54.051354,2.462235],[-54.051233,2.461518],[-54.051231,2.460419],[-54.051468,2.460131],[-54.051681,2.459915],[-54.052133,2.459891],[-54.05237,2.459747],[-54.052464,2.459364],[-54.052416,2.459101],[-54.052225,2.4586],[-54.052105,2.458313],[-54.051914,2.457644],[-54.051913,2.457262],[-54.051983,2.456688],[-54.052267,2.456329],[-54.052718,2.456017],[-54.053145,2.455681],[-54.053501,2.455417],[-54.053786,2.455202],[-54.054118,2.454938],[-54.054616,2.454459],[-54.055161,2.45398],[-54.055541,2.453692],[-54.056039,2.453308],[-54.056133,2.452949],[-54.056131,2.452161],[-54.056035,2.451755],[-54.055868,2.45142],[-54.055867,2.451062],[-54.05589,2.450679],[-54.056104,2.450392],[-54.056341,2.450152],[-54.056744,2.449984],[-54.057172,2.44984],[-54.057504,2.449624],[-54.057575,2.449408],[-54.05755,2.449122],[-54.057288,2.448788],[-54.057074,2.448597],[-54.056741,2.44843],[-54.056526,2.448216],[-54.056359,2.44781],[-54.056358,2.447451],[-54.056524,2.447068],[-54.056665,2.446518],[-54.056735,2.446088],[-54.056806,2.445705],[-54.057066,2.445298],[-54.057351,2.445035],[-54.057469,2.444867],[-54.057445,2.444652],[-54.057231,2.444629],[-54.05678,2.44463],[-54.056661,2.444439],[-54.056684,2.444224],[-54.056945,2.44408],[-54.057444,2.443911],[-54.057705,2.443767],[-54.058132,2.443599],[-54.058322,2.443407],[-54.058535,2.44312],[-54.058701,2.442761],[-54.0587,2.442426],[-54.058651,2.442068],[-54.058437,2.441853],[-54.058199,2.441686],[-54.057724,2.44164],[-54.057034,2.441498],[-54.056654,2.441355],[-54.056463,2.441236],[-54.056178,2.44107],[-54.055797,2.440784],[-54.055582,2.440545],[-54.05551,2.440258],[-54.055462,2.439972],[-54.05558,2.439684],[-54.055865,2.439564],[-54.056269,2.439587],[-54.056579,2.439849],[-54.056889,2.440279],[-54.057104,2.440685],[-54.057461,2.440971],[-54.057532,2.440923],[-54.057722,2.440779],[-54.05803,2.440468],[-54.058171,2.439989],[-54.058167,2.437862],[-54.058119,2.437623],[-54.058117,2.43681],[-54.058045,2.436476],[-54.058019,2.435783],[-54.057947,2.43552],[-54.057757,2.43521],[-54.057637,2.434947],[-54.057613,2.434612],[-54.057731,2.434325],[-54.058159,2.4343],[-54.058586,2.434252],[-54.058871,2.434131],[-54.059132,2.433963],[-54.059274,2.433629],[-54.059226,2.433246],[-54.05913,2.433103],[-54.058678,2.432841],[-54.058345,2.432675],[-54.057655,2.432341],[-54.057512,2.432127],[-54.057464,2.43184],[-54.057511,2.431577],[-54.057771,2.431242],[-54.058081,2.431001],[-54.058436,2.43081],[-54.058887,2.430594],[-54.059267,2.430378],[-54.059623,2.430186],[-54.05986,2.429851],[-54.059859,2.429635],[-54.05981,2.429038],[-54.059833,2.428799],[-54.060094,2.428607],[-54.060189,2.428607],[-54.060428,2.428845],[-54.060476,2.42918],[-54.060595,2.429132],[-54.060808,2.428773],[-54.060736,2.428414],[-54.060759,2.428199],[-54.060877,2.427864],[-54.060995,2.427577],[-54.06128,2.427385],[-54.061517,2.427146],[-54.06192,2.426906],[-54.062371,2.42669],[-54.062704,2.426617],[-54.063226,2.426425],[-54.063297,2.426042],[-54.063201,2.425756],[-54.063058,2.425517],[-54.062938,2.425206],[-54.062937,2.424657],[-54.063056,2.424417],[-54.063316,2.424106],[-54.063815,2.423866],[-54.064195,2.423745],[-54.064694,2.423864],[-54.065098,2.423887],[-54.065288,2.423815],[-54.065502,2.423671],[-54.065548,2.42336],[-54.065524,2.423073],[-54.065476,2.42293],[-54.065096,2.422739],[-54.06462,2.422645],[-54.064359,2.422622],[-54.063598,2.422528],[-54.06336,2.422265],[-54.063359,2.422122],[-54.063668,2.421906],[-54.064072,2.421786],[-54.06438,2.421689],[-54.06476,2.421521],[-54.065116,2.421329],[-54.065282,2.421114],[-54.065519,2.420754],[-54.065566,2.420396],[-54.065826,2.420108],[-54.066182,2.419916],[-54.0664961,2.4196245],[-54.066895,2.419628],[-54.067322,2.419531],[-54.067702,2.41922],[-54.068058,2.419171],[-54.068391,2.41929],[-54.068652,2.419241],[-54.069246,2.419001],[-54.069815,2.418617],[-54.070219,2.418473],[-54.070576,2.418663],[-54.070672,2.418974],[-54.070791,2.419165],[-54.070886,2.419189],[-54.071741,2.419043],[-54.072787,2.419041],[-54.073072,2.418849],[-54.073522,2.418466],[-54.073806,2.417987],[-54.073972,2.417532],[-54.073924,2.417317],[-54.073685,2.417055],[-54.073613,2.416768],[-54.073613,2.416386],[-54.073849,2.416051],[-54.074111,2.415859],[-54.07449,2.415571],[-54.074917,2.415164],[-54.075249,2.41478],[-54.07551,2.414517],[-54.075889,2.414086],[-54.076197,2.413846],[-54.076696,2.413654],[-54.077266,2.413509],[-54.077622,2.413365],[-54.07774,2.413054],[-54.077739,2.412361],[-54.077524,2.411955],[-54.077618,2.411596],[-54.077808,2.411357],[-54.078377,2.411021],[-54.078805,2.410876],[-54.079137,2.410947],[-54.079613,2.41109],[-54.079827,2.411017],[-54.080159,2.410921],[-54.080634,2.410729],[-54.080824,2.410489],[-54.081441,2.410201],[-54.081797,2.409889],[-54.082105,2.409435],[-54.082223,2.409148],[-54.082317,2.408837],[-54.082198,2.408598],[-54.081912,2.408407],[-54.081888,2.408049],[-54.082196,2.407881],[-54.082457,2.407856],[-54.082624,2.407856],[-54.082742,2.407664],[-54.082813,2.407258],[-54.082716,2.406732],[-54.082573,2.406422],[-54.082454,2.406159],[-54.08212,2.40573],[-54.081787,2.405467],[-54.081453,2.40511],[-54.081357,2.404775],[-54.081357,2.404488],[-54.081712,2.404153],[-54.081997,2.404009],[-54.082353,2.403913],[-54.082662,2.403816],[-54.082995,2.403696],[-54.083351,2.40348],[-54.08373,2.403264],[-54.083991,2.403096],[-54.084228,2.402833],[-54.084323,2.402522],[-54.084322,2.40202],[-54.084274,2.401757],[-54.084225,2.401446],[-54.084272,2.40104],[-54.084414,2.400729],[-54.084651,2.400465],[-54.085007,2.400441],[-54.08534,2.400344],[-54.085815,2.400295],[-54.086409,2.400294],[-54.086551,2.400126],[-54.086574,2.399792],[-54.086621,2.399529],[-54.086763,2.399289],[-54.086929,2.399026],[-54.087166,2.398858],[-54.087617,2.398618],[-54.087949,2.39845],[-54.088282,2.398354],[-54.088709,2.398257],[-54.08916,2.398041],[-54.089445,2.397873],[-54.089587,2.39761],[-54.089943,2.397442],[-54.090205,2.397489],[-54.0903,2.397656],[-54.090135,2.397991],[-54.090207,2.398254],[-54.090492,2.398253],[-54.090705,2.398109],[-54.091037,2.397893],[-54.091203,2.397702],[-54.091701,2.39727],[-54.092414,2.39691],[-54.092983,2.39667],[-54.093173,2.396502],[-54.093576,2.396191],[-54.093813,2.395903],[-54.094288,2.39552],[-54.094596,2.39528],[-54.09488,2.394921],[-54.094547,2.394491],[-54.094214,2.394301],[-54.094094,2.394134],[-54.094094,2.393943],[-54.094236,2.393727],[-54.094497,2.393464],[-54.094568,2.3932],[-54.094543,2.392866],[-54.09459,2.392555],[-54.09478,2.392411],[-54.095017,2.392482],[-54.095327,2.392816],[-54.095494,2.392959],[-54.095684,2.392887],[-54.095683,2.392648],[-54.095564,2.392362],[-54.09554,2.392147],[-54.095729,2.391907],[-54.09599,2.391644],[-54.096132,2.391452],[-54.096298,2.391141],[-54.096297,2.390615],[-54.096177,2.390376],[-54.095963,2.390066],[-54.096081,2.389827],[-54.096342,2.389778],[-54.096675,2.389897],[-54.096723,2.39016],[-54.096961,2.390375],[-54.097104,2.390303],[-54.097269,2.390015],[-54.097364,2.389633],[-54.097458,2.389465],[-54.097766,2.389082],[-54.097765,2.388317],[-54.097788,2.387935],[-54.09774,2.387696],[-54.097644,2.387457],[-54.097572,2.387075],[-54.097762,2.386931],[-54.098047,2.386811],[-54.098236,2.386667],[-54.098402,2.386499],[-54.098663,2.386283],[-54.098805,2.385972],[-54.098947,2.38559],[-54.098946,2.385183],[-54.098731,2.384873],[-54.098445,2.384515],[-54.09854,2.384252],[-54.098681,2.383845],[-54.098776,2.38363],[-54.098847,2.383295],[-54.098846,2.383128],[-54.098513,2.383057],[-54.098157,2.38289],[-54.098393,2.38246],[-54.098393,2.382245],[-54.098321,2.382149],[-54.098083,2.381935],[-54.097964,2.381672],[-54.098106,2.381361],[-54.098438,2.381217],[-54.098723,2.381312],[-54.098938,2.381478],[-54.099152,2.381621],[-54.099579,2.381597],[-54.099841,2.381453],[-54.100101,2.381261],[-54.100006,2.380878],[-54.099839,2.380712],[-54.09972,2.380521],[-54.099814,2.380186],[-54.099814,2.380018],[-54.100051,2.379803],[-54.100526,2.379658],[-54.100692,2.379514],[-54.100834,2.379299],[-54.100975,2.378845],[-54.101022,2.378582],[-54.101188,2.378199],[-54.101519,2.377768],[-54.102445,2.377168],[-54.103015,2.376976],[-54.103276,2.376879],[-54.103537,2.376664],[-54.103869,2.376591],[-54.104178,2.376591],[-54.104534,2.376446],[-54.105032,2.376015],[-54.10527,2.375967],[-54.105507,2.375847],[-54.105649,2.375607],[-54.105743,2.375225],[-54.106076,2.3752],[-54.106195,2.375319],[-54.106172,2.375749],[-54.10622,2.375964],[-54.106363,2.375773],[-54.106504,2.37539],[-54.106694,2.375079],[-54.107097,2.374959],[-54.107359,2.374862],[-54.107644,2.374814],[-54.10781,2.374622],[-54.108094,2.374502],[-54.108332,2.374478],[-54.108641,2.374334],[-54.109044,2.373974],[-54.109186,2.373687],[-54.109542,2.373495],[-54.109779,2.373351],[-54.109778,2.37304],[-54.109659,2.372826],[-54.109563,2.372587],[-54.109658,2.372395],[-54.109872,2.372395],[-54.110086,2.37237],[-54.11018,2.372251],[-54.109942,2.37206],[-54.109799,2.371893],[-54.109799,2.371678],[-54.110084,2.371534],[-54.110113,2.371524],[-54.110369,2.371438],[-54.110654,2.371389],[-54.110843,2.371174],[-54.11089,2.370863],[-54.11089,2.370672],[-54.111127,2.370528],[-54.111365,2.370527],[-54.111603,2.370598],[-54.112053,2.370071],[-54.112361,2.369832],[-54.112741,2.369687],[-54.113193,2.36971],[-54.113644,2.369638],[-54.113857,2.369494],[-54.114333,2.369469],[-54.114546,2.369301],[-54.114878,2.369013],[-54.115187,2.36875],[-54.115756,2.368438],[-54.116207,2.368222],[-54.11654,2.368077],[-54.116658,2.367934],[-54.116372,2.367719],[-54.116063,2.367553],[-54.116229,2.367385],[-54.116514,2.367313],[-54.116561,2.367145],[-54.116442,2.36693],[-54.116085,2.366764],[-54.116014,2.366645],[-54.116037,2.366382],[-54.116274,2.366285],[-54.116797,2.366284],[-54.116773,2.366117],[-54.116511,2.365831],[-54.116439,2.365568],[-54.116771,2.365209],[-54.117056,2.365112],[-54.117412,2.365207],[-54.117792,2.365206],[-54.11784,2.365111],[-54.117554,2.364824],[-54.117458,2.364562],[-54.117553,2.364323],[-54.117481,2.364155],[-54.117219,2.363869],[-54.117314,2.363654],[-54.11767,2.363438],[-54.118168,2.363317],[-54.118358,2.363078],[-54.118429,2.362863],[-54.118595,2.362767],[-54.118856,2.36279],[-54.119166,2.363052],[-54.11938,2.363195],[-54.119547,2.36329],[-54.119784,2.363027],[-54.120068,2.362763],[-54.1204,2.362571],[-54.120828,2.362451],[-54.121065,2.362235],[-54.121136,2.361948],[-54.121111,2.361757],[-54.120802,2.361662],[-54.120565,2.361663],[-54.120446,2.361496],[-54.120444,2.360994],[-54.120135,2.360731],[-54.119802,2.360732],[-54.119731,2.360661],[-54.119778,2.36035],[-54.120015,2.360158],[-54.120228,2.359895],[-54.120465,2.359679],[-54.120845,2.359463],[-54.121177,2.359271],[-54.121224,2.359056],[-54.12101,2.358937],[-54.120772,2.358937],[-54.120772,2.358746],[-54.120914,2.358531],[-54.121127,2.358243],[-54.121198,2.357933],[-54.121221,2.357574],[-54.121149,2.35712],[-54.121148,2.356857],[-54.121338,2.356618],[-54.121527,2.356306],[-54.121525,2.355565],[-54.12172,2.355282],[-54.122803,2.35474],[-54.124192,2.353351],[-54.124192,2.352518],[-54.12447,2.351962],[-54.126136,2.350573],[-54.126136,2.34974],[-54.12697,2.348907],[-54.12697,2.348074],[-54.127525,2.347518],[-54.127525,2.34474],[-54.130858,2.341407],[-54.131414,2.341407],[-54.132803,2.340018],[-54.133358,2.340018],[-54.13548,2.338606],[-54.135479,2.338287],[-54.135547,2.338127],[-54.135818,2.337898],[-54.135727,2.337602],[-54.135613,2.337283],[-54.135658,2.3371],[-54.135703,2.336895],[-54.135657,2.336735],[-54.135702,2.33653],[-54.135905,2.336233],[-54.13588,2.335408],[-54.136188,2.334738],[-54.136353,2.334188],[-54.136423,2.333829],[-54.136541,2.333399],[-54.136659,2.332992],[-54.136848,2.332681],[-54.137109,2.332418],[-54.13756,2.332345],[-54.137727,2.33244],[-54.137689,2.332669],[-54.138013,2.332679],[-54.139177,2.332676],[-54.139652,2.332627],[-54.139984,2.332555],[-54.140555,2.332458],[-54.140792,2.332338],[-54.141029,2.332074],[-54.141028,2.331787],[-54.141099,2.331405],[-54.141313,2.3315],[-54.141646,2.331714],[-54.141836,2.331881],[-54.142017,2.331983],[-54.142437,2.331982],[-54.142452,2.331738],[-54.142073,2.331546],[-54.142073,2.331259],[-54.142,2.330877],[-54.142286,2.330829],[-54.142547,2.330852],[-54.142761,2.330947],[-54.143046,2.331042],[-54.143141,2.330922],[-54.143188,2.330659],[-54.14314,2.33042],[-54.142854,2.330158],[-54.142783,2.329991],[-54.14302,2.329823],[-54.143376,2.329822],[-54.143803,2.329511],[-54.144017,2.329391],[-54.144254,2.329318],[-54.144634,2.329126],[-54.145228,2.328982],[-54.145346,2.328814],[-54.145441,2.328503],[-54.145701,2.328263],[-54.146105,2.327976],[-54.146342,2.327975],[-54.146604,2.327951],[-54.146627,2.327712],[-54.146531,2.327306],[-54.146626,2.327186],[-54.14691,2.326994],[-54.147028,2.326659],[-54.147004,2.326372],[-54.146694,2.325823],[-54.146599,2.32568],[-54.146289,2.325275],[-54.146098,2.324988],[-54.145907,2.32463],[-54.145905,2.323602],[-54.14607,2.322837],[-54.146212,2.322646],[-54.146568,2.322573],[-54.146924,2.322548],[-54.147185,2.322404],[-54.147494,2.322117],[-54.147779,2.322068],[-54.148563,2.322067],[-54.148776,2.321803],[-54.148895,2.321707],[-54.149013,2.321349],[-54.149107,2.321038],[-54.149249,2.320703],[-54.149533,2.320439],[-54.149818,2.320271],[-54.150031,2.320056],[-54.150007,2.319626],[-54.149959,2.319363],[-54.149792,2.319028],[-54.149886,2.318813],[-54.150194,2.318526],[-54.150479,2.318477],[-54.150765,2.31862],[-54.151264,2.318667],[-54.151406,2.318499],[-54.151572,2.318307],[-54.152142,2.318306],[-54.152333,2.318401],[-54.152428,2.31876],[-54.152714,2.318807],[-54.15288,2.318615],[-54.152926,2.318161],[-54.153021,2.31797],[-54.153258,2.317945],[-54.153472,2.317969],[-54.153615,2.318136],[-54.153877,2.318494],[-54.153949,2.318517],[-54.154186,2.318373],[-54.154209,2.317991],[-54.154303,2.317823],[-54.154541,2.317751],[-54.154778,2.317751],[-54.154992,2.317415],[-54.1548004,2.3171765],[-54.1544438,2.3167327],[-54.1544437,2.3162395],[-54.1549802,2.3153927],[-54.1549802,2.3149103],[-54.1555917,2.3142456],[-54.1556454,2.3131629],[-54.1563267,2.3124714],[-54.1564232,2.3121338],[-54.1564554,2.3119247],[-54.156788,2.3119301],[-54.1567129,2.3122356],[-54.1567665,2.3125036],[-54.1570884,2.3125626],[-54.1572493,2.312316],[-54.1571206,2.3118711],[-54.1576195,2.3118926],[-54.1580272,2.3113833],[-54.1583544,2.3114691],[-54.1586012,2.3110832],[-54.1592181,2.3105686],[-54.1592878,2.3099308],[-54.1597116,2.3096574],[-54.1599637,2.3094403],[-54.1600549,2.3092661],[-54.1599557,2.3091321],[-54.1597492,2.3091804],[-54.1595399,2.3091321],[-54.1595078,2.3087784],[-54.1593763,2.3084058],[-54.1597411,2.3085666],[-54.1598511,2.3084675],[-54.1598028,2.3074223],[-54.1598404,2.3066665],[-54.1600871,2.306511],[-54.1604573,2.3063985],[-54.160645,2.3063288],[-54.1607791,2.3059268],[-54.1608864,2.3056159],[-54.1607577,2.305498],[-54.1603875,2.3054819],[-54.1602373,2.3054283],[-54.1602105,2.3052246],[-54.1607952,2.3046404],[-54.1609293,2.3041526],[-54.160763,2.3038578],[-54.160417,2.3038364],[-54.1602695,2.3037935],[-54.1602266,2.3036729],[-54.1602722,2.3035389],[-54.1605297,2.3034558],[-54.161101,2.3035791],[-54.1613317,2.3034397],[-54.1624153,2.3011456],[-54.1624904,2.3008079],[-54.1623133,2.300497],[-54.1622597,2.3001781],[-54.1623294,2.3000227],[-54.1625977,2.3004381],[-54.1628712,2.3006525],[-54.1630215,2.3002505],[-54.1630215,2.299752],[-54.1632414,2.2992642],[-54.1630161,2.2990605],[-54.1630697,2.2988568],[-54.16403,2.299023],[-54.1640621,2.2988408],[-54.1638556,2.2986773],[-54.1638878,2.2984602],[-54.1640461,2.298294],[-54.1643894,2.2980367],[-54.164443,2.2977955],[-54.1644406,2.2977399],[-54.1644313,2.2975227],[-54.1644269,2.2974203],[-54.1644995,2.2974216],[-54.1647381,2.2974257],[-54.1648111,2.2973382],[-54.1648454,2.2972971],[-54.1647854,2.2971418],[-54.1647273,2.2969915],[-54.1643947,2.2967182],[-54.1641426,2.2966217],[-54.1639495,2.2965895],[-54.1639582,2.2965758],[-54.1641716,2.2962396],[-54.164266,2.296091],[-54.1642576,2.296053],[-54.1641212,2.2954371],[-54.1638959,2.295287],[-54.1639698,2.2951038],[-54.1640746,2.2948439],[-54.1641963,2.294542],[-54.164158,2.2944724],[-54.1640461,2.2942686],[-54.164207,2.2940488],[-54.1644719,2.2938295],[-54.164958,2.2934271],[-54.164722,2.2923336],[-54.165371,2.2913741],[-54.1653425,2.291326],[-54.1652155,2.2911115],[-54.165111,2.2910546],[-54.1649795,2.2909829],[-54.1645128,2.291015],[-54.1644538,2.2909292],[-54.1645128,2.2907577],[-54.1644847,2.2907219],[-54.1643947,2.2906076],[-54.1643462,2.2904621],[-54.1643411,2.2904468],[-54.1644247,2.2903347],[-54.1645206,2.2902061],[-54.1645449,2.2901735],[-54.1644698,2.2898465],[-54.1644129,2.289805],[-54.1641319,2.2895999],[-54.1637296,2.2895785],[-54.1637163,2.2894915],[-54.1636874,2.289301],[-54.1636276,2.2889085],[-54.1636101,2.2888677],[-54.1635241,2.288668],[-54.1634292,2.2884475],[-54.1631354,2.2881353],[-54.1628283,2.288091],[-54.1623831,2.2879544],[-54.1623804,2.2877453],[-54.1626883,2.2876604],[-54.16289,2.287689],[-54.1631234,2.2875255],[-54.1634426,2.2874719],[-54.1637188,2.2876274],[-54.1638985,2.2876837],[-54.1639146,2.2874827],[-54.1637939,2.2872736],[-54.1635767,2.2869064],[-54.1633701,2.2867698],[-54.1631234,2.2867671],[-54.1629195,2.2868234],[-54.1627881,2.2867885],[-54.162544,2.2867242],[-54.1621283,2.2867028],[-54.1619298,2.2866572],[-54.1617796,2.2864616],[-54.1614845,2.2862525],[-54.1611359,2.2860569],[-54.1608918,2.2858585],[-54.1607496,2.285687],[-54.1607657,2.2854512],[-54.1607818,2.2851939],[-54.1607201,2.2850438],[-54.1604841,2.284958],[-54.160248,2.284875],[-54.1600704,2.2847043],[-54.1600281,2.2844837],[-54.160071,2.2841165],[-54.1600844,2.2838753],[-54.1600227,2.2837011],[-54.1598082,2.2836207],[-54.1595373,2.2836287],[-54.1594005,2.2835912],[-54.1593415,2.2834867],[-54.1593415,2.2832187],[-54.1594085,2.282755],[-54.1593173,2.2823905],[-54.1591698,2.2821306],[-54.1590223,2.281951],[-54.1587406,2.281356],[-54.1586092,2.280946],[-54.1585261,2.280686],[-54.1585931,2.280292],[-54.1585931,2.2800186],[-54.1585234,2.279697],[-54.1585448,2.2793701],[-54.1585019,2.279228],[-54.1582015,2.279161],[-54.1579735,2.2791315],[-54.1577643,2.2791476],[-54.1575605,2.2790833],[-54.1575283,2.2789466],[-54.1576088,2.2786947],[-54.1577107,2.2785071],[-54.1577911,2.2781774],[-54.1577026,2.2780541],[-54.1574907,2.2779898],[-54.1573226,2.2779743],[-54.1572091,2.2779067],[-54.1571796,2.2776628],[-54.1572145,2.2775369],[-54.157362,2.2773332],[-54.1574559,2.277033],[-54.1573647,2.2768186],[-54.1572306,2.2766551],[-54.1571662,2.2764595],[-54.157193,2.2763067],[-54.1573674,2.2760548],[-54.1574827,2.2758163],[-54.1573647,2.2755831],[-54.1573674,2.2753312],[-54.1574666,2.2751141],[-54.1573271,2.2749211],[-54.157075,2.2748112],[-54.1567129,2.2748782],[-54.156493,2.2748595],[-54.156332,2.2746987],[-54.1562703,2.2743127],[-54.1562516,2.2740903],[-54.1560745,2.2738678],[-54.1561523,2.2737365],[-54.1563803,2.2737392],[-54.1566539,2.2737338],[-54.1568363,2.2736561],[-54.1569757,2.2734283],[-54.1570401,2.2731522],[-54.1569194,2.2728601],[-54.1566673,2.2725492],[-54.1565144,2.2722946],[-54.1562194,2.2720775],[-54.1560987,2.2718497],[-54.1561496,2.2714825],[-54.1560075,2.2710913],[-54.1559029,2.2706383],[-54.155876,2.2703944],[-54.1560343,2.2702336],[-54.1561899,2.2701586],[-54.156265,2.2700246],[-54.1562435,2.2698584],[-54.1562301,2.2696922],[-54.1562998,2.2695073],[-54.1561872,2.2694215],[-54.1558626,2.2692688],[-54.1555703,2.2683977],[-54.1558197,2.2677116],[-54.1559297,2.2676795],[-54.1561684,2.2676714],[-54.1562516,2.2675187],[-54.1562489,2.2671944],[-54.1561765,2.2666182],[-54.1563025,2.2662537],[-54.1563857,2.2660339],[-54.1563857,2.2657042],[-54.1562462,2.2655006],[-54.1562033,2.2651789],[-54.1562811,2.2649297],[-54.1563508,2.2647448],[-54.1562167,2.2645759],[-54.1562516,2.2644526],[-54.1564372,2.2643905],[-54.1566297,2.2642865],[-54.1565681,2.2640533],[-54.1563535,2.2638603],[-54.156214,2.2637183],[-54.155978,2.263662],[-54.1557607,2.2635548],[-54.1556561,2.2634261],[-54.1556829,2.2632787],[-54.1557768,2.2631501],[-54.1559485,2.2629946],[-54.1560987,2.2628955],[-54.1563052,2.2626543],[-54.1564474,2.262397],[-54.1565251,2.2622201],[-54.1565225,2.2620378],[-54.1564018,2.2619199],[-54.156222,2.2618234],[-54.1561738,2.2616948],[-54.1562435,2.2616063],[-54.156391,2.2615259],[-54.156493,2.2613517],[-54.156509,2.2611963],[-54.156442,2.2610596],[-54.1563749,2.2609363],[-54.1563883,2.2607675],[-54.156509,2.2606737],[-54.1566995,2.2605557],[-54.1566834,2.260344],[-54.1565922,2.2601484],[-54.1566378,2.260009],[-54.1568792,2.2598964],[-54.1570643,2.2597946],[-54.1573083,2.2596847],[-54.1575041,2.2594783],[-54.1574907,2.259221],[-54.1575283,2.2589879],[-54.1576678,2.2588914],[-54.157826,2.2588967],[-54.1579521,2.2588271],[-54.1580594,2.2586394],[-54.1580862,2.2584626],[-54.1580365,2.2583643],[-54.1578984,2.2583232],[-54.157759,2.2583286],[-54.1575927,2.2583071],[-54.1575551,2.2581517],[-54.1576409,2.2579641],[-54.1577804,2.2577282],[-54.1578716,2.2574093],[-54.1579977,2.257219],[-54.1582149,2.2570528],[-54.1584314,2.2570325],[-54.158636,2.2569644],[-54.1588238,2.256817],[-54.1590706,2.2565999],[-54.1591483,2.2564444],[-54.1591446,2.2561853],[-54.1590893,2.2560987],[-54.1589525,2.2560236],[-54.1587943,2.2559459],[-54.1587567,2.2558494],[-54.1588452,2.2557422],[-54.1591054,2.2556377],[-54.159312,2.2555225],[-54.1594461,2.255308],[-54.1594863,2.255099],[-54.1596231,2.2549891],[-54.1598484,2.2547935],[-54.1601488,2.2545683],[-54.1603258,2.2542976],[-54.1605243,2.2541422],[-54.1608328,2.2540618],[-54.1610661,2.253976],[-54.1613075,2.2538608],[-54.1615462,2.2536008],[-54.1617709,2.253395],[-54.1618279,2.2531988],[-54.1617367,2.2529978],[-54.1616482,2.2528664],[-54.1616401,2.2526467],[-54.1618091,2.2525368],[-54.1621041,2.2525716],[-54.1624045,2.2525609],[-54.1625279,2.2524081],[-54.162654,2.252309],[-54.1627827,2.2523679],[-54.163059,2.2524483],[-54.163346,2.2524378],[-54.1636142,2.2523572],[-54.163869,2.2522339],[-54.1640514,2.2518346],[-54.1641265,2.251647],[-54.1642392,2.2514272],[-54.1644055,2.2512637],[-54.1645423,2.25132],[-54.1645986,2.2514111],[-54.1647595,2.2514674],[-54.1649741,2.251521],[-54.1651592,2.2515344],[-54.1652638,2.2514969],[-54.1653013,2.2513682],[-54.1652396,2.2511753],[-54.1652343,2.2509823],[-54.1653013,2.2507974],[-54.1653603,2.2506526],[-54.1654891,2.2505749],[-54.1655695,2.2506768],[-54.1656795,2.2507733],[-54.1657868,2.2507759],[-54.1658968,2.2506821],[-54.1661114,2.2505696],[-54.166283,2.2505294],[-54.1665325,2.250323],[-54.1667685,2.2501193],[-54.166908,2.249929],[-54.1668946,2.249787],[-54.1668624,2.2496047],[-54.166908,2.2494037],[-54.1670635,2.2493662],[-54.1672191,2.24946],[-54.1673559,2.2494627],[-54.1673988,2.2493501],[-54.1673452,2.2490821],[-54.1673666,2.2488248],[-54.1675544,2.2487015],[-54.1679084,2.2486104],[-54.1682464,2.2485246],[-54.1683537,2.2483826],[-54.1684261,2.2481601],[-54.1685667,2.2480911],[-54.168756,2.2478653],[-54.1689397,2.2477904],[-54.1690591,2.2475062],[-54.1690671,2.2472221],[-54.1691315,2.2471041],[-54.1694051,2.2470639],[-54.1695687,2.2470693],[-54.169798,2.2470985],[-54.1699871,2.2470505],[-54.1702151,2.2469889],[-54.1704109,2.2468897],[-54.1705719,2.2467906],[-54.1706765,2.2466378],[-54.1706228,2.2464984],[-54.1705987,2.2463483],[-54.1706684,2.2462411],[-54.1707703,2.2462277],[-54.1709742,2.2463376],[-54.1710922,2.2463483],[-54.1711164,2.2462465],[-54.1710788,2.2461205],[-54.1710547,2.2459651],[-54.1711485,2.2458096],[-54.1713229,2.2457078],[-54.1713953,2.2456059],[-54.1713524,2.2454773],[-54.171229,2.2453781],[-54.171052,2.2453111],[-54.1708213,2.2452066],[-54.1707811,2.2450485],[-54.1708481,2.2449922],[-54.171111,2.2449922],[-54.1712853,2.2449841],[-54.1713792,2.2448984],[-54.1714355,2.2447483],[-54.1713685,2.2447188],[-54.1712288,2.2447231],[-54.1711378,2.2447054],[-54.1709957,2.2446598],[-54.1709286,2.2444347],[-54.170993,2.2442927],[-54.1711756,2.2441788],[-54.1712558,2.2440541],[-54.1712719,2.2439255],[-54.1712129,2.2438263],[-54.1711423,2.243838],[-54.1709286,2.2438638],[-54.1706604,2.2438183],[-54.1704994,2.2436977],[-54.1705209,2.2435127],[-54.1706416,2.2434672],[-54.1707784,2.2434136],[-54.170773,2.2432849],[-54.1705021,2.243167],[-54.17025,2.2430035],[-54.1701427,2.242765],[-54.170081,2.24243],[-54.1701186,2.2420869],[-54.1702259,2.2419475],[-54.1704699,2.24191],[-54.170545,2.2418189],[-54.1706443,2.2417599],[-54.1708079,2.2417546],[-54.1709849,2.2416447],[-54.1711566,2.2415133],[-54.1712373,2.2413062],[-54.1713443,2.2410952],[-54.1714275,2.2409693],[-54.1715133,2.2408085],[-54.1714811,2.2406664],[-54.1713148,2.2405726],[-54.1712344,2.2404198],[-54.1711646,2.2401947],[-54.1711298,2.2398811],[-54.1711539,2.2396882],[-54.1711029,2.2394871],[-54.1710171,2.2391628],[-54.1710305,2.238986],[-54.171111,2.2388359],[-54.1711324,2.238667],[-54.1710466,2.2385652],[-54.170934,2.2385223],[-54.1708079,2.2386107],[-54.1707516,2.2387233],[-54.1707945,2.238868],[-54.1707811,2.2390235],[-54.170655,2.2391012],[-54.1704699,2.2391575],[-54.1702232,2.2391736],[-54.1701159,2.2391226],[-54.1700649,2.2389243],[-54.1701105,2.2386188],[-54.1701534,2.2384767],[-54.1700462,2.2382838],[-54.1698933,2.2380372],[-54.1697001,2.2378924],[-54.1696465,2.2376888],[-54.1695339,2.2375655],[-54.16933,2.2375172],[-54.1691422,2.2375923],[-54.1689867,2.2377316],[-54.1689545,2.2378549],[-54.1689089,2.2379863],[-54.1687962,2.2380184],[-54.1685736,2.2380104],[-54.1683564,2.2380023],[-54.168013,2.2379139],[-54.1678119,2.2377745],[-54.1677046,2.2375923],[-54.1676188,2.2373966],[-54.1673693,2.2372144],[-54.1671681,2.237067],[-54.1668677,2.2369115],[-54.1666349,2.2368727],[-54.1665505,2.2368052],[-54.1663045,2.2367427],[-54.1661543,2.2366462],[-54.1659719,2.2366783],[-54.1658217,2.2368123],[-54.1656661,2.236748],[-54.1656661,2.2366087],[-54.1656286,2.2364425],[-54.1655481,2.2362227],[-54.165583,2.2359922],[-54.1655561,2.2357242],[-54.1654623,2.2355312],[-54.1653228,2.2353731],[-54.1651967,2.235349],[-54.1650841,2.2353892],[-54.1650733,2.2355125],[-54.1650116,2.235617],[-54.1648346,2.2355635],[-54.1647676,2.2355607],[-54.1645369,2.2355044],[-54.1643679,2.2354106],[-54.1642767,2.23529],[-54.1642514,2.2351683],[-54.1642606,2.235097],[-54.1641963,2.2350032],[-54.1639949,2.2349944],[-54.1637832,2.2350327],[-54.1636518,2.2350005],[-54.1636544,2.2349335],[-54.1637497,2.2348282],[-54.1638368,2.2347004],[-54.1638529,2.2345315],[-54.1638181,2.2344324],[-54.163751,2.2344431],[-54.1635981,2.2345583],[-54.1634901,2.2346523],[-54.1633675,2.2348103],[-54.1632468,2.2348612],[-54.1630778,2.2348531],[-54.1629437,2.2348103],[-54.1628954,2.2346468],[-54.1628981,2.2344672],[-54.1628659,2.2343466],[-54.1627961,2.2343144],[-54.1626922,2.2343522],[-54.1625896,2.2344377],[-54.1624072,2.2344833],[-54.1621015,2.2345154],[-54.1618896,2.2344886],[-54.1616964,2.2343895],[-54.1615382,2.2342474],[-54.1613182,2.2341456],[-54.1611385,2.2341054],[-54.1609561,2.2341107],[-54.160696,2.2341509],[-54.1604868,2.2341938],[-54.1604036,2.2341751],[-54.1603634,2.2341107],[-54.1603875,2.2340357],[-54.1603741,2.2339338],[-54.160299,2.2339178],[-54.1600791,2.2339231],[-54.1599262,2.2339928],[-54.1597867,2.2339874],[-54.1596338,2.2339017],[-54.1596016,2.2337784],[-54.1596741,2.2336471],[-54.1596821,2.2335318],[-54.1596097,2.2334595],[-54.1594943,2.2334487],[-54.1592905,2.2334273],[-54.1592556,2.2333817],[-54.159261,2.2332852],[-54.159328,2.2332638],[-54.159447,2.233205],[-54.1594407,2.23317],[-54.1593978,2.2330896],[-54.1593012,2.2330065],[-54.1591591,2.2329261],[-54.1590679,2.2329529],[-54.1589409,2.2330261],[-54.158797,2.2331217],[-54.1586441,2.2331646],[-54.158459,2.233162],[-54.1583678,2.2330842],[-54.1583866,2.2329824],[-54.1584703,2.2328731],[-54.1584992,2.232835],[-54.1584912,2.2327224],[-54.1584376,2.2326313],[-54.1583598,2.232583],[-54.1581425,2.2326313],[-54.1580005,2.2327223],[-54.1579306,2.2327465],[-54.1578226,2.2326651],[-54.1577885,2.2325696],[-54.1576436,2.2324008],[-54.1574049,2.2322373],[-54.1572654,2.2322051],[-54.1571769,2.2321274],[-54.1570857,2.2320604],[-54.156898,2.2320363],[-54.156619,2.2320899],[-54.1564044,2.2321703],[-54.1561415,2.232335],[-54.155868,2.2324571],[-54.155691,2.2325696],[-54.1556695,2.2327492],[-54.1556105,2.2328484],[-54.1554898,2.2327814],[-54.1553879,2.232709],[-54.1552484,2.2326902],[-54.1550767,2.2328403],[-54.1549158,2.2328993],[-54.1548353,2.2328752],[-54.1547576,2.2327572],[-54.1545779,2.2325804],[-54.1544732,2.2325482],[-54.1543472,2.2326045],[-54.1541863,2.2327036],[-54.1540763,2.2326742],[-54.1540682,2.2325643],[-54.1540656,2.2324088],[-54.1539824,2.2323097],[-54.1538966,2.2321864],[-54.1537115,2.2321649],[-54.1535935,2.2320899],[-54.153623,2.2319666],[-54.153682,2.2318996],[-54.1537839,2.2318862],[-54.1540656,2.2319532],[-54.1542506,2.2319264],[-54.1542533,2.2318326],[-54.1541326,2.2317334],[-54.1539636,2.2316637],[-54.1538644,2.231527],[-54.1536713,2.2314895],[-54.1536123,2.2314279],[-54.1536552,2.2312966],[-54.153741,2.2312563],[-54.1538778,2.2313448],[-54.154036,2.2314064],[-54.1541594,2.2314386],[-54.1542667,2.2314225],[-54.1542935,2.2313207],[-54.1542238,2.2312295],[-54.1540495,2.2311759],[-54.1538939,2.231117],[-54.1537705,2.2310339],[-54.1536766,2.2309026],[-54.1535023,2.2307927],[-54.1532931,2.230731],[-54.1531965,2.2306908],[-54.1531134,2.2306024],[-54.1530114,2.2305702],[-54.1529927,2.2306426],[-54.1530302,2.2307042],[-54.1531161,2.2307605],[-54.1531777,2.2308302],[-54.1531616,2.2309642],[-54.1531187,2.2310017],[-54.1529766,2.2310393],[-54.1528961,2.231117],[-54.1527969,2.2311867],[-54.152644,2.231125],[-54.1525823,2.2309937],[-54.1524562,2.2309347],[-54.1522846,2.2309696],[-54.152137,2.2310661],[-54.1518903,2.2310527],[-54.151724,2.2309776],[-54.1515765,2.2310205],[-54.1513941,2.2311867],[-54.1511956,2.2312081],[-54.1510668,2.2311384],[-54.1508764,2.2310795],[-54.1507128,2.2309883],[-54.1505921,2.2309052],[-54.1504955,2.2309106],[-54.1503856,2.2308329],[-54.1501603,2.2306935],[-54.149935,2.2305434],[-54.1497472,2.2303531],[-54.1495729,2.2301816],[-54.1495219,2.2300663],[-54.1493985,2.2300529],[-54.1493376,2.2299861],[-54.1492832,2.2298868],[-54.1491812,2.2296804],[-54.1491169,2.2295544],[-54.1489667,2.229608],[-54.1488007,2.2295908],[-54.1487199,2.2294526],[-54.1487092,2.2292971],[-54.1486394,2.2291015],[-54.1485456,2.2290318],[-54.1483364,2.228938],[-54.1482022,2.2288388],[-54.1480574,2.2287048],[-54.147934,2.2287209],[-54.1478053,2.2287772],[-54.1477141,2.2288388],[-54.1476738,2.2289246],[-54.1475961,2.2290077],[-54.1474049,2.2289859],[-54.1472366,2.229005],[-54.147132,2.2290238],[-54.1470408,2.2289434],[-54.1469928,2.2288178],[-54.1469497,2.228678],[-54.1468236,2.228603],[-54.146719,2.228603],[-54.1466294,2.2286695],[-54.1465715,2.2287236],[-54.1464293,2.2287343],[-54.1463462,2.2286619],[-54.1462737,2.2285574],[-54.1461182,2.2285413],[-54.1459492,2.228477],[-54.1457883,2.2283993],[-54.1455978,2.2283859],[-54.1455289,2.2282904],[-54.1455334,2.2281339],[-54.1454905,2.2280026],[-54.1452733,2.2278713],[-54.1451821,2.2277239],[-54.1450533,2.2276193],[-54.1449004,2.2276247],[-54.1447395,2.2277694],[-54.1445617,2.2280104],[-54.1444042,2.2280696],[-54.1442031,2.2280884],[-54.1439778,2.2280133],[-54.14379,2.2279168],[-54.1437185,2.2277664],[-54.1436613,2.2276917],[-54.1435164,2.2276274],[-54.1433454,2.2276584],[-54.1432455,2.2276998],[-54.1430095,2.2277266],[-54.1427735,2.2276247],[-54.1427069,2.2274462],[-54.1427225,2.2272709],[-54.1425911,2.2270297],[-54.142516,2.2269011],[-54.1423336,2.2268555],[-54.1421405,2.2268528],[-54.1419661,2.2268099],[-54.1417381,2.2269037],[-54.141596,2.2269064],[-54.1414672,2.2268046],[-54.1412982,2.2266357],[-54.1410461,2.2265553],[-54.1408423,2.2265607],[-54.1406572,2.2264588],[-54.1404265,2.2263114],[-54.1401771,2.22629],[-54.1399223,2.2262176],[-54.1396889,2.2262283],[-54.1395245,2.2262348],[-54.1393241,2.2261265],[-54.1391096,2.2260166],[-54.1388789,2.2258987],[-54.1386724,2.2259228],[-54.1385222,2.2260032],[-54.1383263,2.226089],[-54.1381735,2.2260434],[-54.1379669,2.2259442],[-54.1378811,2.2260112],[-54.137814,2.226156],[-54.1377255,2.2262203],[-54.1376075,2.2261935],[-54.1374359,2.2260782],[-54.1373447,2.2258772],[-54.137181,2.225636],[-54.1369987,2.2253573],[-54.1368806,2.225175],[-54.1367573,2.2251027],[-54.1365722,2.2250035],[-54.1364542,2.2248159],[-54.1362798,2.2247569],[-54.1361427,2.2247947],[-54.1358909,2.2248561],[-54.1356254,2.224832],[-54.1353974,2.2247381],[-54.1351171,2.224666],[-54.1348019,2.2245773],[-54.1345927,2.2245398],[-54.1344076,2.2245291],[-54.1342384,2.2245558],[-54.1341662,2.2245934],[-54.1340234,2.2245288],[-54.1339061,2.2244433],[-54.1337884,2.2244993],[-54.1336781,2.2245291],[-54.1335788,2.2245532],[-54.1334313,2.2245398],[-54.133257,2.2246256],[-54.133037,2.2246497],[-54.1328412,2.224572],[-54.132691,2.2244701],[-54.1325516,2.2244353],[-54.1323531,2.2244808],[-54.1320902,2.2244621],[-54.1318864,2.2243978],[-54.1317067,2.2242718],[-54.1314626,2.2242664],[-54.131347,2.2241931],[-54.1313097,2.224119],[-54.1312453,2.223977],[-54.1312212,2.2238296],[-54.1313097,2.2237518],[-54.1314223,2.2236982],[-54.131586,2.223658],[-54.1316664,2.2235749],[-54.1316584,2.2234731],[-54.1315377,2.2234249],[-54.1313741,2.2233284],[-54.1312775,2.2231702],[-54.13113,2.2230872],[-54.1309074,2.2230496],[-54.1307142,2.2229933],[-54.1306445,2.2229076],[-54.1306767,2.2228138],[-54.130733,2.2226315],[-54.1307089,2.2224841],[-54.1305774,2.222401],[-54.1304433,2.222401],[-54.1302583,2.22246],[-54.130159,2.2225404],[-54.1299123,2.2226047],[-54.1297433,2.2225431],[-54.1296172,2.2224225],[-54.1294938,2.222468],[-54.1293544,2.2225484],[-54.1292551,2.2225216],[-54.1291371,2.2224198],[-54.1289735,2.2223153],[-54.1287616,2.2222483],[-54.128606,2.2223179],[-54.1285443,2.2224814],[-54.1285685,2.2226744],[-54.1285953,2.2228754],[-54.1285282,2.222988],[-54.1284183,2.2230523],[-54.128311,2.2230201],[-54.1282627,2.2228299],[-54.1282305,2.22272],[-54.1281527,2.2226503],[-54.1280293,2.2226958],[-54.1278979,2.2227896],[-54.1277799,2.2229183],[-54.127619,2.2229531],[-54.1274446,2.2230014],[-54.127351,2.2231139],[-54.1272354,2.2232078],[-54.1270906,2.2231944],[-54.1270553,2.2231203],[-54.1269645,2.223055],[-54.1268125,2.223049],[-54.1266292,2.2231032],[-54.1264334,2.2230818],[-54.1261652,2.2230175],[-54.1259936,2.2229076],[-54.1258729,2.2227843],[-54.1257468,2.2226932],[-54.1255161,2.2226851],[-54.1253659,2.2226851],[-54.1251487,2.2227468],[-54.1249126,2.2227628],[-54.1248,2.2226449],[-54.1246229,2.2225002],[-54.1244352,2.2224439],[-54.1243708,2.2223179],[-54.1244379,2.2222241],[-54.1244486,2.2220553],[-54.124352,2.2219186],[-54.1242099,2.2217926],[-54.1240382,2.2217471],[-54.1238317,2.2218703],[-54.1237405,2.2220794],[-54.1236118,2.2222965],[-54.1234696,2.2224117],[-54.1232362,2.2224198],[-54.1231102,2.2223983],[-54.1230565,2.222267],[-54.122909,2.2222295],[-54.1227776,2.2222965],[-54.1227266,2.2224225],[-54.1226891,2.2225377],[-54.1225603,2.222535],[-54.1224799,2.2223983],[-54.1224101,2.2223099],[-54.1223002,2.2223206],[-54.1221526,2.2222804],[-54.1220051,2.2221384],[-54.1219783,2.2220097],[-54.1219729,2.2218998],[-54.1218764,2.2218757],[-54.1217208,2.2218703],[-54.1214982,2.2217229],[-54.1213131,2.2215943],[-54.1210154,2.2215353],[-54.1208705,2.2214496],[-54.1207606,2.2212566],[-54.1206211,2.2211306],[-54.1204521,2.2210422],[-54.1203475,2.2210636],[-54.120149,2.221136],[-54.1199532,2.221136],[-54.1198674,2.221069],[-54.1198164,2.2209376],[-54.1197574,2.220884],[-54.1196233,2.220876],[-54.1194838,2.2209028],[-54.1193336,2.2208599],[-54.1192478,2.2206937],[-54.1192263,2.2205651],[-54.1191244,2.2205008],[-54.1189474,2.2205008],[-54.1187704,2.2205758],[-54.1185987,2.2206294],[-54.118411,2.2205597],[-54.1182554,2.2204793],[-54.1180354,2.220415],[-54.1178799,2.2203668],[-54.1177458,2.2202917],[-54.1176331,2.2202059],[-54.1175044,2.2201899],[-54.1173756,2.2202006],[-54.1173059,2.2201416],[-54.1173112,2.220013],[-54.1173434,2.219895],[-54.1173005,2.2197878],[-54.11722,2.2197021],[-54.1171771,2.2195627],[-54.1171879,2.2194233],[-54.1171406,2.2193027],[-54.1170227,2.2192594],[-54.1167641,2.2192572],[-54.1164261,2.2192089],[-54.1162986,2.2191008],[-54.1162008,2.2189516],[-54.1161043,2.2188444],[-54.1159755,2.218823],[-54.1159219,2.2188926],[-54.1159299,2.2190297],[-54.1160077,2.2191607],[-54.1160238,2.2193054],[-54.1159058,2.2193697],[-54.1157395,2.2193697],[-54.1156268,2.2193644],[-54.1153908,2.2193697],[-54.1151655,2.2193322],[-54.1151172,2.2192464],[-54.1151547,2.2191768],[-54.115262,2.2191446],[-54.1154444,2.2191124],[-54.1155356,2.2190642],[-54.1155042,2.2189475],[-54.1154122,2.2188176],[-54.1153103,2.2186836],[-54.1152084,2.218705],[-54.1150158,2.2188533],[-54.1149054,2.218832],[-54.1149187,2.2186407],[-54.1148543,2.2185067],[-54.1146773,2.2185174],[-54.1145271,2.2186622],[-54.1142933,2.2187139],[-54.113996,2.2187533],[-54.11376,2.2187104],[-54.1136742,2.2186622],[-54.1135749,2.2184712],[-54.1134665,2.2184008],[-54.1133845,2.2182012],[-54.1132343,2.2179492],[-54.1131431,2.2177187],[-54.1130143,2.2175579],[-54.112848,2.2174668],[-54.1126174,2.2174346],[-54.1124886,2.2173221],[-54.1125342,2.2171291],[-54.1125155,2.21692],[-54.1124377,2.2168423],[-54.1123116,2.2169307],[-54.1122445,2.2170808],[-54.1121399,2.217105],[-54.1121158,2.2168798],[-54.1120729,2.2165716],[-54.1119817,2.2164215],[-54.1118851,2.2163947],[-54.1118127,2.216585],[-54.1117135,2.2168209],[-54.1115713,2.2169549],[-54.1114748,2.2168986],[-54.1115069,2.2167619],[-54.111574,2.2166091],[-54.111633,2.216451],[-54.1115928,2.2163143],[-54.1115552,2.21625],[-54.1114318,2.2163143],[-54.1113594,2.2164563],[-54.1112602,2.216585],[-54.1110858,2.216577],[-54.1109893,2.2164992],[-54.1109383,2.2163465],[-54.1109008,2.2161776],[-54.1108069,2.2161374],[-54.1107211,2.2161562],[-54.110705,2.2163143],[-54.1106138,2.2164269],[-54.1105092,2.2163197],[-54.1104126,2.2160945],[-54.1102517,2.2160114],[-54.1099834,2.2159712],[-54.1097984,2.2158828],[-54.1095355,2.2158265],[-54.1094095,2.2158533],[-54.1092566,2.2159391],[-54.1091117,2.2160302],[-54.1089401,2.2160784],[-54.1087711,2.2159846],[-54.1084948,2.2158238],[-54.1082293,2.2156657],[-54.1078695,2.2155001],[-54.1076472,2.2154486],[-54.1074568,2.2153843],[-54.1072771,2.2152797],[-54.1072878,2.2151404],[-54.1071993,2.2150385],[-54.1070116,2.2149983],[-54.1068962,2.2148723],[-54.1068962,2.2147089],[-54.1068989,2.2144569],[-54.1068158,2.2142747],[-54.1066387,2.2140629],[-54.1065314,2.2138592],[-54.1065207,2.2136743],[-54.1065931,2.2135858],[-54.1068128,2.2135145],[-54.1068748,2.2135108],[-54.1069338,2.2134358],[-54.1069552,2.2132776],[-54.1068774,2.2131677],[-54.1067219,2.2130793],[-54.1066012,2.2128649],[-54.1065288,2.2126505],[-54.1065288,2.2124602],[-54.1064858,2.2123154],[-54.1063356,2.2122672],[-54.1061456,2.2122293],[-54.1060326,2.2121868],[-54.1058984,2.2120152],[-54.1058151,2.211831],[-54.1057616,2.2116909],[-54.1056383,2.2114417],[-54.1055954,2.2112407],[-54.1054881,2.2110316],[-54.1053513,2.2109432],[-54.1052172,2.2109164],[-54.1049248,2.210911],[-54.1047156,2.2109539],[-54.1046163,2.2109083],[-54.1045225,2.2108038],[-54.1044125,2.2106591],[-54.1042328,2.2105116],[-54.1040719,2.2103964],[-54.1040048,2.210182],[-54.103927,2.209922],[-54.1038895,2.2097907],[-54.103801,2.2096969],[-54.103691,2.209662],[-54.1034898,2.209587],[-54.1032726,2.2094556],[-54.1031814,2.2092653],[-54.1032538,2.2090885],[-54.1033396,2.2089223],[-54.1033235,2.2087454],[-54.1033557,2.2085631],[-54.1034254,2.2084586],[-54.1035247,2.2084854],[-54.1037312,2.2085658],[-54.1038546,2.2086114],[-54.1039431,2.2085604],[-54.1038868,2.2082951],[-54.1036883,2.2078984],[-54.1035676,2.2077162],[-54.103412,2.2075902],[-54.1032752,2.2075312],[-54.1031599,2.2075125],[-54.1031224,2.2073517],[-54.1030607,2.2071346],[-54.1030821,2.2069711],[-54.1030714,2.2067299],[-54.1030097,2.2064967],[-54.1029507,2.2063975],[-54.1028488,2.2063439],[-54.1027442,2.2064136],[-54.102602,2.2064886],[-54.1024384,2.2064565],[-54.1023821,2.2063359],[-54.102425,2.2061938],[-54.1025671,2.2061348],[-54.1026101,2.2060116],[-54.1026503,2.2058722],[-54.102779,2.2057328],[-54.1029266,2.2056256],[-54.103007,2.2054541],[-54.1030124,2.2052048],[-54.1029695,2.2050762],[-54.1028166,2.2050762],[-54.1027039,2.2049984],[-54.1027039,2.2048081],[-54.1028193,2.2047277],[-54.1029105,2.2046741],[-54.1029078,2.2044195],[-54.10294,2.2042373],[-54.1029641,2.2040014],[-54.102987,2.2036913],[-54.1030151,2.203393],[-54.1029148,2.2031251],[-54.1029453,2.2029052],[-54.102999,2.2026586],[-54.103066,2.2024388],[-54.1031572,2.2022512],[-54.1031492,2.2020689],[-54.1031074,2.2018307],[-54.1030687,2.2016776],[-54.103117,2.2015222],[-54.1033262,2.2014364],[-54.1035837,2.2014337],[-54.1038358,2.2013051],[-54.1039646,2.2011496],[-54.103927,2.2009888],[-54.1037554,2.2008655],[-54.103522,2.2008146],[-54.1033364,2.2007898],[-54.1032994,2.2007235],[-54.1032001,2.2005814],[-54.1031733,2.2003188],[-54.1032699,2.2001499],[-54.1036052,2.2000105],[-54.1038385,2.1999033],[-54.1040987,2.1997747],[-54.1041631,2.1996567],[-54.1040692,2.1994932],[-54.1039458,2.1993083],[-54.10375,2.1991797],[-54.1035301,2.1990054],[-54.1033557,2.1988366],[-54.1032001,2.198598],[-54.1031975,2.1984399],[-54.1032052,2.1982641],[-54.1030929,2.1980942],[-54.1030097,2.1980352],[-54.1028327,2.1980164],[-54.1027066,2.1979334],[-54.10272,2.1976975],[-54.1027388,2.1974429],[-54.1028783,2.1972767],[-54.1029561,2.1970462],[-54.1030226,2.196791],[-54.1030526,2.1965289],[-54.1031009,2.1962662],[-54.1030419,2.1961296],[-54.1030473,2.1959955],[-54.1030526,2.1957302],[-54.1031304,2.1955721],[-54.1032618,2.1954488],[-54.1034871,2.1953603],[-54.1037071,2.1952933],[-54.1038841,2.1951861],[-54.104045,2.1950387],[-54.1040665,2.1949154],[-54.1040584,2.1947385],[-54.1040692,2.1946715],[-54.1041496,2.194634],[-54.1042274,2.1947385],[-54.1043454,2.1948832],[-54.1044635,2.1948913],[-54.1045332,2.1948404],[-54.1045493,2.1947037],[-54.1046083,2.1945723],[-54.10467,2.1943552],[-54.1046619,2.1942212],[-54.1045922,2.1941221],[-54.1045627,2.1939478],[-54.1045868,2.1938004],[-54.1047156,2.1937602],[-54.1048926,2.1937602],[-54.1050133,2.1938862],[-54.1050884,2.1940229],[-54.1051421,2.1941006],[-54.1052359,2.1940443],[-54.105362,2.1939184],[-54.105539,2.1939076],[-54.1057965,2.1940416],[-54.1059655,2.1941783],[-54.106054,2.1940952],[-54.1062015,2.1940765],[-54.1062927,2.1942614],[-54.1063491,2.1942641],[-54.1064188,2.1941998],[-54.1065019,2.1940926],[-54.1065851,2.1940738],[-54.1066307,2.1941006],[-54.1066977,2.1942185],[-54.1067939,2.1942702],[-54.1068426,2.1942159],[-54.106856,2.1941328],[-54.106907,2.1940658],[-54.1069874,2.1941086],[-54.1070498,2.1942359],[-54.1071537,2.1943177],[-54.1072181,2.1942855],[-54.1072108,2.1942143],[-54.1072664,2.1940845],[-54.1074595,2.1940497],[-54.1076955,2.1939907],[-54.1080844,2.1938781],[-54.1082829,2.1938942],[-54.1084734,2.193921],[-54.1086693,2.1940187],[-54.1088221,2.1940818],[-54.1089535,2.1940952],[-54.1090742,2.1940122],[-54.1092566,2.1939773],[-54.1095033,2.1940524],[-54.1098359,2.1941569],[-54.1100344,2.1941623],[-54.1102624,2.1940229],[-54.1103831,2.1938808],[-54.1105413,2.1938245],[-54.110882,2.1938674],[-54.1110885,2.193972],[-54.1111743,2.1939264],[-54.1112012,2.1938165],[-54.1112548,2.1935351],[-54.1113004,2.1933367],[-54.1114399,2.1931304],[-54.1115472,2.1929213],[-54.1114962,2.1927685],[-54.1114479,2.1926479],[-54.1114452,2.1925715],[-54.1115861,2.1925434],[-54.1117399,2.1924997],[-54.1117859,2.1924764],[-54.111861,2.1923906],[-54.1119039,2.1922499],[-54.1119844,2.192144],[-54.1120259,2.1921065],[-54.1121587,2.1921534],[-54.1122365,2.1921869],[-54.1124001,2.1922378],[-54.1125101,2.1922298],[-54.1136205,2.1918385],[-54.1139182,2.1916509],[-54.1141382,2.191616],[-54.1144922,2.1917179],[-54.1146559,2.1917902],[-54.1165495,2.1913668],[-54.1314314,2.1565438],[-54.1198124,2.1379889],[-54.1152229,2.1176706],[-54.115942,2.1185294],[-54.1169593,2.1194409],[-54.1176433,2.1198615],[-54.1184677,2.1202997],[-54.1186782,2.1206502],[-54.1186255,2.1212812],[-54.1188886,2.1215091],[-54.1217651,2.1215091],[-54.1222386,2.1215967],[-54.1226596,2.1219823],[-54.1232208,2.1228061],[-54.1240101,2.1235948],[-54.1247818,2.1232267],[-54.1253256,2.1232969],[-54.1256237,2.1235773],[-54.1262727,2.1238928],[-54.1269041,2.1236299],[-54.1272023,2.1232618],[-54.1277635,2.1220699],[-54.1284125,2.1214565],[-54.1309908,2.1203172],[-54.1322185,2.1210884],[-54.1329727,2.1214214],[-54.1346214,2.1217369],[-54.1352177,2.121772],[-54.136007,2.1211761],[-54.1364806,2.12051],[-54.1368313,2.1196862],[-54.1379012,2.1190552],[-54.1388484,2.1185645],[-54.1392868,2.1181263],[-54.1406725,2.1176881],[-54.142023,2.1176881],[-54.1430227,2.1166891],[-54.1436191,2.1165313],[-54.1438997,2.117583],[-54.1437945,2.1200718],[-54.1470568,2.1218246],[-54.1486528,2.1206853],[-54.1500034,2.1195811],[-54.1505822,2.119511],[-54.1512136,2.1192305],[-54.151617,2.1191604],[-54.1523186,2.1196337],[-54.1526869,2.1203172],[-54.1527044,2.1212462],[-54.1530377,2.1217369],[-54.1544934,2.1218246],[-54.1557387,2.1223504],[-54.1562298,2.1225257],[-54.1562474,2.1227886],[-54.1555809,2.1233319],[-54.154967,2.1242959],[-54.1542303,2.1251898],[-54.1542479,2.1263115],[-54.1539497,2.1264693],[-54.1530377,2.1264868],[-54.1523712,2.1269951],[-54.151845,2.1276086],[-54.1515117,2.1289582],[-54.1516521,2.1299046],[-54.1519327,2.1302376],[-54.1532131,2.1322533],[-54.1538269,2.1321832],[-54.154739,2.1320605],[-54.1554932,2.1320955],[-54.1557036,2.1322708],[-54.1561246,2.1328842],[-54.1566157,2.1336554],[-54.1565631,2.1347772],[-54.1566157,2.1368103],[-54.1570016,2.1369856],[-54.1576505,2.1370557],[-54.1600534,2.1371083],[-54.1613513,2.1370206],[-54.163,2.1372836],[-54.1639997,2.1378094],[-54.1650696,2.1384579],[-54.1662272,2.1393868],[-54.1675602,2.1413148],[-54.1676128,2.1419282],[-54.168139,2.1433304],[-54.168367,2.1449604],[-54.1684547,2.1458368],[-54.1679636,2.1466255],[-54.1669113,2.1475895],[-54.1671568,2.1487988],[-54.1672445,2.149903],[-54.1669639,2.1523217],[-54.167227,2.1527424],[-54.1680513,2.1529001],[-54.1693317,2.1525671],[-54.1696299,2.1518485],[-54.1699456,2.1509196],[-54.1707524,2.1501133],[-54.1712786,2.1495875],[-54.1718749,2.1494999],[-54.1728571,2.1499556],[-54.1737867,2.1502185],[-54.1744532,2.1501133],[-54.1747163,2.1500082],[-54.1751898,2.1496051],[-54.1757862,2.1498504],[-54.1764351,2.1504464],[-54.1775927,2.1511474],[-54.1785048,2.1511825],[-54.1796273,2.151498],[-54.1808024,2.1515506],[-54.1814514,2.1520063],[-54.1819074,2.1527249],[-54.1817495,2.1538816],[-54.1816794,2.1547755],[-54.1822757,2.1551261],[-54.1829071,2.1554415],[-54.1833105,2.1555818],[-54.1835035,2.1599459],[-54.183179,2.1603666],[-54.1831176,2.1606645],[-54.1842577,2.1617863],[-54.1855556,2.1634338],[-54.185994,2.1640647],[-54.1860116,2.1651689],[-54.1858186,2.1657648],[-54.1851346,2.1666938],[-54.1846611,2.1672897],[-54.1846611,2.167833],[-54.1846786,2.1687444],[-54.1847838,2.1698135],[-54.1849768,2.1709352],[-54.1851522,2.1718116],[-54.185082,2.1727054],[-54.1847663,2.1735818],[-54.1839069,2.1743004],[-54.1840998,2.1747736],[-54.1843804,2.1754922],[-54.1841875,2.1760355],[-54.1835035,2.177017],[-54.1835385,2.177683],[-54.18417,2.1782263],[-54.1844857,2.1782964],[-54.1855029,2.1781738],[-54.1862396,2.1784367],[-54.1869412,2.1790851],[-54.1872393,2.1792955],[-54.1875726,2.1795058],[-54.1881163,2.1794006],[-54.1885109,2.1790347],[-54.1890371,2.1788135],[-54.1896334,2.1785593],[-54.1900018,2.1782526],[-54.1902298,2.1778232],[-54.1904052,2.1771484],[-54.1905718,2.1756587],[-54.1904052,2.1747736],[-54.1903789,2.1737132],[-54.1905279,2.1729333],[-54.1905543,2.1720131],[-54.1905543,2.1706548],[-54.1907647,2.1703218],[-54.1912997,2.1698836],[-54.1919399,2.1696207],[-54.1924485,2.1695156],[-54.1929396,2.1695506],[-54.1936587,2.1697522],[-54.1938516,2.1695243],[-54.1942375,2.1690511],[-54.1952373,2.1682186],[-54.1964036,2.167316],[-54.1971666,2.1673247],[-54.1979208,2.1675876],[-54.1990696,2.1676402],[-54.1998413,2.1674825],[-54.2002272,2.1669391],[-54.2009551,2.166387],[-54.2013848,2.1662556],[-54.201832,2.1660453],[-54.202025,2.1656947],[-54.2022179,2.1647132],[-54.2039017,2.1625224],[-54.2051119,2.1624698],[-54.206287,2.1618739],[-54.2074622,2.1608223],[-54.2081287,2.1606295],[-54.2086198,2.1610852],[-54.2089705,2.1617863],[-54.2090933,2.1623471],[-54.2093389,2.1625574],[-54.2114787,2.1626276],[-54.2128467,2.1627327],[-54.2132326,2.1633286],[-54.213636,2.1642575],[-54.2142148,2.1647132],[-54.215653,2.1644679],[-54.2167931,2.1643101],[-54.2171439,2.1640472],[-54.2177577,2.1615935],[-54.2181787,2.1611202],[-54.2187575,2.1609625],[-54.2193188,2.160647],[-54.2200203,2.1605419],[-54.2212481,2.1615584],[-54.2226161,2.1615584],[-54.223458,2.1611728],[-54.2255277,2.1590346],[-54.2266853,2.1591047],[-54.227913,2.1589995],[-54.22879,2.1594903],[-54.2295968,2.1612429],[-54.2305439,2.1617688],[-54.2321926,2.1617337],[-54.232789,2.1611378],[-54.2325785,2.1587892],[-54.2325785,2.1575974],[-54.2335607,2.1569313],[-54.2370335,2.1566159],[-54.2398748,2.1568262],[-54.2416638,2.1561602],[-54.2441193,2.1546178],[-54.2452769,2.1556343],[-54.2469256,2.154127],[-54.2483989,2.1540569],[-54.2507397,2.1525722],[-54.2510109,2.1526174],[-54.2526229,2.1536411],[-54.2536323,2.1548605],[-54.2540842,2.1554176],[-54.2546115,2.1554326],[-54.2554552,2.1548605],[-54.2568562,2.1541831],[-54.2579861,2.1536863],[-54.2583929,2.1531594],[-54.2590708,2.1516389],[-54.2594324,2.1509313],[-54.2600651,2.1505248],[-54.2606225,2.1500732],[-54.2609841,2.1492],[-54.2624454,2.1477548],[-54.2629576,2.1478451],[-54.2639218,2.1478752],[-54.2645546,2.1476343],[-54.2655338,2.1465805],[-54.2656845,2.1451654],[-54.2660008,2.1446535],[-54.2668746,2.14369],[-54.2674622,2.1434943],[-54.2684263,2.1438857],[-54.2694206,2.1441266],[-54.2707012,2.1440061],[-54.2710025,2.1441567],[-54.2713942,2.1450299],[-54.2721625,2.1457374],[-54.2731267,2.1457073],[-54.2737594,2.1455116],[-54.2747989,2.1455718],[-54.2769985,2.1456622],[-54.2790021,2.1457224],[-54.2804785,2.1457675],[-54.281518,2.1465504],[-54.2820604,2.1470472],[-54.2882221,2.1470321],[-54.2888849,2.1473784],[-54.2895026,2.1478752],[-54.2904818,2.1487333],[-54.2918829,2.1495011],[-54.293992,2.1504646],[-54.2955739,2.1507205],[-54.2970654,2.1513679],[-54.3001688,2.1522561],[-54.3030914,2.15334],[-54.3043419,2.1545745],[-54.3055297,2.1547065],[-54.3062366,2.154574],[-54.3071939,2.153794],[-54.3080628,2.153485],[-54.3090348,2.1537057],[-54.3100363,2.1545004],[-54.3106695,2.1552804],[-54.3112586,2.156708],[-54.3120392,2.1571936],[-54.3132321,2.1574733],[-54.3151172,2.157488],[-54.3160892,2.1571201],[-54.3168256,2.1573702],[-54.3180774,2.1583857],[-54.3192409,2.1591216],[-54.3203455,2.1589891],[-54.3207431,2.1586212],[-54.3213322,2.1577382],[-54.3221569,2.1557661],[-54.3233351,2.1539559],[-54.3243808,2.1538087],[-54.3256326,2.1542502],[-54.3265163,2.1546329],[-54.3277386,2.154265],[-54.3288432,2.1537057],[-54.3296385,2.1535438],[-54.3304338,2.1536027],[-54.3311701,2.1541178],[-54.3316267,2.1544416],[-54.3350729,2.1537204],[-54.3357798,2.1544416],[-54.3377091,2.1577676],[-54.3381068,2.1584004],[-54.3382982,2.1590038],[-54.338254,2.1596661],[-54.3384308,2.1600782],[-54.3386517,2.1601223],[-54.3402864,2.1602989],[-54.3411848,2.160608],[-54.3417592,2.1612114],[-54.3421715,2.1621238],[-54.3420979,2.162845],[-54.3418034,2.1633453],[-54.341067,2.1640076],[-54.3402128,2.1649642],[-54.3401981,2.166171],[-54.3399772,2.1666125],[-54.3393881,2.1678929],[-54.3388431,2.1684374],[-54.3388579,2.1688936],[-54.3393881,2.1694234],[-54.340581,2.1702476],[-54.3412437,2.1704536],[-54.3423188,2.1705272],[-54.3428048,2.1703064],[-54.3435265,2.1701446],[-54.3442334,2.1703653],[-54.3447783,2.1708657],[-54.345279,2.1715427],[-54.3463394,2.1720725],[-54.3472672,2.1727789],[-54.3481362,2.1734853],[-54.3493733,2.1735],[-54.349874,2.1732204],[-54.3502127,2.1726906],[-54.3502864,2.1715574],[-54.3504778,2.1706008],[-54.350684,2.1703064],[-54.3512878,2.1698944],[-54.3520242,2.1696883],[-54.3534528,2.1704389],[-54.3538651,2.171263],[-54.3543659,2.17194],[-54.3575028,2.1746479],[-54.3583276,2.1749128],[-54.3592996,2.1745596],[-54.3602274,2.174486],[-54.3611699,2.1749275],[-54.3618032,2.1756928],[-54.3631582,2.1801373],[-54.3628047,2.1812852],[-54.3617443,2.1827274],[-54.3617443,2.1833014],[-54.361818,2.1840667],[-54.36279,2.1853912],[-54.3639387,2.186333],[-54.3641302,2.1869659],[-54.3639093,2.1871572],[-54.3635263,2.1873191],[-54.3624954,2.1875398],[-54.3612583,2.1875251],[-54.3610816,2.1876281],[-54.3607134,2.188776],[-54.3606545,2.1895854],[-54.3608459,2.1904096],[-54.3613172,2.191116],[-54.3620536,2.1921167],[-54.3622892,2.193294],[-54.3621861,2.1944419],[-54.3613909,2.1948834],[-54.3597708,2.195428],[-54.3590345,2.1959136],[-54.358033,2.1963257],[-54.3576501,2.1968555],[-54.357547,2.1976649],[-54.3577237,2.1991365],[-54.3574881,2.1999018],[-54.3567517,2.2005052],[-54.3559712,2.2010497],[-54.3541597,2.20233],[-54.353983,2.2027863],[-54.3541155,2.2030953],[-54.3544101,2.2036398],[-54.3558239,2.2056265],[-54.3564572,2.2063035],[-54.357223,2.2065684],[-54.3579299,2.2065684],[-54.3585779,2.2063182],[-54.3588872,2.2064801],[-54.3594321,2.2069952],[-54.3598592,2.2078046],[-54.3599623,2.2088789],[-54.3602274,2.2095706],[-54.3608018,2.2103505],[-54.3614792,2.2109981],[-54.3616265,2.2113218],[-54.361435,2.2119105],[-54.3606839,2.212558],[-54.3605072,2.213132],[-54.3605072,2.2151923],[-54.3599918,2.2170465],[-54.3600507,2.2180325],[-54.3599328,2.2184887],[-54.3593585,2.2189449],[-54.3590934,2.2198427],[-54.359329,2.2214026],[-54.3592407,2.2221237],[-54.3591228,2.224287],[-54.3600065,2.2244194],[-54.361818,2.2241987],[-54.3625101,2.224596],[-54.3630109,2.2257292],[-54.3635853,2.2263178],[-54.3640124,2.2267594],[-54.3645867,2.2264797],[-54.3649107,2.2257292],[-54.3651611,2.2253319],[-54.3664424,2.2241987],[-54.3667811,2.2240515],[-54.3678857,2.2237572],[-54.3684306,2.2236984],[-54.3689313,2.2247138],[-54.3692406,2.2258028],[-54.3695499,2.2262001],[-54.373379,2.2274069],[-54.3775027,2.2262001],[-54.3783274,2.2251111],[-54.3784158,2.2244342],[-54.3794173,2.2230508],[-54.3802715,2.2226093],[-54.3813024,2.2222267],[-54.3840417,2.2209317],[-54.3847192,2.2201959],[-54.3849253,2.2194012],[-54.3851315,2.2177529],[-54.3861624,2.2167228],[-54.3869872,2.215987],[-54.3895498,2.2152217],[-54.3901388,2.2142872],[-54.3900505,2.2131614],[-54.391317,2.2110717],[-54.392672,2.2090114],[-54.3944013,2.2071842],[-54.3962661,2.2050442],[-54.3979607,2.2034553],[-54.3997917,2.202482],[-54.4007387,2.20222],[-54.401977,2.2023656],[-54.4032299,2.2022491],[-54.4045557,2.2018415],[-54.4057649,2.2013756],[-54.4080813,2.2007496],[-54.4090428,2.200342],[-54.4092613,2.20008],[-54.4096256,2.1994394],[-54.410252,2.1984058],[-54.4107182,2.1981292],[-54.4114466,2.1983476],[-54.4122188,2.1988426],[-54.4130638,2.1992211],[-54.4137193,2.1993521],[-54.4143458,2.1991046],[-54.4152053,2.1990609],[-54.4158901,2.1992502],[-54.4160795,2.199454],[-54.4169244,2.2007933],[-54.4179588,2.2019871],[-54.4187601,2.2026567],[-54.41927,2.2032536],[-54.4189786,2.2040252],[-54.4183813,2.2046657],[-54.4170119,2.2050151],[-54.4161232,2.2056265],[-54.4157881,2.2062671],[-54.4155404,2.2069076],[-54.4156424,2.2072424],[-54.4161377,2.2078975],[-54.4169099,2.2086545],[-54.4174926,2.209135],[-54.4177986,2.2093388],[-54.417988,2.2100375],[-54.4184104,2.2107654],[-54.4189203,2.2110711],[-54.4193574,2.2111148],[-54.420115,2.2112458],[-54.4207997,2.2116389],[-54.4212076,2.2124396],[-54.4217175,2.2131529],[-54.4221983,2.2136479],[-54.4228539,2.2141283],[-54.4234658,2.2143758],[-54.426161,2.2143903],[-54.4270933,2.2143903],[-54.4281277,2.2141574],[-54.4287979,2.2140409],[-54.4296137,2.2143903],[-54.4303713,2.2144922],[-54.4311726,2.2141137],[-54.4330956,2.2129345],[-54.4346982,2.2113914],[-54.4361987,2.2101758],[-54.4368398,2.2096008],[-54.4381072,2.2085963],[-54.4384153,2.2081174],[-54.4390251,2.2071697],[-54.4395932,2.2065728],[-54.4404965,2.2058158],[-54.4417785,2.2048695],[-54.4432791,2.2041707],[-54.4441823,2.2040252],[-54.4458723,2.2041271],[-54.4470378,2.203996],[-54.4485821,2.2037194],[-54.4492522,2.2038068],[-54.4498787,2.2042581],[-54.4512481,2.2051898],[-54.4526759,2.2060487],[-54.4528507,2.2064709],[-54.4528798,2.2074171],[-54.4531858,2.2078539],[-54.4538705,2.2081596],[-54.4545406,2.2085963],[-54.4551671,2.2090039],[-54.4560995,2.2092951],[-54.4573233,2.209135],[-54.4582702,2.2085818],[-54.4592172,2.2080286],[-54.4604992,2.2076937],[-54.4613588,2.2080286],[-54.4622766,2.2088292],[-54.4648844,2.2088438],[-54.465875,2.2098774],[-54.4672299,2.2112895],[-54.4679629,2.2116347],[-54.4686405,2.2116347],[-54.470788,2.2116577],[-54.471167,2.2117495],[-54.4719594,2.2125069],[-54.4728092,2.2136774],[-54.4730963,2.2140675],[-54.4735786,2.21432],[-54.4739346,2.2141938],[-54.4747041,2.2137806],[-54.4755539,2.2132298],[-54.4766219,2.2123577],[-54.4769205,2.2124265],[-54.4771617,2.2127479],[-54.4773454,2.2133561],[-54.4777474,2.2142052],[-54.4781952,2.2155594],[-54.4781378,2.2169135],[-54.4774603,2.2199315],[-54.4771961,2.2223643],[-54.4768172,2.2230988],[-54.4766908,2.2236611],[-54.4765645,2.2269775],[-54.4766334,2.2272414],[-54.4768172,2.227448],[-54.477288,2.2275053],[-54.4778048,2.2276545],[-54.4787924,2.2281135],[-54.479849,2.2285037],[-54.4811467,2.2285611],[-54.482341,2.228584],[-54.482743,2.2288135],[-54.4831219,2.2293529],[-54.4838569,2.2310627],[-54.4844541,2.2322332],[-54.4854532,2.2336217],[-54.4857059,2.233725],[-54.4861308,2.2335988],[-54.4880142,2.2330365],[-54.4889559,2.2329447],[-54.49069,2.2328299],[-54.4915929,2.2323252],[-54.4922288,2.2319693],[-54.4922656,2.2319251],[-54.4929638,2.2310857],[-54.493561,2.231143],[-54.4940089,2.2316365],[-54.4940876,2.2317308],[-54.4944108,2.2321184],[-54.4952462,2.2327077],[-54.495387,2.232807],[-54.4961908,2.2334037],[-54.4969029,2.2340922],[-54.4971325,2.2343561],[-54.4971325,2.2346889],[-54.4967134,2.2351938],[-54.4962138,2.2358422],[-54.4961162,2.2363242],[-54.4961966,2.2366053],[-54.4964779,2.2372135],[-54.4971268,2.2381258],[-54.4981776,2.2394627],[-54.4987288,2.2404037],[-54.4986197,2.2406733],[-54.4985393,2.2409545],[-54.498235,2.2417405],[-54.497856,2.2423889],[-54.4973967,2.2431577],[-54.4968799,2.2437659],[-54.4963344,2.2441676],[-54.4958406,2.2442708],[-54.4954788,2.2444946],[-54.4957085,2.2447987],[-54.4961162,2.2450569],[-54.4961449,2.2453839],[-54.4961219,2.2463593],[-54.4959612,2.2471052],[-54.4960875,2.247702],[-54.4963516,2.2481151],[-54.4974426,2.2490101],[-54.4986025,2.249756],[-54.4989241,2.2501806],[-54.4990159,2.2509839],[-54.4992112,2.2516609],[-54.499303,2.2519019],[-54.4996476,2.252074],[-54.5010257,2.2521429],[-54.5013128,2.2522117],[-54.501864,2.2528199],[-54.5026564,2.2536002],[-54.503334,2.2541625],[-54.5041493,2.2545641],[-54.5054815,2.2548281],[-54.5064691,2.2548396],[-54.50725,2.2545182],[-54.5079965,2.254151],[-54.5089152,2.253933],[-54.5096502,2.2535429],[-54.5100522,2.2533707],[-54.5103852,2.252315],[-54.5106149,2.2514773],[-54.5110398,2.2511445],[-54.511947,2.2511675],[-54.5128084,2.2513167],[-54.5133481,2.2513281],[-54.5142668,2.251397],[-54.5152085,2.2516839],[-54.5167474,2.2521544],[-54.5180451,2.2526019],[-54.5185504,2.2526019],[-54.5193428,2.2525216],[-54.5202386,2.2526707],[-54.52141,2.2524412],[-54.5228914,2.2519478],[-54.5232244,2.2520052],[-54.5235919,2.2525101],[-54.523902,2.2532215],[-54.5244073,2.2537035],[-54.5254294,2.2554248],[-54.5255213,2.2563543],[-54.525349,2.2575133],[-54.5254753,2.2579952],[-54.5258773,2.2591428],[-54.5262103,2.259728],[-54.5270831,2.2607263],[-54.5276229,2.2611968],[-54.5299541,2.2613345],[-54.5315619,2.2613919],[-54.5323773,2.2610476],[-54.5335142,2.2603936],[-54.5342377,2.260405],[-54.535145,2.2604968],[-54.5361441,2.2607722],[-54.5370169,2.2610362],[-54.5378437,2.2617591],[-54.5384753,2.2625853],[-54.5395319,2.263205],[-54.5402783,2.2635722],[-54.5408296,2.2636181],[-54.5411971,2.2637443],[-54.5411741,2.2642148],[-54.5410248,2.2646279],[-54.5409904,2.2655229],[-54.5411856,2.2660967],[-54.5419206,2.2664869],[-54.5441026,2.2669229],[-54.5457792,2.2680016],[-54.5489259,2.2697228],[-54.5490637,2.2700097],[-54.5487881,2.2718802],[-54.5486158,2.2722359],[-54.5468243,2.2722244],[-54.5460204,2.2722129],[-54.5453428,2.2717769],[-54.544516,2.2716048],[-54.5429771,2.2716162],[-54.5417598,2.2723506],[-54.5410708,2.2723736],[-54.5400372,2.27219],[-54.5382227,2.2722015],[-54.5368216,2.2724195],[-54.5356847,2.2725457],[-54.5346282,2.2733145],[-54.5340654,2.2736932],[-54.5331812,2.2737965],[-54.5323658,2.2738998],[-54.5316997,2.2743358],[-54.530781,2.2751276],[-54.5295637,2.2755522],[-54.528932,2.275862],[-54.5274047,2.2773193],[-54.5263883,2.2783382],[-54.5261988,2.2785013],[-54.525728,2.2786734],[-54.525016,2.2786275],[-54.5246485,2.278375],[-54.5241891,2.277916],[-54.5236149,2.2778472],[-54.5230866,2.277698],[-54.5225009,2.2771702],[-54.5219153,2.2769062],[-54.5205257,2.2767915],[-54.5198251,2.2766538],[-54.5185274,2.2766308],[-54.5175398,2.2767685],[-54.5168967,2.2771357],[-54.5158631,2.27748],[-54.5150248,2.2776865],[-54.5146114,2.2779619],[-54.5143587,2.2784324],[-54.5140027,2.2792127],[-54.5136467,2.2797406],[-54.5136926,2.2801766],[-54.5139568,2.2809454],[-54.5145425,2.2822077],[-54.5152085,2.2831946],[-54.5164603,2.2846289],[-54.5165751,2.2854781],[-54.5167359,2.2866141],[-54.5173561,2.2874518],[-54.5186882,2.2886681],[-54.5196988,2.2892189],[-54.5210769,2.2894828],[-54.5226502,2.2894599],[-54.5238905,2.2897123],[-54.5247174,2.2899303],[-54.5252571,2.2901828],[-54.5255442,2.2904008],[-54.5255442,2.2907451],[-54.5253146,2.2913188],[-54.5251653,2.2918237],[-54.525194,2.2949105],[-54.5250676,2.2958514],[-54.524614,2.2964768],[-54.5240341,2.2969587],[-54.5233048,2.2973202],[-54.5229086,2.2976013],[-54.5229603,2.2977849],[-54.5232474,2.2979628],[-54.5237183,2.2982037],[-54.5248954,2.2989611],[-54.5257222,2.2995865],[-54.5265204,2.3004127],[-54.5273587,2.3011987],[-54.5278353,2.3014454],[-54.5286622,2.3014569],[-54.5293857,2.30152],[-54.5298795,2.3017667],[-54.5302987,2.3021109],[-54.530913,2.3024035],[-54.5312576,2.3027134],[-54.5312748,2.3043485],[-54.5310623,2.3048419],[-54.5306202,2.3055476],[-54.5297244,2.3066607],[-54.5281511,2.308227],[-54.5280707,2.3084737],[-54.528042,2.3097474],[-54.528065,2.3102122],[-54.5283119,2.3105162],[-54.5297761,2.3114457],[-54.530402,2.3118703],[-54.5313782,2.3118989],[-54.5316538,2.3117842],[-54.5321533,2.3112506],[-54.5325495,2.310849],[-54.5334281,2.3108261],[-54.5338013,2.3109638],[-54.5339506,2.3112392],[-54.5333419,2.3129604],[-54.5329745,2.31428],[-54.532917,2.3157373],[-54.5328252,2.3164946],[-54.5326529,2.3171601],[-54.5328137,2.3174126],[-54.5338587,2.3180437],[-54.5344329,2.3184568],[-54.5351105,2.3191682],[-54.5355354,2.319719],[-54.5362618,2.3200323],[-54.5368764,2.3202516],[-54.537233,2.3203667],[-54.5373318,2.3206683],[-54.5371507,2.3211453],[-54.5367666,2.3220281],[-54.5365197,2.3226751],[-54.5364758,2.3242432],[-54.5364868,2.3251863],[-54.5367447,2.3253836],[-54.5373263,2.3254494],[-54.5382976,2.325433],[-54.5394664,2.3254823],[-54.5400481,2.3256468],[-54.5407286,2.3258716],[-54.5416834,2.3261677],[-54.5423967,2.326557],[-54.5429949,2.3267434],[-54.5437686,2.3267215],[-54.5448826,2.3267105],[-54.5452996,2.3265022],[-54.5462654,2.3259758],[-54.5479061,2.3253562],[-54.5487503,2.3249324],[-54.5490201,2.324797],[-54.5492286,2.3248134],[-54.5495304,2.3249176],[-54.5497554,2.3251424],[-54.5507102,2.3259594],[-54.551248,2.3262554],[-54.5517199,2.3262664],[-54.5525046,2.326069],[-54.5532564,2.3257949],[-54.5538052,2.3257729],[-54.5541893,2.3258881],[-54.5543045,2.32608],[-54.5542716,2.3267434],[-54.554332,2.3274672],[-54.5545076,2.3279442],[-54.5548642,2.3291175],[-54.5551661,2.3297371],[-54.5555721,2.3300332],[-54.5557697,2.330088],[-54.5573062,2.3300441],[-54.5574763,2.3299729],[-54.5580415,2.3290353],[-54.5583927,2.3285583],[-54.5589689,2.3282348],[-54.5602145,2.327204],[-54.561312,2.3266447],[-54.5623656,2.3264912],[-54.5636497,2.3260416],[-54.5644289,2.3258771],[-54.5657678,2.3260306],[-54.5663385,2.3259539],[-54.5671397,2.3257565],[-54.5676555,2.3257894],[-54.5680067,2.3259648],[-54.5686103,2.3264144],[-54.5692688,2.3267873],[-54.5700041,2.326864],[-54.5707943,2.3273136],[-54.5710906,2.3274672],[-54.5716943,2.3272807],[-54.5721443,2.3273137],[-54.5729015,2.327193],[-54.5735929,2.3268312],[-54.5743392,2.3268092],[-54.5755684,2.3269189],[-54.5761172,2.3266118],[-54.5770391,2.3260197],[-54.5774781,2.3248573],[-54.5785316,2.3242651],[-54.5801559,2.3235633],[-54.5812973,2.3235195],[-54.5825046,2.3239362],[-54.5832289,2.3238704],[-54.5842606,2.3235414],[-54.5848093,2.3229273],[-54.58538,2.3226861],[-54.5867628,2.3224229],[-54.587553,2.3222255],[-54.5880579,2.3225764],[-54.5887383,2.3230808],[-54.5918691,2.3247191],[-54.5924056,2.3249013],[-54.5947284,2.3249603],[-54.5959407,2.3255177],[-54.5971048,2.3259626],[-54.5973837,2.3263217],[-54.5974642,2.3266755],[-54.5973945,2.3272544],[-54.5968151,2.327978],[-54.5962197,2.3284497],[-54.595812,2.3285515],[-54.5956725,2.3286373],[-54.5956242,2.3289267],[-54.5956671,2.330524],[-54.5955813,2.3311457],[-54.5956296,2.3317568],[-54.5958012,2.3319926],[-54.5974159,2.3331986],[-54.5983172,2.3333701],[-54.599232,2.3326738],[-54.599588,2.3326107],[-54.6008168,2.3325706],[-54.6020887,2.3326021],[-54.6022552,2.3326681],[-54.6023442,2.332932],[-54.6022654,2.3341205],[-54.6026302,2.3348066],[-54.6026945,2.3355999],[-54.6023512,2.3364789],[-54.6017933,2.3372722],[-54.6011522,2.3376018],[-54.6007526,2.3376688],[-54.6002376,2.337851],[-54.5997226,2.3381137],[-54.5993149,2.3383442],[-54.5990574,2.3385371],[-54.5987554,2.338807],[-54.59819,2.3396269],[-54.5977291,2.3409318],[-54.597249,2.3416994],[-54.5968264,2.3417569],[-54.5952132,2.3412772],[-54.5939649,2.3411237],[-54.5930046,2.3411429],[-54.5924477,2.3415267],[-54.5922748,2.3421983],[-54.5922172,2.3431386],[-54.5925053,2.3444818],[-54.5930238,2.3455564],[-54.5936192,2.3464775],[-54.5937148,2.3468675],[-54.5936576,2.3477247],[-54.5931967,2.3486074],[-54.5919291,2.3495477],[-54.5905464,2.3504688],[-54.5892141,2.3518749],[-54.5876728,2.3509955],[-54.585733,2.3492781],[-54.5817266,2.3491101],[-54.579389,2.3499719],[-54.5762752,2.3522978],[-54.5745062,2.3537287],[-54.5722032,2.3542695],[-54.5689762,2.3539569],[-54.5629113,2.3529384],[-54.5557797,2.3507102],[-54.5524803,2.3497915],[-54.5489462,2.3485943],[-54.5487191,2.3485174],[-54.5460569,2.347276],[-54.543535,2.3454281],[-54.5380335,2.3429102],[-54.5344223,2.3419733],[-54.532428,2.3413196],[-54.5322475,2.340072],[-54.5327408,2.3388226],[-54.5340121,2.3361104],[-54.5333904,2.335113],[-54.5321491,2.334031],[-54.5295711,2.3328087],[-54.5260937,2.3322849],[-54.5236192,2.3343538],[-54.5207959,2.3370041],[-54.5203363,2.3369695],[-54.5200152,2.3371988],[-54.5198333,2.3371901],[-54.5199086,2.3369714],[-54.5197424,2.3368995],[-54.5191658,2.3371477],[-54.5181493,2.3371064],[-54.5170184,2.3369963],[-54.515968,2.3366665],[-54.5146376,2.3360715],[-54.513919,2.3361932],[-54.5131576,2.3361433],[-54.5122622,2.3359792],[-54.5115766,2.3362406],[-54.5108921,2.3362703],[-54.5106572,2.3367254],[-54.5102308,2.3368826],[-54.5098849,2.3366539],[-54.509354,2.3360357],[-54.5086462,2.3360534],[-54.5081962,2.3359817],[-54.5081332,2.3364815],[-54.5081252,2.3369023],[-54.5078248,2.3367523],[-54.5073956,2.3366665],[-54.507283,2.337031],[-54.5073473,2.3377921],[-54.5071327,2.3380253],[-54.5067626,2.3381084],[-54.5065195,2.3384184],[-54.5066994,2.3387132],[-54.5067685,2.3393139],[-54.5064222,2.3399091],[-54.5064634,2.3402347],[-54.5064081,2.3405979],[-54.5066729,2.3406381],[-54.5068591,2.340933],[-54.5070684,2.3413457],[-54.5070443,2.341913],[-54.5073312,2.3420087],[-54.5072292,2.3424251],[-54.507315,2.3425933],[-54.5074864,2.3425009],[-54.5074967,2.3421446],[-54.5076031,2.3420753],[-54.5077193,2.3422367],[-54.5076513,2.342699],[-54.5076548,2.343184],[-54.5077905,2.343232],[-54.5082336,2.3429744],[-54.5083903,2.3431773],[-54.5081565,2.3434868],[-54.5080107,2.3438698],[-54.5083521,2.3440999],[-54.5083805,2.3444421],[-54.5081263,2.344955],[-54.5082078,2.3452733],[-54.5086176,2.3456098],[-54.5085252,2.3459612],[-54.5081688,2.3459458],[-54.5081535,2.346183],[-54.5084124,2.3462606],[-54.5086621,2.3461587],[-54.5087215,2.34633],[-54.508433,2.3466383],[-54.5087608,2.3472775],[-54.5082301,2.347581],[-54.5080587,2.348174],[-54.5082463,2.3485573],[-54.5081978,2.3491229],[-54.5085085,2.3493429],[-54.5089904,2.3491075],[-54.5093536,2.3494943],[-54.5091893,2.3499356],[-54.509365,2.3500034],[-54.5093945,2.3503857],[-54.5097755,2.3504105],[-54.5099366,2.3509425],[-54.5096687,2.3509775],[-54.5096988,2.3513247],[-54.5095153,2.3513697],[-54.509606,2.3518317],[-54.5092114,2.3524057],[-54.5092183,2.3527632],[-54.5096328,2.3534315],[-54.5101508,2.3538463],[-54.5099958,2.3541613],[-54.5101794,2.3548664],[-54.510291,2.3555653],[-54.5106172,2.3558247],[-54.5110872,2.355861],[-54.5111753,2.3564567],[-54.5110969,2.3567811],[-54.5107978,2.3569461],[-54.5108325,2.3572868],[-54.5106874,2.3573895],[-54.5105474,2.3572838],[-54.5103139,2.3573072],[-54.5102361,2.3575717],[-54.5105095,2.3579292],[-54.5105091,2.3581189],[-54.510487,2.3585841],[-54.5107538,2.359075],[-54.5113672,2.3593881],[-54.5118187,2.3592445],[-54.5120284,2.3590333],[-54.5123639,2.359035],[-54.5123439,2.3593145],[-54.5121033,2.3595668],[-54.5121385,2.3600682],[-54.5117162,2.3604207],[-54.511825,2.3609983],[-54.5121162,2.3613374],[-54.5122595,2.3618792],[-54.5120683,2.3624984],[-54.5120001,2.3628278],[-54.5114706,2.3631571],[-54.5114202,2.3635585],[-54.5109222,2.3638788],[-54.510867,2.3642563],[-54.5111131,2.3644017],[-54.5111289,2.3646567],[-54.510831,2.3646823],[-54.5105158,2.3644486],[-54.5099987,2.3645139],[-54.5095712,2.3648039],[-54.5097445,2.3649545],[-54.5099779,2.3655041],[-54.5102918,2.3661877],[-54.5100423,2.3671018],[-54.5096601,2.3676821],[-54.5093637,2.3678765],[-54.5090634,2.3687029],[-54.5092142,2.3693201],[-54.5096547,2.3699481],[-54.5097309,2.3708395],[-54.5094758,2.371454],[-54.5091693,2.3716216],[-54.5090107,2.3720149],[-54.5089969,2.3725905],[-54.5090445,2.3729753],[-54.5088339,2.3730587],[-54.5085522,2.3733435],[-54.5085359,2.3735969],[-54.508632,2.3738999],[-54.5083844,2.3743024],[-54.5081037,2.3746677],[-54.5076925,2.3747874],[-54.507235,2.3748982],[-54.5070172,2.3751787],[-54.5069489,2.375511],[-54.5070872,2.3756664],[-54.5068975,2.3758111],[-54.5068583,2.3760684],[-54.5069708,2.376226],[-54.5072612,2.3762587],[-54.5074439,2.3763671],[-54.5075479,2.3765091],[-54.5074847,2.3766616],[-54.5073535,2.3768193],[-54.5073085,2.3769848],[-54.5074139,2.3772009],[-54.5077729,2.377935],[-54.5077604,2.3781948],[-54.5079375,2.3783932],[-54.507798,2.3786183],[-54.5079214,2.3789184],[-54.5074922,2.3793472],[-54.507452,2.3798082],[-54.5071006,2.3802262],[-54.5067198,2.3803141],[-54.5063309,2.3803173],[-54.5062639,2.3806528],[-54.5063658,2.3809915],[-54.5066312,2.3814214],[-54.5066956,2.3816224],[-54.5071489,2.3817189],[-54.5074144,2.3818475],[-54.5076371,2.3823272],[-54.5075995,2.3825229],[-54.5073662,2.3825416],[-54.5072079,2.3826005],[-54.5071274,2.3827748],[-54.5070282,2.3829838],[-54.5070684,2.3831928],[-54.5070148,2.3833375],[-54.5068512,2.3837127],[-54.5066983,2.3839459],[-54.5063657,2.3839191],[-54.5062906,2.3839727],[-54.5062852,2.3841924],[-54.505891,2.3842692],[-54.5059045,2.3845389],[-54.5058887,2.3848425],[-54.5061145,2.3849351],[-54.5061584,2.3851096],[-54.5060531,2.3851907],[-54.505907,2.3851277],[-54.5056897,2.3850875],[-54.5056093,2.385318],[-54.505781,2.3855752],[-54.5057423,2.3859677],[-54.5057036,2.3864246],[-54.5054547,2.3868023],[-54.5055897,2.3868611],[-54.5055594,2.387075],[-54.50537,2.3873098],[-54.5053023,2.387608],[-54.5054948,2.3878063],[-54.5058084,2.3878063],[-54.5058003,2.38801],[-54.5055191,2.3883255],[-54.5051715,2.3886317],[-54.5051786,2.3888247],[-54.5054212,2.389023],[-54.5053039,2.3892106],[-54.5051137,2.3893164],[-54.5048835,2.3892814],[-54.5047821,2.3895948],[-54.5046436,2.3897392],[-54.5046348,2.3898994],[-54.5049176,2.3898552],[-54.5051399,2.3899171],[-54.5051124,2.3901158],[-54.5048965,2.3903418],[-54.5044647,2.3905578],[-54.5044487,2.3907542],[-54.5046399,2.3908131],[-54.5046226,2.3909471],[-54.5043771,2.391049],[-54.5041189,2.3913391],[-54.504158,2.3915277],[-54.5040702,2.3916757],[-54.5039181,2.3917593],[-54.5040528,2.3919242],[-54.5039468,2.392072],[-54.503681,2.3921209],[-54.5034697,2.3925229],[-54.5034919,2.3927266],[-54.5037258,2.3926868],[-54.5039754,2.3925567],[-54.5039729,2.3927107],[-54.5037963,2.3929543],[-54.5034215,2.3932058],[-54.5033794,2.393527],[-54.5031656,2.3937946],[-54.5027395,2.3940931],[-54.5023809,2.3940683],[-54.502168,2.3941689],[-54.5021713,2.3943271],[-54.5023604,2.3943863],[-54.5023629,2.3945048],[-54.5021641,2.394538],[-54.5019465,2.3944743],[-54.5018094,2.3945285],[-54.5015889,2.3945082],[-54.5014053,2.3945962],[-54.5014458,2.3948366],[-54.501602,2.3951994],[-54.5016353,2.3956035],[-54.5015089,2.3959615],[-54.5012775,2.3961737],[-54.5008593,2.3964971],[-54.5006556,2.3969277],[-54.5005809,2.3975745],[-54.5005388,2.3983107],[-54.5007443,2.398722],[-54.5007062,2.3989451],[-54.5004165,2.3990818],[-54.5002905,2.3992533],[-54.5003951,2.3994141],[-54.5005801,2.3995856],[-54.5006043,2.399658],[-54.5005506,2.3998938],[-54.5002931,2.4000626],[-54.5002985,2.4003065],[-54.5002288,2.4003815],[-54.5000625,2.4005155],[-54.4999391,2.4008934],[-54.4998211,2.4010863],[-54.4997057,2.4014481],[-54.4996602,2.4016872],[-54.4996437,2.4018229],[-54.4995882,2.4018704],[-54.4995109,2.4018611],[-54.4994876,2.4018013],[-54.4994732,2.4016784],[-54.4994731,2.4015827],[-54.4994717,2.4014899],[-54.4994938,2.4013248],[-54.4994724,2.4011908],[-54.4994093,2.4011627],[-54.4993168,2.4011694],[-54.4992622,2.4013115],[-54.4991505,2.4015419],[-54.4990151,2.4016852],[-54.4989125,2.4018416],[-54.4990111,2.4019867],[-54.4989445,2.4021197],[-54.4986972,2.4023726],[-54.4986677,2.4025683],[-54.4987911,2.4027559],[-54.498657,2.402922],[-54.4984236,2.4030373],[-54.4983218,2.4030751],[-54.498163,2.4031039],[-54.4978232,2.4031839],[-54.4975974,2.4031889],[-54.4975174,2.4031436],[-54.4974044,2.4031043],[-54.4973263,2.4031669],[-54.4972783,2.4032624],[-54.4972113,2.4035009],[-54.4972193,2.4036938],[-54.4970879,2.4038546],[-54.4968921,2.4039189],[-54.4966292,2.4038948],[-54.4965193,2.4040315],[-54.4965783,2.4042673],[-54.4966132,2.4044602],[-54.4965864,2.4047175],[-54.4966292,2.4048783],[-54.4968001,2.4050579],[-54.4969247,2.4052588],[-54.4970829,2.405408],[-54.4970959,2.4054759],[-54.4969836,2.4055577],[-54.496862,2.405573],[-54.4968036,2.4056506],[-54.4968009,2.40576],[-54.4968128,2.4058135],[-54.496868,2.4059101],[-54.4968915,2.4060025],[-54.4968626,2.406095],[-54.496817,2.4061539],[-54.4966963,2.4061647],[-54.4966185,2.4062156],[-54.4966829,2.4063871],[-54.4967392,2.4065907],[-54.4968385,2.4067569],[-54.4967526,2.406856],[-54.4965085,2.4068185],[-54.4963664,2.4069284],[-54.4964576,2.4071481],[-54.4964979,2.4073071],[-54.4965085,2.4073491],[-54.4964907,2.407468],[-54.4964388,2.4075823],[-54.4963309,2.40773],[-54.4962457,2.4078208],[-54.4962001,2.4078744],[-54.4961981,2.4079627],[-54.4962189,2.4080941],[-54.4963181,2.4082362],[-54.4963369,2.4085256],[-54.4962752,2.408673],[-54.4961759,2.408673],[-54.4960472,2.4085819],[-54.4959319,2.408614],[-54.4959667,2.4087534],[-54.4960284,2.4088793],[-54.4960257,2.4089356],[-54.4959131,2.4090374],[-54.4957709,2.4091634],[-54.4957253,2.4093135],[-54.4957548,2.4094662],[-54.4956583,2.409568],[-54.4954732,2.4095922],[-54.4950306,2.4096243],[-54.4947597,2.4096672],[-54.494521,2.4097235],[-54.4943815,2.4097878],[-54.494336,2.4099405],[-54.4945344,2.4100986],[-54.4945827,2.41023],[-54.4945237,2.410364],[-54.4943628,2.4104256],[-54.4941026,2.4105328],[-54.494057,2.4105623],[-54.4936895,2.4106427],[-54.4934491,2.4106743],[-54.4933576,2.4106946],[-54.4932833,2.4107098],[-54.493224,2.4107114],[-54.4931422,2.410701],[-54.4929175,2.4106882],[-54.4927186,2.4106668],[-54.4925599,2.4106152],[-54.4924478,2.4105507],[-54.4923656,2.4104896],[-54.4922903,2.410411],[-54.4921982,2.4103157],[-54.4921569,2.4103054],[-54.4921074,2.4103441],[-54.49204,2.4104685],[-54.4919756,2.4106507],[-54.4917423,2.4107499],[-54.4912139,2.4108731],[-54.4909644,2.4109187],[-54.4907874,2.4108302],[-54.4906989,2.4108597],[-54.4907311,2.410975],[-54.4907874,2.4112376],[-54.4907042,2.4114332],[-54.4904119,2.4115618],[-54.4902402,2.4116503],[-54.4901088,2.4119424],[-54.489964,2.4122184],[-54.4897842,2.4124917],[-54.4896582,2.4126954],[-54.4897199,2.41295],[-54.4897199,2.4131563],[-54.4896314,2.4133814],[-54.4894141,2.4136521],[-54.489449,2.4137834],[-54.4895858,2.4138209],[-54.4897467,2.4137861],[-54.4897896,2.4138558],[-54.4896448,2.4139335],[-54.4891861,2.4140112],[-54.4891217,2.4142443],[-54.4893202,2.4145874],[-54.4892183,2.414783],[-54.4891325,2.4148312],[-54.4889286,2.4149786],[-54.4889233,2.4151073],[-54.4888616,2.4153431],[-54.4887087,2.4154235],[-54.4884458,2.4154637],[-54.4882447,2.415528],[-54.4883171,2.4156888],[-54.4884941,2.4157799],[-54.488596,2.4158576],[-54.4884834,2.4159675],[-54.4883144,2.4160077],[-54.4882849,2.4160184],[-54.4878048,2.4163962],[-54.4874775,2.4164954],[-54.487448,2.4166642],[-54.4872602,2.4167621],[-54.4871409,2.416811],[-54.4870639,2.4168746],[-54.487029,2.4169275],[-54.4869787,2.4169898],[-54.4869479,2.4170066],[-54.486909,2.4170133],[-54.4868634,2.4169939],[-54.4868444,2.4169625],[-54.4868409,2.4169232],[-54.4868841,2.4168431],[-54.4869613,2.4167427],[-54.4870045,2.4167058],[-54.4870075,2.4166676],[-54.4869921,2.4166294],[-54.4869572,2.416608],[-54.4869277,2.4165999],[-54.4868821,2.4166073],[-54.4868211,2.4166321],[-54.4867272,2.4166977],[-54.4867061,2.4167296],[-54.4866984,2.4167667],[-54.4866873,2.4168314],[-54.486672,2.4168596],[-54.4866459,2.4168791],[-54.4866105,2.416882],[-54.4865676,2.4168512],[-54.4865341,2.4167996],[-54.4864879,2.4167185],[-54.4863932,2.4165403],[-54.486346,2.4164646],[-54.4863156,2.4164311],[-54.4862853,2.416425],[-54.4862593,2.4164331],[-54.4862441,2.4164478],[-54.4862335,2.4164984],[-54.4862373,2.4165732],[-54.4862337,2.4166166],[-54.4862065,2.416691],[-54.4861673,2.4168076],[-54.4861367,2.4168593],[-54.4861017,2.416877],[-54.4860533,2.4168759],[-54.4859111,2.4168331],[-54.4856724,2.4167902],[-54.4854015,2.4166937],[-54.4852713,2.4167008],[-54.4851843,2.4167232],[-54.4851869,2.4167821],[-54.4852111,2.4168438],[-54.4854122,2.4170233],[-54.4854069,2.4171734],[-54.4852299,2.4172779],[-54.4848973,2.4173181],[-54.4846103,2.4173797],[-54.4844949,2.4174548],[-54.4845593,2.4175513],[-54.4846907,2.4176156],[-54.4847658,2.417696],[-54.4847524,2.4177871],[-54.4846585,2.4178487],[-54.484444,2.4178702],[-54.4842187,2.4179934],[-54.484055,2.4181328],[-54.4838002,2.4182909],[-54.4835401,2.4183847],[-54.483355,2.4183954],[-54.483093,2.4185923],[-54.4828963,2.4188965],[-54.4824404,2.4189876],[-54.4821131,2.4191699],[-54.4820219,2.4195772],[-54.4819844,2.4198559],[-54.4819093,2.4201989],[-54.48192,2.4203007],[-54.4820058,2.4203972],[-54.4821078,2.4203597],[-54.4823062,2.4202632],[-54.4825557,2.4202364],[-54.4827703,2.4203383],[-54.4829848,2.4207134],[-54.4829741,2.4210297],[-54.4828481,2.4211261],[-54.4825718,2.4210323],[-54.4821426,2.4210163],[-54.4818261,2.4209895],[-54.4816786,2.4209091],[-54.4814023,2.420767],[-54.4812334,2.4207402],[-54.4800666,2.4212708],[-54.4800317,2.4213486],[-54.4800532,2.4214263],[-54.4801819,2.4214343],[-54.4803455,2.4213325],[-54.4805896,2.4212333],[-54.4807345,2.4212467],[-54.4807667,2.4213646],[-54.4806728,2.4215415],[-54.4806245,2.4217103],[-54.4804886,2.4217991],[-54.4802678,2.4218738],[-54.4802302,2.4220051],[-54.480301,2.4220929],[-54.4804373,2.4221401],[-54.4807372,2.4219381],[-54.4809303,2.4220078],[-54.4809786,2.4221766],[-54.4809705,2.4223428],[-54.4808471,2.4224794],[-54.4806084,2.4225384],[-54.4804502,2.4226804],[-54.4804475,2.4227903],[-54.4805092,2.4228707],[-54.4807747,2.4228653],[-54.4810054,2.4229136],[-54.4810188,2.4229806],[-54.4809786,2.4233531],[-54.48089,2.4236184],[-54.480772,2.4237202],[-54.4805896,2.4236532],[-54.4804636,2.4236237],[-54.4803864,2.4236448],[-54.4803268,2.4236907],[-54.4803536,2.4238381],[-54.4805038,2.4239801],[-54.4804475,2.4241731],[-54.4802678,2.4244491],[-54.4801176,2.4244893],[-54.4798574,2.4245188],[-54.4797978,2.4245774],[-54.4797984,2.4246608],[-54.4800398,2.4249073],[-54.4800526,2.4249846],[-54.4800264,2.4250655],[-54.4798225,2.4252075],[-54.4794551,2.4254058],[-54.4791654,2.4255639],[-54.4789481,2.4256389],[-54.478806,2.4257488],[-54.479042,2.4259042],[-54.4790742,2.4259578],[-54.4789884,2.426065],[-54.4790366,2.4261829],[-54.4792727,2.4262687],[-54.4795784,2.4263759],[-54.4799405,2.4265099],[-54.4802195,2.426668],[-54.4803107,2.4268609],[-54.480257,2.4270056],[-54.4800854,2.4276113],[-54.4796777,2.4278846],[-54.4780791,2.428367],[-54.4774246,2.4286296],[-54.4767165,2.4288333],[-54.4762981,2.429112],[-54.4764376,2.429455],[-54.4771296,2.4298784],[-54.477033,2.4299588],[-54.4764215,2.4303232],[-54.4764483,2.4306877],[-54.4756383,2.4308002],[-54.4755256,2.4311968],[-54.475826,2.4313844],[-54.4765019,2.4319418],[-54.4769043,2.4324456],[-54.4766039,2.432853],[-54.4760674,2.433003],[-54.4755739,2.4329655],[-54.4751608,2.4330513],[-54.4749624,2.43333],[-54.4753486,2.4336194],[-54.4759709,2.4336944],[-54.4767594,2.4339945],[-54.4766736,2.4342357],[-54.476046,2.4344072],[-54.4755042,2.4345091],[-54.4755149,2.4348842],[-54.4757952,2.4352795],[-54.4758819,2.4354225],[-54.4756057,2.4356343],[-54.4753486,2.4358758],[-54.4748766,2.436342],[-54.4744795,2.4365939],[-54.4740236,2.4366797],[-54.4736266,2.4366476],[-54.4732993,2.4364948],[-54.4727469,2.4360392],[-54.4724411,2.4356051],[-54.4722582,2.4350518],[-54.4721957,2.4348656],[-54.4719941,2.4342749],[-54.4718939,2.4341589],[-54.4717719,2.4340162],[-54.4716337,2.4339141],[-54.4714384,2.4338529],[-54.4712716,2.4338364],[-54.4711486,2.4338981],[-54.4710825,2.433972],[-54.4710013,2.4340884],[-54.4709791,2.4342514],[-54.4710167,2.4345464],[-54.4710768,2.4348312],[-54.4711497,2.4350489],[-54.4711697,2.4352299],[-54.4711598,2.4353586],[-54.4711134,2.4354791],[-54.4710296,2.4355584],[-54.4709337,2.435589],[-54.4707642,2.4356142],[-54.4705662,2.4355703],[-54.4703171,2.4354909],[-54.4701059,2.4353872],[-54.4699415,2.4352814],[-54.4697521,2.4351351],[-54.4695282,2.4349217],[-54.4691643,2.4345359],[-54.4688569,2.4342542],[-54.468409,2.4334893],[-54.4681443,2.4332555],[-54.4679763,2.4331886],[-54.4678545,2.4332388],[-54.4677085,2.4336056],[-54.4676996,2.4339617],[-54.4677795,2.4342725],[-54.4680187,2.4346217],[-54.4683587,2.4349172],[-54.4685439,2.4350923],[-54.4686382,2.4353318],[-54.4686418,2.4354539],[-54.4686109,2.4355435],[-54.4685559,2.4356502],[-54.4684785,2.4357203],[-54.4683335,2.4357741],[-54.4681966,2.435771],[-54.4680403,2.4357371],[-54.467884,2.4356828],[-54.4676968,2.4355972],[-54.467538,2.4354872],[-54.4673891,2.4353653],[-54.4672483,2.4352353],[-54.4670486,2.4349974],[-54.4668611,2.4346985],[-54.4667458,2.4345288],[-54.466598,2.4343896],[-54.4664913,2.4343282],[-54.4663419,2.4342851],[-54.4661489,2.4342841],[-54.465995,2.4343495],[-54.4658777,2.4344474],[-54.465795,2.4346025],[-54.4657327,2.4347575],[-54.465669,2.4349722],[-54.465603,2.4351072],[-54.4654923,2.4352564],[-54.4653854,2.4353437],[-54.4652398,2.4353914],[-54.4651045,2.4353986],[-54.4649104,2.435354],[-54.464667,2.4352528],[-54.4644542,2.4351862],[-54.4642369,2.4351587],[-54.4640236,2.4351678],[-54.463857,2.4352171],[-54.4637229,2.4352867],[-54.4636194,2.4354056],[-54.4635567,2.4355675],[-54.4635093,2.4357847],[-54.4634833,2.4359348],[-54.4634248,2.4360628],[-54.4633072,2.4361482],[-54.463195,2.4361775],[-54.4631211,2.4361668],[-54.4630441,2.4361438],[-54.4629773,2.4360859],[-54.4629536,2.4359879],[-54.4629622,2.4359052],[-54.4630113,2.4357564],[-54.4630319,2.4356319],[-54.4630044,2.4355305],[-54.4629363,2.4354332],[-54.4628012,2.4353532],[-54.4625545,2.4352862],[-54.4623077,2.4352791],[-54.4620485,2.4353013],[-54.4616237,2.4354282],[-54.4614403,2.4354509],[-54.4612724,2.4354336],[-54.4611435,2.4353877],[-54.4610582,2.4352878],[-54.4610161,2.4351817],[-54.4610149,2.4349995],[-54.4611034,2.4345868],[-54.4611109,2.4344903],[-54.4610901,2.4343712],[-54.4610461,2.4342722],[-54.4609374,2.4341335],[-54.4606886,2.4339086],[-54.4603041,2.43374],[-54.4600681,2.4336668],[-54.4598352,2.4335896],[-54.4596911,2.4335123],[-54.4595531,2.4333889],[-54.4594327,2.4331975],[-54.4593278,2.433003],[-54.4592329,2.4328427],[-54.4591071,2.4327148],[-54.4589504,2.4326481],[-54.458766,2.432626],[-54.4586125,2.4326507],[-54.4584806,2.4327031],[-54.4582797,2.4328714],[-54.4580591,2.4331049],[-54.4578444,2.4333291],[-54.4576746,2.4335173],[-54.4575264,2.4337086],[-54.4573689,2.4339044],[-54.457233,2.4341125],[-54.4571262,2.4343198],[-54.4570489,2.4344965],[-54.4569901,2.4346609],[-54.4569731,2.4348155],[-54.4569747,2.4349421],[-54.4569886,2.4350686],[-54.4570673,2.4352355],[-54.4571305,2.4353948],[-54.4571341,2.4355024],[-54.4570977,2.4356008],[-54.4569924,2.4357159],[-54.4568334,2.4357686],[-54.4567172,2.4357797],[-54.4566331,2.4357789],[-54.4565437,2.4357136],[-54.456489,2.4355501],[-54.4564241,2.4353885],[-54.456334,2.4352365],[-54.4562594,2.4351005],[-54.4561463,2.4349366],[-54.4557879,2.434669],[-54.4555944,2.4345433],[-54.4554506,2.4344328],[-54.4552992,2.4342915],[-54.4552267,2.4342062],[-54.4551618,2.4340496],[-54.4551247,2.43389],[-54.4552232,2.4334266],[-54.4552268,2.4332645],[-54.4551773,2.4331183],[-54.4550774,2.4329705],[-54.4549209,2.4328369],[-54.4545561,2.4326118],[-54.4542661,2.4325669],[-54.4538491,2.43259],[-54.4532984,2.4324839],[-54.452865,2.4323583],[-54.4525005,2.4321295],[-54.4523308,2.4320396],[-54.4521345,2.4319815],[-54.4519845,2.4319906],[-54.4518699,2.4320439],[-54.4518015,2.4321682],[-54.451801,2.4324012],[-54.4518597,2.432537],[-54.4519361,2.4326551],[-54.4520938,2.4329441],[-54.4521755,2.4331327],[-54.4522253,2.4333567],[-54.4522259,2.4335167],[-54.452177,2.4336837],[-54.4521092,2.4338015],[-54.4519919,2.4338981],[-54.4517831,2.4339816],[-54.4515725,2.4340617],[-54.4514095,2.4341388],[-54.4512906,2.4342442],[-54.4511408,2.4343814],[-54.4510246,2.4345345],[-54.4509312,2.4347245],[-54.4508855,2.4348898],[-54.4508141,2.4350242],[-54.4507214,2.4351161],[-54.4505113,2.4352594],[-54.4503906,2.4352648],[-54.4503182,2.4352272],[-54.4502651,2.4351073],[-54.4502634,2.434984],[-54.4503102,2.4348172],[-54.450288,2.434682],[-54.4502056,2.434568],[-54.4500956,2.434434],[-54.4497469,2.4343483],[-54.449417,2.434351],[-54.4490415,2.4343376],[-54.448666,2.4343697],[-54.4483334,2.4346698],[-54.4481349,2.4350289],[-54.4479311,2.4351308],[-54.4476575,2.435104],[-54.4470298,2.4347556],[-54.4466221,2.4344126],[-54.4465685,2.4341393],[-54.4466597,2.4335497],[-54.4465953,2.4332013],[-54.446311,2.4329333],[-54.4458443,2.4328154],[-54.4454688,2.4329441],[-54.4451898,2.4331531],[-54.4449806,2.4335443],[-54.444648,2.4338445],[-54.444117,2.4339517],[-54.443543,2.4337694],[-54.4427329,2.4332871],[-54.4419015,2.4328422],[-54.4414508,2.4324456],[-54.4411182,2.4319472],[-54.4407106,2.4313791],[-54.4399005,2.4309128],[-54.4387955,2.4305001],[-54.437905,2.4302857],[-54.4372451,2.4302857],[-54.4370306,2.4306448],[-54.4368696,2.4311164],[-54.4364566,2.4317971],[-54.4360167,2.4326734],[-54.4352308,2.4334425],[-54.4342799,2.4344573],[-54.4336483,2.4353371],[-54.4330743,2.4358704],[-54.4318069,2.4365028],[-54.431414,2.4369959],[-54.4308964,2.4374381],[-54.4305128,2.4375292],[-54.4302901,2.4374836],[-54.4300917,2.4372639],[-54.4300461,2.4369209],[-54.4301185,2.4365618],[-54.4302204,2.4361946],[-54.4301614,2.4359642],[-54.4299656,2.4357632],[-54.4296867,2.4357042],[-54.4293608,2.4358328],[-54.4290818,2.436018],[-54.4286594,2.4363474],[-54.4284422,2.4366314],[-54.428367,2.4370629],[-54.4285146,2.437355],[-54.4288123,2.4377141],[-54.4289598,2.4379338],[-54.4288257,2.4381348],[-54.4285774,2.4381839],[-54.4281739,2.4381268],[-54.4273371,2.4377409],[-54.4264546,2.4375292],[-54.4260281,2.4375881],[-54.4256204,2.4378374],[-54.4252691,2.4380625],[-54.4246763,2.4381589],[-54.4243249,2.4380169],[-54.4240326,2.437773],[-54.4236597,2.4373121],[-54.4230831,2.4371433],[-54.4226137,2.4372424],[-54.4220826,2.4373684],[-54.4216642,2.4372478],[-54.4214872,2.4369637],[-54.4213315,2.4364921],[-54.4210929,2.4362],[-54.4206567,2.4361353],[-54.4202453,2.4361678],[-54.4198698,2.4363956],[-54.4194611,2.4368502],[-54.4187886,2.4379579],[-54.4178105,2.4391957],[-54.4164431,2.440515],[-54.4157516,2.4415824],[-54.4154682,2.4428404],[-54.4151961,2.4447938],[-54.4148509,2.4452334],[-54.4144842,2.4454371],[-54.4137338,2.4455588],[-54.4126936,2.4453805],[-54.4121495,2.4453449],[-54.4117825,2.4455828],[-54.4114499,2.44615],[-54.4112408,2.4470496],[-54.411273,2.4479072],[-54.4115666,2.4488713],[-54.4117588,2.4500904],[-54.4116131,2.4509505],[-54.4113407,2.4513401],[-54.4108967,2.4514189],[-54.4103587,2.4512214],[-54.4087551,2.4500182],[-54.4083156,2.4498748],[-54.4079353,2.4500288],[-54.4077443,2.450614],[-54.4077879,2.4518478],[-54.4077296,2.4522348],[-54.4067523,2.4531463],[-54.406089,2.4540847],[-54.4055598,2.4545944],[-54.4044732,2.4550737],[-54.4034323,2.4552609],[-54.4028951,2.4557538],[-54.4025905,2.4563265],[-54.4026943,2.4568099],[-54.4032579,2.4574543],[-54.4034694,2.4577961],[-54.4033503,2.4581808],[-54.4025701,2.4591539],[-54.4022663,2.4598009],[-54.4020721,2.4607408],[-54.4018029,2.4616111],[-54.4014267,2.4619785],[-54.4008949,2.4621637],[-54.4003375,2.4621175],[-54.3996835,2.461873],[-54.3991596,2.4618763],[-54.3987582,2.4621206],[-54.3984386,2.4626104],[-54.3983198,2.4631493],[-54.3984381,2.4636547],[-54.3986998,2.4638627],[-54.399139,2.4639264],[-54.3997248,2.4636339],[-54.4003372,2.4632844],[-54.400834,2.4632924],[-54.4011268,2.4636488],[-54.4010796,2.4641258],[-54.4008242,2.464651],[-54.4000361,2.4652644],[-54.3992158,2.4658725],[-54.3990067,2.4664175],[-54.3990932,2.4671561],[-54.3990207,2.4678112],[-54.3987013,2.4680751],[-54.3979018,2.4681473],[-54.397118,2.4683722],[-54.3960011,2.4688219],[-54.3954168,2.4689642],[-54.3949304,2.4688293],[-54.3947089,2.4684707],[-54.3947646,2.4673722],[-54.3947198,2.4670363],[-54.3942968,2.4670599],[-54.3939757,2.4673687],[-54.3932738,2.4684815],[-54.3927819,2.4688847],[-54.3922809,2.4689408],[-54.3920085,2.468753],[-54.3919119,2.4683309],[-54.3921058,2.46742],[-54.3920261,2.4671146],[-54.3918196,2.4669173],[-54.3915943,2.466864],[-54.3913416,2.4670389],[-54.391142,2.4674625],[-54.3910917,2.4683419],[-54.3908442,2.4688883],[-54.3904904,2.469123],[-54.3899874,2.4692539],[-54.389696,2.4695037],[-54.3897435,2.4697704],[-54.3902148,2.4701657],[-54.391041,2.4706678],[-54.3911806,2.4709663],[-54.3911537,2.4713174],[-54.3908961,2.471513],[-54.3904989,2.471529],[-54.3900158,2.4713788],[-54.3893927,2.471132],[-54.388019,2.47047],[-54.3875225,2.4704423],[-54.3872807,2.4705552],[-54.3870932,2.4708766],[-54.3869641,2.4714782],[-54.3870067,2.4727701],[-54.3871199,2.4735194],[-54.3873554,2.4742139],[-54.3872851,2.4746351],[-54.3869514,2.4747808],[-54.3864878,2.4746756],[-54.3861408,2.4744666],[-54.3855841,2.4743373],[-54.3851755,2.4743977],[-54.3849781,2.4745446],[-54.3849664,2.4748357],[-54.385282,2.4753786],[-54.385763,2.4758857],[-54.3863008,2.4762632],[-54.3873202,2.4769497],[-54.387684,2.4773934],[-54.387921,2.477931],[-54.3880406,2.4788987],[-54.3883099,2.479474],[-54.3889746,2.4804037],[-54.3890867,2.4809744],[-54.3888497,2.4813011],[-54.3884102,2.4814958],[-54.3869188,2.481888],[-54.3862111,2.4823047],[-54.3860298,2.4825896],[-54.3860842,2.4830685],[-54.3864364,2.4843239],[-54.3863677,2.4846528],[-54.3860255,2.4850192],[-54.3854959,2.4853764],[-54.3846008,2.4857784],[-54.3841358,2.4861365],[-54.3839559,2.4865093],[-54.3838334,2.4870683],[-54.3840083,2.4880341],[-54.3839604,2.4885686],[-54.3837517,2.489087],[-54.3833556,2.4891912],[-54.3829818,2.4890567],[-54.3827922,2.4888735],[-54.3826062,2.4885177],[-54.38231,2.4873412],[-54.3820619,2.486535],[-54.3818094,2.4860225],[-54.3814174,2.4854876],[-54.3807361,2.4852451],[-54.3797493,2.4854219],[-54.379206,2.4858413],[-54.3783375,2.486443],[-54.377545,2.4867558],[-54.377325,2.4871278],[-54.3774042,2.4877061],[-54.3770706,2.4881413],[-54.3764466,2.4883786],[-54.3754422,2.4886259],[-54.3746832,2.4889893],[-54.3739228,2.4897337],[-54.3728705,2.4908108],[-54.3726283,2.4912363],[-54.3726999,2.4916765],[-54.3730002,2.4918922],[-54.3735452,2.4920019],[-54.373976,2.4924158],[-54.3742426,2.4931171],[-54.374041,2.4947844],[-54.3741973,2.4953289],[-54.3747262,2.496522],[-54.3747382,2.4970715],[-54.37436,2.497606],[-54.3741602,2.4981671],[-54.373931,2.4993602],[-54.3736514,2.5003698],[-54.3729888,2.5027352],[-54.3727557,2.5038667],[-54.3724631,2.5049281],[-54.3719914,2.5058023],[-54.3714479,2.5063963],[-54.3709496,2.5072825],[-54.3707304,2.5081596],[-54.3701969,2.5087717],[-54.3694785,2.5090949],[-54.3682186,2.5092179],[-54.3668313,2.5096375],[-54.365989,2.5096991],[-54.3651844,2.5095463],[-54.3645697,2.5091681],[-54.3638138,2.5085003],[-54.3629695,2.5080549],[-54.3623413,2.5078461],[-54.3615238,2.5078541],[-54.3608357,2.5081076],[-54.3604785,2.5085406],[-54.3604307,2.5090296],[-54.3606978,2.5110564],[-54.3605967,2.5125059],[-54.3604805,2.5141021],[-54.3605852,2.5148916],[-54.3609149,2.5155],[-54.3617597,2.516241],[-54.3621217,2.5167087],[-54.3622296,2.5172843],[-54.3620078,2.5179723],[-54.3613712,2.5190782],[-54.3612006,2.5197205],[-54.3611084,2.5203022],[-54.3607759,2.5206993],[-54.3601447,2.5209905],[-54.3597865,2.5208993],[-54.3598318,2.5203028],[-54.3604381,2.5190622],[-54.3606798,2.5183852],[-54.3605714,2.5176387],[-54.3602203,2.5173263],[-54.3597122,2.5171519],[-54.3580543,2.5173761],[-54.3570275,2.517414],[-54.3562526,2.5172326],[-54.3553623,2.5167817],[-54.3546133,2.5168697],[-54.3538546,2.5175395],[-54.3529823,2.5184769],[-54.352361,2.5196032],[-54.3519663,2.5204339],[-54.351471,2.5220826],[-54.3512671,2.5226816],[-54.3505952,2.5233294],[-54.3496404,2.5239431],[-54.3485987,2.5245463],[-54.348385,2.5249227],[-54.3483483,2.5252658],[-54.3485058,2.5256126],[-54.3491526,2.5260911],[-54.3497566,2.5267402],[-54.351089,2.528163],[-54.351429,2.5288973],[-54.3514525,2.5292619],[-54.3512841,2.5296123],[-54.3506814,2.5300307],[-54.3499537,2.5304867],[-54.3495363,2.5309955],[-54.3489976,2.5323172],[-54.34848,2.5326654],[-54.3479431,2.5326106],[-54.3473407,2.5323358],[-54.3467951,2.5321201],[-54.3463057,2.5321824],[-54.345881,2.5330622],[-54.3457281,2.5341252],[-54.3454722,2.5349227],[-54.3444313,2.5359568],[-54.3441952,2.5368385],[-54.344242,2.5374739],[-54.3446346,2.5382383],[-54.3447407,2.5393453],[-54.3450033,2.5404319],[-54.3450154,2.5411262],[-54.3449062,2.5413964],[-54.3446616,2.5416315],[-54.3441188,2.5415906],[-54.3437752,2.5417044],[-54.3435681,2.5422582],[-54.3434506,2.5432479],[-54.3436021,2.5438111],[-54.3443851,2.5451938],[-54.3446179,2.5457048],[-54.3448019,2.5477532],[-54.3449823,2.548269],[-54.3453853,2.548614],[-54.3463964,2.5489982],[-54.3469754,2.5494812],[-54.3471617,2.550249],[-54.3468816,2.5509121],[-54.3464802,2.5514572],[-54.3457763,2.5517923],[-54.3444988,2.5518043],[-54.3435309,2.5519763],[-54.3428363,2.5523428],[-54.3426566,2.5529236],[-54.3426312,2.5538428],[-54.3427875,2.5546034],[-54.3431269,2.5551699],[-54.3435497,2.5553783],[-54.3440999,2.555351],[-54.3448271,2.555066],[-54.3453869,2.554853],[-54.3461142,2.5547726],[-54.3466249,2.5549899],[-54.3473635,2.5555969],[-54.3480281,2.5562765],[-54.3483827,2.5568644],[-54.3484233,2.5573146],[-54.3482718,2.5584337],[-54.3481472,2.5591026],[-54.3478195,2.5594763],[-54.3474682,2.559491],[-54.3471679,2.5592073],[-54.3471153,2.5585215],[-54.3468891,2.558072],[-54.3462532,2.5574754],[-54.3452459,2.5572766],[-54.3445927,2.5574529],[-54.3441876,2.5576983],[-54.3439995,2.5580392],[-54.3440578,2.5586951],[-54.3440013,2.5590603],[-54.3438375,2.5595189],[-54.3435206,2.5602406],[-54.3435272,2.5609153],[-54.3437116,2.5613564],[-54.3440002,2.5614597],[-54.3444912,2.5613395],[-54.3450248,2.5609267],[-54.345417,2.5608671],[-54.3458033,2.561036],[-54.3458624,2.5613173],[-54.3457339,2.5619872],[-54.3453304,2.562642],[-54.3446721,2.5630591],[-54.3442277,2.5632324],[-54.3434732,2.5632937],[-54.3427253,2.5638386],[-54.3422245,2.5648344],[-54.3416109,2.5654038],[-54.3411263,2.5653472],[-54.3405829,2.5647469],[-54.3402924,2.5639914],[-54.3400083,2.5636356],[-54.3394546,2.5632906],[-54.3390666,2.5634321],[-54.33791,2.5647378],[-54.3370953,2.5654051],[-54.3366081,2.5654494],[-54.335944,2.5652393],[-54.3354408,2.5651379],[-54.3348032,2.565306],[-54.3344029,2.5656918],[-54.3332611,2.5674595],[-54.3328285,2.5678103],[-54.3319427,2.5682203],[-54.3312129,2.5688662],[-54.3307346,2.5696713],[-54.3305876,2.5704234],[-54.3305799,2.5713101],[-54.3303384,2.5721385],[-54.3298375,2.5727856],[-54.3289173,2.5736024],[-54.327622,2.5752635],[-54.3275134,2.5758712],[-54.3277213,2.5764484],[-54.3280455,2.5767243],[-54.328922,2.5770421],[-54.3299266,2.57746],[-54.3301955,2.5777682],[-54.3300988,2.5781126],[-54.3296669,2.5783016],[-54.3294518,2.5787332],[-54.329474,2.5793186],[-54.3291672,2.5810804],[-54.3290257,2.5817997],[-54.3279019,2.5842244],[-54.3278199,2.5849599],[-54.3282328,2.5864642],[-54.3282015,2.5869754],[-54.3278665,2.5873353],[-54.3270573,2.5876185],[-54.3251722,2.5880785],[-54.3243576,2.5885134],[-54.3237928,2.5891026],[-54.3235813,2.5896028],[-54.3235685,2.5902703],[-54.3236997,2.5912507],[-54.3235755,2.5916369],[-54.3233204,2.5918308],[-54.3226586,2.5916432],[-54.3220986,2.5918574],[-54.3216839,2.5923138],[-54.321618,2.5927742],[-54.3219705,2.5934169],[-54.3226908,2.5940125],[-54.3227645,2.5943333],[-54.3226279,2.5946479],[-54.3224002,2.5947356],[-54.3220785,2.5947334],[-54.3215624,2.5941491],[-54.3211675,2.5940117],[-54.3208632,2.5943028],[-54.3208272,2.5947655],[-54.3210125,2.5952299],[-54.3216279,2.5958733],[-54.3221204,2.5965345],[-54.3223343,2.597052],[-54.3224718,2.5981864],[-54.3224132,2.599573],[-54.3221508,2.6017016],[-54.3221313,2.6029369],[-54.3220373,2.6039185],[-54.3217105,2.6047676],[-54.3210662,2.6056933],[-54.3201751,2.6064208],[-54.3188664,2.6066608],[-54.3180361,2.6068567],[-54.3175545,2.6072241],[-54.3173929,2.6076749],[-54.317478,2.608123],[-54.3179869,2.6085658],[-54.3188754,2.6087755],[-54.3201302,2.6088567],[-54.3208812,2.6090352],[-54.3214024,2.6093333],[-54.3216682,2.6098616],[-54.321664,2.6104097],[-54.3212057,2.6107803],[-54.3202226,2.6111557],[-54.3189854,2.6112802],[-54.31803,2.6109799],[-54.3167633,2.6103497],[-54.3160672,2.6101664],[-54.3156985,2.6102695],[-54.3155137,2.6105641],[-54.3156038,2.6109081],[-54.3162827,2.6115036],[-54.3167348,2.6121994],[-54.3167032,2.6130493],[-54.3162692,2.613433],[-54.3155194,2.6137073],[-54.3149085,2.6135491],[-54.3139212,2.6128527],[-54.3129166,2.6128624],[-54.3126024,2.613354],[-54.3126928,2.6141089],[-54.3124073,2.6147527],[-54.3123577,2.6156163],[-54.3126172,2.6164843],[-54.3126442,2.6174108],[-54.3129609,2.6176729],[-54.3134226,2.6175967],[-54.3140027,2.6172086],[-54.3147404,2.6172485],[-54.3155551,2.6175927],[-54.3164928,2.6184713],[-54.3170075,2.6196298],[-54.3171789,2.6204882],[-54.3170058,2.6215263],[-54.3169723,2.6228431],[-54.3171841,2.6240191],[-54.317288,2.6251314],[-54.3171773,2.6265146],[-54.3172276,2.6275482],[-54.3174898,2.6284245],[-54.3181298,2.6293341],[-54.3184655,2.6302782],[-54.3183458,2.6309968],[-54.3176937,2.6314155],[-54.3169653,2.6313453],[-54.3164484,2.6309984],[-54.3162217,2.6304077],[-54.31574,2.6300445],[-54.3148154,2.6301638],[-54.3127356,2.6310808],[-54.311941,2.6319905],[-54.3110721,2.6337183],[-54.310853,2.6345985],[-54.3105411,2.6362674],[-54.3100277,2.6375378],[-54.3092603,2.6382605],[-54.3079177,2.6391194],[-54.3075543,2.6398926],[-54.3076489,2.6413253],[-54.3076844,2.6421573],[-54.3069433,2.6435135],[-54.3060179,2.6444126],[-54.3048009,2.6454381],[-54.3023821,2.6464928],[-54.3018491,2.6469124],[-54.3015295,2.647492],[-54.3015788,2.6492094],[-54.3013724,2.6496292],[-54.3009604,2.6496506],[-54.3004367,2.6494011],[-54.299556,2.6491903],[-54.2984626,2.6495295],[-54.2968323,2.6506344],[-54.2957665,2.6515748],[-54.2951759,2.6525606],[-54.2945173,2.654092],[-54.29359,2.6552968],[-54.293297,2.6564342],[-54.293039,2.6570338],[-54.2927397,2.657369],[-54.2919736,2.6579938],[-54.2916833,2.6583754],[-54.2912462,2.6601745],[-54.2905382,2.6607236],[-54.2893826,2.6611749],[-54.2885627,2.6619703],[-54.2878879,2.6623322],[-54.2868866,2.6634946],[-54.286049,2.6638503],[-54.2852634,2.6637093],[-54.284511,2.6634738],[-54.2834979,2.6630111],[-54.2827893,2.6628159],[-54.2820771,2.6627807],[-54.281281,2.6630067],[-54.2808494,2.6634674],[-54.2806955,2.6640439],[-54.2805857,2.6652103],[-54.2803272,2.6661469],[-54.2798949,2.6668692],[-54.2793179,2.6674733],[-54.2791239,2.6687001],[-54.2786856,2.6694924],[-54.2780465,2.6706377],[-54.2775533,2.6709101],[-54.2767782,2.6711986],[-54.2760907,2.6720329],[-54.2754128,2.6731345],[-54.2747874,2.6746605],[-54.2743765,2.6757685],[-54.2742618,2.6765815],[-54.2744213,2.677241],[-54.2749997,2.6778929],[-54.2767988,2.6794254],[-54.2772324,2.680178],[-54.2775018,2.6813324],[-54.2777445,2.6824543],[-54.2777047,2.6834823],[-54.2771648,2.6843969],[-54.2765391,2.68541],[-54.2760823,2.6857316],[-54.2752186,2.6857288],[-54.2740372,2.6855722],[-54.2717789,2.6851124],[-54.2693482,2.6851325],[-54.2673715,2.6857185],[-54.2663735,2.6862287],[-54.2658921,2.6870573],[-54.2660546,2.6881277],[-54.2663341,2.6886379],[-54.266884,2.6890322],[-54.2678826,2.6894144],[-54.2688332,2.6893717],[-54.2701185,2.6897361],[-54.2710455,2.6901514],[-54.2718009,2.6907918],[-54.2728042,2.6923543],[-54.2731576,2.6931815],[-54.27296,2.6939919],[-54.2720463,2.6948313],[-54.271164,2.6964675],[-54.2699383,2.701008],[-54.2698224,2.7019894],[-54.2699803,2.7038603],[-54.269851,2.7044592],[-54.268606,2.7072873],[-54.2681075,2.7099389],[-54.2677169,2.7114451],[-54.2670003,2.7136016],[-54.2670275,2.7153053],[-54.2662739,2.7166312],[-54.2659911,2.7193748],[-54.2656649,2.7209252],[-54.2650408,2.7223083],[-54.2635759,2.7241765],[-54.2615299,2.72568],[-54.2570606,2.7297414],[-54.2561689,2.7302304],[-54.2555874,2.730241],[-54.2547001,2.7300265],[-54.2537344,2.7298978],[-54.2521127,2.7300048],[-54.2505298,2.7303261],[-54.2484554,2.7309927],[-54.2457674,2.731863],[-54.2449678,2.7323531],[-54.2445087,2.7329482],[-54.2444124,2.7335591],[-54.2446397,2.7352152],[-54.2450606,2.7359595],[-54.2458734,2.7367617],[-54.245901,2.7372764],[-54.2456053,2.7381295],[-54.2450637,2.7390196],[-54.2440324,2.7400166],[-54.2408437,2.7420963],[-54.23903,2.7442053],[-54.2370709,2.7451465],[-54.2357531,2.7462717],[-54.2350021,2.7473793],[-54.2349743,2.748199],[-54.2355781,2.7488932],[-54.2358143,2.7495322],[-54.2355711,2.7503505],[-54.2351047,2.7507761],[-54.232986,2.7507111],[-54.2320264,2.7504329],[-54.230333,2.7498208],[-54.2289868,2.7497164],[-54.2273644,2.7499305],[-54.2262768,2.750808],[-54.2245038,2.7525878],[-54.222808,2.7540528],[-54.2225679,2.7552522],[-54.2229257,2.7556238],[-54.2240079,2.7557671],[-54.2247501,2.7563775],[-54.2254905,2.757662],[-54.2257862,2.7590296],[-54.2258491,2.7603079],[-54.2254342,2.7617113],[-54.2248917,2.7626051],[-54.2237794,2.7633446],[-54.22266,2.763725],[-54.221909,2.7637029],[-54.2215831,2.7634048],[-54.2215158,2.7624884],[-54.2206815,2.7616515],[-54.2191883,2.7607616],[-54.2182566,2.7606129],[-54.2172683,2.7606413],[-54.2168219,2.7610288],[-54.2166094,2.7619549],[-54.2166732,2.7628705],[-54.2173798,2.7641727],[-54.2173178,2.7647813],[-54.2170308,2.7654659],[-54.2161434,2.7666362],[-54.2135663,2.7687406],[-54.2131093,2.7693917],[-54.2129845,2.7699595],[-54.2130934,2.7710159],[-54.2128711,2.7724719],[-54.2124575,2.7728982],[-54.2113548,2.7737688],[-54.2092181,2.775888],[-54.2083299,2.77728],[-54.2078991,2.7789312],[-54.2079414,2.7804618],[-54.2086091,2.7830849],[-54.2093841,2.7860352],[-54.2103298,2.788321],[-54.2103315,2.7892834],[-54.2101836,2.789892],[-54.2095358,2.7909712],[-54.208638,2.7929437],[-54.2080085,2.7933993],[-54.2054554,2.7938123],[-54.204228,2.7943077],[-54.2035031,2.795118],[-54.2030112,2.7967562],[-54.2028464,2.7982564],[-54.2024558,2.7991657],[-54.2019661,2.7995471],[-54.2012404,2.7998964],[-54.1996423,2.8021024],[-54.1981693,2.8034896],[-54.1979595,2.8041371],[-54.1980627,2.804631],[-54.2005561,2.8075974],[-54.2033123,2.8121299],[-54.203826,2.8131208],[-54.2039265,2.8139299],[-54.2033388,2.8151463],[-54.2034148,2.815704],[-54.2054355,2.8183316],[-54.2056257,2.8196997],[-54.2054302,2.8210723],[-54.2048308,2.8219176],[-54.2034026,2.8229858],[-54.2028105,2.8238944],[-54.2025737,2.8253207],[-54.2029377,2.8263733],[-54.2034568,2.8267856],[-54.2046534,2.8270298],[-54.2054876,2.8269099],[-54.2070296,2.8265601],[-54.2077368,2.8267143],[-54.207931,2.8273114],[-54.2076363,2.8292566],[-54.2077225,2.8307839],[-54.2074766,2.8317791],[-54.2071085,2.8321377],[-54.2065924,2.8320974],[-54.2055443,2.8314602],[-54.2045614,2.8311408],[-54.2039478,2.831182],[-54.201901,2.8328558],[-54.1992485,2.8346315],[-54.1974546,2.8349881],[-54.1963792,2.8346751],[-54.1958734,2.8341789],[-54.1958649,2.833347],[-54.1964113,2.8326202],[-54.1965562,2.8319823],[-54.1964451,2.8313874],[-54.1953382,2.8310228],[-54.1942273,2.8314813],[-54.1933035,2.8320228],[-54.1926433,2.8326748],[-54.1921729,2.8329093],[-54.1916043,2.8336643],[-54.1888298,2.8358692],[-54.186392,2.8373742],[-54.1856034,2.8384791],[-54.1856969,2.8400192],[-54.1863712,2.8419323],[-54.1862379,2.8425612],[-54.1848287,2.843906],[-54.1829897,2.8465932],[-54.1826088,2.8477482],[-54.1823655,2.8500037],[-54.1827433,2.8519067],[-54.183251,2.8532298],[-54.1832285,2.8542628],[-54.1826966,2.8550021],[-54.1800817,2.8564208],[-54.1795009,2.8573394],[-54.1793771,2.859001],[-54.1798632,2.8615181],[-54.1810466,2.8645902],[-54.181681,2.8654174],[-54.1828003,2.8661091],[-54.1839595,2.8661961],[-54.1851927,2.8659461],[-54.1863466,2.8660194],[-54.188975,2.8674126],[-54.1903279,2.869086],[-54.1909191,2.8703236],[-54.1912769,2.8714758],[-54.1919498,2.8746891],[-54.1929265,2.879772],[-54.1936608,2.8819653],[-54.1948128,2.8839961],[-54.1951231,2.8851402],[-54.1948851,2.8862217],[-54.1942857,2.8870061],[-54.1928118,2.8878054],[-54.1921475,2.8884772],[-54.192101,2.8896832],[-54.1928755,2.8907272],[-54.1932336,2.891693],[-54.1929966,2.8925103],[-54.1923856,2.8931794],[-54.191222,2.8935833],[-54.1908415,2.8942668],[-54.1914111,2.8954214],[-54.1915546,2.8973776],[-54.1906768,2.8990226],[-54.1897129,2.9002315],[-54.1875899,2.9020539],[-54.1860255,2.9037322],[-54.1856086,2.9046246],[-54.1856732,2.9052466],[-54.1862845,2.9063742],[-54.1864117,2.9075418],[-54.1860103,2.9098423],[-54.1849472,2.9125067],[-54.1848097,2.9140076],[-54.1850651,2.9161845],[-54.1856878,2.9171229],[-54.1872432,2.9181138],[-54.1916312,2.9194698],[-54.1924603,2.9203894],[-54.1923755,2.921085],[-54.1917382,2.9228471],[-54.1912496,2.9248108],[-54.1907905,2.92529],[-54.1891624,2.925472],[-54.1877586,2.9259547],[-54.1861954,2.927272],[-54.1852267,2.9276538],[-54.1842057,2.9275886],[-54.1830253,2.9268548],[-54.1800307,2.9276338],[-54.1789441,2.9285195],[-54.1778256,2.9304665],[-54.1759638,2.9347011],[-54.1746555,2.9360776],[-54.1741784,2.9371522],[-54.1729542,2.9383839],[-54.1720535,2.9412869],[-54.1721614,2.9423193],[-54.1729764,2.9429317],[-54.1757522,2.9436489],[-54.1777884,2.9448089],[-54.1792334,2.9464848],[-54.179672,2.9475762],[-54.1798806,2.9489217],[-54.1796448,2.9497749],[-54.1791869,2.9500741],[-54.1785328,2.9498629],[-54.1783758,2.9490568],[-54.178357,2.9481022],[-54.1776986,2.9472372],[-54.1764345,2.9464996],[-54.1748638,2.9463807],[-54.1736651,2.9469093],[-54.1725156,2.9479193],[-54.1719154,2.949232],[-54.172104,2.9509995],[-54.1724573,2.9516665],[-54.1736136,2.9520258],[-54.1751236,2.9529818],[-54.1755272,2.9539844],[-54.1759128,2.9574639],[-54.1754115,2.9584139],[-54.1743056,2.9593753],[-54.1742625,2.959996],[-54.1744234,2.9611687],[-54.1744972,2.9614796],[-54.1742539,2.9623541],[-54.1737193,2.9626151],[-54.1729468,2.9628382],[-54.1725811,2.9637216],[-54.1723876,2.9644311],[-54.1722423,2.9652264],[-54.1720183,2.9654655],[-54.1703139,2.9654973],[-54.1683466,2.9651312],[-54.1669587,2.9651722],[-54.1652769,2.9646304],[-54.1639438,2.9647154],[-54.1624406,2.9654167],[-54.1608139,2.9666922],[-54.1604302,2.9676755],[-54.160422,2.9683803],[-54.1619013,2.9693994],[-54.1622204,2.9704308],[-54.1624047,2.9719363],[-54.1629091,2.9725463],[-54.164864,2.9735567],[-54.1674404,2.9737141],[-54.1684472,2.9736002],[-54.1701544,2.9732124],[-54.1709496,2.9731729],[-54.1720547,2.9738438],[-54.1730281,2.9743272],[-54.1751796,2.9749773],[-54.1765962,2.9758678],[-54.1772923,2.976743],[-54.1774654,2.9776944],[-54.177912,2.9787583],[-54.1796348,2.9811602],[-54.1809887,2.9829204],[-54.1815232,2.9843281],[-54.1815037,2.9854722],[-54.1808816,2.9884374],[-54.1807832,2.9903716],[-54.1809834,2.9924117],[-54.181606,2.9941536],[-54.1824158,2.9953899],[-54.183923,2.9967547],[-54.1848601,2.9979062],[-54.1854127,2.9989632],[-54.185428,2.9996631],[-54.1852064,3.0001854],[-54.1847353,3.0005773],[-54.1832256,3.0013258],[-54.1823382,3.0015761],[-54.1816447,3.0013583],[-54.1806627,3.0006939],[-54.1795681,3.0003401],[-54.1784727,3.0004747],[-54.1775436,3.0008021],[-54.1764255,3.0021638],[-54.1760542,3.003265],[-54.1753098,3.0038957],[-54.1743646,3.004178],[-54.1734677,3.0042675],[-54.170696,3.0060245],[-54.1698718,3.0071174],[-54.1696508,3.0082109],[-54.1698955,3.0086645],[-54.1713848,3.0092359],[-54.1719281,3.0097456],[-54.1720477,3.010566],[-54.17187,3.0112516],[-54.1713718,3.0120333],[-54.1701424,3.0132285],[-54.1697896,3.0140515],[-54.1696295,3.0151004],[-54.1697856,3.0168267],[-54.170597,3.0199115],[-54.1714857,3.0218494],[-54.1727617,3.0239459],[-54.1730699,3.0246089],[-54.1731629,3.0253232],[-54.1738537,3.0260439],[-54.175272,3.027276],[-54.1762266,3.028537],[-54.1773782,3.0307368],[-54.177893,3.0332315],[-54.1781413,3.036211],[-54.1783846,3.0378006],[-54.1788632,3.0389097],[-54.1794838,3.0393707],[-54.181424,3.0403996],[-54.1820288,3.0411175],[-54.1822475,3.0421569],[-54.1819116,3.0448656],[-54.1821402,3.0466695],[-54.1830661,3.0489448],[-54.1842069,3.0510426],[-54.1859988,3.0526736],[-54.1873185,3.053585],[-54.1885118,3.053888],[-54.1902136,3.0538359],[-54.1914326,3.0540731],[-54.1921437,3.0556277],[-54.1926685,3.0590816],[-54.1924553,3.0619255],[-54.1931095,3.0629386],[-54.1945537,3.0638968],[-54.1948767,3.0646389],[-54.194322,3.0656522],[-54.1920586,3.0673268],[-54.1908243,3.0696981],[-54.1873552,3.0714406],[-54.1836968,3.0734351],[-54.1811572,3.073818],[-54.1788614,3.0730271],[-54.1772215,3.0717779],[-54.1758496,3.0716503],[-54.1749508,3.0720194],[-54.1745784,3.072326],[-54.174182,3.073],[-54.1741429,3.0758616],[-54.173546,3.0779201],[-54.1735477,3.0796254],[-54.1740501,3.0814623],[-54.1749337,3.0824759],[-54.1762582,3.0830848],[-54.1781668,3.0831842],[-54.1798323,3.0840399],[-54.1810843,3.086463],[-54.1815299,3.0891466],[-54.1809667,3.0914607],[-54.1799864,3.0930078],[-54.1790694,3.0955409],[-54.1765312,3.0981482],[-54.1755859,3.1009383],[-54.1747971,3.102703],[-54.1738927,3.1047688],[-54.1736352,3.1060361],[-54.1738084,3.1081151],[-54.1743765,3.1091307],[-54.1751745,3.1096444],[-54.1763806,3.1089812],[-54.1772755,3.1091159],[-54.1779998,3.1096175],[-54.179163,3.1120496],[-54.1794159,3.1150212],[-54.1795859,3.1170194],[-54.1787123,3.1212926],[-54.1791836,3.1230666],[-54.1806543,3.1246826],[-54.1833365,3.1254057],[-54.1845057,3.1267256],[-54.1845888,3.1285273],[-54.1842681,3.1295463],[-54.1830382,3.1320708],[-54.1826609,3.1347064],[-54.1835988,3.1354354],[-54.1846911,3.1355524],[-54.1859032,3.1354799],[-54.1869454,3.1344557],[-54.1878359,3.1327188],[-54.1891196,3.1323602],[-54.1900635,3.1333707],[-54.1920161,3.1351383],[-54.1948593,3.1350205],[-54.1955459,3.1339385],[-54.1957716,3.1325218],[-54.1960502,3.1281536],[-54.1966081,3.1261181],[-54.1979116,3.1241148],[-54.199124,3.1237881],[-54.1997784,3.1245487],[-54.2026725,3.1258289],[-54.2062748,3.1262038],[-54.2102766,3.1269002],[-54.2117679,3.1284107],[-54.2139781,3.132053],[-54.2145523,3.1349602],[-54.214375,3.1361453],[-54.2131627,3.1369809],[-54.2110491,3.1367559],[-54.207927,3.1377094],[-54.2043436,3.1400662],[-54.2008751,3.1423305],[-54.2005134,3.143055],[-54.2005992,3.1439495],[-54.2015058,3.1442173],[-54.2046118,3.1437621],[-54.207691,3.1427229],[-54.2096543,3.1428836],[-54.2111564,3.1439227],[-54.2132834,3.1484104],[-54.2140447,3.150779],[-54.2140865,3.1524881],[-54.2125082,3.1551389],[-54.211371,3.1552139],[-54.2095256,3.1538855],[-54.2077875,3.1541105],[-54.2053628,3.1559852],[-54.2020047,3.159049],[-54.2007387,3.1617271],[-54.2010927,3.1634304],[-54.2018116,3.1638589],[-54.2025519,3.1643838],[-54.2038936,3.1671054],[-54.2036398,3.1700661],[-54.2025519,3.1734144],[-54.2024875,3.1748987],[-54.2015495,3.1755124],[-54.1993454,3.1757564],[-54.1987573,3.1767122],[-54.1984079,3.1784102],[-54.1984737,3.1802427],[-54.1986114,3.181829],[-54.1988827,3.1830362],[-54.1984714,3.1837166],[-54.1974884,3.1839442],[-54.1968114,3.1846017],[-54.1958055,3.18667],[-54.1954343,3.1883381],[-54.1958892,3.1893971],[-54.1965082,3.1904337],[-54.1963927,3.1917964],[-54.1957549,3.1923636],[-54.1949771,3.1928196],[-54.1941673,3.193782],[-54.1946352,3.1957423],[-54.1939839,3.1969754],[-54.1902888,3.1996487],[-54.1890657,3.2010091],[-54.1889155,3.2027337],[-54.1894202,3.2051556],[-54.1891326,3.2058048],[-54.1882066,3.2071408],[-54.1874555,3.207812],[-54.1865659,3.2076238],[-54.1852756,3.2068091],[-54.1840275,3.2068131],[-54.181898,3.2072228],[-54.1785013,3.2071247],[-54.1763656,3.2061001],[-54.1751896,3.2062282],[-54.1739112,3.2076945],[-54.1735492,3.209388],[-54.1734103,3.2112824],[-54.1724659,3.2137608],[-54.1707041,3.2159794],[-54.16956,3.2164519],[-54.1684004,3.2164222],[-54.1675041,3.2169042],[-54.1669388,3.21909],[-54.1668288,3.2199202],[-54.1669975,3.2215851],[-54.1662167,3.2249453],[-54.1633415,3.2296238],[-54.1567713,3.2307171],[-54.1536643,3.2324751],[-54.1525994,3.2348517],[-54.1519439,3.2412001],[-54.1519215,3.2459078],[-54.1507705,3.2470805],[-54.1492597,3.2476487],[-54.1453757,3.2498678],[-54.1442141,3.2523618],[-54.1430228,3.2565081],[-54.1393773,3.26094],[-54.1376409,3.2643433],[-54.1364154,3.26592],[-54.1348825,3.2670262],[-54.1333666,3.267417],[-54.1312075,3.26801],[-54.1288825,3.2693321],[-54.1272106,3.270071],[-54.1256839,3.270405],[-54.1233363,3.2706682],[-54.1219499,3.271785],[-54.1214325,3.2734861],[-54.1208909,3.2775944],[-54.1202316,3.280397],[-54.1194292,3.2832359],[-54.118255,3.2846849],[-54.1156363,3.2857502],[-54.113536,3.2863968],[-54.1106097,3.2876095],[-54.1084139,3.2896162],[-54.1052406,3.2932992],[-54.1032732,3.2959146],[-54.1022598,3.2974565],[-54.1009451,3.2996331],[-54.1000248,3.3006021],[-54.0990047,3.3003282],[-54.0979709,3.299628],[-54.0971332,3.2980669],[-54.0962686,3.2975627],[-54.0956497,3.2970706],[-54.0949842,3.29634],[-54.094041,3.2954371],[-54.0935578,3.2951018],[-54.0934906,3.2947103],[-54.0935796,3.2942676],[-54.0932463,3.2941169],[-54.093059,3.2940933],[-54.0927309,3.2941622],[-54.0924871,3.2942717],[-54.092233,3.2943574],[-54.0919257,3.2942677],[-54.0916925,3.2941189],[-54.091529,3.2940702],[-54.0912931,3.2940828],[-54.0910714,3.2939342],[-54.0908884,3.2937371],[-54.0907604,3.2935575],[-54.090552,3.2935413],[-54.0904071,3.2934473],[-54.090223,3.2933103],[-54.0900888,3.2932334],[-54.089879,3.2931594],[-54.0896044,3.2930804],[-54.0893853,3.2931072],[-54.0892174,3.2930447],[-54.089113,3.2929113],[-54.0889364,3.2927602],[-54.0885988,3.2926764],[-54.0877647,3.2924953],[-54.0870939,3.2918809],[-54.086441,3.2921995],[-54.0862122,3.2930517],[-54.0855414,3.2940935],[-54.0846913,3.2940146],[-54.0840228,3.2942269],[-54.0836955,3.2939998],[-54.0835786,3.2933554],[-54.0834651,3.2931667],[-54.083259,3.2931129],[-54.082488,3.2929011],[-54.0815304,3.2924079],[-54.0810911,3.2923907],[-54.0801667,3.2930881],[-54.0798855,3.2934641],[-54.0797301,3.2937564],[-54.0798439,3.294004],[-54.0798759,3.294291],[-54.0798568,3.2945401],[-54.0795818,3.2950421],[-54.0791101,3.2954798],[-54.0784532,3.2957192],[-54.0782947,3.2962146],[-54.0781051,3.2965938],[-54.0778255,3.296742],[-54.0776037,3.2967835],[-54.0773061,3.2968229],[-54.0770148,3.2971489],[-54.0763618,3.2976277],[-54.075866,3.2980886],[-54.075244,3.2985131],[-54.0748174,3.2989255],[-54.0748729,3.2992577],[-54.0750294,3.2996642],[-54.0749232,3.3000001],[-54.0741991,3.3008708],[-54.0739266,3.3013836],[-54.0732836,3.3015546],[-54.0728073,3.301714],[-54.072588,3.3018487],[-54.0722578,3.3020297],[-54.0719227,3.3020817],[-54.0715513,3.3022012],[-54.0712206,3.302187],[-54.0709468,3.3022452],[-54.0708217,3.3024164],[-54.070587,3.3027739],[-54.0702291,3.3028214],[-54.0698623,3.3026615],[-54.0699475,3.302208],[-54.0696703,3.301699],[-54.069681,3.3009384],[-54.0694297,3.3002755],[-54.0689304,3.2973889],[-54.06874,3.2970887],[-54.0685965,3.2962457],[-54.0677096,3.295859],[-54.0675843,3.2945718],[-54.0678887,3.293678],[-54.068151,3.2928256],[-54.0680985,3.2925658],[-54.0679453,3.2918074],[-54.0677372,3.2912061],[-54.0674556,3.2903177],[-54.0670463,3.2895499],[-54.0659631,3.2883489],[-54.0655543,3.2879795],[-54.0649434,3.2876115],[-54.0648106,3.2876129],[-54.064256,3.2877125],[-54.063806,3.2876712],[-54.0633752,3.2875887],[-54.0630817,3.2872584],[-54.0631142,3.2868331],[-54.0632839,3.2864618],[-54.0639161,3.2858158],[-54.0647729,3.2849181],[-54.0669755,3.2844176],[-54.0687124,3.2827728],[-54.0695418,3.2815995],[-54.07021,3.281069],[-54.071063,3.280062],[-54.071013,3.279322],[-54.071201,3.27858],[-54.0717134,3.2778247],[-54.072055,3.277573],[-54.072981,3.277117],[-54.074215,3.276515],[-54.0747972,3.2765405],[-54.075691,3.276893],[-54.076143,3.276916],[-54.076903,3.276459],[-54.076948,3.275718],[-54.07635,3.274668],[-54.076254,3.274166],[-54.076395,3.273831],[-54.076632,3.273592],[-54.077202,3.273327],[-54.078082,3.273205],[-54.079033,3.27313],[-54.07984,3.272817],[-54.080243,3.272099],[-54.080716,3.271237],[-54.082448,3.27006],[-54.083136,3.269508],[-54.08373,3.269315],[-54.084348,3.269218],[-54.084609,3.268906],[-54.08463,3.268141],[-54.084746,3.267328],[-54.084887,3.266563],[-54.085242,3.26594],[-54.085168,3.265271],[-54.085001,3.265033],[-54.084429,3.264532],[-54.084117,3.26384],[-54.084615,3.263217],[-54.084487,3.260325],[-54.084318,3.259537],[-54.084244,3.258557],[-54.084433,3.258055],[-54.084979,3.257671],[-54.085881,3.257309],[-54.086737,3.257379],[-54.087428,3.257663],[-54.088144,3.258402],[-54.089002,3.258997],[-54.089548,3.258924],[-54.089999,3.258611],[-54.090283,3.257965],[-54.090375,3.2572],[-54.090158,3.256245],[-54.08963,3.254454],[-54.090531,3.253471],[-54.09098,3.252824],[-54.091098,3.252247],[-54.090858,3.251717],[-54.090602,3.251461],[-54.090409,3.250981],[-54.090408,3.250532],[-54.090183,3.250148],[-54.089545,3.250021],[-54.088204,3.250025],[-54.087503,3.250316],[-54.086675,3.250639],[-54.085876,3.25112],[-54.084841,3.251672],[-54.083963,3.252057],[-54.082631,3.252061],[-54.081679,3.251849],[-54.080844,3.250871],[-54.080172,3.248961],[-54.079665,3.246333],[-54.079016,3.24428],[-54.07875,3.242847],[-54.078795,3.241866],[-54.079267,3.240742],[-54.079978,3.239903],[-54.081901,3.238654],[-54.08228,3.23827],[-54.083887,3.235063],[-54.084454,3.233651],[-54.084547,3.232909],[-54.08433,3.232121],[-54.084377,3.231715],[-54.084542,3.231427],[-54.084851,3.231211],[-54.08535,3.231162],[-54.0854897,3.2312055]]]}}]}
