{"type":"FeatureCollection","features":[{"type":"Feature","properties":{"place":"essequibo","region":"area/essequibo","donors":"GY","rank":3,"whose_line":"OSM mappers: the area Venezuela claims (boundary=claim, claimed_by=VE), west of the Essequibo River","publisher":"OpenStreetMap contributors","source_url":"https://www.openstreetmap.org/relation/16782944","version_or_date":"snapshot 2026-10-04T06:57:51Z (Overpass attic query); relation 16782944 v36","feature_id":"relation 16782944","licence":"ODbL 1.0","notes":"Venezuela's claim, bounded by the Essequibo River in the east (a 2023 Venezuelan bill: 'Este: Río Esequibo'); no set of GADM units fits, as two Guyanese regions straddle the river. OSM's outline includes the river islands Wakenaam and Leguan; which bank the claim follows is not stated. Area 149,051 km² (the register gives 159,500).","input_sha256":"7f7544b823127e19cf6ff6cdf7883afab17dd2502ddefc3cba79c162c78d9883","operation":"assembled from the OSM element's member ways (outer minus inner)","crs":"WGS84 longitude/latitude, as in the source (no reprojection)","source_features":[{"id":"relation 16782944 v36","osm":"relation/16782944","version":36,"timestamp":"2025-11-14T07:53:46Z","name":"Guayana Esequiba","name:en":"Guayana Esequiba","boundary":"claim","admin_level":"4","claimed_by":"VE","disputed_by":"GY"}]},"geometry":{"type":"Polygon","coordinates":[[[-59.8177391,8.2967012],[-59.818047,8.2974682],[-59.8183763,8.2989373],[-59.818451,8.3006933],[-59.8181057,8.3038451],[-59.8180453,8.3080488],[-59.818996,8.309492],[-59.9914362,8.5499823],[-59.9862996,8.5514966],[-59.966506,8.5563068],[-59.914804,8.5688711],[-59.7707163,8.6038842],[-59.765252,8.603],[-59.7474517,8.602],[-59.7391686,8.601],[-59.7328221,8.6],[-59.7220041,8.598],[-59.7173196,8.597],[-59.7130995,8.596],[-59.7092329,8.595],[-59.6982263,8.592],[-59.6917109,8.59],[-59.6858664,8.588],[-59.6831437,8.587],[-59.6780269,8.585],[-59.6699256,8.582],[-59.6625744,8.579],[-59.6556817,8.576],[-59.6513804,8.574],[-59.6453772,8.571],[-59.6398215,8.568],[-59.6357039,8.566],[-59.6314027,8.564],[-59.6253996,8.561],[-59.6216539,8.559],[-59.6163641,8.556],[-59.6088579,8.552],[-59.6052907,8.55],[-59.5984902,8.546],[-59.5952959,8.544],[-59.5907386,8.541],[-59.5871154,8.539],[-59.5794309,8.535],[-59.5757771,8.533],[-59.5722922,8.531],[-59.567346,8.528],[-59.5642164,8.526],[-59.5597469,8.523],[-59.5535343,8.519],[-59.5461881,8.514],[-59.5419616,8.511],[-59.536662,8.507],[-59.5225311,8.498],[-59.5164391,8.494],[-59.5105007,8.49],[-59.5033198,8.485],[-59.5000439,8.483],[-59.4943331,8.48],[-59.4901595,8.478],[-59.4862141,8.476],[-59.4824692,8.474],[-59.4752243,8.47],[-59.4676744,8.466],[-59.4594789,8.462],[-59.4555337,8.46],[-59.4485515,8.457],[-59.4417739,8.454],[-59.4312194,8.449],[-59.421398,8.444],[-59.4176535,8.442],[-59.4105203,8.438],[-59.4053412,8.435],[-59.3983427,8.432],[-59.394043,8.43],[-59.3899878,8.428],[-59.3861462,8.426],[-59.3807316,8.423],[-59.3773256,8.421],[-59.3740647,8.419],[-59.368937,8.416],[-59.3671345,8.415],[-59.3612939,8.412],[-59.3558795,8.409],[-59.350826,8.406],[-59.3444951,8.402],[-59.3355105,8.396],[-59.3284799,8.391],[-59.3219309,8.387],[-59.3167857,8.384],[-59.3103666,8.38],[-59.3053135,8.377],[-59.2958109,8.371],[-59.2877898,8.367],[-59.2822421,8.364],[-59.277075,8.361],[-59.2722347,8.358],[-59.2671024,8.355],[-59.2589347,8.35],[-59.2515408,8.346],[-59.246374,8.343],[-59.2431137,8.341],[-59.2384678,8.338],[-59.2340844,8.335],[-59.2298796,8.332],[-59.2237852,8.328],[-59.2221128,8.327],[-59.2203091,8.326],[-59.2183285,8.325],[-59.2122,8.322],[-59.2006972,8.316],[-59.193302,8.312],[-59.1898191,8.31],[-59.1864883,8.308],[-59.1832959,8.306],[-59.1787415,8.303],[-59.1758471,8.301],[-59.171698,8.298],[-59.166959,8.295],[-59.1624046,8.292],[-59.1581026,8.289],[-59.1540263,8.286],[-59.1521587,8.285],[-59.1436598,8.281],[-59.1378213,8.278],[-59.1248843,8.271],[-59.1180287,8.267],[-59.1144641,8.265],[-59.1110595,8.263],[-59.1077999,8.261],[-59.1046725,8.259],[-59.1001986,8.256],[-59.0958969,8.253],[-59.091821,8.25],[-59.0876189,8.247],[-59.0823228,8.243],[-59.0803954,8.242],[-59.0759613,8.24],[-59.0717903,8.238],[-59.0659524,8.235],[-59.0623014,8.233],[-59.0588191,8.231],[-59.0554891,8.229],[-59.0522973,8.227],[-59.0492321,8.225],[-59.0448499,8.222],[-59.0420599,8.22],[-59.0380545,8.217],[-59.0354951,8.215],[-59.031809,8.212],[-59.0258777,8.207],[-59.0213653,8.203],[-59.0138909,8.198],[-59.0110502,8.196],[-59.0069748,8.193],[-59.000504,8.188],[-58.9930371,8.182],[-58.9894097,8.179],[-58.9848287,8.175],[-58.9739825,8.165],[-58.9671741,8.159],[-58.9628592,8.155],[-58.959783,8.152],[-58.9548533,8.147],[-58.9491663,8.141],[-58.9449351,8.137],[-58.9409196,8.133],[-58.9380518,8.13],[-58.9344063,8.126],[-58.9288118,8.12],[-58.9149056,8.104],[-58.912366,8.101],[-58.9091325,8.097],[-58.906816,8.094],[-58.9038649,8.09],[-58.9007299,8.086],[-58.8962109,8.081],[-58.8908963,8.076],[-58.8859124,8.071],[-58.8804109,8.066],[-58.8762207,8.062],[-58.8713064,8.057],[-58.8685166,8.054],[-58.865838,8.051],[-58.8582511,8.042],[-58.8542358,8.037],[-58.8506699,8.033],[-58.8472616,8.029],[-58.836807,8.016],[-58.8329094,8.012],[-58.8300815,8.009],[-58.8261384,8.005],[-58.8223935,8.001],[-58.8188462,7.997],[-58.815483,7.993],[-58.8119801,7.989],[-58.8094412,7.986],[-58.8062086,7.982],[-58.8031407,7.978],[-58.8002286,7.974],[-58.7960825,7.968],[-58.7924231,7.963],[-58.7915544,7.962],[-58.7870448,7.958],[-58.7827945,7.954],[-58.7787808,7.95],[-58.7740676,7.945],[-58.7703444,7.942],[-58.7667758,7.939],[-58.7598043,7.933],[-58.754223,7.928],[-58.7490239,7.923],[-58.7441791,7.918],[-58.7411166,7.915],[-58.7377149,7.913],[-58.7344581,7.911],[-58.7313334,7.909],[-58.7268706,7.906],[-58.7240319,7.904],[-58.7199594,7.901],[-58.7173588,7.899],[-58.7136156,7.896],[-58.7100474,7.893],[-58.7066404,7.89],[-58.7006327,7.885],[-58.6950381,7.88],[-58.6918744,7.877],[-58.6888436,7.874],[-58.6839499,7.869],[-58.681123,7.866],[-58.6784092,7.863],[-58.6758027,7.86],[-58.6732979,7.857],[-58.670074,7.853],[-58.6630713,7.844],[-58.6587038,7.838],[-58.6559758,7.834],[-58.6527601,7.829],[-58.6509296,7.826],[-58.6468028,7.819],[-58.644145,7.815],[-58.6410127,7.81],[-58.6375175,7.804],[-58.6362667,7.803],[-58.6268409,7.798],[-58.6247039,7.797],[-58.6219866,7.796],[-58.6168799,7.794],[-58.6098924,7.791],[-58.6035466,7.788],[-58.5917916,7.782],[-58.5862519,7.779],[-58.5809495,7.776],[-58.577549,7.774],[-58.5711695,7.77],[-58.5652764,7.766],[-58.5556495,7.759],[-58.5530053,7.757],[-58.5492015,7.754],[-58.5467666,7.752],[-58.5432548,7.749],[-58.5399,7.746],[-58.5366909,7.743],[-58.5336177,7.74],[-58.5306719,7.737],[-58.5278459,7.734],[-58.525133,7.731],[-58.5225272,7.728],[-58.5200232,7.725],[-58.5111849,7.714],[-58.5060574,7.707],[-58.5013401,7.7],[-58.4987852,7.696],[-58.4963613,7.692],[-58.494063,7.688],[-58.4913139,7.683],[-58.486948,7.677],[-58.4848895,7.674],[-58.4822671,7.67],[-58.4797786,7.666],[-58.476841,7.661],[-58.4746038,7.657],[-58.4724773,7.653],[-58.4700706,7.65],[-58.4662119,7.645],[-58.4633865,7.642],[-58.4606742,7.639],[-58.4572234,7.635],[-58.4539507,7.631],[-58.4493682,7.626],[-58.4450832,7.621],[-58.4402738,7.616],[-58.4366328,7.612],[-58.4331822,7.608],[-58.4278394,7.602],[-58.4236667,7.597],[-58.4205206,7.593],[-58.4175343,7.589],[-58.4153944,7.586],[-58.412668,7.582],[-58.4097088,7.578],[-58.406874,7.574],[-58.4028892,7.568],[-58.3985798,7.561],[-58.3945473,7.555],[-58.3893041,7.549],[-58.3851866,7.544],[-58.3805889,7.538],[-58.3763365,7.532],[-58.36907,7.525],[-58.3642297,7.52],[-58.3597097,7.515],[-58.3528219,7.507],[-58.3495928,7.503],[-58.3465284,7.499],[-58.3436195,7.495],[-58.3401897,7.49],[-58.3394334,7.489],[-58.3307705,7.478],[-58.3270141,7.473],[-58.3234942,7.468],[-58.3201961,7.463],[-58.3171071,7.458],[-58.3136611,7.452],[-58.3104841,7.446],[-58.3075294,7.44],[-58.3047903,7.435],[-58.3022329,7.43],[-58.2993933,7.424],[-58.2967564,7.418],[-58.2951257,7.414],[-58.293595,7.41],[-58.2921618,7.406],[-58.2901904,7.4],[-58.288992,7.396],[-58.2878845,7.392],[-58.2847092,7.38],[-58.283713,7.376],[-58.2828044,7.372],[-58.281982,7.368],[-58.2805602,7.3602194],[-58.2797892,7.356],[-58.2795706,7.3549903],[-58.2784904,7.35],[-58.2778635,7.3467833],[-58.2777109,7.346],[-58.277016,7.342],[-58.2769925,7.341846],[-58.2764051,7.338],[-58.2758772,7.334],[-58.2757077,7.3324774],[-58.2754318,7.33],[-58.2750683,7.326],[-58.2749697,7.3244937],[-58.2746756,7.32],[-58.274433,7.3145309],[-58.2744094,7.314],[-58.2743523,7.3111373],[-58.2743296,7.31],[-58.2743344,7.3089872],[-58.2743617,7.3032355],[-58.2743804,7.2992924],[-58.2743941,7.2964021],[-58.2744311,7.2885906],[-58.2744744,7.2794595],[-58.2745003,7.274],[-58.2745235,7.2731145],[-58.2747823,7.2632427],[-58.2748673,7.26],[-58.2751742,7.2544973],[-58.2752019,7.254],[-58.2755264,7.25],[-58.2759325,7.246],[-58.2761317,7.2443683],[-58.2764208,7.242],[-58.2772914,7.236],[-58.2777223,7.2334481],[-58.2779668,7.232],[-58.2787267,7.228],[-58.2795639,7.224],[-58.2782435,7.22],[-58.2763656,7.214],[-58.275833,7.2121514],[-58.2752133,7.21],[-58.2736531,7.204],[-58.2734511,7.2031313],[-58.272723,7.2],[-58.2714898,7.194],[-58.2707741,7.19],[-58.2698579,7.184],[-58.2693509,7.18],[-58.2687444,7.174],[-58.2684421,7.17],[-58.2681407,7.164],[-58.2680407,7.16],[-58.2680421,7.154],[-58.2682249,7.148],[-58.2684478,7.144],[-58.2597353,7.135],[-58.2569131,7.132],[-58.2505846,7.125],[-58.2471347,7.121],[-58.2436614,7.119],[-58.2403399,7.117],[-58.234099,7.113],[-58.2283242,7.109],[-58.2229501,7.105],[-58.2179266,7.101],[-58.2120804,7.096],[-58.2066595,7.091],[-58.2016161,7.086],[-58.1969121,7.081],[-58.1925164,7.076],[-58.1910943,7.0742713],[-58.1884031,7.071],[-58.1845509,7.066],[-58.1809415,7.061],[-58.1769089,7.055],[-58.1731807,7.049],[-58.1697377,7.043],[-58.3317029,6.9295854],[-58.3589236,6.9143758],[-58.3714324,6.9073864],[-58.3842586,6.9003299],[-58.3905571,6.8968235],[-58.4029905,6.8904354],[-58.4159946,6.8839696],[-58.4366161,6.8736135],[-58.4402788,6.8717666],[-58.4682085,6.8577474],[-58.4788515,6.8500778],[-58.4877779,6.8407038],[-58.5183861,6.7909282],[-58.5337871,6.7658809],[-58.5472585,6.7482314],[-58.5551549,6.7338263],[-58.5604764,6.721637],[-58.5646821,6.7131981],[-58.5767627,6.7015837],[-58.5859681,6.689074],[-58.5905063,6.6783754],[-58.5926245,6.6662866],[-58.592913,6.6604939],[-58.5940194,6.6261854],[-58.5938501,6.621032],[-58.5930075,6.5953897],[-58.5953185,6.5460296],[-58.5957673,6.536443],[-58.5957562,6.5357991],[-58.5957775,6.5331395],[-58.5961612,6.4852757],[-58.596654,6.4810075],[-58.5978985,6.4767221],[-58.6014094,6.4680671],[-58.602837,6.4575614],[-58.6045896,6.4446644],[-58.6070901,6.4208258],[-58.6065004,6.413974],[-58.6054371,6.4016201],[-58.60528,6.3793623],[-58.6039925,6.3652878],[-58.6019326,6.3514687],[-58.5984136,6.3382465],[-58.5929218,6.3285136],[-58.5866547,6.3190522],[-58.5819341,6.3131659],[-58.5786725,6.3071941],[-58.5787583,6.3001133],[-58.5811616,6.2926057],[-58.5802818,6.2870389],[-58.5713769,6.2655606],[-58.5696603,6.2584792],[-58.5714627,6.2506297],[-58.5755825,6.2448705],[-58.5779858,6.239538],[-58.5772134,6.2252036],[-58.5735227,6.2124048],[-58.5723854,6.1932486],[-58.572477,6.1897925],[-58.5728262,6.1819007],[-58.5721427,6.1550913],[-58.5721427,6.146937],[-58.5749025,6.1315747],[-58.5763356,6.1265822],[-58.5809385,6.1177358],[-58.5820261,6.1167828],[-58.582105,6.1156426],[-58.5810022,6.1137986],[-58.5809329,6.1132201],[-58.5815292,6.1063099],[-58.5818472,6.1057614],[-58.5861069,6.1033875],[-58.5866128,6.102561],[-58.5873145,6.0953423],[-58.5873909,6.0951638],[-58.5929356,6.0893675],[-58.59321,6.0888053],[-58.5932057,6.0881235],[-58.5909068,6.0834898],[-58.5888564,6.0779294],[-58.5872409,6.0716274],[-58.5878432,6.0675817],[-58.5902477,6.0643422],[-58.5922644,6.0631852],[-58.5937381,6.0629153],[-58.5937769,6.0597143],[-58.5928849,6.0564748],[-58.5907907,6.0491858],[-58.5892394,6.0449049],[-58.5875717,6.0390427],[-58.586098,6.033219],[-58.5841589,6.0279738],[-58.5830729,6.0244255],[-58.5822585,6.0205301],[-58.5812114,6.0177917],[-58.5793886,6.0158247],[-58.5786517,6.0125078],[-58.5796213,6.0086894],[-58.5802806,6.0047167],[-58.5801233,5.9984794],[-58.5812738,5.9886806],[-58.5828819,5.9790846],[-58.5849192,5.9677074],[-58.5847044,5.9562669],[-58.5849381,5.9448387],[-58.5818482,5.9339967],[-58.5762692,5.9223008],[-58.5739947,5.9076592],[-58.5743137,5.9034452],[-58.5749388,5.9001034],[-58.5761439,5.8966118],[-58.5815478,5.8891325],[-58.5868264,5.8837537],[-58.5906887,5.8773076],[-58.5927487,5.8700503],[-58.5932208,5.8618964],[-58.5912038,5.850754],[-58.5924912,5.8409348],[-58.5965682,5.8330793],[-58.6041642,5.8264618],[-58.6100007,5.8176668],[-58.6117173,5.8084875],[-58.6092282,5.7989238],[-58.6053658,5.7905553],[-58.6031342,5.7804789],[-58.6032201,5.7687798],[-58.6030484,5.7603255],[-58.6036921,5.7499923],[-58.6047221,5.7457223],[-58.6065245,5.7413242],[-58.6092711,5.7370115],[-58.6102152,5.7331685],[-58.6099577,5.7280017],[-58.6086489,5.723027],[-58.6063099,5.7181376],[-58.6048508,5.712928],[-58.6045933,5.7081453],[-58.6043787,5.7040459],[-58.6045075,5.6995193],[-58.6051512,5.6939679],[-58.6063528,5.6883737],[-58.6079407,5.6846584],[-58.6105156,5.6822243],[-58.6126185,5.6794058],[-58.6133909,5.6758399],[-58.6140561,5.6721032],[-58.6136484,5.6686654],[-58.6122537,5.6649073],[-58.609829,5.6622169],[-58.6062455,5.6604659],[-58.6030483,5.6579036],[-58.600173,5.653697],[-58.5981989,5.6483159],[-58.5987568,5.6425078],[-58.6007309,5.6373401],[-58.6025763,5.6334964],[-58.60425,5.6279871],[-58.6045504,5.6225631],[-58.60425,5.6180786],[-58.6050654,5.613765],[-58.6066533,5.6086825],[-58.6089707,5.6029594],[-58.6118889,5.5981758],[-58.6143351,5.5924525],[-58.6159659,5.5876689],[-58.6190129,5.5809204],[-58.6196137,5.574898],[-58.620987,5.5702851],[-58.6233903,5.563451],[-58.6262227,5.5567023],[-58.6276818,5.5509787],[-58.6285401,5.5452549],[-58.6279393,5.5401292],[-58.6255789,5.5322268],[-58.6263085,5.5234701],[-58.628068,5.5165928],[-58.6307365,5.5100664],[-58.63369,5.5010865],[-58.6384107,5.4932264],[-58.6439038,5.4868186],[-58.6497403,5.4826748],[-58.6548043,5.4764806],[-58.6587525,5.4687056],[-58.6637307,5.4561458],[-58.670168,5.4454227],[-58.6759186,5.4395271],[-58.6840296,5.4339305],[-58.6936856,5.4286328],[-58.7051869,5.4243605],[-58.7138558,5.4223098],[-58.7232972,5.4238479],[-58.7318803,5.4251296],[-58.7398924,5.4242456],[-58.7632774,5.4169387],[-58.7739802,5.4110308],[-58.7836361,5.4069292],[-58.7932063,5.4051348],[-58.8014031,5.405797],[-58.8093449,5.4091003],[-58.8155068,5.4104148],[-58.8224022,5.4086134],[-58.8265102,5.4065686],[-58.8299334,5.4040856],[-58.8330144,5.4017],[-58.841866,5.4017],[-58.8499351,5.4019921],[-58.8565278,5.4035753],[-58.8636303,5.4024004],[-58.8695527,5.3993243],[-58.8752443,5.3958208],[-58.8821698,5.3931718],[-58.8874913,5.3892411],[-58.8908387,5.3829177],[-58.893753,5.3697119],[-58.8972331,5.3611697],[-58.9020396,5.3521541],[-58.9055586,5.3445912],[-58.9073611,5.3359599],[-58.9071465,5.326773],[-58.9039493,5.3180988],[-58.9010236,5.3133862],[-58.9003015,5.3122232],[-58.8997328,5.3117639],[-58.8993144,5.3109733],[-58.8983488,5.3071169],[-58.89498,5.3038265],[-58.8897658,5.3019464],[-58.8817406,5.2992543],[-58.8735438,5.2948528],[-58.8689682,5.2866348],[-58.8679308,5.2819175],[-58.8678962,5.2776477],[-58.8659251,5.2734468],[-58.8621558,5.269177],[-58.8530267,5.2623934],[-58.8427742,5.2577242],[-58.8410803,5.2569528],[-58.8398982,5.2548542],[-58.8400698,5.2501533],[-58.8423443,5.2431874],[-58.8451767,5.2368198],[-58.8470221,5.231435],[-58.8481809,5.2231013],[-58.8478375,5.2178874],[-58.8483096,5.2117972],[-58.8475565,5.1970054],[-58.8485124,5.1903891],[-58.8486558,5.1844154],[-58.8481149,5.17792],[-58.8488751,5.1724087],[-58.848761,5.1697944],[-58.8478611,5.1678489],[-58.8468892,5.1657478],[-58.8450631,5.1627925],[-58.8419581,5.1612362],[-58.8387823,5.1609584],[-58.8362074,5.1600181],[-58.8342977,5.158458],[-58.8320875,5.1567484],[-58.8285685,5.1557012],[-58.8253498,5.1536282],[-58.8223458,5.1500165],[-58.8216591,5.1462125],[-58.8214231,5.1431991],[-58.8215304,5.1388607],[-58.822614,5.13433],[-58.8225174,5.1318722],[-58.8220024,5.1292862],[-58.8215196,5.1278009],[-58.8204682,5.1255034],[-58.8201571,5.1238257],[-58.8203609,5.1225434],[-58.8219595,5.1212504],[-58.8239551,5.1201498],[-58.8251138,5.1192842],[-58.8255966,5.1184079],[-58.8259614,5.1152128],[-58.8260365,5.1136419],[-58.8265944,5.1123275],[-58.827399,5.1112162],[-58.8291974,5.1093898],[-58.8338471,5.1069577],[-58.8363147,5.1046014],[-58.8367439,5.102742],[-58.835907,5.1016306],[-58.8350487,5.1008185],[-58.8338471,5.1003696],[-58.8318515,5.0993651],[-58.8309288,5.0972706],[-58.831079,5.0933593],[-58.8307786,5.0897046],[-58.8299632,5.0882298],[-58.8286543,5.0867764],[-58.8272381,5.085836],[-58.8263798,5.0845323],[-58.8258863,5.0826728],[-58.8256073,5.0801721],[-58.8247276,5.0788897],[-58.8232925,5.0780107],[-58.8225174,5.0758547],[-58.8214874,5.0712593],[-58.821466,5.0679464],[-58.8223779,5.0632442],[-58.8223672,5.0622503],[-58.8217771,5.061235],[-58.8210046,5.0602945],[-58.8206828,5.0593968],[-58.8205004,5.058435],[-58.8207364,5.0575266],[-58.8211978,5.0567037],[-58.8213372,5.0559342],[-58.8211119,5.0549403],[-58.8205969,5.0537434],[-58.8199656,5.0516967],[-58.8196904,5.0501311],[-58.8197011,5.0487792],[-58.8197601,5.0471227],[-58.8200605,5.0449585],[-58.8198781,5.043473],[-58.8190842,5.0420409],[-58.8176036,5.0397751],[-58.8153291,5.036975],[-58.8145673,5.0356177],[-58.8142777,5.034549],[-58.8141704,5.0335978],[-58.8142347,5.0319413],[-58.8143849,5.0301137],[-58.8148356,5.0267044],[-58.8150287,5.0258387],[-58.8155115,5.0246524],[-58.816284,5.0234126],[-58.8173676,5.0221087],[-58.8186336,5.0210399],[-58.8199103,5.0200139],[-58.8224101,5.0181115],[-58.8239551,5.016658],[-58.8248241,5.0156106],[-58.8254142,5.0143601],[-58.8258112,5.0131524],[-58.8264012,5.0108652],[-58.826884,5.0093903],[-58.8278067,5.0077657],[-58.8291264,5.0061732],[-58.8308966,5.0044525],[-58.8316155,5.0036188],[-58.8327634,5.0024966],[-58.833096,5.002037],[-58.8332999,5.0015453],[-58.8333428,5.0010109],[-58.8332784,4.9999635],[-58.8330746,4.9989375],[-58.832624,4.996725],[-58.8331956,4.9945322],[-58.8342762,4.9932407],[-58.8353199,4.9926511],[-58.8371237,4.9925077],[-58.838439,4.9924498],[-58.8402667,4.9925183],[-58.8445516,4.9932228],[-58.8464907,4.9931591],[-58.8489198,4.9926072],[-58.8518268,4.9916657],[-58.8535404,4.9915346],[-58.8571004,4.9913055],[-58.8595318,4.9912236],[-58.8631153,4.9902267],[-58.8692951,4.9863985],[-58.8700891,4.9855666],[-58.8705489,4.9848151],[-58.8709474,4.9835572],[-58.8711684,4.9821625],[-58.8716569,4.9787227],[-58.8721276,4.9776786],[-58.8723528,4.9771656],[-58.8725563,4.9767647],[-58.8726801,4.9766525],[-58.8728142,4.976567],[-58.8749385,4.9761929],[-58.8767731,4.9759685],[-58.8783288,4.9756692],[-58.8790476,4.9752951],[-58.8796592,4.9747073],[-58.880024,4.9740873],[-58.8801957,4.9735102],[-58.8802278,4.9725054],[-58.879627,4.9689569],[-58.8786936,4.9632064],[-58.877964,4.9603419],[-58.8761616,4.954399],[-58.8747454,4.9499524],[-58.870883,4.9425771],[-58.8700891,4.9415723],[-58.8690591,4.9407386],[-58.868115,4.9402041],[-58.8679058,4.9401034],[-58.8662052,4.9392849],[-58.8640595,4.938216],[-58.8608837,4.9365913],[-58.8600254,4.9360996],[-58.8594675,4.935672],[-58.8589096,4.9350093],[-58.8584161,4.9342397],[-58.8575793,4.9323798],[-58.8573539,4.9300442],[-58.8585609,4.9258968],[-58.8585234,4.9227809],[-58.8577724,4.9179066],[-58.8568282,4.915448],[-58.8532233,4.9115357],[-58.8510991,4.9068965],[-58.8474727,4.9019365],[-58.8468719,4.9003331],[-58.8465929,4.898302],[-58.8463998,4.8957151],[-58.8456488,4.8931282],[-58.8442755,4.8898785],[-58.8418937,4.8854316],[-58.8410998,4.8823101],[-58.8408423,4.87921],[-58.8408208,4.8760886],[-58.8400805,4.8740895],[-58.8382888,4.8718125],[-58.8363254,4.8702411],[-58.8339329,4.8689904],[-58.8316584,4.8673227],[-58.8307572,4.866243],[-58.8302207,4.8651419],[-58.829813,4.8639232],[-58.8296843,4.8626832],[-58.8298774,4.8613789],[-58.8303709,4.8600106],[-58.8319159,4.8575304],[-58.8341475,4.8535964],[-58.8348127,4.8514156],[-58.8347912,4.8489354],[-58.8343191,4.8465835],[-58.83286,4.8439964],[-58.8302636,4.8412382],[-58.8271952,4.8391001],[-58.8240624,4.83724],[-58.8223565,4.8359571],[-58.8210154,4.8345032],[-58.8198781,4.8316594],[-58.819685,4.8283453],[-58.8202429,4.824518],[-58.8223887,4.8170985],[-58.8238049,4.8137843],[-58.8245559,4.8105342],[-58.8245774,4.807049],[-58.8241911,4.8046755],[-58.8235688,4.8028794],[-58.8227105,4.8013185],[-58.8217449,4.7995224],[-58.8213158,4.7981539],[-58.8211656,4.7964861],[-58.8204575,4.7947541],[-58.8190198,4.793578],[-58.8171315,4.7930435],[-58.8148999,4.7932787],[-58.8126469,4.7934925],[-58.8100505,4.7927869],[-58.8075829,4.7915895],[-58.8047934,4.7904134],[-58.8027978,4.7892801],[-58.8011241,4.7875695],[-58.8003731,4.7853029],[-58.800695,4.7828867],[-58.8021112,4.7793585],[-58.8023794,4.7773003],[-58.8023901,4.7744831],[-58.8020897,4.7713611],[-58.8014031,4.7680467],[-58.8006306,4.7653524],[-58.7989569,4.7623587],[-58.7961245,4.7598355],[-58.7921763,4.7580606],[-58.7879062,4.757248],[-58.7837005,4.7572052],[-58.7800312,4.7573549],[-58.7770701,4.7578254],[-58.7752032,4.7585952],[-58.7739587,4.759921],[-58.7726927,4.7620807],[-58.7714374,4.7636845],[-58.769753,4.7651386],[-58.7674356,4.7654593],[-58.7649894,4.7645184],[-58.7632728,4.762038],[-58.7617064,4.759921],[-58.7593461,4.7587235],[-58.756342,4.7584669],[-58.7533808,4.7593223],[-58.7505913,4.7609474],[-58.7474156,4.7621021],[-58.7429524,4.7627009],[-58.7384892,4.7627009],[-58.7331248,4.7619738],[-58.7268162,4.7598782],[-58.7238121,4.7586593],[-58.7204433,4.7570983],[-58.716774,4.7544681],[-58.7126541,4.7504479],[-58.7102938,4.7463636],[-58.7089634,4.7422579],[-58.7089258,4.7416251],[-58.7086202,4.7364841],[-58.708663,4.7298977],[-58.709221,4.7234823],[-58.7092316,4.7171844],[-58.7090493,4.7116778],[-58.7087918,4.7077429],[-58.7091351,4.7047062],[-58.7107659,4.7001297],[-58.7104226,4.6969218],[-58.7087274,4.6943769],[-58.7056589,4.6922811],[-58.702569,4.6907841],[-58.6991358,4.690057],[-58.6951232,4.6896721],[-58.6915827,4.6886028],[-58.6889219,4.6868491],[-58.6872053,4.6848602],[-58.6859179,4.6822297],[-58.6851025,4.6788294],[-58.6844158,4.6763913],[-58.6830855,4.6734186],[-58.6817122,4.6700182],[-58.6808539,4.6672166],[-58.6794645,4.6629874],[-58.6793625,4.6613459],[-58.6788779,4.6586098],[-58.6784613,4.6563735],[-58.6782467,4.6553256],[-58.6781716,4.6538606],[-58.6778069,4.6527164],[-58.6770129,4.6520747],[-58.6757791,4.6521603],[-58.6742771,4.6529944],[-58.6729252,4.6544059],[-58.6719275,4.654823],[-58.6661339,4.6548337],[-58.6594772,4.6535012],[-58.6591602,4.6509412],[-58.6580444,4.646343],[-58.657465,4.6449315],[-58.6569286,4.6439049],[-58.6550617,4.6414881],[-58.6527336,4.6385901],[-58.6511779,4.6365583],[-58.650105,4.6350077],[-58.6490321,4.6330935],[-58.6480129,4.6311687],[-58.6478949,4.6307356],[-58.6478734,4.629987],[-58.6479968,4.6295165],[-58.6482221,4.6290834],[-58.6484957,4.6287679],[-58.6487478,4.6285059],[-58.6489999,4.6282332],[-58.6492038,4.6279391],[-58.6492521,4.627752],[-58.6493053,4.6274842],[-58.6492413,4.6270462],[-58.6492789,4.6268644],[-58.6494184,4.6266184],[-58.6497027,4.6263136],[-58.6502659,4.6258538],[-58.650915,4.6253886],[-58.6514944,4.6250571],[-58.6517412,4.6248539],[-58.6519396,4.6246401],[-58.6521274,4.6243085],[-58.652224,4.6240038],[-58.6523527,4.6235065],[-58.6523473,4.6230627],[-58.6521918,4.6225601],[-58.6515212,4.6208918],[-58.6507058,4.6194589],[-58.6489678,4.617812],[-58.6454487,4.6150101],[-58.6394835,4.6104785],[-58.6386037,4.6097914],[-58.6363936,4.6077916],[-58.6338079,4.6049042],[-58.6326492,4.6034605],[-58.6311042,4.6012361],[-58.6294413,4.5992255],[-58.6286634,4.5983967],[-58.6278749,4.5977016],[-58.6260188,4.5956429],[-58.6251283,4.5935148],[-58.6244738,4.5914721],[-58.6237657,4.589376],[-58.6223388,4.5844138],[-58.6215234,4.5820396],[-58.6209226,4.5804247],[-58.6203325,4.5790986],[-58.6191845,4.5772057],[-58.6178219,4.5751523],[-58.615644,4.573131],[-58.6146033,4.572607],[-58.6128867,4.5719653],[-58.611213,4.5714359],[-58.6096895,4.5711097],[-58.6084986,4.5711204],[-58.6075437,4.5713022],[-58.6061275,4.5720187],[-58.6044538,4.5733663],[-58.6038101,4.5738582],[-58.6028123,4.5741898],[-58.6016536,4.5744357],[-58.5993235,4.5742052],[-58.5974157,4.5740694],[-58.5944867,4.5735374],[-58.5916411,4.5726388],[-58.5861826,4.5701044],[-58.5859412,4.5699654],[-58.585732,4.5697729],[-58.5841012,4.5674628],[-58.5821271,4.5636875],[-58.5818696,4.5630031],[-58.5817087,4.5622865],[-58.5814512,4.5605753],[-58.5814136,4.5597572],[-58.5815143,4.5590632],[-58.5819769,4.5574471],[-58.5841012,4.5529552],[-58.5843265,4.5524097],[-58.5844123,4.5519659],[-58.5844123,4.5518536],[-58.5843752,4.551757],[-58.5843185,4.5516638],[-58.5841106,4.5514325],[-58.5800457,4.5479125],[-58.5760117,4.5441692],[-58.5711146,4.5399917],[-58.5696602,4.5395275],[-58.5662913,4.539474],[-58.5618496,4.5395275],[-58.5578263,4.5395489],[-58.5533309,4.53972],[-58.5520113,4.5398912],[-58.5505092,4.5403511],[-58.5493934,4.5410355],[-58.5470224,4.5425863],[-58.5457564,4.5431853],[-58.5451507,4.5433072],[-58.5437608,4.5434206],[-58.5429406,4.5433714],[-58.5419584,4.5429714],[-58.534888,4.5394687],[-58.5341478,4.5391639],[-58.5335416,4.5390462],[-58.5327637,4.5389125],[-58.5281181,4.538704],[-58.5276413,4.5386655],[-58.5264766,4.5381906],[-58.5247171,4.5372388],[-58.5235643,4.5360344],[-58.5217238,4.5333671],[-58.5203671,4.5311788],[-58.5169125,4.5263018],[-58.5162306,4.524276],[-58.5158229,4.5225648],[-58.515501,4.5211744],[-58.5146642,4.516832],[-58.5141921,4.5127249],[-58.5139489,4.5111263],[-58.5138762,4.5107719],[-58.5103512,4.4977723],[-58.5099757,4.4972589],[-58.5092569,4.4966172],[-58.5046005,4.494831],[-58.5023099,4.4944673],[-58.5006094,4.4943069],[-58.4990913,4.4937721],[-58.4892106,4.4869845],[-58.4886897,4.4865203],[-58.4847415,4.481814],[-58.4840655,4.4811188],[-58.4827244,4.480477],[-58.4821344,4.4803059],[-58.4810722,4.4802845],[-58.4791517,4.4805733],[-58.4768343,4.4806803],[-58.4743619,4.4802032],[-58.4731329,4.4794395],[-58.4723234,4.4787272],[-58.4663415,4.4733748],[-58.4655857,4.4725662],[-58.4601569,4.4647793],[-58.4574746,4.4607361],[-58.4570396,4.4595553],[-58.4565675,4.4572021],[-58.4560418,4.4546777],[-58.4543419,4.4473014],[-58.4536338,4.4353747],[-58.4534884,4.432247],[-58.4525228,4.4293161],[-58.4507632,4.4247592],[-58.4494543,4.4219352],[-58.4488428,4.4204377],[-58.448832,4.4197424],[-58.4490788,4.4187582],[-58.4493256,4.4180201],[-58.449744,4.4172179],[-58.4501839,4.4167151],[-58.4508598,4.4161161],[-58.4521151,4.4153138],[-58.4533703,4.4149287],[-58.4544432,4.4147041],[-58.4553874,4.4143725],[-58.4562028,4.4137521],[-58.4571362,4.4127465],[-58.4583593,4.4103932],[-58.4589172,4.409377],[-58.459518,4.4081147],[-58.4600115,4.4064994],[-58.4606552,4.4033117],[-58.460784,4.4021671],[-58.4608483,4.4007658],[-58.4604943,4.3992735],[-58.459931,4.3975833],[-58.4590942,4.3957006],[-58.4588796,4.3950053],[-58.4587401,4.3940265],[-58.4587133,4.3930263],[-58.4587616,4.3924861],[-58.4589386,4.3918763],[-58.4593356,4.3911115],[-58.4601885,4.3902878],[-58.4611809,4.3896887],[-58.4618515,4.3894052],[-58.4626991,4.3892127],[-58.4644157,4.3887794],[-58.4656978,4.3882606],[-58.4663844,4.3875546],[-58.4670603,4.3860249],[-58.4674573,4.3846556],[-58.4684658,4.3821952],[-58.4698176,4.379125],[-58.4708101,4.3768946],[-58.4721834,4.3733911],[-58.47368,4.3701176],[-58.4740073,4.369449],[-58.4744901,4.3687911],[-58.4763495,4.3670743],[-58.4771562,4.3643837],[-58.4780145,4.3610888],[-58.4785509,4.3561036],[-58.4780574,4.3522952],[-58.476491,4.3495458],[-58.4732938,4.3475239],[-58.4709335,4.3461118],[-58.4685731,4.3442503],[-58.466084,4.3409339],[-58.4639134,4.3374553],[-58.4635198,4.3364407],[-58.4629249,4.3331392],[-58.4628391,4.3267737],[-58.4631228,4.3257425],[-58.4644055,4.3232969],[-58.4655476,4.3213562],[-58.4680963,4.3184612],[-58.4774888,4.3067314],[-58.4819305,4.3026232],[-58.4844304,4.298654],[-58.4879494,4.2925344],[-58.4926653,4.2845894],[-58.5003257,4.2745966],[-58.5074759,4.2663862],[-58.5087097,4.2642677],[-58.5092461,4.2626843],[-58.5094929,4.2611222],[-58.5082484,4.2564146],[-58.5063386,4.2518353],[-58.504901,4.247042],[-58.5037852,4.2409647],[-58.5025406,4.2361713],[-58.500824,4.2309927],[-58.4971762,4.2266701],[-58.4913397,4.2242306],[-58.487649,4.2237384],[-58.4857822,4.2231178],[-58.484602,4.2220799],[-58.4840977,4.2212774],[-58.4837651,4.2190947],[-58.4839797,4.2170831],[-58.4852028,4.2152428],[-58.4859645,4.2129316],[-58.4858358,4.2106311],[-58.4841836,4.2082343],[-58.4815228,4.2065972],[-58.4786153,4.2053561],[-58.4767699,4.2037297],[-58.4730578,4.2002629],[-58.4717006,4.1996155],[-58.4707189,4.1987863],[-58.4682942,4.1955763],[-58.4674144,4.193479],[-58.468144,4.1908254],[-58.4712553,4.1866951],[-58.4717059,4.1851757],[-58.4714055,4.1835493],[-58.4702682,4.1814734],[-58.4670067,4.1769793],[-58.4644747,4.1734268],[-58.4634877,4.1711583],[-58.4633589,4.1682478],[-58.4634877,4.1652088],[-58.4634448,4.1611426],[-58.4625864,4.1566484],[-58.4626294,4.1521969],[-58.4637452,4.1470178],[-58.4651185,4.1426947],[-58.467393,4.1396556],[-58.4712983,4.1382859],[-58.4762335,4.1393988],[-58.4799672,4.142181],[-58.4876061,4.1485587],[-58.4909106,4.1507202],[-58.4947944,4.1512767],[-58.4973479,4.150442],[-58.4991074,4.1487513],[-58.5003519,4.1453485],[-58.5001374,4.1390136],[-58.499558,4.1307097],[-58.4996867,4.1250167],[-58.5000945,4.1189385],[-58.5021544,4.1120898],[-58.5066176,4.1049413],[-58.5159731,4.0950105],[-58.5222817,4.0894885],[-58.5274744,4.0850367],[-58.532281,4.0797715],[-58.5385037,4.0731792],[-58.5441685,4.0687273],[-58.5490179,4.0662445],[-58.5541249,4.0650887],[-58.5595322,4.064575],[-58.5633516,4.0643555],[-58.5699392,4.0638258],[-58.5745526,4.0632693],[-58.5791445,4.0615356],[-58.5823203,4.0591384],[-58.584981,4.0562703],[-58.5867835,4.0531025],[-58.5875988,4.049635],[-58.5872126,4.0461676],[-58.5860968,4.0421008],[-58.5847664,4.0383336],[-58.5833502,4.0349517],[-58.5815156,4.0315805],[-58.579166,4.0291725],[-58.576355,4.0279096],[-58.5722352,4.0276313],[-58.5679007,4.0283163],[-58.562193,4.0290869],[-58.5533524,4.0295578],[-58.5502196,4.0304568],[-58.5475588,4.0314414],[-58.5439969,4.0319123],[-58.5321951,4.0312487],[-58.5303585,4.0309048],[-58.5193937,4.0256927],[-58.5141794,4.0231884],[-58.5094373,4.0214546],[-58.502485,4.0201489],[-58.4988713,4.020161],[-58.4965325,4.0207818],[-58.494653,4.0222894],[-58.4916187,4.0255764],[-58.4880225,4.027967],[-58.4835164,4.0286466],[-58.4784524,4.0283683],[-58.471586,4.0274479],[-58.4633032,4.0266988],[-58.4572737,4.0267844],[-58.4515874,4.0259068],[-58.4455792,4.0241944],[-58.443532,4.0231363],[-58.4419207,4.0219469],[-58.4409571,4.0203751],[-58.4403677,4.0191933],[-58.4381978,4.0125501],[-58.4361164,4.0069419],[-58.4347646,4.0009056],[-58.4342496,3.9981658],[-58.4342408,3.9964869],[-58.4349147,3.9948051],[-58.4381763,3.9899888],[-58.4396696,3.9868544],[-58.4397769,3.9856557],[-58.4393565,3.9843163],[-58.4384036,3.9827445],[-58.4368245,3.9810412],[-58.432533,3.9772738],[-58.4299765,3.9760594],[-58.4269989,3.9746102],[-58.4246492,3.9727693],[-58.42201,3.9700079],[-58.4198729,3.9670631],[-58.4185767,3.9644209],[-58.4172551,3.9609194],[-58.4163451,3.9578277],[-58.4148002,3.9510418],[-58.414135,3.9500785],[-58.4124398,3.9484088],[-58.4096376,3.9465128],[-58.4071183,3.9451763],[-58.403329,3.9425097],[-58.3998315,3.9392344],[-58.3955828,3.9333475],[-58.3939648,3.9308765],[-58.3930636,3.9278045],[-58.3930636,3.9270553],[-58.3932889,3.9258136],[-58.3940399,3.9227203],[-58.3945656,3.9212325],[-58.3949518,3.92013],[-58.3951342,3.9187385],[-58.3950806,3.9170473],[-58.3949196,3.915324],[-58.394467,3.9138454],[-58.393954,3.9124875],[-58.3928792,3.9108269],[-58.3920336,3.9095439],[-58.3903043,3.9077442],[-58.3887398,3.9065468],[-58.3856177,3.9044275],[-58.382206,3.9018585],[-58.3807254,3.9002422],[-58.3790819,3.8977895],[-58.3785025,3.8940645],[-58.3788244,3.8908747],[-58.3796184,3.8884555],[-58.3822576,3.8841739],[-58.3835236,3.8805987],[-58.3837597,3.8776229],[-58.3831159,3.8736837],[-58.3792107,3.859768],[-58.3786527,3.8566636],[-58.3774029,3.8500269],[-58.3771239,3.8498663],[-58.3746187,3.8480144],[-58.3701233,3.8468798],[-58.3670441,3.8459163],[-58.3640723,3.8442035],[-58.3627439,3.8427705],[-58.3615081,3.8408851],[-58.3610702,3.8396876],[-58.3609072,3.8382089],[-58.361036,3.8363569],[-58.3624435,3.8324939],[-58.363847,3.8288421],[-58.3642439,3.826637],[-58.3633534,3.8188544],[-58.3624434,3.8105541],[-58.3619801,3.8012124],[-58.3619801,3.7959026],[-58.3623879,3.7841481],[-58.3637826,3.7795447],[-58.3670012,3.7713014],[-58.3714263,3.7614775],[-58.3726875,3.7589042],[-58.377258,3.7519883],[-58.3794252,3.7475132],[-58.380146,3.7454485],[-58.3806912,3.7429954],[-58.3809078,3.7413374],[-58.3813134,3.7394623],[-58.3818412,3.738329],[-58.3825795,3.7371927],[-58.3832789,3.736434],[-58.3842746,3.7357366],[-58.3853066,3.7351279],[-58.386635,3.7345162],[-58.3895104,3.7336812],[-58.3910895,3.7329332],[-58.3924394,3.7318183],[-58.3936536,3.7304172],[-58.3946387,3.7287135],[-58.394984,3.7269377],[-58.3948319,3.7240028],[-58.3937375,3.7201914],[-58.3899609,3.7147098],[-58.386871,3.7078577],[-58.3852617,3.7026758],[-58.383987,3.7005895],[-58.3820752,3.6979756],[-58.3810902,3.6972277],[-58.3798329,3.6963804],[-58.3785474,3.6962748],[-58.3759705,3.6962305],[-58.3727431,3.6962106],[-58.3704666,3.6958451],[-58.3694474,3.695267],[-58.368634,3.694444],[-58.3681707,3.693586],[-58.3677971,3.6918744],[-58.3675163,3.6901706],[-58.3671641,3.6889943],[-58.3664836,3.6874355],[-58.3648467,3.6858894],[-58.3637416,3.6851078],[-58.3627653,3.684519],[-58.3617675,3.6839408],[-58.3601475,3.6832235],[-58.3576369,3.6822384],[-58.3553946,3.6815425],[-58.3540321,3.6813605],[-58.3527875,3.6813605],[-58.3506954,3.6816817],[-58.3478844,3.682474],[-58.3468545,3.6826988],[-58.3459425,3.6827845],[-58.344934,3.6827631],[-58.3438826,3.6826025],[-58.3427346,3.6822813],[-58.3417475,3.6818744],[-58.3339691,3.677142],[-58.3332825,3.6765639],[-58.3326602,3.6760071],[-58.3322525,3.6754504],[-58.3319628,3.6749257],[-58.3317375,3.6743797],[-58.330493,3.6664352],[-58.330375,3.6654502],[-58.3301497,3.6625272],[-58.3302248,3.6617456],[-58.330493,3.6607285],[-58.3321023,3.6561352],[-58.3327782,3.6538117],[-58.3328962,3.65318],[-58.3329821,3.6523449],[-58.3329821,3.6514455],[-58.3329499,3.6506639],[-58.3328533,3.6496681],[-58.3326817,3.6486724],[-58.33251,3.6478479],[-58.3322525,3.6469699],[-58.3319092,3.6459956],[-58.3314244,3.6449876],[-58.3309114,3.643822],[-58.3301926,3.6426549],[-58.3291519,3.6413915],[-58.3282828,3.6405242],[-58.3272207,3.6396569],[-58.3237124,3.6378046],[-58.3228648,3.6373763],[-58.3218992,3.636948],[-58.3209229,3.6365411],[-58.3198607,3.6361771],[-58.3183265,3.6357916],[-58.3172429,3.6356631],[-58.3159661,3.6355989],[-58.3147216,3.6356846],[-58.3096878,3.6362292],[-58.308692,3.6363056],[-58.3077264,3.6362735],[-58.3065891,3.6361343],[-58.3053821,3.6358184],[-58.3037353,3.6352563],[-58.2982421,3.6336502],[-58.2963538,3.6330078],[-58.2953668,3.6326223],[-58.2947231,3.6321298],[-58.2944441,3.63183],[-58.2941008,3.6310376],[-58.2938223,3.6303345],[-58.2935429,3.6294101],[-58.2932639,3.628318],[-58.2930708,3.62744],[-58.2930064,3.626669],[-58.2930923,3.625791],[-58.2935429,3.623414],[-58.2936287,3.6227287],[-58.2935643,3.6209299],[-58.2934356,3.6196878],[-58.2931566,3.6184672],[-58.2927489,3.6171394],[-58.2924915,3.6159188],[-58.2922125,3.6136916],[-58.2918906,3.6112503],[-58.291719,3.6092801],[-58.2917619,3.6066461],[-58.2918906,3.6052755],[-58.2922983,3.6036908],[-58.2927275,3.6026628],[-58.2932425,3.6018705],[-58.2938218,3.6011209],[-58.2946587,3.5996861],[-58.295238,3.5984226],[-58.2956457,3.5973518],[-58.2960836,3.5959476],[-58.2966654,3.5922589],[-58.2968795,3.5913234],[-58.2970512,3.5906274],[-58.2972121,3.5900706],[-58.2973731,3.5896208],[-58.2975447,3.589139],[-58.2977057,3.5887535],[-58.2981241,3.587929],[-58.2985747,3.587158],[-58.2990253,3.5863871],[-58.2994115,3.5859159],[-58.299669,3.5856482],[-58.300066,3.5853484],[-58.3007419,3.5849415],[-58.301568,3.5844275],[-58.3022225,3.5840099],[-58.3027589,3.5836566],[-58.3032525,3.5833246],[-58.3034885,3.5830891],[-58.3035851,3.5828963],[-58.3037675,3.5825108],[-58.3038747,3.5822324],[-58.303982,3.5819112],[-58.3040464,3.5815899],[-58.3041322,3.5812366],[-58.3041215,3.5807761],[-58.3040249,3.5802086],[-58.303864,3.5794912],[-58.3037031,3.5789772],[-58.3034241,3.5783776],[-58.3027697,3.5772211],[-58.3015037,3.5755935],[-58.3003664,3.5741479],[-58.2992613,3.5729486],[-58.2984245,3.5721134],[-58.2969225,3.570957],[-58.2943475,3.5690724],[-58.2931888,3.5683335],[-58.2923929,3.5678502],[-58.2913327,3.5673484],[-58.2902706,3.5669415],[-58.2892192,3.5665988],[-58.2884661,3.566351],[-58.2869983,3.5658706],[-58.2861829,3.5656565],[-58.2844877,3.5653031],[-58.2824493,3.5649498],[-58.2808507,3.5647249],[-58.2803679,3.5646392],[-58.2799494,3.5645536],[-58.2794774,3.5643394],[-58.2788015,3.5639325],[-58.2780075,3.5633757],[-58.2768348,3.5624073],[-58.2749713,3.5612662],[-58.2738662,3.5606237],[-58.2726967,3.5599919],[-58.2714629,3.5594458],[-58.2700789,3.5589532],[-58.2690382,3.5586427],[-58.2678473,3.5584178],[-58.2631461,3.5576347],[-58.2613242,3.5572613],[-58.2606912,3.5571649],[-58.260144,3.55709],[-58.2592321,3.557015],[-58.2584488,3.557015],[-58.2577944,3.5570364],[-58.2570112,3.5571435],[-58.2564962,3.5572934],[-58.255831,3.557529],[-58.2553784,3.5577846],[-58.253299,3.5588675],[-58.2523549,3.5593815],[-58.2518613,3.5596707],[-58.2514858,3.5598634],[-58.2509816,3.5600883],[-58.2499087,3.5604952],[-58.2489431,3.5608164],[-58.2479775,3.5610841],[-58.2471836,3.5612555],[-58.2465807,3.5613825],[-58.2432675,3.561748],[-58.2418835,3.5618551],[-58.2410789,3.5619194],[-58.2403386,3.5618872],[-58.2391906,3.5618979],[-58.2382894,3.5616517],[-58.2378066,3.5613518],[-58.2373452,3.5609878],[-58.2369804,3.5605273],[-58.2367337,3.5598634],[-58.2366049,3.5590496],[-58.2364118,3.5581608],[-58.2362831,3.5572399],[-58.2361114,3.5564475],[-58.2360041,3.5559442],[-58.2359612,3.5554516],[-58.2357359,3.5547021],[-58.2354891,3.5540703],[-58.2351995,3.5534813],[-58.2347489,3.5526461],[-58.2343304,3.5518537],[-58.2339335,3.5511898],[-58.2330537,3.5500012],[-58.2322705,3.549348],[-58.2315946,3.5487697],[-58.2311761,3.5483307],[-58.2307792,3.5477845],[-58.2305861,3.5473241],[-58.2304037,3.5466923],[-58.2301998,3.5459213],[-58.2302106,3.5453109],[-58.2303178,3.5445399],[-58.2307148,3.5434263],[-58.2311332,3.5422698],[-58.2313585,3.5416808],[-58.2315087,3.5412525],[-58.2315819,3.5409297],[-58.2316804,3.5403208],[-58.2318199,3.5390037],[-58.2319701,3.5377615],[-58.2320988,3.5367871],[-58.2322705,3.5358019],[-58.2324422,3.5349345],[-58.2327318,3.5339065],[-58.2333219,3.5327821],[-58.2337189,3.5318505],[-58.2340622,3.530951],[-58.2343733,3.5300086],[-58.234781,3.5287986],[-58.2367873,3.5236585],[-58.2371736,3.5223306],[-58.2373023,3.5215596],[-58.2372809,3.5204673],[-58.2366887,3.5170284],[-58.2357359,3.512543],[-58.2349205,3.5092661],[-58.2342641,3.506384],[-58.2338691,3.5051539],[-58.2335687,3.5045328],[-58.2330215,3.503735],[-58.2323778,3.5028408],[-58.2318386,3.5018744],[-58.2315087,3.5005384],[-58.2313049,3.4998959],[-58.2309938,3.4991035],[-58.2306504,3.4983967],[-58.2302964,3.4977113],[-58.2299745,3.4971544],[-58.2296741,3.4967689],[-58.2294488,3.4964477],[-58.2292557,3.4962977],[-58.2288909,3.4959551],[-58.226711,3.4945614],[-58.2261121,3.4941774],[-58.2255328,3.4938347],[-58.2248461,3.4934385],[-58.2243097,3.4931493],[-58.2239664,3.4929244],[-58.2236123,3.4927103],[-58.2234494,3.4925053],[-58.2232905,3.4921213],[-58.2231617,3.4917036],[-58.2230973,3.4912431],[-58.2230866,3.4908469],[-58.2231061,3.4906206],[-58.2233441,3.4871416],[-58.2234621,3.4864241],[-58.223623,3.485803],[-58.223902,3.4850319],[-58.2242131,3.4842288],[-58.2246208,3.4833185],[-58.2249963,3.4826974],[-58.2253397,3.4822797],[-58.2267988,3.4806948],[-58.2291571,3.4777697],[-58.2294381,3.4772893],[-58.2296312,3.4767324],[-58.229717,3.4763041],[-58.2297599,3.4757686],[-58.2296848,3.475019],[-58.2295561,3.4742158],[-58.2291162,3.4727808],[-58.2282794,3.470896],[-58.227818,3.4700821],[-58.2276464,3.469718],[-58.2275283,3.469311],[-58.2273567,3.4684971],[-58.2271421,3.4672763],[-58.226949,3.4657877],[-58.2267666,3.4649738],[-58.2266271,3.464524],[-58.2264018,3.4642027],[-58.2231916,3.4610872],[-58.219074,3.4571025],[-58.2185912,3.4566205],[-58.2180548,3.4561279],[-58.217454,3.4556032],[-58.2164991,3.4549071],[-58.2081501,3.4494117],[-58.2029379,3.4462539],[-58.2025409,3.4460183],[-58.202219,3.4457934],[-58.2020132,3.4455991],[-58.2018542,3.4453221],[-58.2017362,3.445033],[-58.2016933,3.4447653],[-58.2017148,3.4443904],[-58.2020561,3.4432002],[-58.2026354,3.4414653],[-58.2055664,3.4325457],[-58.2059312,3.4317853],[-58.2062638,3.4311427],[-58.2067359,3.4305109],[-58.2070041,3.4301575],[-58.2074118,3.4296434],[-58.2077015,3.4291936],[-58.208077,3.4285082],[-58.2083217,3.4279498],[-58.2097106,3.4246765],[-58.2099116,3.423978],[-58.2100618,3.4233033],[-58.2101691,3.4228535],[-58.2110703,3.4195549],[-58.2113278,3.4187624],[-58.2114887,3.4183125],[-58.2116282,3.4179484],[-58.2119072,3.4173273],[-58.2120768,3.4170045],[-58.2138169,3.4137502],[-58.2142246,3.4130005],[-58.2146537,3.412133],[-58.2149112,3.4116082],[-58.2154477,3.4102695],[-58.2157461,3.4094434],[-58.2158876,3.4088558],[-58.2159519,3.4083739],[-58.2160807,3.4072172],[-58.2162309,3.4063068],[-58.2163918,3.4056535],[-58.2165527,3.4050645],[-58.2167781,3.4043469],[-58.2170785,3.4033723],[-58.2189862,3.3978767],[-58.219074,3.397107],[-58.2191277,3.3963252],[-58.2190955,3.3956076],[-58.2189989,3.3949222],[-58.2189131,3.3943545],[-58.2188165,3.3940332],[-58.2180548,3.3924482],[-58.2176364,3.3918163],[-58.2172072,3.391345],[-58.2167117,3.3909152],[-58.2162631,3.3906703],[-58.215791,3.3904989],[-58.2141066,3.3900812],[-58.2130659,3.3898885],[-58.212508,3.3897814],[-58.2121432,3.3896743],[-58.2117462,3.3895457],[-58.2114351,3.3894172],[-58.2111561,3.3892351],[-58.2107163,3.3888924],[-58.2101154,3.3884212],[-58.2098452,3.3881305],[-58.2096434,3.3878428],[-58.209461,3.3875751],[-58.2092786,3.3871145],[-58.2091653,3.3867133],[-58.2093859,3.3809241],[-58.209343,3.3798959],[-58.2091606,3.3793283],[-58.2089138,3.3788463],[-58.2057683,3.3758139],[-58.2013178,3.372206],[-58.2001162,3.3712421],[-58.1993866,3.3705995],[-58.1988931,3.3700425],[-58.1983439,3.3693663],[-58.198024,3.3685966],[-58.1977344,3.3678576],[-58.1967688,3.3655442],[-58.1964898,3.3645588],[-58.196404,3.363702],[-58.1965757,3.3627167],[-58.1968419,3.3620404],[-58.1977558,3.3612815],[-58.1984854,3.3608959],[-58.1991935,3.3605317],[-58.1998801,3.3602533],[-58.2006741,3.3595678],[-58.2012105,3.3590537],[-58.2032919,3.3571687],[-58.2040215,3.3567617],[-58.2050944,3.3560976],[-58.2062745,3.3554764],[-58.2071114,3.3552408],[-58.2075834,3.355198],[-58.2090298,3.35525],[-58.2104159,3.3555835],[-58.2115404,3.3558927],[-58.2133985,3.3564189],[-58.2141495,3.3567188],[-58.214643,3.3568474],[-58.2150293,3.3568688],[-58.2155013,3.3568259],[-58.2160807,3.3565475],[-58.216424,3.3562904],[-58.2173038,3.3554978],[-58.2177973,3.3548981],[-58.2181835,3.3542554],[-58.2184839,3.35357],[-58.2186771,3.3529273],[-58.2186429,3.3524011],[-58.2184839,3.3500569],[-58.2182479,3.3484503],[-58.2179904,3.3475292],[-58.2177202,3.3470886],[-58.2171321,3.3467581],[-58.2164884,3.3465439],[-58.2143426,3.3467367],[-58.2135272,3.3466938],[-58.2126689,3.3465653],[-58.2117892,3.3463297],[-58.2111454,3.3460298],[-58.2102442,3.34528],[-58.2073903,3.3430308],[-58.2047188,3.3404603],[-58.2040215,3.3400425],[-58.2034314,3.3397212],[-58.2028842,3.3394427],[-58.20238,3.3391964],[-58.2020688,3.3389501],[-58.2017684,3.3385002],[-58.2016075,3.3379004],[-58.2014358,3.3373006],[-58.2012427,3.3367115],[-58.2008994,3.3358975],[-58.2006633,3.3355012],[-58.2002449,3.3349336],[-58.1999445,3.3344516],[-58.1997514,3.3340017],[-58.199569,3.333327],[-58.1993651,3.33277],[-58.1991613,3.3323309],[-58.1988394,3.3317204],[-58.1985819,3.3313241],[-58.1980991,3.3308742],[-58.1977344,3.3305529],[-58.1974554,3.3302744],[-58.1973159,3.3299959],[-58.1972623,3.3297496],[-58.1972623,3.3289142],[-58.1973267,3.3281965],[-58.1973481,3.3276289],[-58.1973589,3.3270184],[-58.1973159,3.3264828],[-58.1972516,3.3261294],[-58.1970906,3.3256795],[-58.1967902,3.3252511],[-58.1964362,3.3248334],[-58.1959534,3.3244371],[-58.1952024,3.3241907],[-58.1943977,3.3240622],[-58.193475,3.3239765],[-58.1928849,3.3239015],[-58.1922841,3.3237516],[-58.1919193,3.3236016],[-58.191576,3.3233338],[-58.1913293,3.3229483],[-58.1912434,3.3225734],[-58.1911898,3.3221878],[-58.1910503,3.3216308],[-58.1908035,3.3211488],[-58.1901491,3.3203241],[-58.1896341,3.3197136],[-58.189059,3.3190413],[-58.1885451,3.318198],[-58.1883037,3.3178553],[-58.1880945,3.3176036],[-58.1879228,3.3174322],[-58.1877405,3.3172608],[-58.1872898,3.3169341],[-58.1866032,3.3164468],[-58.1863511,3.3163182],[-58.1859917,3.3161951],[-58.1855357,3.3160773],[-58.1845218,3.3159487],[-58.1825423,3.3158309],[-58.1818986,3.3158416],[-58.181169,3.3159059],[-58.180697,3.3160023],[-58.1804073,3.316088],[-58.1800747,3.3162111],[-58.1796885,3.3163986],[-58.1790984,3.3167199],[-58.1786209,3.3169448],[-58.1781596,3.3170948],[-58.1773549,3.3172929],[-58.1763947,3.3175179],[-58.1761426,3.3175928],[-58.1757295,3.3177428],[-58.1755042,3.3178499],[-58.1749463,3.3181391],[-58.1743509,3.3184176],[-58.174088,3.3184979],[-58.1738573,3.3185354],[-58.1735838,3.3185622],[-58.173337,3.318514],[-58.1730883,3.3184482],[-58.1726074,3.3183105],[-58.1718135,3.3180588],[-58.170982,3.3176625],[-58.1684929,3.3165753],[-58.1681174,3.3164093],[-58.1678975,3.3162861],[-58.1677634,3.3161415],[-58.1676078,3.3157988],[-58.1668139,3.3138065],[-58.1666315,3.313271],[-58.1665564,3.3128265],[-58.1665617,3.3123499],[-58.1666958,3.3116429],[-58.1668514,3.3110538],[-58.1669319,3.3106575],[-58.1669855,3.3103844],[-58.1669855,3.3102077],[-58.1669694,3.3100417],[-58.1669158,3.3099024],[-58.1650202,3.3079087],[-58.1615031,3.3035401],[-58.1592286,3.3010659],[-58.159073,3.3009159],[-58.1589496,3.3007499],[-58.1588584,3.3006053],[-58.1588101,3.3004339],[-58.158735,3.3001179],[-58.1583649,3.2981203],[-58.1580323,3.2968778],[-58.1579894,3.2966529],[-58.1579626,3.2964708],[-58.1579787,3.296278],[-58.1580216,3.2960424],[-58.1587018,3.2932268],[-58.1587565,3.2925613],[-58.158778,3.2920685],[-58.1588531,3.2915437],[-58.1589282,3.2910938],[-58.1590784,3.290644],[-58.1592929,3.2901834],[-58.1594968,3.2898192],[-58.1597757,3.2893801],[-58.1603873,3.2884803],[-58.1609881,3.2873985],[-58.1612778,3.2869165],[-58.1615138,3.2866487],[-58.1617713,3.2863702],[-58.1620395,3.2861131],[-58.1623185,3.2858239],[-58.1625116,3.2855776],[-58.1628227,3.2851063],[-58.1632304,3.2843137],[-58.1635952,3.2834782],[-58.1638956,3.2828998],[-58.1640995,3.2822571],[-58.1642819,3.2816573],[-58.164475,3.2811967],[-58.1647325,3.2806611],[-58.1650865,3.280072],[-58.1653118,3.2797078],[-58.166889,3.2769657],[-58.1675542,3.2757661],[-58.1682193,3.2745557],[-58.1684661,3.2740951],[-58.1687021,3.2735274],[-58.1689596,3.2729383],[-58.169142,3.2724241],[-58.1692815,3.2720064],[-58.1693888,3.2715565],[-58.1695819,3.2707639],[-58.1697965,3.2699927],[-58.169936,3.2692643],[-58.1700862,3.2683967],[-58.1702042,3.2675505],[-58.1703007,3.2668971],[-58.1703436,3.266158],[-58.1703329,3.2655581],[-58.1703651,3.2648083],[-58.1703973,3.263523],[-58.1704188,3.2625375],[-58.1704617,3.2615628],[-58.170526,3.2610593],[-58.1706441,3.2606255],[-58.1708425,3.2600525],[-58.1711698,3.2591795],[-58.1714433,3.2584618],[-58.1715614,3.2581994],[-58.1717384,3.2579316],[-58.1718671,3.2577923],[-58.17213,3.257562],[-58.1723768,3.2573585],[-58.1726557,3.2570961],[-58.172822,3.2568551],[-58.1730527,3.2563141],[-58.1731814,3.2559232],[-58.1732941,3.2555804],[-58.1733799,3.2552698],[-58.1734818,3.2550663],[-58.1736052,3.2548681],[-58.1737554,3.2546914],[-58.1738842,3.2545682],[-58.1739914,3.2543914],[-58.1740451,3.25422],[-58.174029,3.2539683],[-58.1739593,3.2537059],[-58.1738091,3.2534381],[-58.1735087,3.2531971],[-58.1714273,3.2523616],[-58.1685224,3.251111],[-58.1682435,3.2509771],[-58.167868,3.2508459],[-58.1675702,3.2507763],[-58.1673637,3.2507361],[-58.1671411,3.2506986],[-58.1668568,3.2506611],[-58.1664169,3.2506049],[-58.1658375,3.2504764],[-58.1653762,3.2504335],[-58.1649846,3.2504282],[-58.1645715,3.2504496],[-58.1641048,3.250562],[-58.163783,3.2506745],[-58.1635255,3.2507977],[-58.1630081,3.2511459],[-58.1615138,3.250787],[-58.1602907,3.2498872],[-58.1593037,3.2485162],[-58.1572438,3.2457311],[-58.1562352,3.2437816],[-58.1561494,3.2422391],[-58.1559777,3.2410394],[-58.1559563,3.2402896],[-58.1567502,3.2398183],[-58.1576514,3.2398397],[-58.1583381,3.2400004],[-58.1590462,3.2400539],[-58.1596524,3.2399629],[-58.1602532,3.239979],[-58.160736,3.2399468],[-58.1613207,3.239995],[-58.161943,3.2400754],[-58.1643677,3.2392184],[-58.1649685,3.2390578],[-58.1660307,3.2389292],[-58.166846,3.2388007],[-58.1673825,3.2384686],[-58.1677258,3.2379973],[-58.168391,3.2369904],[-58.1696007,3.235946],[-58.1701416,3.2356967],[-58.1707299,3.2353622],[-58.1712771,3.2351694],[-58.1719208,3.2351158],[-58.1725645,3.2350409],[-58.1732726,3.2350516],[-58.1738091,3.2351158],[-58.1743562,3.2352872],[-58.1746674,3.23548],[-58.174957,3.2359728],[-58.1751287,3.2364977],[-58.1753111,3.236969],[-58.1755149,3.2372903],[-58.1757939,3.2374938],[-58.176266,3.2376545],[-58.1770277,3.2377188],[-58.1773925,3.2377188],[-58.1777144,3.2376331],[-58.1781757,3.2373974],[-58.1785727,3.2370975],[-58.1788945,3.2366691],[-58.1798816,3.2352015],[-58.1803751,3.2344624],[-58.180933,3.2337126],[-58.1815016,3.2330378],[-58.1820917,3.2324808],[-58.1852889,3.2301884],[-58.185997,3.2297707],[-58.1864476,3.2296528],[-58.186909,3.22961],[-58.1872845,3.2296314],[-58.1880784,3.2297064],[-58.1888187,3.2297385],[-58.1896234,3.2297385],[-58.1901042,3.2296942],[-58.1907606,3.2294386],[-58.1912756,3.2291708],[-58.1921768,3.2286352],[-58.1938827,3.2276176],[-58.1987858,3.2260323],[-58.2001484,3.2256895],[-58.2011891,3.2254538],[-58.2020044,3.2252182],[-58.2032383,3.2247575],[-58.2043004,3.2244148],[-58.2050085,3.2242219],[-58.2057917,3.2241148],[-58.2066286,3.2240506],[-58.207165,3.2240184],[-58.2082272,3.2240291],[-58.2089567,3.2239863],[-58.2095146,3.2237828],[-58.2103515,3.2233114],[-58.2110059,3.2225937],[-58.2116926,3.2209441],[-58.2120144,3.2197872],[-58.2124436,3.2184697],[-58.2127869,3.2176449],[-58.2150882,3.2145116],[-58.2151989,3.2128712],[-58.2153599,3.2099094],[-58.2154906,3.2079719],[-58.2154799,3.2059902],[-58.215512,3.2052404],[-58.2156837,3.2047369],[-58.2162953,3.2039121],[-58.2171428,3.2033336],[-58.2206512,3.2009663],[-58.222121,3.1999914],[-58.2223785,3.1996487],[-58.2226789,3.1990274],[-58.2228398,3.1984918],[-58.2230437,3.1979347],[-58.2232261,3.1976455],[-58.223666,3.1972706],[-58.224535,3.1965957],[-58.2248549,3.1964335],[-58.225343,3.1961068],[-58.2255971,3.1958781],[-58.2257688,3.1955781],[-58.2260136,3.1950945],[-58.2262838,3.1942069],[-58.2265842,3.1937034],[-58.2268524,3.1934249],[-58.2271206,3.1931143],[-58.2272172,3.1928679],[-58.2272709,3.1925679],[-58.2272709,3.1919359],[-58.2272601,3.1915824],[-58.2272601,3.1912396],[-58.2273567,3.1909504],[-58.227582,3.1906397],[-58.227936,3.1901577],[-58.2282043,3.1896971],[-58.2283652,3.1893114],[-58.2284296,3.1887437],[-58.2282901,3.1881438],[-58.2278931,3.1872547],[-58.2276679,3.1868048],[-58.2273869,3.1859356],[-58.2271743,3.184898],[-58.2271743,3.1838053],[-58.227419,3.1827434],[-58.2287907,3.1800073],[-58.229084,3.1790812],[-58.2293415,3.178417],[-58.2299101,3.1775493],[-58.2304144,3.1770137],[-58.231319,3.1764231],[-58.2317394,3.176055],[-58.2326353,3.1750426],[-58.2330108,3.174582],[-58.2334077,3.1738536],[-58.2336974,3.1730501],[-58.2339335,3.1724503],[-58.2342446,3.1717647],[-58.2346416,3.1711541],[-58.2349098,3.1707363],[-58.2356286,3.1700614],[-58.2362509,3.1695043],[-58.2371414,3.1686688],[-58.2381821,3.1678868],[-58.2388365,3.1674261],[-58.2389975,3.1672333],[-58.2390833,3.1669762],[-58.2390511,3.1666763],[-58.2389546,3.1664084],[-58.2386541,3.1659799],[-58.2383216,3.1654336],[-58.2381499,3.1649087],[-58.2381392,3.1643302],[-58.2383967,3.1633982],[-58.2386863,3.1623377],[-58.2388687,3.1616628],[-58.2388902,3.1611272],[-58.2388258,3.1606773],[-58.2386434,3.1602381],[-58.2384718,3.1598953],[-58.2382767,3.1597438],[-58.2378978,3.1595899],[-58.237474,3.1594775],[-58.2367444,3.1593168],[-58.2358217,3.1592846],[-58.2347489,3.1592632],[-58.2305592,3.1589847],[-58.2297278,3.1589525],[-58.2293844,3.1588668],[-58.2291913,3.1587276],[-58.2290894,3.1584544],[-58.2290626,3.1582348],[-58.2290411,3.1575813],[-58.2291055,3.1568636],[-58.2294059,3.1541426],[-58.2295883,3.1514109],[-58.2295454,3.1511377],[-58.2294542,3.1508163],[-58.2292879,3.1504682],[-58.2290733,3.1501897],[-58.2288534,3.1499111],[-58.2286763,3.1495951],[-58.228569,3.1493112],[-58.2285476,3.1490916],[-58.2285851,3.1487809],[-58.2286334,3.1485185],[-58.2287782,3.1483042],[-58.2289338,3.1481703],[-58.2290787,3.1480739],[-58.2293361,3.1479882],[-58.2300496,3.1478115],[-58.2305861,3.1476293],[-58.2308435,3.1474472],[-58.2309723,3.1472758],[-58.2311332,3.1469812],[-58.2311869,3.1466545],[-58.2311547,3.146242],[-58.2310689,3.1459367],[-58.2308221,3.1452618],[-58.230468,3.1446191],[-58.230291,3.1443245],[-58.2301301,3.1440834],[-58.2298887,3.1438585],[-58.229599,3.1436978],[-58.2292074,3.1435692],[-58.227936,3.1432693],[-58.2268632,3.1430765],[-58.2264072,3.1429479],[-58.2258976,3.1427015],[-58.2255864,3.1425488],[-58.2252646,3.142348],[-58.2250902,3.1421498],[-58.2249642,3.141973],[-58.2248461,3.1417481],[-58.2247603,3.1415017],[-58.2247388,3.141333],[-58.2247301,3.1412682],[-58.2249534,3.1401197],[-58.2253826,3.1390806],[-58.2253933,3.138545],[-58.2252216,3.138095],[-58.2245994,3.1376022],[-58.2234621,3.137313],[-58.2228935,3.1367452],[-58.2228077,3.1358882],[-58.2229257,3.1352454],[-58.2233226,3.1346134],[-58.2238805,3.1342706],[-58.2252967,3.1341635],[-58.2268846,3.1346027],[-58.2276893,3.134442],[-58.228097,3.1340349],[-58.2285905,3.1336064],[-58.2290733,3.133435],[-58.229878,3.133435],[-58.2312405,3.1333921],[-58.2321739,3.1331886],[-58.2326031,3.1328886],[-58.2335258,3.1314531],[-58.2345021,3.1302961],[-58.2359612,3.1289035],[-58.2369375,3.1284428],[-58.2378924,3.1285071],[-58.2384074,3.1287321],[-58.2399523,3.1295998],[-58.2404244,3.1296534],[-58.2409072,3.1295677],[-58.2422054,3.1290186],[-58.2438952,3.1280572],[-58.2452846,3.1277465],[-58.2463038,3.1278643],[-58.2470119,3.1276822],[-58.2480204,3.1271144],[-58.2492221,3.1268573],[-58.2500374,3.1269751],[-58.2506704,3.1273608],[-58.2511211,3.1278857],[-58.2515824,3.1295248],[-58.2517648,3.1309068],[-58.2523871,3.1318602],[-58.2532883,3.1325244],[-58.2546187,3.1329422],[-58.2566249,3.133135],[-58.2570595,3.1331029],[-58.2577729,3.1329422],[-58.2585776,3.1325994],[-58.2592696,3.1320637],[-58.2606912,3.1310567],[-58.2611593,3.1308413],[-58.2684267,3.1287213],[-58.2697249,3.1280464],[-58.2702398,3.1276072],[-58.2710874,3.1270823],[-58.2723212,3.1266323],[-58.2758832,3.1254004],[-58.277235,3.124779],[-58.2787371,3.1239113],[-58.2792842,3.1232471],[-58.2797134,3.1223686],[-58.2800675,3.121233],[-58.280164,3.1207402],[-58.2802713,3.1201939],[-58.2806039,3.1195832],[-58.2812691,3.1189726],[-58.2817626,3.1180406],[-58.2822776,3.116905],[-58.2823742,3.1162837],[-58.2822561,3.1155552],[-58.2808936,3.1117306],[-58.2803571,3.1107343],[-58.2791823,3.1091649],[-58.2781309,3.1082167],[-58.2755218,3.1067048],[-58.2739949,3.1056778],[-58.2726216,3.1049814],[-58.2715702,3.1041565],[-58.2704652,3.1033209],[-58.2697571,3.1027852],[-58.2687378,3.1020996],[-58.2676649,3.1014568],[-58.2669675,3.1011247],[-58.2665169,3.100889],[-58.2661843,3.1004819],[-58.2660878,3.1001069],[-58.2660127,3.0996891],[-58.2660234,3.0988964],[-58.2662273,3.0980286],[-58.2667637,3.0970108],[-58.266871,3.0965234],[-58.2671553,3.0950396],[-58.2679009,3.0930684],[-58.2678205,3.0923131],[-58.2671928,3.0910168],[-58.2669032,3.090524],[-58.2661414,3.0898651],[-58.2649183,3.0890456],[-58.2635236,3.088376],[-58.2622576,3.0884563],[-58.2601849,3.0888245],[-58.2584703,3.0890831],[-58.2566571,3.0892652],[-58.2556862,3.0891259],[-58.2548654,3.0888902],[-58.2532829,3.0884403],[-58.252269,3.0880385],[-58.2509655,3.0873261],[-58.249957,3.0863994],[-58.248589,3.0849156],[-58.2468832,3.0835014],[-58.2460731,3.0823712],[-58.2452577,3.0809356],[-58.2437128,3.0777055],[-58.243171,3.076977],[-58.2425755,3.0764253],[-58.2413042,3.0752522],[-58.239947,3.0740576],[-58.2380265,3.0720489],[-58.2366532,3.0706133],[-58.2354516,3.0697241],[-58.234148,3.0688777],[-58.2333165,3.0684652],[-58.2323349,3.068034],[-58.2316926,3.0676153],[-58.2296795,3.06621],[-58.2273352,3.0646941],[-58.2246798,3.0633977],[-58.2167137,3.0596212],[-58.2002986,3.0514896],[-58.186795,3.0446733],[-58.1805468,3.0417723],[-58.1747961,3.0397046],[-58.1701184,3.0367262],[-58.1681657,3.0362547],[-58.1651938,3.0359012],[-58.1615031,3.0351512],[-58.154465,3.033212],[-58.1533492,3.0332013],[-58.1521905,3.0334263],[-58.1512034,3.033662],[-58.1499267,3.0337477],[-58.1486607,3.0335763],[-58.1473518,3.032912],[-58.146631,3.0320427],[-58.1442706,3.0292571],[-58.143661,3.0287336],[-58.1431568,3.0284872],[-58.1425774,3.0281444],[-58.142277,3.0276087],[-58.1419015,3.0260712],[-58.1419605,3.0255489],[-58.1420517,3.0252275],[-58.1424366,3.0248539],[-58.1428939,3.0246101],[-58.143484,3.0243249],[-58.1437656,3.0242793],[-58.1441143,3.0243195],[-58.1444764,3.0243624],[-58.1446293,3.0243222],[-58.144742,3.024191],[-58.1447795,3.0240329],[-58.1447473,3.0237704],[-58.1446427,3.0234704],[-58.1444308,3.0232776],[-58.1426418,3.0228089],[-58.1418103,3.0223053],[-58.1413168,3.0218768],[-58.1406355,3.0212554],[-58.1402439,3.02095],[-58.1398308,3.0207839],[-58.1394446,3.0206554],[-58.1391601,3.0203832],[-58.138361,3.0192304],[-58.1378299,3.018309],[-58.1356412,3.0151484],[-58.1354857,3.0147841],[-58.1353784,3.0138734],[-58.1354857,3.0128235],[-58.1354535,3.0118378],[-58.1351638,3.0102521],[-58.1348205,3.0089343],[-58.133179,3.0030201],[-58.1318754,2.9993773],[-58.1316286,2.9991202],[-58.1311566,2.9990077],[-58.1301481,2.998938],[-58.1283134,2.9993237],[-58.1276643,2.9995059],[-58.1271064,2.9995219],[-58.126393,2.9993934],[-58.1256795,2.9990934],[-58.1236498,2.9967723],[-58.1226842,2.9949723],[-58.1206886,2.9907937],[-58.1205082,2.989756],[-58.1204975,2.988856],[-58.1205404,2.9883524],[-58.1202078,2.9874417],[-58.1193173,2.9860917],[-58.1186843,2.9851274],[-58.1181479,2.9838631],[-58.1179333,2.9832845],[-58.1177724,2.9822453],[-58.1177724,2.9808631],[-58.1186199,2.9769631],[-58.1187379,2.9760738],[-58.118695,2.9752381],[-58.1186092,2.9742309],[-58.1185234,2.9737274],[-58.1184054,2.9733738],[-58.118223,2.9731274],[-58.1179869,2.9729773],[-58.1175256,2.9726452],[-58.1170964,2.9722273],[-58.1168228,2.9718898],[-58.1167746,2.9715898],[-58.1167638,2.971322],[-58.1168658,2.9710809],[-58.1170267,2.970947],[-58.1174666,2.9705827],[-58.1179011,2.9703362],[-58.1182766,2.9700362],[-58.1184751,2.9696987],[-58.1185234,2.969238],[-58.1184322,2.9687773],[-58.1179977,2.9680916],[-58.1175846,2.9677058],[-58.116973,2.9672666],[-58.1155086,2.9659647],[-58.1146181,2.9647379],[-58.1142299,2.9639651],[-58.1136096,2.9630933],[-58.1121397,2.96162],[-58.111335,2.9608164],[-58.1109756,2.9605754],[-58.110584,2.9605486],[-58.1101441,2.9606182],[-58.1097257,2.9608057],[-58.1093502,2.9611164],[-58.1090874,2.961545],[-58.1081486,2.963329],[-58.1076175,2.9639611],[-58.1068343,2.9644219],[-58.1057541,2.9648436],[-58.1049085,2.9648558],[-58.104252,2.9646937],[-58.1030095,2.9635058],[-58.101722,2.9621075],[-58.0993751,2.9594771],[-58.0972695,2.9586414],[-58.0953759,2.9581003],[-58.0947034,2.9577721],[-58.0943406,2.9573128],[-58.0939972,2.9566163],[-58.0936593,2.9555877],[-58.0934447,2.9548216],[-58.0933267,2.9539431],[-58.0934447,2.9529627],[-58.0938256,2.9519876],[-58.0944908,2.9507448],[-58.0958426,2.9489125],[-58.0963415,2.9482965],[-58.0969316,2.9477554],[-58.0974358,2.9476375],[-58.0980903,2.9477125],[-58.0985516,2.9477982],[-58.0992168,2.9478947],[-58.0996835,2.9478839],[-58.1002146,2.9477554],[-58.1006116,2.9474554],[-58.1008476,2.9471553],[-58.1013036,2.9463625],[-58.1016576,2.945591],[-58.1018615,2.9447231],[-58.1019688,2.9439945],[-58.1020761,2.9437267],[-58.1023765,2.9434695],[-58.1037712,2.9425159],[-58.1043184,2.9418944],[-58.1047154,2.941198],[-58.1048012,2.9405123],[-58.1048012,2.9398265],[-58.1044203,2.9369496],[-58.1045008,2.9360121],[-58.1047261,2.9352406],[-58.1052786,2.9342548],[-58.1057239,2.933628],[-58.106491,2.9330066],[-58.1069791,2.9324815],[-58.1074727,2.9319083],[-58.1079608,2.9311636],[-58.1085455,2.93021],[-58.1089747,2.9294975],[-58.1108201,2.9275474],[-58.1121558,2.9264223],[-58.1135076,2.9252437],[-58.1150204,2.9244669],[-58.1160933,2.9242043],[-58.1169409,2.9241025],[-58.1183624,2.9244454],[-58.1207925,2.9254044],[-58.1226811,2.9264324],[-58.1240809,2.928126],[-58.1259799,2.9301189],[-58.127439,2.9314262],[-58.1285119,2.9320476],[-58.1306577,2.9327334],[-58.1324816,2.9330762],[-58.1334257,2.9332262],[-58.1343913,2.9333548],[-58.1356144,2.9335477],[-58.1366658,2.9338263],[-58.1428242,2.9356478],[-58.144176,2.9359049],[-58.1450773,2.9358621],[-58.1456351,2.9357549],[-58.146472,2.9353692],[-58.1486319,2.9333105],[-58.1499052,2.9317047],[-58.1504631,2.930569],[-58.1508279,2.9292403],[-58.1508494,2.9281903],[-58.1506221,2.926828],[-58.1503129,2.9257259],[-58.1499052,2.9243329],[-58.1496906,2.9232614],[-58.1494761,2.9215471],[-58.1493668,2.9194669],[-58.1495834,2.9179254],[-58.1500983,2.9162753],[-58.1505792,2.9148059],[-58.1507206,2.913768],[-58.1506992,2.9129108],[-58.15015,2.9113128],[-58.1496477,2.9096106],[-58.148253,2.9066104],[-58.1470084,2.9040388],[-58.1463432,2.9028494],[-58.1457853,2.9019172],[-58.1449163,2.900985],[-58.1441224,2.9005885],[-58.1416762,2.8999563],[-58.1391657,2.899817],[-58.1383288,2.8996349],[-58.1375349,2.899292],[-58.1371272,2.8990027],[-58.1364513,2.8979098],[-58.1362474,2.8968811],[-58.1360543,2.8957453],[-58.1359148,2.8951131],[-58.13543,2.8942973],[-58.1344235,2.8933558],[-58.1326854,2.8921021],[-58.1301212,2.8906877],[-58.1295741,2.8902377],[-58.1292093,2.8898305],[-58.1290162,2.8893376],[-58.1290162,2.8886304],[-58.1288874,2.8869803],[-58.1284905,2.885898],[-58.1275249,2.8849658],[-58.1245637,2.8833693],[-58.1237483,2.8830156],[-58.1233889,2.8828013],[-58.1230188,2.8824585],[-58.1220532,2.8810333],[-58.1199751,2.8765207],[-58.1188667,2.8713895],[-58.1186199,2.869943],[-58.1185126,2.8693215],[-58.1184999,2.8684735],[-58.1184912,2.8679392],[-58.1186307,2.8673605],[-58.1190384,2.8666105],[-58.1196801,2.8661375],[-58.1245081,2.8622799],[-58.1285207,2.8593654],[-58.1288928,2.8590025],[-58.1292039,2.8584024],[-58.129381,2.8574273],[-58.1295291,2.8540505],[-58.1296384,2.8513623],[-58.1300354,2.849755],[-58.1326298,2.8448351],[-58.1329322,2.8440115],[-58.1331146,2.8432399],[-58.1331555,2.8417704],[-58.1321061,2.8375178],[-58.1320524,2.8369766],[-58.1316715,2.8357175],[-58.1317305,2.8352085],[-58.1321202,2.8347517],[-58.1339836,2.8338744],[-58.1350438,2.8331444],[-58.1394339,2.8287309],[-58.1398201,2.8282058],[-58.1400562,2.8274879],[-58.141009,2.8224071],[-58.1416957,2.821432],[-58.1451094,2.8189152],[-58.1464076,2.8180151],[-58.1478346,2.8164077],[-58.1500018,2.8145967],[-58.1511068,2.8140395],[-58.1522012,2.8139002],[-58.1529951,2.8139966],[-58.1538856,2.814436],[-58.1545401,2.8149932],[-58.1558256,2.8166205],[-58.1562976,2.8169099],[-58.156952,2.8171349],[-58.1590569,2.817565],[-58.160396,2.8180565],[-58.1626833,2.819451],[-58.1646232,2.820639],[-58.1656444,2.8211762],[-58.1662989,2.8211441],[-58.1669533,2.8208226],[-58.1676293,2.8203189],[-58.167992,2.8196959],[-58.1682389,2.8171027],[-58.1680886,2.8120449],[-58.1685178,2.8027863],[-58.1682174,2.7988857],[-58.1670158,2.7940313],[-58.1663311,2.7931218],[-58.164947,2.7914823],[-58.1640566,2.7910108],[-58.1631963,2.7908486],[-58.1565015,2.7912986],[-58.1503002,2.7925202],[-58.1493473,2.792854],[-58.1487124,2.793549],[-58.1457298,2.7982212],[-58.1455386,2.7985496],[-58.1449163,2.7990639],[-58.144294,2.7993318],[-58.1437683,2.7993586],[-58.1428725,2.7992729],[-58.1420624,2.7990639],[-58.1413811,2.7986674],[-58.1405121,2.7979173],[-58.1391764,2.795833],[-58.1385648,2.7944721],[-58.1381893,2.7937648],[-58.1377924,2.7934326],[-58.1370628,2.7931326],[-58.1364083,2.792929],[-58.1356359,2.7926182],[-58.1353247,2.7923503],[-58.1349385,2.7914608],[-58.1347668,2.790775],[-58.1348507,2.7900127],[-58.1351745,2.7889747],[-58.1359148,2.7876459],[-58.1376402,2.7859191],[-58.1380177,2.7852991],[-58.138125,2.784281],[-58.1379962,2.7830272],[-58.137447,2.7815041],[-58.1356875,2.7783963],[-58.135314,2.7772941],[-58.1350887,2.7760403],[-58.1349278,2.7744436],[-58.1346595,2.7736505],[-58.1339622,2.7725789],[-58.1334901,2.7721288],[-58.1312478,2.7713037],[-58.1296814,2.7708107],[-58.1280506,2.770082],[-58.1266451,2.7692247],[-58.1256668,2.7682803],[-58.1241024,2.7667385],[-58.1213665,2.7638451],[-58.1207959,2.7630614],[-58.1180621,2.7582191],[-58.1176114,2.7567616],[-58.1175343,2.7548419],[-58.1180191,2.7500102],[-58.1181049,2.7480384],[-58.118695,2.7467524],[-58.1190276,2.7460773],[-58.1191436,2.745465],[-58.1192208,2.7417585],[-58.1190759,2.735918],[-58.119884,2.7344698],[-58.1205565,2.7339569],[-58.1209481,2.7337693],[-58.1216542,2.7336874],[-58.124435,2.7338282],[-58.1252879,2.7337425],[-58.1260658,2.7334639],[-58.1267363,2.7330834],[-58.1272674,2.7324779],[-58.1280559,2.7311544],[-58.1289498,2.7300385],[-58.1306362,2.7287485],[-58.1320612,2.7277718],[-58.1342833,2.7259314],[-58.1347239,2.7253299],[-58.1353033,2.7247083],[-58.1368053,2.7237653],[-58.1376743,2.7233152],[-58.1385648,2.7232937],[-58.1400132,2.7234545],[-58.1415796,2.723851],[-58.1436396,2.7248369],[-58.148725,2.7268838],[-58.1503236,2.7272482],[-58.1527913,2.7274733],[-58.1550658,2.7269481],[-58.1556559,2.7265195],[-58.1564498,2.7254692],[-58.1567931,2.724419],[-58.1568575,2.7232509],[-58.1567073,2.7217291],[-58.1554306,2.7175281],[-58.1551623,2.7164136],[-58.1550443,2.7154812],[-58.1551194,2.7138201],[-58.1552267,2.7123412],[-58.1549585,2.7099514],[-58.1550658,2.7081616],[-58.1557739,2.7063291],[-58.1566429,2.7043464],[-58.1601064,2.7007655],[-58.1607199,2.6951406],[-58.1615567,2.6918183],[-58.1619752,2.6908645],[-58.1619946,2.6897914],[-58.1604731,2.6867277],[-58.1603229,2.685656],[-58.1610847,2.6845843],[-58.162338,2.6837898],[-58.170172,2.6828696],[-58.1728113,2.68183],[-58.1734228,2.6811227],[-58.1740451,2.6796223],[-58.1747317,2.6765036],[-58.1745601,2.6752069],[-58.1730419,2.6701376],[-58.1731385,2.6694089],[-58.1735784,2.6685944],[-58.174367,2.667737],[-58.1755149,2.666751],[-58.1778646,2.6654864],[-58.1820595,2.6643396],[-58.1885719,2.6630643],[-58.1924772,2.6633751],[-58.1981099,2.6645004],[-58.2003522,2.6648862],[-58.2033455,2.6665903],[-58.2054162,2.6665367],[-58.2066822,2.6653256],[-58.2077337,2.6623891],[-58.2080555,2.6598813],[-58.2074976,2.6571162],[-58.2005112,2.6496448],[-58.199687,2.6479636],[-58.1998245,2.6460009],[-58.2011334,2.6424641],[-58.2016611,2.6397969],[-58.2024765,2.6349741],[-58.2026053,2.6317802],[-58.2021117,2.627579],[-58.2024551,2.6248996],[-58.2028842,2.6227989],[-58.2043433,2.6193907],[-58.2054162,2.6160897],[-58.205781,2.6145035],[-58.2059527,2.6094876],[-58.206384,2.59873],[-58.2067983,2.595478],[-58.2042233,2.5812447],[-58.2040429,2.5777628],[-58.204,2.5748046],[-58.2043863,2.5719751],[-58.2046223,2.5705388],[-58.2052875,2.5681166],[-58.2053626,2.5675163],[-58.205266,2.5668304],[-58.2050387,2.5661751],[-58.2046437,2.5657157],[-58.2037532,2.5649654],[-58.203367,2.5642581],[-58.2031524,2.563765],[-58.2028198,2.5622109],[-58.2025067,2.5596371],[-58.2018757,2.5557908],[-58.201071,2.5514284],[-58.2007151,2.5497013],[-58.2010262,2.5483401],[-58.2014304,2.5475967],[-58.2019917,2.5467753],[-58.2030988,2.5459621],[-58.2085792,2.5433561],[-58.2114995,2.5415998],[-58.2143513,2.5397869],[-58.2153813,2.5382006],[-58.2157803,2.5368945],[-58.2157803,2.5357905],[-58.2153813,2.5342563],[-58.2124631,2.527225],[-58.2112614,2.5241381],[-58.2110167,2.5221781],[-58.2113171,2.5192627],[-58.2120037,2.5172476],[-58.2125703,2.5151346],[-58.2138276,2.5106879],[-58.2143533,2.5089944],[-58.2157461,2.5077174],[-58.2167673,2.507408],[-58.217806,2.5077282],[-58.2186429,2.5083605],[-58.2196426,2.5095785],[-58.2203863,2.5099844],[-58.2210589,2.5099751],[-58.2215953,2.5097661],[-58.2220761,2.5093895],[-58.2222927,2.5089461],[-58.2224,2.508362],[-58.2225394,2.5060361],[-58.2226682,2.5043854],[-58.2226253,2.5030241],[-58.2224214,2.5023703],[-58.2221317,2.5016093],[-58.2212198,2.4999908],[-58.2206404,2.4991333],[-58.2190633,2.4969252],[-58.2189024,2.4964107],[-58.2189004,2.4955625],[-58.2200718,2.4913944],[-58.2209087,2.4875357],[-58.2214665,2.4850596],[-58.2217401,2.4845291],[-58.2220244,2.4840038],[-58.2222873,2.4836555],[-58.2234567,2.4823371],[-58.2235587,2.4821548],[-58.2236499,2.4817636],[-58.2240361,2.4791375],[-58.2240629,2.4788481],[-58.2239503,2.478414],[-58.2237196,2.4775618],[-58.2236445,2.4772885],[-58.2242775,2.4745016],[-58.2243794,2.4740997],[-58.2249193,2.472603],[-58.2253182,2.471779],[-58.2257152,2.471093],[-58.2264984,2.4704606],[-58.2268202,2.4700855],[-58.2270348,2.4695924],[-58.2270992,2.4672664],[-58.2276678,2.4630539],[-58.2279253,2.4615747],[-58.2283867,2.460685],[-58.2296419,2.4598918],[-58.2316589,2.4591522],[-58.2327962,2.4587663],[-58.2338905,2.4580696],[-58.236562,2.4557971],[-58.237195,2.4546395],[-58.2382465,2.4524742],[-58.2388902,2.4511129],[-58.2402957,2.4487119],[-58.2417011,2.4469968],[-58.242935,2.4459999],[-58.2435894,2.4454962],[-58.2443619,2.4451317],[-58.2459712,2.4449173],[-58.2486427,2.4449495],[-58.2505202,2.4450674],[-58.2525587,2.4456141],[-58.2556486,2.4462465],[-58.2578695,2.4465573],[-58.2610774,2.4471147],[-58.2622885,2.4471926],[-58.2627511,2.4474149],[-58.2633734,2.4479615],[-58.2637596,2.448326],[-58.2643283,2.4491621],[-58.2651168,2.4502554],[-58.2655621,2.4508074],[-58.2661307,2.4513595],[-58.266753,2.4517989],[-58.2676971,2.4520991],[-58.2688558,2.4522706],[-58.2699697,2.4522369],[-58.2730381,2.4522369],[-58.2753897,2.4521741],[-58.2766342,2.4518633],[-58.2777822,2.4512844],[-58.2782436,2.4507592],[-58.2785654,2.4501697],[-58.2787264,2.4493872],[-58.2787264,2.4483045],[-58.2784903,2.4474792],[-58.2780826,2.4465359],[-58.2775227,2.4455912],[-58.2767522,2.4447029],[-58.2755399,2.4435024],[-58.2740486,2.4421411],[-58.2733405,2.4412514],[-58.2727289,2.4402652],[-58.2721764,2.4393648],[-58.2718331,2.438711],[-58.2714073,2.4377877],[-58.2680814,2.4306701],[-58.2671714,2.4280454],[-58.2669997,2.4271557],[-58.2668817,2.4263732],[-58.2668066,2.4254835],[-58.266834,2.4244926],[-58.2673538,2.4232003],[-58.2678259,2.4222463],[-58.2683516,2.4212494],[-58.2695961,2.4189555],[-58.2702828,2.4174334],[-58.2708192,2.4159541],[-58.2713,2.4143983],[-58.2723642,2.4104336],[-58.2727397,2.409351],[-58.2731044,2.4082469],[-58.2733834,2.4074751],[-58.2735443,2.4065854],[-58.2735658,2.4057386],[-58.2734585,2.4047417],[-58.2732439,2.4037233],[-58.2728362,2.4029837],[-58.2722139,2.4023083],[-58.2715058,2.4018796],[-58.2706563,2.4014708],[-58.269006,2.4007648],[-58.2678259,2.400143],[-58.2670299,2.3994556],[-58.2664204,2.3987709],[-58.2658517,2.3979777],[-58.2654119,2.3972488],[-58.2651866,2.3965627],[-58.2649934,2.3959517],[-58.2649076,2.3953086],[-58.2648862,2.3946011],[-58.2649915,2.3939672],[-58.2652724,2.3932719],[-58.2657874,2.3927037],[-58.2661522,2.3920927],[-58.2664847,2.3911816],[-58.2665598,2.3904419],[-58.2665062,2.3896594],[-58.2662809,2.3885231],[-58.266002,2.3875798],[-58.2656801,2.3869259],[-58.2651973,2.3861863],[-58.2646608,2.3855753],[-58.2642102,2.3851036],[-58.2635558,2.3845891],[-58.2626116,2.3840852],[-58.2614637,2.3836457],[-58.2601977,2.3833349],[-58.25864,2.3831619],[-58.2558336,2.3830663],[-58.2533185,2.3829904],[-58.2528484,2.3828846],[-58.2526392,2.3827185],[-58.2524085,2.3822951],[-58.2519238,2.3811252],[-58.250531,2.3768924],[-58.2491255,2.3734728],[-58.2481814,2.3721329],[-58.2475356,2.3717134],[-58.2466149,2.3714147],[-58.2452719,2.3712846],[-58.238341,2.3719706],[-58.2362723,2.372165],[-58.2351653,2.372035],[-58.233043,2.3713718],[-58.2300155,2.370084],[-58.2289553,2.3693672],[-58.2279682,2.368381],[-58.2273889,2.3675878],[-58.2269256,2.366525],[-58.2265735,2.3654009],[-58.2263032,2.3639952],[-58.226434,2.3626031],[-58.2273547,2.3583995],[-58.2290089,2.3556031],[-58.2293844,2.3545311],[-58.2300228,2.3535931],[-58.2300013,2.3528803],[-58.2297143,2.3523041],[-58.2296044,2.3517869],[-58.2296392,2.3508676],[-58.2296634,2.3502352],[-58.2295775,2.3494392],[-58.2294361,2.348816],[-58.2304788,2.3463198],[-58.2307363,2.3457409],[-58.2310152,2.3453228],[-58.2313693,2.3449583],[-58.2318735,2.3445403],[-58.2325602,2.3441972],[-58.2333326,2.3438971],[-58.2341695,2.3437577],[-58.2351995,2.3434575],[-58.2361436,2.3431252],[-58.2370234,2.3426536],[-58.2377637,2.3420854],[-58.2384181,2.3414851],[-58.2406604,2.339384],[-58.2414651,2.3387515],[-58.2421625,2.3382584],[-58.2428277,2.3378618],[-58.2436001,2.3375295],[-58.2448983,2.3370578],[-58.2468295,2.3364896],[-58.2492542,2.3359],[-58.2506061,2.335632],[-58.2515073,2.3354819],[-58.252736,2.3353273],[-58.256859,2.3352018],[-58.2582879,2.335289],[-58.2591462,2.3355248],[-58.2598972,2.3359751],[-58.2606053,2.3366933],[-58.2611954,2.3376045],[-58.2615709,2.3386122],[-58.2617962,2.3397592],[-58.2618606,2.3408526],[-58.261807,2.341528],[-58.2615817,2.3425464],[-58.2614315,2.3432539],[-58.2614851,2.3438863],[-58.261646,2.3443044],[-58.2618606,2.3446153],[-58.2623702,2.3450387],[-58.2630193,2.3453764],[-58.2638884,2.3456873],[-58.265208,2.3458266],[-58.2665062,2.3458481],[-58.2677937,2.3457623],[-58.2693923,2.3454943],[-58.2707012,2.3451406],[-58.2716131,2.3447439],[-58.2723642,2.3441007],[-58.2730615,2.3434361],[-58.2735872,2.3427929],[-58.274349,2.3416995],[-58.275218,2.3403917],[-58.2762909,2.3384192],[-58.2765913,2.337701],[-58.2768381,2.3369506],[-58.2769668,2.3360179],[-58.2769863,2.3351588],[-58.2769005,2.3321145],[-58.2768595,2.3296449],[-58.276922,2.3288555],[-58.2770312,2.3280477],[-58.2772458,2.3273294],[-58.2775033,2.3268041],[-58.2778144,2.3263164],[-58.2783455,2.3257],[-58.2788015,2.325223],[-58.2793218,2.3247245],[-58.2798904,2.3242635],[-58.2803786,2.3239258],[-58.2809955,2.3235453],[-58.2817519,2.3232022],[-58.2842571,2.3223178],[-58.2850403,2.3221249],[-58.285861,2.3217497],[-58.2864618,2.3213423],[-58.2869822,2.3207795],[-58.287406,2.3200934],[-58.2877117,2.3193859],[-58.2878512,2.3186623],[-58.2880155,2.3175478],[-58.2885875,2.3101934],[-58.288672,2.3086283],[-58.2884359,2.3078243],[-58.2880068,2.3072132],[-58.2870198,2.30657],[-58.2853461,2.3060555],[-58.2835222,2.3059911],[-58.2817841,2.3062484],[-58.2808292,2.3067201],[-58.2782221,2.3084246],[-58.2777286,2.3087033],[-58.2770205,2.3087569],[-58.2766128,2.308564],[-58.2762353,2.3082087],[-58.2758832,2.307642],[-58.2757203,2.3070509],[-58.2756686,2.306302],[-58.2757632,2.3054858],[-58.27613,2.3042973],[-58.2764713,2.3035777],[-58.2771707,2.3024535],[-58.2784474,2.3008133],[-58.2798421,2.2995376],[-58.281943,2.2978745],[-58.2827926,2.2975115],[-58.2836724,2.2973292],[-58.2845307,2.2972756],[-58.2852495,2.2974686],[-58.2860327,2.2978545],[-58.2888953,2.2994182],[-58.2900453,2.3000414],[-58.2911825,2.3004917],[-58.2928348,2.3008562],[-58.2938755,2.3010491],[-58.2948035,2.3010706],[-58.2954419,2.3009634],[-58.2961178,2.3008133],[-58.2967079,2.3006846],[-58.2977378,2.3006096],[-58.2986391,2.3006632],[-58.2995939,2.3010277],[-58.2998822,2.3012156],[-58.3009029,2.3012421],[-58.3020508,2.3009205],[-58.3027482,2.2999878],[-58.3029735,2.2988301],[-58.3033276,2.2948636],[-58.3037782,2.2930197],[-58.3048296,2.2913259],[-58.3061385,2.2896964],[-58.3116961,2.284615],[-58.3136487,2.2833286],[-58.3158374,2.2823637],[-58.3177257,2.2812274],[-58.3189488,2.2795336],[-58.3196569,2.2772823],[-58.3213091,2.2727583],[-58.3225107,2.2700996],[-58.324163,2.2676554],[-58.3253217,2.2662188],[-58.3259899,2.2653381],[-58.3261585,2.2642141],[-58.3261478,2.2632064],[-58.3254504,2.2606228],[-58.3239806,2.2572243],[-58.3233905,2.2557985],[-58.3221996,2.2549302],[-58.3201075,2.2548122],[-58.3173824,2.2551339],[-58.3137024,2.2557985],[-58.3121145,2.2555948],[-58.3105266,2.2550374],[-58.3095932,2.2542548],[-58.3089495,2.2521321],[-58.3092284,2.2500952],[-58.3097649,2.2479725],[-58.3105159,2.2454639],[-58.3143139,2.2395461],[-58.3160734,2.2365658],[-58.3174896,2.2356384],[-58.3191633,2.2349362],[-58.3217275,2.2341107],[-58.3245599,2.2334782],[-58.3259332,2.233103],[-58.3263946,2.2327599],[-58.3267486,2.2322453],[-58.3268774,2.2318165],[-58.326931,2.2311625],[-58.3267272,2.2304335],[-58.3261585,2.2293615],[-58.3253861,2.2283216],[-58.3246243,2.2278927],[-58.3238947,2.2276354],[-58.3213306,2.2274103],[-58.3200967,2.2271423],[-58.3192921,2.2268421],[-58.3176184,2.2257271],[-58.3166742,2.2250946],[-58.3156014,2.224773],[-58.3141852,2.2249017],[-58.3128548,2.225309],[-58.3110094,2.2265741],[-58.3075977,2.2291471],[-58.3062673,2.2297045],[-58.3053231,2.2298975],[-58.3030915,2.2300047],[-58.2953668,2.2301119],[-58.2939935,2.229919],[-58.2920837,2.2296482],[-58.2914346,2.2297823],[-58.2905656,2.2302834],[-58.2898361,2.2308356],[-58.2892567,2.2312858],[-58.2878137,2.2318701],[-58.286612,2.2321757],[-58.284654,2.2325348],[-58.2817197,2.2328135],[-58.2807541,2.2333925],[-58.2799045,2.2346239],[-58.2785011,2.2369088],[-58.2771921,2.2383025],[-58.2745743,2.2410041],[-58.2732225,2.2431054],[-58.2725787,2.2450994],[-58.2720208,2.2486586],[-58.2713986,2.2505455],[-58.2703471,2.2523787],[-58.2693172,2.2528182],[-58.2683087,2.2526252],[-58.266871,2.2514674],[-58.2658839,2.251446],[-58.2652617,2.2521535],[-58.2653475,2.2535687],[-58.2660556,2.2557342],[-58.2671714,2.257278],[-58.268137,2.2581142],[-58.2696692,2.2588309],[-58.2718277,2.259272],[-58.272509,2.2597222],[-58.2727289,2.2603976],[-58.2726109,2.2613196],[-58.2722998,2.2624452],[-58.2715273,2.2634744],[-58.2700253,2.2639032],[-58.2689417,2.2634637],[-58.2638884,2.2591648],[-58.2622147,2.2582214],[-58.2601118,2.2573852],[-58.2553697,2.2565061],[-58.2537389,2.2559486],[-58.2523871,2.2546836],[-58.2492542,2.2521321],[-58.2483316,2.2507813],[-58.2480955,2.249259],[-58.2485032,2.2475008],[-58.2487393,2.2455497],[-58.2491343,2.2404344],[-58.2495547,2.2351292],[-58.2494903,2.2336926],[-58.2490699,2.2326513],[-58.2468402,2.2299726],[-58.2466042,2.2293507],[-58.2468081,2.2286646],[-58.2480687,2.2275336],[-58.2602835,2.2184692],[-58.2637811,2.216518],[-58.2672231,2.2136327],[-58.2710123,2.2084559],[-58.2722998,2.2069979],[-58.2734585,2.2058615],[-58.2744241,2.2043606],[-58.2766343,2.1993432],[-58.2774711,2.1976707],[-58.2788015,2.1963628],[-58.2829669,2.1929266],[-58.2853246,2.1908307],[-58.2859576,2.1905734],[-58.2866335,2.1904555],[-58.2880175,2.1905841],[-58.2890582,2.190552],[-58.2896376,2.1902303],[-58.2900024,2.189973],[-58.2901633,2.1896085],[-58.2903779,2.189051],[-58.2902706,2.1879897],[-58.2873845,2.180099],[-58.2860971,2.1778904],[-58.2838333,2.175371],[-58.2812423,2.1727443],[-58.2808828,2.172235],[-58.2804912,2.171565],[-58.2803142,2.1709967],[-58.2801318,2.1703428],[-58.2789946,2.1659042],[-58.2782221,2.1644354],[-58.2772672,2.1631703],[-58.276366,2.162527],[-58.2754219,2.162066],[-58.2749283,2.1616693],[-58.2748211,2.1612083],[-58.2747567,2.1607151],[-58.2749605,2.1600397],[-58.2753039,2.1593536],[-58.2773316,2.1564159],[-58.2784152,2.1552795],[-58.2801211,2.1544968],[-58.2811511,2.1542395],[-58.2868783,2.1538307],[-58.2894659,2.1535427],[-58.2901311,2.1536284],[-58.2904744,2.1541859],[-58.2905904,2.1551816],[-58.2907105,2.1566089],[-58.2911825,2.1573165],[-58.2918906,2.1575095],[-58.2927791,2.1573258],[-58.2944012,2.1555797],[-58.2947231,2.1546791],[-58.2946674,2.1520295],[-58.294251,2.1500904],[-58.2933585,2.1485986],[-58.2930923,2.1469598],[-58.2933799,2.1450178],[-58.2947532,2.1406863],[-58.2951181,2.1380704],[-58.2954741,2.1369461],[-58.2962895,2.1360455],[-58.2982723,2.1349611],[-58.3023921,2.1322593],[-58.3045936,2.1312852],[-58.3077781,2.130887],[-58.3089752,2.1308404],[-58.3111902,2.1305485],[-58.3138291,2.1302008],[-58.3176914,2.1286569],[-58.3212749,2.1267271],[-58.3236138,2.1246257],[-58.3255792,2.1215286],[-58.3272314,2.1181835],[-58.328592,2.1133038],[-58.3294201,2.1120508],[-58.3313815,2.1108378],[-58.3327139,2.1105176],[-58.3340316,2.1103661],[-58.3357803,2.1105805],[-58.3376437,2.1114718],[-58.3389132,2.1123388],[-58.3397627,2.1134661],[-58.3399612,2.1141415],[-58.3399773,2.1147098],[-58.3395784,2.1166274],[-58.3376954,2.1204818],[-58.3376277,2.1212981],[-58.3376599,2.1220701],[-58.3379475,2.1227816],[-58.3405815,2.1255371],[-58.3411306,2.1259405],[-58.3417422,2.1260531],[-58.3424181,2.1259137],[-58.3429599,2.125592],[-58.3435695,2.1248401],[-58.3453444,2.1212713],[-58.3457494,2.1201992],[-58.3459191,2.1192328],[-58.3456723,2.1152122],[-58.3455455,2.1132838],[-58.3456938,2.1114168],[-58.3468008,2.1063898],[-58.3467364,2.1052104],[-58.3464146,2.1039453],[-58.345329,2.1008452],[-58.3448783,2.098894],[-58.3448911,2.0985282],[-58.3449608,2.098161],[-58.3450896,2.0977804],[-58.34539,2.0971156],[-58.3458996,2.0966546],[-58.346595,2.096369],[-58.3485691,2.0960849],[-58.3499122,2.0961346],[-58.3513499,2.0962552],[-58.3523557,2.0961614],[-58.3532838,2.0960059],[-58.3538711,2.0957379],[-58.3543412,2.0953558],[-58.3568088,2.092075],[-58.3600489,2.0889443],[-58.3635465,2.0852131],[-58.3665936,2.0806027],[-58.3670676,2.0792961],[-58.3677757,2.0767283],[-58.3680707,2.0759402],[-58.368573,2.0751829],[-58.3695332,2.0748129],[-58.3710051,2.0746536],[-58.3719653,2.0750074],[-58.3727734,2.0754777],[-58.3731508,2.0759349],[-58.3733654,2.0763905],[-58.3736229,2.0771089],[-58.373739,2.077815],[-58.3736746,2.0830258],[-58.373344,2.0865548],[-58.3733332,2.0876108],[-58.3734727,2.0884418],[-58.3739321,2.0896948],[-58.3746743,2.0921729],[-58.3756057,2.0963851],[-58.3775926,2.1026158],[-58.3778159,2.1047909],[-58.377773,2.106978],[-58.3776999,2.1121366],[-58.3776033,2.1133588],[-58.3773995,2.1142916],[-58.377099,2.115085],[-58.3760369,2.1173794],[-58.3749533,2.1203171],[-58.373344,2.1262997],[-58.3726519,2.128519],[-58.3726144,2.1292802],[-58.3726573,2.1297145],[-58.3727519,2.1302437],[-58.3729845,2.1306365],[-58.3731723,2.1307973],[-58.3734566,2.1309206],[-58.3739179,2.1309045],[-58.3746046,2.1307437],[-58.3751303,2.1305025],[-58.3800602,2.1278757],[-58.3857123,2.1246471],[-58.3873002,2.1243684],[-58.3898449,2.1244663],[-58.3910787,2.1243698],[-58.3922569,2.1239824],[-58.3958833,2.1222884],[-58.401947,2.1201348],[-58.4037173,2.1193843],[-58.4042752,2.1187732],[-58.4046185,2.1176689],[-58.4045522,2.1159413],[-58.4045112,2.1148813],[-58.4041874,2.1137005],[-58.403256,2.1111288],[-58.4028999,2.1094118],[-58.4029985,2.1089523],[-58.4031916,2.1085556],[-58.4034491,2.108191],[-58.40452,2.1073855],[-58.4105945,2.1040954],[-58.4116976,2.1032684],[-58.4134913,2.1009647],[-58.4141886,2.1000319],[-58.4150147,2.0990991],[-58.416152,2.0983593],[-58.4186208,2.0973589],[-58.4228663,2.095313],[-58.4234691,2.0947408],[-58.4237588,2.0942315],[-58.4241,2.0934688],[-58.4272759,2.0896305],[-58.427648,2.089144],[-58.4278605,2.08851],[-58.428061,2.0853111],[-58.4279805,2.0846248],[-58.4277177,2.0838529],[-58.4271257,2.0831331],[-58.4222762,2.0813747],[-58.4217686,2.0810384],[-58.4213448,2.0804648],[-58.4212536,2.0801646],[-58.4213213,2.0797718],[-58.4245044,2.0758384],[-58.4249477,2.0754187],[-58.4279839,2.0736335],[-58.4291714,2.072788],[-58.4299493,2.0721876],[-58.4302604,2.071689],[-58.4306098,2.0703982],[-58.4312046,2.0692445],[-58.4317142,2.0686815],[-58.4320736,2.0683921],[-58.4338768,2.0679108],[-58.4399888,2.0659528],[-58.4405923,2.0653042],[-58.4406889,2.0649235],[-58.4406869,2.06452],[-58.4406245,2.0635243],[-58.43997,2.0601577],[-58.4398949,2.0595036],[-58.4397233,2.0588764],[-58.4395301,2.0584529],[-58.4391654,2.0581151],[-58.4384948,2.0574879],[-58.436966,2.0566194],[-58.435936,2.0559868],[-58.4349275,2.0552685],[-58.4346572,2.0549561],[-58.4342623,2.0544107],[-58.4323284,2.0511941],[-58.432138,2.0510413],[-58.4319583,2.0509261],[-58.4316445,2.0508403],[-58.4312019,2.0508644],[-58.4305803,2.0509889],[-58.4297776,2.0514407],[-58.4277284,2.0535958],[-58.4272456,2.0540783],[-58.4268862,2.0542284],[-58.426559,2.0542499],[-58.4262425,2.0541695],[-58.4259884,2.0539911],[-58.4256953,2.0532152],[-58.4252715,2.0512263],[-58.4252179,2.0503042],[-58.4252071,2.0496073],[-58.425411,2.0488246],[-58.4257865,2.0481062],[-58.4263766,2.0477095],[-58.4284365,2.0469589],[-58.4300351,2.0465193],[-58.4328783,2.045608],[-58.4339726,2.0453292],[-58.4359789,2.0451684],[-58.4375024,2.0448467],[-58.4383178,2.0446215],[-58.4390776,2.0442127],[-58.4395006,2.043804],[-58.4404957,2.0419544],[-58.4406325,2.041807],[-58.441173,2.0413138],[-58.4414694,2.0409439],[-58.4415257,2.0407295],[-58.4414922,2.0397766],[-58.4415311,2.039664],[-58.4416545,2.0395741],[-58.4435239,2.0384457],[-58.4437734,2.0380543],[-58.4439021,2.0377112],[-58.4439236,2.0371805],[-58.443709,2.036505],[-58.4412628,2.0336958],[-58.4400451,2.0329613],[-58.4397501,2.0325994],[-58.4397286,2.0320339],[-58.4398332,2.0313182],[-58.4404314,2.0300396],[-58.4412038,2.0285385],[-58.4424269,2.0262546],[-58.4433818,2.0244641],[-58.4436554,2.0218318],[-58.4442133,2.0197785],[-58.4448946,2.0185883],[-58.4458762,2.0175858],[-58.4468794,2.0166047],[-58.4475607,2.0161222],[-58.4482312,2.015897],[-58.4486067,2.0157523],[-58.4492397,2.0157201],[-58.4505916,2.0156504],[-58.4523618,2.0157898],[-58.4531075,2.0157576],[-58.4537458,2.0155968],[-58.454411,2.015318],[-58.4550816,2.0147498],[-58.4571737,2.0123909],[-58.4591532,2.0103697],[-58.4605211,2.0090455],[-58.4615082,2.0081181],[-58.4616939,2.0078646],[-58.462168,2.0071691],[-58.4628117,2.0052391],[-58.464421,2.0029767],[-58.4654295,2.0022101],[-58.4660626,2.0019688],[-58.4664381,2.001926],[-58.466658,2.0019903],[-58.4668994,2.0021994],[-58.4682512,2.003411],[-58.4689111,2.0037273],[-58.4691954,2.0037541],[-58.4715557,2.0036522],[-58.4744257,2.0035289],[-58.476373,2.0033842],[-58.4776712,2.0029928],[-58.4781647,2.0026712],[-58.478567,2.0023173],[-58.4789264,2.0018991],[-58.4793127,2.0011647],[-58.4798901,2.0001231],[-58.4803855,1.9994009],[-58.4812546,1.9984734],[-58.4818715,1.9979373],[-58.4843981,1.9966023],[-58.4864044,1.9955837],[-58.4884429,1.9946133],[-58.489489,1.9938467],[-58.4899771,1.9933106],[-58.4902024,1.9928442],[-58.4903204,1.99256],[-58.4903687,1.9920936],[-58.4904063,1.9911768],[-58.4904492,1.9899062],[-58.4906209,1.989295],[-58.4910232,1.9886356],[-58.4920692,1.9871399],[-58.4927988,1.9859014],[-58.4933655,1.9845971],[-58.4937303,1.9829674],[-58.4939877,1.9793646],[-58.4944074,1.9775448],[-58.4957687,1.9743465],[-58.4962589,1.9729916],[-58.4969348,1.970563],[-58.4979165,1.9666332],[-58.4982222,1.9648854],[-58.4983617,1.9635612],[-58.4981203,1.9615185],[-58.4981579,1.9610521],[-58.4983081,1.9607304],[-58.4985602,1.9604784],[-58.4989572,1.9602694],[-58.4995097,1.9601299],[-58.5005719,1.9600656],[-58.5022509,1.960012],[-58.5048956,1.9600817],[-58.5066551,1.9601782],[-58.5093212,1.9603658],[-58.51188,1.9610092],[-58.5131782,1.9613416],[-58.5141653,1.9614917],[-58.5147929,1.9615024],[-58.5154957,1.9614113],[-58.5163862,1.9612719],[-58.5172713,1.961288],[-58.5183924,1.9614435],[-58.5191971,1.9617812],[-58.5197926,1.9618134],[-58.5200822,1.9616847],[-58.5202646,1.9615507],[-58.5205007,1.9612344],[-58.5207045,1.9605213],[-58.5207883,1.9597211],[-58.5207582,1.9591649],[-58.5206348,1.9585591],[-58.5202432,1.95746],[-58.5197282,1.956361],[-58.5189215,1.9550889],[-58.5179687,1.9542272],[-58.5167724,1.9533694],[-58.5159838,1.9528761],[-58.5145164,1.9514527],[-58.5139132,1.9508898],[-58.5135806,1.950426],[-58.5133231,1.9497934],[-58.5132138,1.9490842],[-58.5131836,1.9485388],[-58.5132782,1.9475402],[-58.5141277,1.9449253],[-58.5148875,1.9428865],[-58.5153616,1.9419658],[-58.5161018,1.940915],[-58.5172927,1.9398642],[-58.5186875,1.9391565],[-58.5195029,1.9389635],[-58.5215414,1.9387383],[-58.5228825,1.938749],[-58.5263801,1.9388992],[-58.5288263,1.9391887],[-58.529883,1.9393173],[-58.530457,1.9391887],[-58.5308325,1.9389635],[-58.5310793,1.938674],[-58.5313046,1.9382022],[-58.5313368,1.9374409],[-58.5312295,1.9368511],[-58.5309398,1.9358753],[-58.5302532,1.9344814],[-58.5290408,1.9325942],[-58.5276675,1.9308786],[-58.5243845,1.9272543],[-58.5234189,1.9261713],[-58.5227967,1.9256566],[-58.5219813,1.9253242],[-58.5210478,1.925099],[-58.5200286,1.9251419],[-58.5148358,1.9255922],[-58.5106409,1.9257638],[-58.5096484,1.9255708],[-58.508715,1.9247987],[-58.5083556,1.9242894],[-58.5078621,1.9233673],[-58.5075831,1.9224236],[-58.5075885,1.9220805],[-58.5077602,1.9212227],[-58.5080767,1.9200807],[-58.5088813,1.9179469],[-58.5096377,1.9162473],[-58.5108393,1.9145424],[-58.5116279,1.9135612],[-58.5124755,1.9129232],[-58.5131943,1.9126283],[-58.5140956,1.9126659],[-58.5148627,1.9127838],[-58.5165417,1.9131859],[-58.5176897,1.9135076],[-58.5201037,1.9145048],[-58.5219437,1.9154109],[-58.5229468,1.9161562],[-58.523714,1.9170944],[-58.52395,1.9175448],[-58.5244542,1.9190299],[-58.5247278,1.9195339],[-58.525039,1.9198448],[-58.5256022,1.9200217],[-58.5259777,1.9200968],[-58.5263103,1.9201022],[-58.526718,1.9199949],[-58.5270882,1.9197269],[-58.5275227,1.9192122],[-58.5283629,1.9174093],[-58.5302727,1.9145784],[-58.5318177,1.9132059],[-58.5319456,1.9129366],[-58.5319805,1.9125533],[-58.5318625,1.9122209],[-58.5316372,1.9118456],[-58.5280752,1.9089236],[-58.527333,1.9082305],[-58.526879,1.9075082],[-58.5267019,1.9069774],[-58.5266483,1.9063179],[-58.5267234,1.9056692],[-58.5268682,1.9053636],[-58.5271418,1.9050794],[-58.5273725,1.904924],[-58.52763,1.9048382],[-58.5281932,1.9048489],[-58.5288423,1.9048971],[-58.5306126,1.905696],[-58.5314521,1.9059426],[-58.5324311,1.9060927],[-58.5338366,1.9062911],[-58.5354869,1.9066649],[-58.5364974,1.9070953],[-58.5381711,1.9081033],[-58.5407406,1.9100227],[-58.5411,1.9104784],[-58.5417008,1.9114274],[-58.5419852,1.9121458],[-58.5420871,1.9126176],[-58.5422587,1.9131377],[-58.5425431,1.9134754],[-58.5428381,1.9137114],[-58.5431117,1.9137596],[-58.5434979,1.9137596],[-58.5438466,1.9136202],[-58.5442489,1.9132878],[-58.5458636,1.9103873],[-58.547076,1.9088968],[-58.5487497,1.906838],[-58.5497367,1.9050687],[-58.5508955,1.9025703],[-58.5518718,1.8998574],[-58.5523546,1.8982168],[-58.5524297,1.8972303],[-58.5523546,1.8956218],[-58.5525477,1.8944959],[-58.5528159,1.8936381],[-58.554039,1.89248],[-58.5556215,1.8916543],[-58.5565656,1.8911718],[-58.5573971,1.8905713],[-58.5578886,1.88998],[-58.5586578,1.8889682],[-58.5600632,1.8868021],[-58.5607821,1.8856923],[-58.5609108,1.8854671],[-58.5609698,1.8851615],[-58.5610128,1.8846254],[-58.5608357,1.8836925],[-58.5606587,1.8830973],[-58.5603154,1.8826309],[-58.559677,1.882025],[-58.5591942,1.8816765],[-58.5586578,1.8809098],[-58.5583735,1.8803683],[-58.5580516,1.8793818],[-58.5578424,1.8786044],[-58.5576117,1.8782452],[-58.5568446,1.8776876],[-58.5564047,1.8773605],[-58.5562652,1.8770871],[-58.5561794,1.8765348],[-58.556158,1.8758539],[-58.5564208,1.8747333],[-58.557027,1.8727549],[-58.5571665,1.8722027],[-58.5572523,1.8715915],[-58.5572416,1.8709856],[-58.5571504,1.8703208],[-58.5570055,1.8698436],[-58.555979,1.8675902],[-58.5554069,1.8662514],[-58.5548598,1.8652648],[-58.5539317,1.8638708],[-58.552891,1.8627395],[-58.552258,1.8621015],[-58.5507989,1.8609916],[-58.5499781,1.8605574],[-58.5491896,1.8604019],[-58.5480899,1.860418],[-58.5472208,1.860493],[-58.5469043,1.8604448],[-58.5465664,1.8602946],[-58.5464001,1.8600909],[-58.5462177,1.8596834],[-58.5462445,1.8594368],[-58.5463947,1.8590132],[-58.5466415,1.8586057],[-58.5470096,1.8582183],[-58.5478592,1.8577532],[-58.5505716,1.8565669],[-58.551963,1.856118],[-58.5543528,1.8556006],[-58.5546425,1.8554531],[-58.5547739,1.8553405],[-58.5550046,1.8550403],[-58.5561598,1.8531629],[-58.5577947,1.8509271],[-58.5581321,1.8496358],[-58.55833,1.8481658],[-58.5585129,1.8452205],[-58.5586739,1.8446521],[-58.5589314,1.8442473],[-58.5591164,1.8439095],[-58.5594302,1.8435235],[-58.5597038,1.843301],[-58.5602081,1.8431991],[-58.5609403,1.8428104],[-58.5614419,1.8424458],[-58.5617602,1.8418457],[-58.5616028,1.8414164],[-58.561399,1.8409767],[-58.5610342,1.8404459],[-58.5604656,1.8398615],[-58.5581374,1.8381619],[-58.5554767,1.8360333],[-58.5530734,1.8340495],[-58.5524136,1.8334811],[-58.5516894,1.8329825],[-58.550536,1.8323123],[-58.5496938,1.8319799],[-58.5464564,1.8310898],[-58.5456088,1.8307172],[-58.5451984,1.8303365],[-58.5450268,1.8299102],[-58.5449382,1.8295403],[-58.5448658,1.8290953],[-58.544713,1.8288942],[-58.5441712,1.8285511],[-58.543691,1.8282213],[-58.5434416,1.8278514],[-58.543396,1.8274117],[-58.543805,1.8240533],[-58.5438553,1.8222309],[-58.5439968,1.8210634],[-58.5441524,1.8205916],[-58.5443187,1.8202646],[-58.544544,1.8201251],[-58.5447961,1.8200876],[-58.5452199,1.8201037],[-58.545869,1.8201037],[-58.5462177,1.8199],[-58.5464001,1.8195407],[-58.5465181,1.8192566],[-58.5465556,1.818892],[-58.5465127,1.8184845],[-58.5458509,1.8163116],[-58.5450268,1.8140503],[-58.5447264,1.8131603],[-58.5446245,1.8126187],[-58.5447103,1.8121844],[-58.5448981,1.8118199],[-58.5453755,1.8114177],[-58.5458851,1.8111336],[-58.5462062,1.8110124],[-58.5466951,1.8108279],[-58.5475032,1.8106496],[-58.548063,1.8105169],[-58.5489428,1.8101309],[-58.5495865,1.8096859],[-58.5501605,1.8089459],[-58.5506058,1.8085385],[-58.550874,1.8083669],[-58.5511939,1.8082903],[-58.5517645,1.808399],[-58.5521025,1.8085438],[-58.5528535,1.8092998],[-58.5534382,1.8097609],[-58.5537064,1.8100558],[-58.5537976,1.8103186],[-58.5538513,1.8108279],[-58.5538405,1.8111067],[-58.553803,1.8119592],[-58.5538888,1.8125062],[-58.5541892,1.8130852],[-58.5544896,1.8135142],[-58.5548329,1.8138841],[-58.5553137,1.8142097],[-58.5559756,1.8145972],[-58.5564637,1.814801],[-58.5572094,1.8150905],[-58.5579068,1.8152567],[-58.5584593,1.8153157],[-58.559103,1.815305],[-58.5599077,1.8151227],[-58.5602778,1.8149404],[-58.5605568,1.8146401],[-58.5607821,1.8142433],[-58.5610771,1.8137072],[-58.5617048,1.8113319],[-58.5618067,1.8107475],[-58.5618496,1.8104419],[-58.5617638,1.8101041],[-58.5615975,1.8099808],[-58.5612273,1.8098199],[-58.5608518,1.8098038],[-58.5602778,1.8100022],[-58.5594249,1.8102542],[-58.558647,1.8102006],[-58.5580516,1.8100183],[-58.5576385,1.8097502],[-58.5572577,1.8093106],[-58.5571504,1.8089888],[-58.5571289,1.8085814],[-58.5572362,1.8080666],[-58.5576332,1.8073106],[-58.5581642,1.8066779],[-58.5585754,1.8057596],[-58.5587382,1.8053214],[-58.5588328,1.8047516],[-58.5586953,1.8041793],[-58.5584593,1.8036056],[-58.5577619,1.8029944],[-58.5569009,1.8022384],[-58.5567427,1.8019328],[-58.5565522,1.8014717],[-58.5563457,1.8003658],[-58.5564154,1.7997237],[-58.5564423,1.798823],[-58.5564852,1.79789],[-58.5563779,1.7969785],[-58.5560292,1.7960938],[-58.5554425,1.795079],[-58.5545111,1.7942386],[-58.5533738,1.7934772],[-58.5526315,1.7929343],[-58.5520756,1.7922387],[-58.551666,1.7914544],[-58.5514265,1.7909197],[-58.5512388,1.7900779],[-58.5510993,1.7889573],[-58.5513568,1.7875578],[-58.5515121,1.7861857],[-58.5516089,1.7856437],[-58.551802,1.785145],[-58.5518986,1.7848876],[-58.5521722,1.7845391],[-58.5525799,1.7842067],[-58.5531646,1.7838796],[-58.5533738,1.7835955],[-58.5533738,1.7832684],[-58.553239,1.7828319],[-58.5526443,1.7822228],[-58.5517001,1.7815901],[-58.5507989,1.7811236],[-58.5501927,1.7806625],[-58.5496085,1.7801395],[-58.5482669,1.7788931],[-58.5468502,1.7777404],[-58.5442919,1.7760245],[-58.5431783,1.7752273],[-58.5422266,1.774298],[-58.541615,1.7735796],[-58.5415292,1.7732954],[-58.5415366,1.7729818],[-58.5417062,1.7727538],[-58.5419798,1.7725072],[-58.5424519,1.7724804],[-58.5429025,1.7725233],[-58.5436106,1.7727002],[-58.5445762,1.7730648],[-58.5468936,1.7739602],[-58.5482991,1.7743302],[-58.5491252,1.7744428],[-58.5503644,1.774491],[-58.5512441,1.7743677],[-58.5534275,1.7738155],[-58.5552278,1.773262],[-58.5567513,1.772601],[-58.5574745,1.7718018],[-58.558234,1.7709093],[-58.5590172,1.7701051],[-58.5596502,1.7697887],[-58.5604712,1.7695049],[-58.5616404,1.7691828],[-58.5627166,1.7690634],[-58.5631961,1.7691346],[-58.5635448,1.7692686],[-58.5637808,1.7694348],[-58.5638666,1.7696332],[-58.5639256,1.7703624],[-58.5640222,1.7709684],[-58.5642831,1.7714816],[-58.5646371,1.7717229],[-58.5651896,1.771739],[-58.5658515,1.7715528],[-58.5663966,1.7712724],[-58.5671369,1.7705003],[-58.5677485,1.7692564],[-58.5680509,1.7683785],[-58.5682869,1.7671239],[-58.5684157,1.7667807],[-58.5689608,1.7662967],[-58.5697192,1.7659389],[-58.570143,1.7658048],[-58.5706043,1.7656118],[-58.5714714,1.7647954],[-58.5728467,1.7636386],[-58.5741449,1.7624483],[-58.574869,1.7613652],[-58.5757039,1.7597391],[-58.5762564,1.7591761],[-58.5802904,1.7567954],[-58.58136,1.7558425],[-58.5834897,1.7541695],[-58.5843962,1.7536012],[-58.5850722,1.7532258],[-58.585453,1.7530489],[-58.5869926,1.7526575],[-58.5878563,1.7524162],[-58.5892081,1.751746],[-58.5894978,1.7514671],[-58.5896319,1.7512205],[-58.5896641,1.7506789],[-58.5894764,1.7498425],[-58.5894388,1.7494511],[-58.5894764,1.7490543],[-58.5896373,1.7487808],[-58.5899216,1.748502],[-58.5906082,1.7482285],[-58.5913677,1.7481979],[-58.5942165,1.7485167],[-58.5980755,1.7494081],[-58.5983384,1.7493277],[-58.5986495,1.7491401],[-58.5988212,1.7488076],[-58.5989211,1.7481466],[-58.5992396,1.7464537],[-58.5997097,1.7448866],[-58.6008865,1.7427218],[-58.6012654,1.7418518],[-58.6015517,1.7411669],[-58.601836,1.7400784],[-58.6020988,1.7387647],[-58.602587,1.7371347],[-58.6033487,1.7348022],[-58.6042607,1.7322821],[-58.6046845,1.7311829],[-58.6049795,1.7305609],[-58.6052243,1.7302216],[-58.605473,1.7299497],[-58.605868,1.7296641],[-58.6068195,1.7292151],[-58.6086273,1.728636],[-58.6102635,1.7282553],[-58.6113739,1.7278907],[-58.6118406,1.7276065],[-58.612082,1.7274671],[-58.6122698,1.7272204],[-58.61242,1.7269309],[-58.6124897,1.7264537],[-58.6124522,1.7260569],[-58.6123073,1.725526],[-58.6121357,1.7252687],[-58.6120418,1.7250756],[-58.6119881,1.7249577],[-58.6119425,1.724711],[-58.6119586,1.724518],[-58.6120391,1.7242499],[-58.6122,1.7240676],[-58.6124468,1.723896],[-58.612656,1.7238558],[-58.613281,1.7240086],[-58.6136028,1.7240997],[-58.6138818,1.7240997],[-58.6143351,1.7240703],[-58.6147106,1.7239818],[-58.6149278,1.7238316],[-58.6150458,1.7235314],[-58.6150888,1.7232579],[-58.6150673,1.7228343],[-58.6150003,1.7223276],[-58.6149144,1.7220568],[-58.6144879,1.7214536],[-58.6140883,1.7210005],[-58.6136967,1.7204268],[-58.6133158,1.7196654],[-58.6131227,1.7191989],[-58.6130422,1.7187699],[-58.6131924,1.7178477],[-58.6132675,1.7171077],[-58.6132032,1.7166466],[-58.6129618,1.7154455],[-58.6125926,1.7143595],[-58.6121249,1.7125017],[-58.6119962,1.7117028],[-58.612023,1.7110969],[-58.6121464,1.7103945],[-58.6123663,1.7098529],[-58.6127096,1.7093274],[-58.6135284,1.7079587],[-58.6145818,1.7066089],[-58.6161214,1.7048126],[-58.6171326,1.7032174],[-58.6173908,1.7028755],[-58.6177227,1.7026275],[-58.6181223,1.7024479],[-58.6184576,1.7023862],[-58.6187339,1.702405],[-58.6190772,1.7025136],[-58.6193006,1.7026395],[-58.6194983,1.7028031],[-58.6195546,1.7028916],[-58.6197129,1.7031463],[-58.6198188,1.7034707],[-58.6198497,1.7037026],[-58.6199543,1.7044024],[-58.6200643,1.7047],[-58.6202145,1.7049976],[-58.6203539,1.7051611],[-58.6205632,1.7053005],[-58.6207455,1.7053649],[-58.6209708,1.7054265],[-58.621172,1.7054238],[-58.6221564,1.7049949],[-58.6228913,1.7048984],[-58.6237335,1.7050485],[-58.6244363,1.7053166],[-58.6260295,1.7056383],[-58.6266196,1.7055793],[-58.6271668,1.7054292],[-58.6276476,1.7050845],[-58.6279446,1.7048555],[-58.628186,1.7044962],[-58.6283737,1.7041477],[-58.6284649,1.7036705],[-58.6285132,1.7033112],[-58.6284113,1.7028554],[-58.6283523,1.7026517],[-58.6281324,1.7024265],[-58.6278802,1.7023139],[-58.6275154,1.7022227],[-58.6268181,1.7022978],[-58.6262065,1.7024211],[-58.6254126,1.7024586],[-58.624785,1.7023943],[-58.6240232,1.7022013],[-58.6235029,1.7019653],[-58.6231434,1.7016114],[-58.6225855,1.7010377],[-58.6222422,1.700346],[-58.6219955,1.6997991],[-58.6216468,1.6992468],[-58.6210513,1.6986569],[-58.6203647,1.6982601],[-58.620193,1.6981207],[-58.6200482,1.6979438],[-58.6199248,1.6975255],[-58.619839,1.6971609],[-58.6198014,1.696933],[-58.6198369,1.696634],[-58.6199221,1.6964424],[-58.6200616,1.6961797],[-58.6202018,1.6957117],[-58.6202735,1.6954209],[-58.6203164,1.695008],[-58.6203091,1.6945428],[-58.6201877,1.6931823],[-58.6202627,1.6929034],[-58.6204076,1.6925174],[-58.6207026,1.6920884],[-58.6210835,1.6916594],[-58.6220813,1.6910589],[-58.6223844,1.6909141],[-58.6227015,1.6908322],[-58.62313,1.6908042],[-58.6235277,1.690843],[-58.6265016,1.6914342],[-58.62703,1.6913618],[-58.6274886,1.691134],[-58.6277917,1.6908873],[-58.6280124,1.6905212],[-58.6284844,1.6885051],[-58.6292267,1.6869944],[-58.6297504,1.6850305],[-58.6312437,1.6794231],[-58.6312974,1.6791389],[-58.6312437,1.6788011],[-58.6311472,1.6786242],[-58.630836,1.6785009],[-58.6304498,1.6784901],[-58.6299348,1.6785438],[-58.6293286,1.6785062],[-58.6287204,1.6783814],[-58.627154,1.6770946],[-58.6244631,1.6752192],[-58.6232702,1.67377],[-58.6227465,1.6722593],[-58.6222832,1.6706385],[-58.6222208,1.6699751],[-58.6222832,1.6692658],[-58.6231971,1.6675836],[-58.6234419,1.6656839],[-58.6228625,1.6607936],[-58.6226784,1.65827],[-58.6224461,1.6543497],[-58.6219472,1.6502262],[-58.6219794,1.6496203],[-58.6221027,1.6493254],[-58.62221,1.6490948],[-58.6224675,1.648832],[-58.6231595,1.6486765],[-58.6236994,1.6486857],[-58.62427,1.6487945],[-58.6247528,1.6489768],[-58.6253804,1.6493254],[-58.6267215,1.6501672],[-58.6269736,1.650253],[-58.6271909,1.6502771],[-58.627325,1.6502155],[-58.6274323,1.6500787],[-58.6274672,1.649942],[-58.6274457,1.6497087],[-58.6273062,1.6494165],[-58.62692,1.6487302],[-58.6261885,1.6479136],[-58.6253965,1.6471215],[-58.6243216,1.6462943],[-58.6235619,1.6458453],[-58.6215107,1.6449001],[-58.6209762,1.6446763],[-58.6196297,1.6443171],[-58.6191631,1.6441187],[-58.6188787,1.6438774],[-58.618691,1.6435181],[-58.618589,1.6432178],[-58.6185496,1.6427767],[-58.6186105,1.6421614],[-58.6188465,1.6410193],[-58.6190216,1.6404172],[-58.6191845,1.6400166],[-58.6195305,1.639534],[-58.6202198,1.6388315],[-58.6207965,1.6383248],[-58.6209226,1.6381398],[-58.6210728,1.6375339],[-58.6211479,1.6370513],[-58.621223,1.6367671],[-58.6214858,1.6362898],[-58.6224782,1.6354292],[-58.623232,1.6349627],[-58.6253882,1.6341108],[-58.6268966,1.6334999],[-58.628253,1.632984],[-58.6291623,1.6328151],[-58.6293554,1.6327615],[-58.6296183,1.6326328],[-58.6297631,1.6324612],[-58.6298302,1.6323566],[-58.6298597,1.6321502],[-58.6296827,1.6316783],[-58.6292696,1.6309329],[-58.6287499,1.6304412],[-58.6281592,1.6299838],[-58.6275637,1.6296621],[-58.6270595,1.6295977],[-58.6263567,1.6296782],[-58.6257057,1.6298143],[-58.6251766,1.6298176],[-58.6247742,1.6296674],[-58.6242056,1.6292063],[-58.6241407,1.6289978],[-58.624096,1.62854],[-58.6243063,1.6280449],[-58.6253375,1.626745],[-58.6258257,1.6262624],[-58.6261797,1.6261123],[-58.6267,1.6260211],[-58.6276817,1.6259997],[-58.6288351,1.6257316],[-58.6295768,1.6254165],[-58.6307824,1.6247181],[-58.6328933,1.6235813],[-58.6335826,1.6231362],[-58.6338701,1.6227098],[-58.6348145,1.6187323],[-58.6351276,1.617715],[-58.6353099,1.6174656],[-58.635546,1.6171895],[-58.6357016,1.6169348],[-58.635943,1.6160848],[-58.6361361,1.6146692],[-58.6361133,1.6145472],[-58.6360475,1.6143649],[-58.6359,1.614133],[-58.6356372,1.6139721],[-58.6350364,1.6137201],[-58.6345053,1.6134359],[-58.6339776,1.6130913],[-58.6334324,1.612342],[-58.6327116,1.6109463],[-58.6313725,1.6081272],[-58.6311847,1.6074676],[-58.6311525,1.6070333],[-58.6311901,1.6067062],[-58.6313081,1.6064542],[-58.6315763,1.6063094],[-58.6319391,1.6062275],[-58.6331105,1.6062128],[-58.63428,1.6062825],[-58.6354816,1.6064327],[-58.6368066,1.6067973],[-58.6375201,1.6068188],[-58.6377937,1.6068],[-58.6379902,1.6067208],[-58.6382335,1.6065828],[-58.6383891,1.6063684],[-58.638483,1.6061726],[-58.6384964,1.6058321],[-58.638432,1.6056042],[-58.6382476,1.6053266],[-58.637327,1.6044862],[-58.6364365,1.6038159],[-58.6323468,1.6008866],[-58.6300293,1.5990849],[-58.6298436,1.5988343],[-58.6291722,1.597435],[-58.6280465,1.5938527],[-58.627789,1.5925335],[-58.6277837,1.5916059],[-58.6277783,1.5910482],[-58.6278158,1.5907103],[-58.6279446,1.5904583],[-58.6281163,1.5902545],[-58.6284113,1.5901098],[-58.6288887,1.5902116],[-58.6294144,1.59041],[-58.6298329,1.5906835],[-58.6309272,1.5915522],[-58.6316031,1.5923834],[-58.6317641,1.5928285],[-58.6318177,1.5931395],[-58.6318284,1.593665],[-58.6320269,1.5943031],[-58.6322898,1.5946517],[-58.6327565,1.5948822],[-58.6331213,1.5949841],[-58.6344302,1.594657],[-58.6359429,1.5944264],[-58.6382765,1.5940833],[-58.6400682,1.5937508],[-58.6413717,1.5933647],[-58.6421067,1.5930215],[-58.6426538,1.5926622],[-58.6430776,1.5920134],[-58.6438018,1.5909945],[-58.6443061,1.5902224],[-58.6444992,1.5897505],[-58.6446226,1.5890748],[-58.6446226,1.5885654],[-58.6445046,1.5880506],[-58.6442632,1.5878737],[-58.6438179,1.5877289],[-58.6431795,1.5877664],[-58.6419243,1.5879487],[-58.6409694,1.5882115],[-58.6399877,1.588678],[-58.6392742,1.5891499],[-58.6386627,1.5896969],[-58.6384669,1.5898309],[-58.6382309,1.5899248],[-58.6380297,1.5899837],[-58.6377642,1.5899355],[-58.6375496,1.5898497],[-58.637325,1.58969],[-58.6365652,1.5888121],[-58.6363506,1.5885011],[-58.6362219,1.588249],[-58.6361897,1.5880292],[-58.6362004,1.5876806],[-58.6364023,1.5872662],[-58.6393815,1.5836642],[-58.6402935,1.5826025],[-58.6406529,1.5822217],[-58.6408997,1.5817874],[-58.6411518,1.5810581],[-58.6413054,1.5802844],[-58.6420242,1.5782682],[-58.6438394,1.5758888],[-58.6452643,1.5748684],[-58.6483757,1.5736887],[-58.6488712,1.5734489],[-58.6493755,1.5730574],[-58.6495847,1.5725694],[-58.6496973,1.5717704],[-58.6495471,1.5709768],[-58.6489014,1.5700851],[-58.646423,1.5685408],[-58.6461246,1.5682473],[-58.6458564,1.5678827],[-58.6458062,1.5673182],[-58.646012,1.5668531],[-58.6466826,1.5662847],[-58.6474013,1.5658718],[-58.6480665,1.5657431],[-58.6489731,1.5657592],[-58.6497919,1.5659454],[-58.6506951,1.5663222],[-58.6520845,1.5671588],[-58.6533324,1.5677043],[-58.6565725,1.5686052],[-58.6572906,1.568923],[-58.657699,1.5692058],[-58.6585271,1.5703548],[-58.6590314,1.5708267],[-58.6594391,1.5709017],[-58.6599541,1.5708052],[-58.6610055,1.5700116],[-58.6630011,1.5679524],[-58.6646621,1.5667605],[-58.6670868,1.5655486],[-58.6691702,1.564306],[-58.6705307,1.56409],[-58.6716573,1.5641785],[-58.6754982,1.5662242],[-58.6764228,1.5666118],[-58.6772704,1.5666869],[-58.677882,1.5664402],[-58.6783004,1.5658182],[-58.6784969,1.5642723],[-58.6787403,1.5639842],[-58.6792123,1.5638126],[-58.6799882,1.5636985],[-58.6805695,1.5634855],[-58.6809826,1.5631101],[-58.6818892,1.5618392],[-58.6829889,1.5610242],[-58.6833215,1.560992],[-58.6835575,1.5610724],[-58.6841671,1.5621274],[-58.6843944,1.5624452],[-58.6845982,1.5625417],[-58.6848557,1.5625364],[-58.6853492,1.5624398],[-58.6855745,1.5619465],[-58.6853171,1.5612065],[-58.6833966,1.5590937],[-58.6826134,1.5589435],[-58.6810557,1.5589421],[-58.6803154,1.5585238],[-58.680017,1.5580748],[-58.6801116,1.5574835],[-58.6830299,1.5538692],[-58.6877076,1.5487642],[-58.6887161,1.5463618],[-58.688584,1.5448724],[-58.6887503,1.5444622],[-58.6889836,1.5440681],[-58.6892545,1.5438643],[-58.6896917,1.5438161],[-58.690322,1.5439501],[-58.690937,1.5441417],[-58.6930338,1.5452264],[-58.6937177,1.5453229],[-58.6940879,1.5452452],[-58.6945224,1.5450012],[-58.6947235,1.5448135],[-58.6948531,1.5445948],[-58.6949033,1.5439796],[-58.6949174,1.5432515],[-58.6940215,1.5400957],[-58.6928406,1.538416],[-58.6924195,1.5379012],[-58.6923686,1.5376787],[-58.6923981,1.5374669],[-58.6924759,1.5372711],[-58.6927199,1.537062],[-58.6930659,1.536885],[-58.6935461,1.536869],[-58.6939538,1.5369038],[-58.694112,1.5369467],[-58.6943346,1.5370647],[-58.6945331,1.5372256],[-58.6946243,1.5373328],[-58.6947343,1.5376251],[-58.6948523,1.5380648],[-58.6950132,1.5390729],[-58.6951507,1.5394791],[-58.6953619,1.5396655],[-58.6956362,1.5397981],[-58.6960392,1.5399484],[-58.6965743,1.5400248],[-58.6969927,1.5399872],[-58.6973521,1.5399041],[-58.6979824,1.5396762],[-58.6985484,1.5392794],[-58.6991599,1.5388209],[-58.6996293,1.5383758],[-58.7000424,1.5378744],[-58.7006807,1.5370164],[-58.7014022,1.5360271],[-58.7015954,1.5357723],[-58.7018502,1.5355176],[-58.7021533,1.5353219],[-58.7024604,1.5351463],[-58.7026669,1.5351422],[-58.7028292,1.5351972],[-58.7029298,1.5352428],[-58.7029874,1.5353165],[-58.7030572,1.5354452],[-58.7031189,1.5355927],[-58.7031725,1.5359976],[-58.7032449,1.5366008],[-58.7032986,1.537054],[-58.703438,1.5375071],[-58.7035413,1.537743],[-58.7037666,1.5381426],[-58.7039089,1.5383074],[-58.7044788,1.5384804],[-58.7062088,1.5386359],[-58.7067774,1.5387619],[-58.7074158,1.5389952],[-58.7077215,1.5391909],[-58.7080005,1.539518],[-58.7081051,1.5397727],[-58.7081641,1.539998],[-58.7081829,1.5404431],[-58.7082124,1.5408292],[-58.7082392,1.5410383],[-58.7082768,1.5411509],[-58.7084082,1.5412608],[-58.7085235,1.5413037],[-58.7086818,1.5413332],[-58.7087971,1.5413386],[-58.7089393,1.5412984],[-58.7091619,1.5411134],[-58.7093604,1.5408908],[-58.7097359,1.5405181],[-58.7100953,1.5400436],[-58.7102991,1.5396709],[-58.7103125,1.5394564],[-58.7103018,1.5392579],[-58.7102187,1.5390086],[-58.7099049,1.5386761],[-58.7097017,1.5385112],[-58.7091592,1.5382284],[-58.7087147,1.5380607],[-58.708317,1.5379656],[-58.7078771,1.5379039],[-58.7075821,1.5378825],[-58.7074292,1.5378396],[-58.7073165,1.5377672],[-58.7072843,1.5376438],[-58.7073272,1.5374588],[-58.707405,1.5372309],[-58.7076545,1.5368985],[-58.7080354,1.5365231],[-58.7084913,1.5360887],[-58.7088722,1.5354559],[-58.7093443,1.5346784],[-58.7096876,1.5343191],[-58.7101007,1.5342494],[-58.7104708,1.5342279],[-58.7110663,1.53448],[-58.7119299,1.5349626],[-58.7124288,1.5353219],[-58.7129545,1.5359439],[-58.7130725,1.536196],[-58.71333,1.5376331],[-58.7133944,1.5384053],[-58.713271,1.5392204],[-58.7129693,1.5397996],[-58.7128566,1.540242],[-58.7128942,1.5404551],[-58.7129921,1.5405945],[-58.7130504,1.5406421],[-58.7131262,1.5406844],[-58.7133622,1.5407353],[-58.7135419,1.5407299],[-58.7138397,1.5407005],[-58.7142071,1.5405932],[-58.7148562,1.540376],[-58.7156743,1.5398907],[-58.7164494,1.5393384],[-58.7169832,1.538837],[-58.7171119,1.5386708],[-58.7171575,1.5384965],[-58.7171522,1.5382015],[-58.7171173,1.5379307],[-58.7169161,1.5376412],[-58.7166399,1.5374347],[-58.7162456,1.5372363],[-58.7159237,1.5368582],[-58.7158816,1.5366665],[-58.7158459,1.5365016],[-58.7158647,1.5360914],[-58.7159854,1.5357536],[-58.7161276,1.5355364],[-58.7164609,1.5353258],[-58.7199229,1.5349143],[-58.7207115,1.5348634],[-58.7210253,1.5349733],[-58.7212372,1.5351771],[-58.7213686,1.5353621],[-58.7214357,1.5357241],[-58.7214464,1.5360029],[-58.7213552,1.5366035],[-58.7211567,1.5376814],[-58.7212345,1.5385796],[-58.7213103,1.5389401],[-58.7215,1.5393464],[-58.7217227,1.5396199],[-58.7219372,1.5397406],[-58.7221465,1.5397915],[-58.7225273,1.5397969],[-58.7229726,1.539754],[-58.723501,1.539628],[-58.7239918,1.5393652],[-58.7243271,1.5391346],[-58.7251264,1.5383329],[-58.7255234,1.5377994],[-58.7257084,1.5373221],[-58.7258425,1.5366866],[-58.7258881,1.5361075],[-58.7258479,1.5358233],[-58.7257057,1.5353567],[-58.7254965,1.535043],[-58.7252203,1.5345148],[-58.7250084,1.5339839],[-58.7249789,1.5334531],[-58.7250084,1.5327559],[-58.7251639,1.532217],[-58.7253463,1.5317826],[-58.725746,1.5313697],[-58.7260437,1.5311981],[-58.7263119,1.5311096],[-58.7266392,1.5310815],[-58.7271059,1.5311231],[-58.7276101,1.5312786],[-58.7286669,1.5316808],[-58.7303969,1.5323966],[-58.7311077,1.5325602],[-58.7313652,1.5325843],[-58.7316281,1.5325361],[-58.7317944,1.5324503],[-58.7320089,1.5322894],[-58.7321618,1.532099],[-58.7323737,1.5317236],[-58.7327519,1.5310051],[-58.7333179,1.5302945],[-58.7334876,1.5301349],[-58.7339321,1.529946],[-58.7343076,1.5298763],[-58.7345919,1.5299728],[-58.7347958,1.5301632],[-58.7350693,1.5305493],[-58.7354904,1.5311016],[-58.7358284,1.531359],[-58.7362415,1.5314957],[-58.7366438,1.5315628],[-58.7369925,1.5315574],[-58.7372768,1.5314984],[-58.7376228,1.5313188],[-58.7379508,1.531068],[-58.7381941,1.5308308],[-58.7383792,1.5305573],[-58.7386018,1.5298816],[-58.7386501,1.5294071],[-58.7385086,1.5286334],[-58.7379186,1.5275931],[-58.7365171,1.5252115],[-58.7364858,1.5251474],[-58.7356011,1.5228311],[-58.7346375,1.5211273],[-58.7340045,1.5197009],[-58.7337987,1.5184338],[-58.7339704,1.5177153],[-58.7343478,1.5171805],[-58.7344658,1.5168695],[-58.7344444,1.5165584],[-58.7340689,1.5162689],[-58.7336397,1.5161402],[-58.7318909,1.5159686],[-58.7299168,1.5157755],[-58.728801,1.5156897],[-58.7278783,1.5155825],[-58.7272024,1.5153465],[-58.7269771,1.5150033],[-58.7267411,1.5143598],[-58.7266767,1.5129977],[-58.72631,1.5103686],[-58.7256199,1.5073938],[-58.7255341,1.5068469],[-58.7258989,1.5042407],[-58.7260417,1.5036386],[-58.7260062,1.503573],[-58.7258372,1.5035087],[-58.7248582,1.5030662],[-58.7246825,1.502957],[-58.7216985,1.4995055],[-58.7213801,1.4976378],[-58.7213801,1.4973268],[-58.7215591,1.4970494],[-58.7218541,1.4968671],[-58.7222672,1.4967277],[-58.7242949,1.4965828],[-58.7246865,1.4964542],[-58.724944,1.4962451],[-58.7250191,1.4959233],[-58.7249708,1.4954568],[-58.7248314,1.4945397],[-58.7249225,1.4941268],[-58.7251961,1.4938372],[-58.7255877,1.4935906],[-58.7263978,1.4933493],[-58.7276423,1.493124],[-58.7294715,1.4921587],[-58.7299329,1.4918584],[-58.7302816,1.4917566],[-58.7305579,1.4917807],[-58.7311158,1.4920515],[-58.7314966,1.4921748],[-58.7318481,1.4921347],[-58.732937,1.4914978],[-58.7346667,1.4553888],[-58.7472196,1.4201321],[-58.7926494,1.3484218],[-58.8070682,1.3055438],[-58.8212257,1.1710017],[-58.8251157,1.1712717],[-58.8240051,1.1832075],[-58.8267801,1.1870938],[-58.8317762,1.1879052],[-58.845944,1.1818358],[-58.8542858,1.1834604],[-58.8592808,1.2040716],[-58.8667817,1.2031653],[-58.8745529,1.2232321],[-58.8820565,1.2287438],[-58.895278,1.227222],[-58.912,1.239],[-58.904,1.242],[-58.904,1.251],[-58.886,1.261],[-58.898,1.28],[-58.918,1.285],[-58.922,1.29],[-58.923,1.294],[-58.915,1.306],[-58.915,1.314],[-58.918,1.317],[-58.966,1.313],[-58.972,1.31],[-58.978,1.302],[-58.982,1.308],[-58.989,1.325],[-58.993,1.327],[-59.0,1.324],[-59.013,1.324],[-59.023,1.331],[-59.048,1.323],[-59.052,1.325],[-59.057,1.335],[-59.066,1.336],[-59.07,1.33],[-59.076,1.331],[-59.087,1.339],[-59.089,1.347],[-59.096,1.345],[-59.102,1.349],[-59.118,1.343],[-59.131,1.353],[-59.146,1.347],[-59.152,1.349],[-59.161,1.359],[-59.171,1.357],[-59.187,1.375],[-59.196,1.379],[-59.204,1.377],[-59.207,1.372],[-59.226,1.378],[-59.233,1.387],[-59.253,1.389],[-59.259,1.397],[-59.269,1.401],[-59.272,1.407],[-59.282,1.411],[-59.274,1.418],[-59.284,1.437],[-59.288,1.439],[-59.288,1.445],[-59.284,1.45],[-59.287,1.453],[-59.301659,1.4657044],[-59.302,1.466],[-59.31,1.466],[-59.314,1.461],[-59.327,1.464],[-59.327,1.474],[-59.321,1.482],[-59.332,1.506],[-59.329,1.514],[-59.3442822,1.516537],[-59.3559981,1.5161938],[-59.3573285,1.512247],[-59.3566847,1.5097159],[-59.362,1.504],[-59.364,1.51],[-59.373,1.507],[-59.3830777,1.5055545],[-59.3777132,1.5127618],[-59.3776703,1.5188107],[-59.3799878,1.5215564],[-59.3845368,1.5218138],[-59.384,1.529],[-59.394,1.537],[-59.3966389,1.5391454],[-59.396081,1.5430922],[-59.3954373,1.5465241],[-59.3957806,1.5532165],[-59.399,1.557],[-59.4088698,1.5514147],[-59.4123888,1.5510286],[-59.4213152,1.5545464],[-59.4228173,1.5560908],[-59.4241047,1.5574635],[-59.425993,1.5603378],[-59.4323874,1.5654428],[-59.4274521,1.586635],[-59.437,1.594],[-59.4420863,1.6087278],[-59.4430304,1.6114733],[-59.444747,1.6155057],[-59.4504548,1.6179509],[-59.4557333,1.6156344],[-59.4604969,1.616664],[-59.4656039,1.616235],[-59.4732857,1.6192379],[-59.4747878,1.6216831],[-59.4786072,1.6243428],[-59.483,1.627],[-59.488349,1.6390568],[-59.494,1.646],[-59.493,1.674],[-59.5,1.677],[-59.507,1.675],[-59.507,1.668],[-59.511,1.669],[-59.513,1.681],[-59.526,1.692],[-59.526,1.703],[-59.534,1.709],[-59.533,1.717],[-59.539,1.723],[-59.545,1.722],[-59.55,1.729],[-59.556,1.724],[-59.566,1.736],[-59.584,1.732],[-59.587,1.727],[-59.607,1.723],[-59.617,1.716],[-59.629,1.728],[-59.6311391,1.7372694],[-59.632,1.741],[-59.653,1.743],[-59.662,1.737],[-59.666,1.755],[-59.69,1.757],[-59.6884503,1.7647237],[-59.688,1.767],[-59.685,1.774],[-59.688,1.779],[-59.685,1.79],[-59.678,1.791],[-59.681,1.797],[-59.678,1.807],[-59.673,1.808],[-59.664,1.814],[-59.66,1.811],[-59.654,1.817],[-59.658,1.825],[-59.649,1.844],[-59.662,1.863],[-59.6667766,1.8675472],[-59.669,1.861],[-59.6706963,1.8587666],[-59.670589,1.8533192],[-59.6709538,1.8512389],[-59.67237,1.8495661],[-59.6756101,1.8457272],[-59.6805239,1.845577],[-59.6838069,1.8466708],[-59.6869183,1.8493087],[-59.6920681,1.8520753],[-59.71,1.855],[-59.7155858,1.8533621],[-59.7207356,1.8504883],[-59.7282029,1.8483437],[-59.7321511,1.8509172],[-59.735,1.852],[-59.7374189,1.8507832],[-59.7375798,1.8507563],[-59.7377837,1.8509118],[-59.7378051,1.851255],[-59.737832,1.8519573],[-59.7378856,1.852456],[-59.7380304,1.852531],[-59.738127,1.8524989],[-59.7382987,1.8523327],[-59.7387064,1.8520002],[-59.7388673,1.851952],[-59.7388727,1.8518662],[-59.7388244,1.8517268],[-59.7387064,1.8515659],[-59.7386688,1.851314],[-59.7387761,1.8512228],[-59.7390819,1.851196],[-59.7393823,1.8512711],[-59.7394788,1.8513408],[-59.7395593,1.8512979],[-59.7396237,1.851137],[-59.7397041,1.850944],[-59.7398114,1.8509762],[-59.7399241,1.8511906],[-59.7401279,1.85133],[-59.7401923,1.8513408],[-59.7402084,1.8511692],[-59.7401011,1.8509815],[-59.7401011,1.8508368],[-59.7402674,1.8507724],[-59.7404981,1.8509762],[-59.7406322,1.8512067],[-59.7408092,1.8512764],[-59.7410345,1.8514748],[-59.7421718,1.8515606],[-59.7425795,1.8515499],[-59.7434485,1.8509279],[-59.7437167,1.8508529],[-59.7441083,1.8509011],[-59.7450739,1.8518501],[-59.7460342,1.8524935],[-59.7463828,1.8524774],[-59.7467208,1.8522576],[-59.7479761,1.851952],[-59.7484428,1.8516517],[-59.7489846,1.8511692],[-59.7492206,1.8507885],[-59.7494567,1.8505955],[-59.7497195,1.8512121],[-59.7497141,1.8514265],[-59.7495264,1.8519413],[-59.7491026,1.8525632],[-59.7488827,1.8528474],[-59.7487164,1.8531637],[-59.7488558,1.8533192],[-59.7492206,1.8536087],[-59.7512189,1.856378],[-59.7514629,1.8563271],[-59.7519645,1.8562547],[-59.7520906,1.8562842],[-59.752214,1.8563217],[-59.7523293,1.8564289],[-59.7523534,1.8566112],[-59.7525948,1.8567908],[-59.7527853,1.8568284],[-59.7528952,1.8569276],[-59.7529167,1.857067],[-59.7528094,1.8571527],[-59.7526807,1.8571608],[-59.7524259,1.857134],[-59.7521308,1.8571822],[-59.7520074,1.8572814],[-59.7519457,1.8575334],[-59.7518224,1.857646],[-59.7516266,1.8578766],[-59.7516051,1.8580857],[-59.7516587,1.8581688],[-59.7518975,1.8582063],[-59.7520423,1.8583806],[-59.7521013,1.8588416],[-59.7521201,1.8590239],[-59.7519565,1.8591526],[-59.7518894,1.859233],[-59.7518626,1.8593269],[-59.7518814,1.8594046],[-59.751935,1.8594555],[-59.7520208,1.8595038],[-59.7521281,1.8595038],[-59.7522488,1.8594984],[-59.7523239,1.8595494],[-59.7523427,1.8596298],[-59.7523105,1.8597638],[-59.7522408,1.8599274],[-59.7520611,1.8602625],[-59.7520906,1.8603617],[-59.7521979,1.8604555],[-59.7523561,1.8605359],[-59.75256,1.8606968],[-59.7526109,1.8608898],[-59.7527236,1.8607852],[-59.7528416,1.860804],[-59.7528952,1.8608737],[-59.752847,1.8610399],[-59.7527772,1.8611605],[-59.7526753,1.8611605],[-59.7525063,1.860997],[-59.7524849,1.8610855],[-59.7524875,1.8612651],[-59.75256,1.8613294],[-59.7527343,1.8613884],[-59.7527611,1.861442],[-59.7524312,1.8615358],[-59.7523856,1.8615761],[-59.7525117,1.8616458],[-59.7523481,1.8629674],[-59.7521871,1.8630505],[-59.7520369,1.8631041],[-59.751994,1.8631658],[-59.7520155,1.8632355],[-59.7520745,1.8632757],[-59.7523615,1.8632542],[-59.7524285,1.8632703],[-59.7524044,1.8633588],[-59.7522381,1.8634687],[-59.7519055,1.8635438],[-59.7517204,1.8635759],[-59.7515515,1.8636832],[-59.7514468,1.8638494],[-59.7514549,1.8640183],[-59.7515327,1.8640692],[-59.7516534,1.8640585],[-59.7518331,1.8641067],[-59.7521737,1.8660154],[-59.7529677,1.8664015],[-59.7537375,1.8664658],[-59.7542525,1.8667661],[-59.754467,1.8675167],[-59.7539306,1.8690823],[-59.7543275,1.869983],[-59.7544885,1.8703047],[-59.7542739,1.8705406],[-59.7541988,1.8709695],[-59.7540486,1.8712269],[-59.7537911,1.8713341],[-59.753083,1.8712591],[-59.7526968,1.8714092],[-59.7524071,1.8722563],[-59.7523427,1.8726638],[-59.7518277,1.8726424],[-59.7510552,1.8726316],[-59.7499555,1.8755161],[-59.7498751,1.8758432],[-59.7491509,1.8766635],[-59.7491884,1.8773391],[-59.7488987,1.8776018],[-59.7486466,1.8772157],[-59.7485018,1.8771889],[-59.7484857,1.8773015],[-59.748475,1.8774999],[-59.7484589,1.8777412],[-59.748314,1.878154],[-59.7485018,1.8792049],[-59.7499716,1.8813495],[-59.7520101,1.8844163],[-59.7525466,1.8854457],[-59.7524822,1.8865073],[-59.7513557,1.8865502],[-59.7508621,1.8869684],[-59.7506261,1.8876117],[-59.7505617,1.8881425],[-59.7506261,1.8883195],[-59.7507119,1.8883087],[-59.7508836,1.8882498],[-59.7510928,1.8879549],[-59.7513986,1.8879066],[-59.7516131,1.8879602],[-59.7516668,1.8882122],[-59.7518492,1.8883731],[-59.7521818,1.8883623],[-59.7524232,1.8885393],[-59.7526109,1.8885875],[-59.7528201,1.8887752],[-59.7528631,1.8890701],[-59.752906,1.8894239],[-59.7532332,1.8896223],[-59.7532761,1.8894668],[-59.7533834,1.8894293],[-59.7535604,1.8895848],[-59.7535014,1.8902442],[-59.7538501,1.8900887],[-59.7540325,1.8901853],[-59.7542256,1.89033],[-59.7542846,1.8906356],[-59.7545636,1.8906571],[-59.7547674,1.8908179],[-59.7546655,1.8909788],[-59.7553951,1.8914184],[-59.7558832,1.8915095],[-59.7559261,1.8917508],[-59.7552502,1.8917294],[-59.7550893,1.8917883],[-59.7548693,1.8918098],[-59.7546709,1.8919009],[-59.7546548,1.8921208],[-59.7547942,1.8924532],[-59.7546816,1.8926408],[-59.7546387,1.8928553],[-59.7547942,1.8929786],[-59.754864,1.8931555],[-59.7547513,1.8932896],[-59.7547567,1.8933968],[-59.7554487,1.8936112],[-59.7557116,1.8935737],[-59.7559047,1.8939061],[-59.7561675,1.8945388],[-59.7566557,1.8946889],[-59.7570151,1.8947104],[-59.7574389,1.8949623],[-59.7571117,1.8953752],[-59.7570956,1.8954878],[-59.7578949,1.8956111],[-59.7581416,1.8955628],[-59.7584045,1.8953323],[-59.758957,1.8952358],[-59.7597671,1.895402],[-59.7599334,1.8956861],[-59.7600889,1.8959542],[-59.7600192,1.8962062],[-59.7597617,1.8962974],[-59.7588605,1.8964689],[-59.7586888,1.8965976],[-59.7585923,1.8969515],[-59.7584742,1.8972946],[-59.7584689,1.8977235],[-59.7589946,1.8981095],[-59.7593165,1.8984848],[-59.7595096,1.8996751],[-59.7600138,1.9003077],[-59.7603357,1.9008439],[-59.7602499,1.9014336],[-59.759928,1.9014122],[-59.7594827,1.9015998],[-59.759354,1.9017768],[-59.7592306,1.90316],[-59.7582918,1.9039964],[-59.7577339,1.9062375],[-59.7588444,1.9082641],[-59.7589892,1.9085965],[-59.7593647,1.9087574],[-59.7594506,1.9090255],[-59.7595793,1.9093311],[-59.7595793,1.9097707],[-59.7594988,1.9100549],[-59.7593057,1.9103122],[-59.7589946,1.9104784],[-59.757809,1.9102908],[-59.7574443,1.9102264],[-59.7567201,1.9104355],[-59.7562641,1.910591],[-59.7560012,1.9107894],[-59.7564304,1.9117142],[-59.7562426,1.9119608],[-59.7559047,1.9119126],[-59.7555989,1.9121726],[-59.7552449,1.9127677],[-59.7551537,1.9139687],[-59.7566825,1.9170354],[-59.7570768,1.9169818],[-59.757286,1.9170167],[-59.7575837,1.917081],[-59.7578305,1.9171829],[-59.757852,1.9174536],[-59.757742,1.9176305],[-59.7575811,1.9177914],[-59.7574228,1.9178691],[-59.7572887,1.9178799],[-59.7571814,1.9178102],[-59.7568756,1.9174429],[-59.7567871,1.9174536],[-59.7562963,1.9177646],[-59.7562292,1.9178718],[-59.7563767,1.9182364],[-59.7568274,1.9185205],[-59.7571224,1.9190728],[-59.7574067,1.9195017],[-59.7577554,1.9200217],[-59.7580612,1.9203113],[-59.7574175,1.9221717],[-59.756484,1.9234906],[-59.75624,1.9237854],[-59.7559905,1.9241232],[-59.7542954,1.9251526],[-59.7527397,1.9259032],[-59.7503257,1.9279084],[-59.748534,1.929313],[-59.7475791,1.9304175],[-59.7471714,1.9310394],[-59.748255,1.9352534],[-59.7482658,1.9357788],[-59.7471178,1.9371942],[-59.7474289,1.9406041],[-59.7426828,1.946673],[-59.7424507,1.9469449],[-59.7402418,1.948728],[-59.7401356,1.9508509],[-59.7389673,1.9537169],[-59.738894,1.9543028],[-59.7387549,1.9554152],[-59.7410915,1.9564767],[-59.7418349,1.9573259],[-59.7413039,1.9584935],[-59.7396046,1.9592365],[-59.7391797,1.961784],[-59.7379052,1.9628455],[-59.7379052,1.9648622],[-59.7369494,1.9660298],[-59.7382239,1.9674097],[-59.7393922,1.9690019],[-59.7387549,1.9703818],[-59.7393922,1.9720801],[-59.7407729,1.97346],[-59.7408791,1.9749461],[-59.7393922,1.9760075],[-59.7384363,1.977069],[-59.7376106,1.9786145],[-59.7379759,1.9788879],[-59.7377055,1.9790353],[-59.7373742,1.9797226],[-59.7369259,1.9831116],[-59.7335919,1.9834239],[-59.7328626,1.9844652],[-59.7346338,1.9855065],[-59.7349463,1.9865477],[-59.7351547,1.9888385],[-59.735362,1.9911882],[-59.7343212,1.9925871],[-59.7329668,1.9936283],[-59.7329668,1.9951902],[-59.7343212,1.995815],[-59.734738,1.9977934],[-59.7342967,2.0001225],[-59.7344066,2.000759],[-59.734613,2.0013633],[-59.7345397,2.0016921],[-59.734402,2.0020102],[-59.7343646,2.0022583],[-59.734531,2.0025171],[-59.7348745,2.0026058],[-59.7350573,2.0026759],[-59.7350797,2.0029341],[-59.734191,2.0038366],[-59.7315081,2.0063316],[-59.7312997,2.0081018],[-59.7311955,2.0096636],[-59.7317165,2.0103925],[-59.7321332,2.011642],[-59.7331751,2.0126833],[-59.7351547,2.0118503],[-59.7350505,2.0126833],[-59.7339045,2.0143493],[-59.73255,2.0172647],[-59.7290076,2.0195555],[-59.7262654,2.0201312],[-59.725465,2.0206191],[-59.725472,2.0211643],[-59.7252826,2.0215573],[-59.7248191,2.0217685],[-59.7240112,2.0219722],[-59.723345,2.0222569],[-59.7221884,2.0232766],[-59.7221186,2.0241438],[-59.7222785,2.0250023],[-59.7223338,2.025666],[-59.721506,2.0263236],[-59.7210938,2.0268897],[-59.7208291,2.0272534],[-59.7209181,2.0279166],[-59.7211934,2.0287184],[-59.721417,2.0289941],[-59.7221369,2.0288993],[-59.7227393,2.0291469],[-59.7241448,2.0296326],[-59.7246636,2.0294112],[-59.7250407,2.0292005],[-59.7255272,2.0289389],[-59.7260637,2.0288666],[-59.7264853,2.0290338],[-59.726863,2.0294525],[-59.7278952,2.0298011],[-59.7291535,2.0300578],[-59.7297682,2.0304002],[-59.7294847,2.0314173],[-59.7287784,2.0323795],[-59.727557,2.0331755],[-59.7275492,2.033791],[-59.7278525,2.0342885],[-59.7284055,2.0339541],[-59.7288784,2.0332745],[-59.7300513,2.0337034],[-59.7306255,2.0342597],[-59.7307383,2.0345052],[-59.7302345,2.0353605],[-59.7302489,2.0357218],[-59.7303438,2.0361312],[-59.7306623,2.0362211],[-59.7315461,2.0360256],[-59.731876,2.036042],[-59.7322891,2.0364071],[-59.7321491,2.0369517],[-59.7314816,2.038086],[-59.7314384,2.0384661],[-59.7313898,2.0388461],[-59.7312872,2.0394024],[-59.7306958,2.0398611],[-59.7305019,2.040391],[-59.7306244,2.0407011],[-59.731127,2.0409353],[-59.7313986,2.0410165],[-59.7325765,2.0421229],[-59.7327513,2.0426342],[-59.7326023,2.0437878],[-59.732684,2.0443249],[-59.7324289,2.0447129],[-59.7321312,2.0452086],[-59.7321392,2.0457795],[-59.7324508,2.0462255],[-59.7326713,2.0468753],[-59.7330907,2.0469847],[-59.7338651,2.0466996],[-59.7343569,2.0467143],[-59.7349569,2.0470112],[-59.7351228,2.0473043],[-59.7350677,2.0474661],[-59.7346263,2.0476707],[-59.7343123,2.0479728],[-59.7342981,2.0482649],[-59.7345701,2.0483559],[-59.7349533,2.0484307],[-59.7352153,2.0486982],[-59.7359521,2.0490624],[-59.7370752,2.0499842],[-59.737488,2.0505492],[-59.7375307,2.051779],[-59.7376986,2.0522518],[-59.7376245,2.0526394],[-59.7371443,2.0527472],[-59.7360598,2.0547122],[-59.7358605,2.0551761],[-59.7365736,2.0553775],[-59.7373456,2.0555307],[-59.7376683,2.0570739],[-59.737443,2.0577541],[-59.7375288,2.0584449],[-59.7378922,2.0591401],[-59.7387629,2.0601094],[-59.7400877,2.0614327],[-59.7409419,2.0627952],[-59.7407332,2.0633083],[-59.7412664,2.0650227],[-59.7409971,2.065347],[-59.740215,2.0656156],[-59.7402189,2.0661433],[-59.7403395,2.0664632],[-59.7404553,2.0666766],[-59.7407096,2.0675847],[-59.7408299,2.0678018],[-59.7411434,2.0679009],[-59.7421746,2.0680114],[-59.7425375,2.0682084],[-59.7425892,2.0689844],[-59.7424244,2.0691317],[-59.7424565,2.0694052],[-59.7422687,2.0697],[-59.7418074,2.0699789],[-59.741303,2.0706544],[-59.7411978,2.0714],[-59.7419756,2.0727054],[-59.742158,2.0732882],[-59.7422028,2.0736492],[-59.7418721,2.0742515],[-59.7409511,2.0744792],[-59.7401213,2.0747444],[-59.7394279,2.0753841],[-59.7390992,2.0759701],[-59.739156,2.0772912],[-59.7398763,2.077802],[-59.7405176,2.0783209],[-59.7407348,2.0788833],[-59.7405825,2.0796038],[-59.7399827,2.0802815],[-59.7396061,2.0803796],[-59.7389431,2.0799727],[-59.738352,2.0797744],[-59.7380666,2.079761],[-59.7378723,2.0800585],[-59.7375766,2.0806594],[-59.7371474,2.0816824],[-59.7369357,2.0833228],[-59.7371306,2.0846625],[-59.7363704,2.0869996],[-59.7357264,2.0888398],[-59.7343976,2.0908826],[-59.7318424,2.0915976],[-59.7311549,2.0928984],[-59.7298953,2.0939737],[-59.7285282,2.0946767],[-59.7278941,2.0954504],[-59.7276627,2.0959851],[-59.7277562,2.0963114],[-59.7277064,2.0965335],[-59.7271094,2.0972595],[-59.7263646,2.0978275],[-59.7259489,2.0979299],[-59.7248894,2.0977932],[-59.7239281,2.0978206],[-59.7231256,2.0983175],[-59.7230274,2.098615],[-59.7230634,2.0991302],[-59.7227882,2.0998307],[-59.7226943,2.1001477],[-59.7223874,2.1004731],[-59.7223141,2.1008997],[-59.7221667,2.1015873],[-59.722136,2.1021455],[-59.7218363,2.1029125],[-59.7217619,2.103465],[-59.7216976,2.104873],[-59.7217942,2.1051552],[-59.7221628,2.105677],[-59.722648,2.1062915],[-59.7228005,2.1065807],[-59.7228601,2.1069151],[-59.7227802,2.1075208],[-59.7228171,2.1078294],[-59.7230319,2.108251],[-59.7231323,2.1085396],[-59.723176,2.108814],[-59.7230283,2.1092376],[-59.722984,2.1094505],[-59.7229963,2.1096492],[-59.7231074,2.1100474],[-59.7233045,2.1105754],[-59.7233458,2.1108559],[-59.723204,2.1110824],[-59.7228757,2.1115577],[-59.7224765,2.1120331],[-59.7221643,2.112259],[-59.7218958,2.1123048],[-59.7217749,2.1125168],[-59.7217263,2.1126617],[-59.7217663,2.1128388],[-59.7218226,2.113124],[-59.7218293,2.1133363],[-59.7218843,2.1136022],[-59.7220377,2.1138439],[-59.7220533,2.1140833],[-59.7219347,2.1142691],[-59.7218154,2.1145214],[-59.7217259,2.1150004],[-59.7216954,2.1152383],[-59.7217031,2.1158969],[-59.7218128,2.1166306],[-59.7220167,2.1170801],[-59.722403,2.1176153],[-59.7226586,2.1179903],[-59.7234262,2.1189611],[-59.7235358,2.1192614],[-59.7236831,2.1206625],[-59.7238513,2.1216748],[-59.7240182,2.1224282],[-59.7241885,2.1225568],[-59.7244152,2.1225997],[-59.7246502,2.1225619],[-59.7257166,2.1222937],[-59.7271666,2.1219114],[-59.7274932,2.1218385],[-59.7277768,2.12183],[-59.7279424,2.1219501],[-59.7280303,2.1221747],[-59.7281291,2.1226673],[-59.7281958,2.1229187],[-59.7284756,2.1233778],[-59.728785,2.1239388],[-59.7287924,2.1241932],[-59.7286765,2.1245226],[-59.7284365,2.1251654],[-59.7283459,2.125363],[-59.7278966,2.1259436],[-59.7276566,2.1263794],[-59.727427,2.1268936],[-59.7272778,2.1274561],[-59.7271688,2.128032],[-59.727049,2.128691],[-59.7268432,2.1290365],[-59.7266978,2.1292813],[-59.7263968,2.1296065],[-59.7260181,2.1298299],[-59.7258797,2.130014],[-59.7258003,2.1302141],[-59.7253915,2.1308171],[-59.7252349,2.13131],[-59.7251982,2.1316798],[-59.725207,2.1318191],[-59.7252764,2.1321195],[-59.7253635,2.132243],[-59.7256275,2.132613],[-59.7258214,2.132795],[-59.7259993,2.1328698],[-59.7262192,2.1328857],[-59.7266698,2.1327891],[-59.7269595,2.132789],[-59.7272009,2.1328746],[-59.7275979,2.1329813],[-59.7278019,2.13308],[-59.7279186,2.1331983],[-59.7279871,2.1333649],[-59.7279429,2.1335356],[-59.7276928,2.1339452],[-59.7276322,2.1341312],[-59.7276359,2.1343146],[-59.7277381,2.134595],[-59.7277611,2.1347688],[-59.7276553,2.1350846],[-59.7275817,2.1356175],[-59.7275832,2.1360646],[-59.7276615,2.1363851],[-59.7279007,2.1366896],[-59.7281667,2.1371335],[-59.7283791,2.1374702],[-59.7287602,2.1379431],[-59.7291199,2.1382981],[-59.7295091,2.1387523],[-59.7300566,2.1391475],[-59.7304233,2.1394823],[-59.7306693,2.1398439],[-59.7308072,2.1401441],[-59.7309397,2.1402942],[-59.7311152,2.1404346],[-59.7312961,2.1405375],[-59.7317533,2.1406243],[-59.7322668,2.1406602],[-59.7329974,2.1406314],[-59.7332527,2.1406465],[-59.7334087,2.140675],[-59.7335502,2.1407431],[-59.7336594,2.1408567],[-59.7336654,2.1410481],[-59.7334726,2.1418004],[-59.7333978,2.142148],[-59.733383,2.1425642],[-59.7333675,2.1429037],[-59.7333842,2.1432163],[-59.7334015,2.1433822],[-59.7334745,2.1435241],[-59.7336548,2.1436553],[-59.7338638,2.1436992],[-59.7342928,2.1437216],[-59.7345754,2.1437518],[-59.7348473,2.1438839],[-59.7350722,2.1441443],[-59.7352864,2.144402],[-59.7356133,2.1446543],[-59.7359538,2.1447791],[-59.7361977,2.1449039],[-59.7364969,2.1451708],[-59.73681,2.1455508],[-59.7370401,2.1456816],[-59.7377938,2.1458748],[-59.7384242,2.146068],[-59.7387453,2.1461769],[-59.7391093,2.1463876],[-59.7393251,2.1465438],[-59.7395025,2.1467062],[-59.7396101,2.1470188],[-59.7395873,2.1473829],[-59.7395376,2.1477202],[-59.7395094,2.148221],[-59.7395449,2.1485117],[-59.7396394,2.1488023],[-59.7400211,2.1495072],[-59.7401023,2.1497912],[-59.7400412,2.150057],[-59.7399506,2.1501753],[-59.7398444,2.1502778],[-59.7395747,2.1503777],[-59.7392172,2.1506689],[-59.7390368,2.1509333],[-59.7387046,2.151175],[-59.7385306,2.151288],[-59.7380617,2.1514906],[-59.7378205,2.1516964],[-59.737708,2.1519253],[-59.7376545,2.1521381],[-59.737672,2.1525102],[-59.7377807,2.1531449],[-59.7379148,2.1534864],[-59.7381615,2.1538018],[-59.738301,2.1541012],[-59.7383938,2.1544177],[-59.738331,2.1547879],[-59.7381749,2.1550889],[-59.737949,2.1554006],[-59.737801,2.1555968],[-59.7377227,2.1557877],[-59.7376299,2.156294],[-59.7376844,2.156682],[-59.7377871,2.1570137],[-59.73797,2.1572136],[-59.7384182,2.1574342],[-59.7386035,2.1575583],[-59.7388913,2.1579284],[-59.7391631,2.1583361],[-59.73918,2.1584985],[-59.7391164,2.1586663],[-59.7391047,2.158805],[-59.7391734,2.1589652],[-59.7393138,2.1591886],[-59.739379,2.1594173],[-59.7394099,2.1596942],[-59.73953,2.159956],[-59.7396582,2.1601507],[-59.7399497,2.1603595],[-59.7402011,2.1605602],[-59.7409636,2.1613222],[-59.7413771,2.1616871],[-59.7416725,2.1619877],[-59.7417932,2.1622174],[-59.7418067,2.16249],[-59.7416726,2.1629285],[-59.7416425,2.1632802],[-59.7416623,2.163507],[-59.7416446,2.1637069],[-59.741581,2.1638361],[-59.741378,2.163992],[-59.7410695,2.1645244],[-59.7408308,2.1650864],[-59.7407142,2.1655738],[-59.7405278,2.166147],[-59.7403158,2.1667507],[-59.740267,2.1669699],[-59.7402611,2.1671891],[-59.7403985,2.1683181],[-59.7404444,2.16909],[-59.7404983,2.169594],[-59.7404859,2.1697751],[-59.7404065,2.169892],[-59.7402501,2.169998],[-59.7401152,2.1703077],[-59.7398078,2.1709807],[-59.7396077,2.1715527],[-59.7395587,2.1718923],[-59.7394667,2.1721032],[-59.7386599,2.1727438],[-59.7383504,2.1730051],[-59.7379006,2.1733582],[-59.7375849,2.1736604],[-59.737161,2.1741809],[-59.7370934,2.1743886],[-59.7371223,2.1746445],[-59.7373679,2.1749393],[-59.7378921,2.1755888],[-59.738411,2.1762035],[-59.7387191,2.1766192],[-59.7389549,2.1769759],[-59.7395804,2.1783847],[-59.7399173,2.1789121],[-59.7400629,2.1792777],[-59.7401227,2.1795737],[-59.7402611,2.1802153],[-59.7402114,2.1804388],[-59.74011,2.180721],[-59.7399654,2.1809546],[-59.739692,2.1812526],[-59.7394187,2.1814536],[-59.7390702,2.1816278],[-59.7384685,2.1818416],[-59.7381323,2.1819892],[-59.7379087,2.1821582],[-59.7375899,2.1824089],[-59.7373178,2.1824968],[-59.7370109,2.1824908],[-59.7364645,2.1823412],[-59.7360061,2.1822581],[-59.7356255,2.1822473],[-59.7354407,2.1823947],[-59.7353631,2.1826332],[-59.7354381,2.1829734],[-59.7356472,2.18326],[-59.7359205,2.1836777],[-59.7361456,2.184326],[-59.7364377,2.1849903],[-59.7365485,2.1856877],[-59.7365905,2.186039],[-59.7366888,2.1864333],[-59.7366558,2.1868592],[-59.7366647,2.1870963],[-59.736738,2.1873173],[-59.7368325,2.1876049],[-59.7368462,2.1878962],[-59.7367901,2.1883215],[-59.7366277,2.1889236],[-59.7365205,2.1891267],[-59.736381,2.1892227],[-59.7359653,2.1894875],[-59.7357547,2.189687],[-59.7355871,2.18994],[-59.7353189,2.1905393],[-59.7350641,2.190906],[-59.7348067,2.1912244],[-59.7344856,2.1914472],[-59.733676,2.1918186],[-59.7334216,2.191938],[-59.7331661,2.1921596],[-59.7330599,2.1923455],[-59.7330073,2.1925313],[-59.7329883,2.1927375],[-59.7330498,2.1929329],[-59.7333915,2.1933293],[-59.7335562,2.1936561],[-59.7336083,2.1939063],[-59.7335584,2.1941191],[-59.7333288,2.194624],[-59.7330562,2.1949627],[-59.7328175,2.1952259],[-59.7323749,2.1955427],[-59.7314416,2.1962579],[-59.7309411,2.1965458],[-59.730419,2.1969551],[-59.7300872,2.1972975],[-59.729915,2.1975151],[-59.7298044,2.1977837],[-59.7295878,2.1982643],[-59.7294704,2.1986912],[-59.7293215,2.1994079],[-59.7293115,2.1998493],[-59.7292263,2.2002478],[-59.7288772,2.2010452],[-59.7286355,2.2015109],[-59.72841,2.2018452],[-59.7279938,2.2023116],[-59.7277063,2.202644],[-59.7275282,2.2029046],[-59.7273688,2.2031812],[-59.727262,2.20351],[-59.7267259,2.2051493],[-59.7265564,2.2054711],[-59.7264789,2.2057575],[-59.7263097,2.2061888],[-59.7262466,2.2066838],[-59.7261161,2.2072408],[-59.7260952,2.2076316],[-59.7261344,2.2080887],[-59.7262444,2.2085882],[-59.7263649,2.2094413],[-59.7265492,2.2098984],[-59.7268955,2.2102865],[-59.7272914,2.2105578],[-59.7277108,2.2106354],[-59.7280523,2.2107765],[-59.7285659,2.2111064],[-59.7289469,2.2115207],[-59.7291899,2.2118997],[-59.7293105,2.2122663],[-59.7293107,2.2126224],[-59.7290846,2.2132285],[-59.7288451,2.2136734],[-59.7286516,2.2140899],[-59.7285444,2.214701],[-59.7285257,2.2152696],[-59.7285521,2.2157904],[-59.7286934,2.2168241],[-59.7287216,2.217546],[-59.7287852,2.2178931],[-59.7290377,2.2187025],[-59.7292232,2.2194675],[-59.7293184,2.2202508],[-59.7294191,2.220639],[-59.7296047,2.2210271],[-59.729799,2.2212532],[-59.7299508,2.2215854],[-59.7302421,2.2221635],[-59.7303135,2.2224826],[-59.7303636,2.2229149],[-59.7302348,2.2234405],[-59.7302476,2.2237397],[-59.7303502,2.224055],[-59.7306987,2.2244673],[-59.7309199,2.2248584],[-59.7310389,2.2252994],[-59.7310022,2.2258323],[-59.7308825,2.2264893],[-59.7307483,2.2269558],[-59.7306141,2.2277122],[-59.7304422,2.2285492],[-59.7303269,2.2293578],[-59.7302077,2.2309012],[-59.7301139,2.2312492],[-59.7298876,2.2316972],[-59.7297569,2.2320727],[-59.7296475,2.2328301],[-59.7295399,2.2331063],[-59.7293191,2.2333259],[-59.7279087,2.2339494],[-59.7274751,2.2342051],[-59.7270833,2.2344657],[-59.7265995,2.2348606],[-59.7262467,2.2353546],[-59.7260318,2.2356116],[-59.7257697,2.2357351],[-59.7255023,2.2357951],[-59.725157,2.235855],[-59.7243462,2.2361659],[-59.7234824,2.2363573],[-59.7228205,2.2364495],[-59.7223922,2.2364533],[-59.7218851,2.236376],[-59.7215292,2.2363885],[-59.7211874,2.2364789],[-59.7205252,2.2367317],[-59.7201999,2.2369154],[-59.71991,2.2371097],[-59.7197745,2.2374417],[-59.719724,2.2377877],[-59.7197238,2.2381379],[-59.7197589,2.238488],[-59.7200046,2.23926],[-59.7202319,2.2398529],[-59.7205087,2.2404458],[-59.7206606,2.2407313],[-59.7209187,2.2410804],[-59.7212694,2.2417306],[-59.7217121,2.242685],[-59.7220577,2.2433432],[-59.7223997,2.243906],[-59.7225705,2.2443348],[-59.7226565,2.2449299],[-59.722611,2.2458802],[-59.722521,2.2462941],[-59.7223036,2.2468354],[-59.7219964,2.2475435],[-59.7216679,2.2482445],[-59.7215059,2.2486307],[-59.7213827,2.2491017],[-59.721369,2.2495032],[-59.7214614,2.2499118],[-59.7217418,2.2504101],[-59.7219669,2.2508149],[-59.7222345,2.2511454],[-59.722532,2.2514887],[-59.723118,2.252034],[-59.7235553,2.2524237],[-59.7239812,2.2527779],[-59.7242619,2.2530756],[-59.7244957,2.2534119],[-59.7247613,2.2537306],[-59.7251477,2.2542878],[-59.7252653,2.2545268],[-59.7252731,2.2547199],[-59.7251791,2.2549938],[-59.7251595,2.2552995],[-59.7252147,2.2556419],[-59.7253442,2.2559808],[-59.7258066,2.2570219],[-59.7260448,2.2575567],[-59.7261945,2.258003],[-59.7262275,2.2582863],[-59.7261579,2.2585732],[-59.7260371,2.2588826],[-59.7258527,2.259192],[-59.7257001,2.2595948],[-59.7256061,2.2599376],[-59.7255545,2.2602239],[-59.7255695,2.260462],[-59.7256128,2.2607035],[-59.7257564,2.2608685],[-59.7259495,2.2609697],[-59.7263281,2.2610006],[-59.7269047,2.2609383],[-59.7273185,2.2609325],[-59.7276322,2.2608949],[-59.7278298,2.2609273],[-59.7279636,2.2610164],[-59.7281162,2.2611976],[-59.7288895,2.262748],[-59.7291643,2.2633362],[-59.7292904,2.2639138],[-59.7293487,2.2645056],[-59.729354,2.2652564],[-59.7293067,2.265634],[-59.7291038,2.2660328],[-59.7287543,2.2665341],[-59.7283403,2.2671293],[-59.7272551,2.2683403],[-59.7267055,2.2689316],[-59.7262939,2.2694805],[-59.7256887,2.2703166],[-59.7255762,2.2705452],[-59.7255104,2.2708671],[-59.7252714,2.2713337],[-59.7248316,2.2719355],[-59.7245319,2.2725187],[-59.724145,2.2733298],[-59.7238982,2.2741223],[-59.7236745,2.2746763],[-59.723334,2.2754241],[-59.7232244,2.2757653],[-59.7231849,2.2762045],[-59.7232799,2.2767508],[-59.7236926,2.2777496],[-59.7238479,2.2781452],[-59.7241153,2.2784288],[-59.7244281,2.2787252],[-59.7248342,2.2789563],[-59.7254099,2.2791674],[-59.7258264,2.279398],[-59.7260806,2.2796388],[-59.7262262,2.2799687],[-59.7261916,2.2803577],[-59.726213,2.280672],[-59.7266043,2.2814933],[-59.7268461,2.2818481],[-59.7277408,2.2825505],[-59.7284263,2.2830604],[-59.7291679,2.2834443],[-59.7295757,2.2835737],[-59.7300972,2.2836547],[-59.73047,2.2837839],[-59.7308055,2.2840157],[-59.7314025,2.2845515],[-59.7318127,2.285064],[-59.7321659,2.2855492],[-59.732491,2.2857543],[-59.7329829,2.2860382],[-59.733587,2.2862055],[-59.7342588,2.2862475],[-59.7347718,2.2862442],[-59.7353316,2.2861568],[-59.7360496,2.2860425],[-59.7364594,2.2860635],[-59.7371144,2.2862815],[-59.7374425,2.2864071],[-59.7378278,2.2867013],[-59.7384301,2.2875905],[-59.7389658,2.2883059],[-59.7392446,2.2887367],[-59.7393396,2.2894024],[-59.7392476,2.2901039],[-59.7391016,2.2905227],[-59.7388945,2.2911118],[-59.7388834,2.2913781],[-59.7389471,2.2916443],[-59.7391505,2.2920044],[-59.739508,2.2923925],[-59.7401421,2.2927485],[-59.7406016,2.2929039],[-59.7410331,2.2929473],[-59.7421418,2.2928736],[-59.7431244,2.2927486],[-59.7437778,2.2927426],[-59.7444591,2.2926526],[-59.7455029,2.2924666],[-59.7459688,2.2923129],[-59.7465,2.2920472],[-59.7468548,2.2917371],[-59.7470976,2.2913803],[-59.7475364,2.2907133],[-59.7481241,2.289833],[-59.7487864,2.2889434],[-59.7490494,2.2886031],[-59.7493311,2.2883094],[-59.7497763,2.2879691],[-59.7501514,2.2877687],[-59.7504982,2.287826],[-59.7507423,2.2879902],[-59.7513553,2.288803],[-59.7519067,2.2895672],[-59.752187,2.289926],[-59.7525094,2.2902054],[-59.7529149,2.2904063],[-59.7534512,2.2904205],[-59.7539044,2.2903827],[-59.7543202,2.2903262],[-59.7551964,2.2901552],[-59.7558485,2.2899842],[-59.7566613,2.2896426],[-59.7571939,2.2895624],[-59.758077,2.2895344],[-59.7590629,2.2895903],[-59.7599456,2.289551],[-59.7603239,2.2896376],[-59.7607223,2.2898673],[-59.7615223,2.2903117],[-59.7634651,2.2915621],[-59.7644024,2.2922947],[-59.7651668,2.2928079],[-59.7661118,2.2932363],[-59.7667525,2.2934599],[-59.7672296,2.2937021],[-59.7676299,2.2940176],[-59.7687147,2.2949035],[-59.7693501,2.2952649],[-59.7697286,2.2953743],[-59.770055,2.2953243],[-59.7707643,2.295027],[-59.7713775,2.2947781],[-59.7717385,2.2945666],[-59.7724523,2.2940052],[-59.7731791,2.293303],[-59.7738685,2.2927315],[-59.7744576,2.2922649],[-59.7750185,2.2917237],[-59.7753017,2.2913194],[-59.7754853,2.2910986],[-59.7757156,2.2909338],[-59.7764375,2.290625],[-59.7769292,2.2903493],[-59.7771968,2.2901016],[-59.7774739,2.2897923],[-59.7776763,2.2893709],[-59.7778134,2.2889356],[-59.7779971,2.2885563],[-59.7792152,2.286717],[-59.779658,2.286119],[-59.7800038,2.2858375],[-59.7802749,2.2856774],[-59.7809266,2.2856732],[-59.7812337,2.2856571],[-59.7815689,2.2855197],[-59.7821233,2.2852061],[-59.7825424,2.2850979],[-59.7829242,2.2850786],[-59.7833667,2.2851107],[-59.7838763,2.2850172],[-59.7844886,2.2847184],[-59.785386,2.2842934],[-59.7861339,2.2839058],[-59.7868805,2.283676],[-59.7870894,2.2836513],[-59.7872517,2.2837013],[-59.787394,2.2839132],[-59.7874608,2.2841919],[-59.7873431,2.2852544],[-59.7873229,2.2857564],[-59.7874241,2.2863611],[-59.7874711,2.2869587],[-59.7876396,2.2875655],[-59.7878103,2.2878532],[-59.7881819,2.2881036],[-59.7896519,2.2887144],[-59.7907806,2.2891835],[-59.7915386,2.2894596],[-59.791769,2.2895724],[-59.7920516,2.2897714],[-59.7925456,2.2901253],[-59.792806,2.2902551],[-59.7933941,2.2905018],[-59.7940148,2.2906925],[-59.79421,2.290783],[-59.7944053,2.2909296],[-59.7947724,2.2915213],[-59.7951337,2.2920088],[-59.7954716,2.2924216],[-59.7959412,2.2927965],[-59.796378,2.2930314],[-59.7973473,2.2931734],[-59.7976221,2.2932656],[-59.7977353,2.2934382],[-59.7978764,2.2938255],[-59.7980279,2.29432],[-59.7981278,2.2960499],[-59.7988101,2.2974133],[-59.7995685,2.2979258],[-59.8019611,2.2976203],[-59.8034422,2.2977923],[-59.8041675,2.2982571],[-59.8047393,2.2991195],[-59.804926,2.3003271],[-59.8046535,2.3023291],[-59.8048369,2.3040776],[-59.8047237,2.3054674],[-59.804978,2.3061391],[-59.8055139,2.3067925],[-59.8065283,2.3074292],[-59.8084302,2.3089345],[-59.8100324,2.3100798],[-59.812206,2.310991],[-59.8153721,2.3123433],[-59.8165201,2.3132342],[-59.8167695,2.314288],[-59.8172733,2.3163601],[-59.8184593,2.3176337],[-59.8195392,2.3181215],[-59.8215428,2.3183074],[-59.8228442,2.3180435],[-59.8241628,2.3181306],[-59.8248999,2.3187561],[-59.8257601,2.3200466],[-59.8265532,2.3212094],[-59.8277291,2.3223135],[-59.8278752,2.3232507],[-59.8276705,2.3262502],[-59.8280037,2.3278102],[-59.8287134,2.3288924],[-59.8297986,2.3294268],[-59.8319299,2.3292065],[-59.8329894,2.327711],[-59.8348315,2.3241756],[-59.8355595,2.3229026],[-59.8364044,2.3221699],[-59.8377682,2.3211374],[-59.8386692,2.32072],[-59.8413836,2.3204938],[-59.8433754,2.3203041],[-59.8445547,2.3210386],[-59.8447911,2.3217577],[-59.8446592,2.3227053],[-59.8440417,2.3232258],[-59.8435676,2.3239324],[-59.8434311,2.3256367],[-59.8432687,2.327144],[-59.8435676,2.3284317],[-59.8439215,2.3295029],[-59.8453952,2.3300968],[-59.8472196,2.3298711],[-59.8481321,2.3298926],[-59.849838,2.3302908],[-59.8518909,2.3303492],[-59.852885,2.3306151],[-59.8539337,2.331261],[-59.8551487,2.3329456],[-59.8551868,2.3338295],[-59.8547053,2.3357378],[-59.8546509,2.3377058],[-59.8552458,2.3386743],[-59.8566046,2.3399929],[-59.8599121,2.341886],[-59.8619535,2.3443221],[-59.8640268,2.3461273],[-59.8666817,2.347977],[-59.8685104,2.349026],[-59.8694438,2.3498825],[-59.8696587,2.3506233],[-59.8695785,2.3524408],[-59.8692899,2.3546447],[-59.8696531,2.3565921],[-59.8696587,2.3569032],[-59.8702871,2.3585586],[-59.8713938,2.3601483],[-59.8728336,2.3610251],[-59.8742332,2.3609614],[-59.8749842,2.3605095],[-59.8769458,2.3573583],[-59.8783122,2.3559931],[-59.8803162,2.3535357],[-59.8810342,2.3529998],[-59.8819558,2.3527166],[-59.8837776,2.3533537],[-59.8861401,2.3546512],[-59.8873666,2.3550842],[-59.8896071,2.3560581],[-59.890828,2.3572802],[-59.8918846,2.3590875],[-59.8923183,2.3601697],[-59.8933294,2.3613232],[-59.8939748,2.3616281],[-59.8961484,2.3613875],[-59.8975974,2.3616576],[-59.8981697,2.3614538],[-59.8992628,2.3634561],[-59.898443,2.3644572],[-59.8978054,2.3663685],[-59.8988074,2.3683708],[-59.9002648,2.370555],[-59.9018133,2.3711921],[-59.9019955,2.3726483],[-59.9036351,2.3740135],[-59.9050015,2.3756517],[-59.9049104,2.3767438],[-59.9057302,2.377927],[-59.905548,2.3791101],[-59.9062767,2.3813854],[-59.9066411,2.3843887],[-59.9068233,2.3872101],[-59.9077342,2.3884842],[-59.9090094,2.3906685],[-59.9071876,2.3973122],[-59.9069143,2.3998605],[-59.9059124,2.4003155],[-59.9051836,2.3983133],[-59.9029975,2.3989504],[-59.9008113,2.3999515],[-59.8988985,2.4020447],[-59.8971571,2.4064173],[-59.8962635,2.4098992],[-59.8961741,2.4124883],[-59.8974251,2.4168629],[-59.8985868,2.4190949],[-59.8989442,2.4215054],[-59.8984081,2.423291],[-59.8967103,2.4245409],[-59.894387,2.4244516],[-59.8922424,2.4243623],[-59.8917062,2.4256122],[-59.8919743,2.4273977],[-59.8936721,2.4291833],[-59.8964422,2.4331115],[-59.8985868,2.4351649],[-59.9001952,2.4358791],[-59.9008207,2.4373075],[-59.9001952,2.4416821],[-59.899391,2.4427534],[-59.8980506,2.4432891],[-59.8977826,2.4440926],[-59.8980506,2.447128],[-59.8976932,2.4490028],[-59.8967103,2.4510561],[-59.8947444,2.4527524],[-59.8945657,2.4545379],[-59.894655,2.4569484],[-59.8952805,2.4592695],[-59.8947444,2.4618585],[-59.8935827,2.464269],[-59.8951018,2.4654295],[-59.8967996,2.46784],[-59.8996591,2.4694469],[-59.9008207,2.4717681],[-59.9004633,2.4731965],[-59.8996591,2.4748927],[-59.8977826,2.4763211],[-59.8972464,2.4778387],[-59.8970677,2.4806062],[-59.8982293,2.4823024],[-59.9009101,2.4829274],[-59.9021084,2.4838109],[-59.9026344,2.48565],[-59.9038616,2.487314],[-59.9044752,2.4888904],[-59.906842,2.4919555],[-59.9081569,2.4922183],[-59.9114003,2.4937946],[-59.9126275,2.4949331],[-59.9125398,2.4973853],[-59.9128905,2.5014137],[-59.9135917,2.5031653],[-59.914819,2.504654],[-59.9165722,2.5057925],[-59.918413,2.5062304],[-59.9203415,2.5073689],[-59.9206045,2.5086825],[-59.9199909,2.5102588],[-59.9188513,2.5124482],[-59.9192019,2.5144624],[-59.9197279,2.5172648],[-59.9215687,2.5196293],[-59.9214811,2.5212057],[-59.9201662,2.5219063],[-59.9185883,2.5233075],[-59.9180624,2.5247086],[-59.918413,2.5259347],[-59.9202538,2.5277737],[-59.9223577,2.5298755],[-59.9234972,2.53224],[-59.9235849,2.5342542],[-59.9247245,2.5354802],[-59.9259517,2.5380198],[-59.9273542,2.5389831],[-59.929458,2.5399464],[-59.9312989,2.5422233],[-59.933315,2.5441499],[-59.9330521,2.545989],[-59.9327891,2.5479156],[-59.9334027,2.5487913],[-59.9351559,2.55028],[-59.9368214,2.5510682],[-59.9383993,2.5518563],[-59.9383993,2.5532575],[-59.938224,2.5555343],[-59.9369091,2.5563225],[-59.9354189,2.5576361],[-59.9344546,2.5599129],[-59.9334904,2.5617519],[-59.9316495,2.5637661],[-59.9298087,2.5656926],[-59.9292827,2.5675316],[-59.9291074,2.5691079],[-59.9306853,2.5706842],[-59.9332274,2.5716475],[-59.9348053,2.5724356],[-59.9356818,2.5736616],[-59.9367338,2.5776023],[-59.9383116,2.5804921],[-59.9402401,2.5817181],[-59.9419056,2.5838198],[-59.9437465,2.5844327],[-59.9482171,2.586009],[-59.9526001,2.5865344],[-59.9543532,2.587848],[-59.9568953,2.5898621],[-59.96084,2.5917886],[-59.9639081,2.592314],[-59.9681157,2.5914383],[-59.9705702,2.5917886],[-59.9720604,2.5931021],[-59.9725863,2.5949411],[-59.9723234,2.5987066],[-59.9712714,2.6013336],[-59.9698689,2.6038731],[-59.968291,2.6068505],[-59.9671515,2.6086018],[-59.9648723,2.6094775],[-59.9624179,2.6090397],[-59.9610153,2.6080764],[-59.9589115,2.6078137],[-59.9579473,2.6093024],[-59.9582979,2.6112289],[-59.9596128,2.612017],[-59.9614536,2.6128051],[-59.9633821,2.6144689],[-59.964434,2.6169208],[-59.9653106,2.6194602],[-59.9647847,2.6219997],[-59.9640834,2.6234883],[-59.9641711,2.624977],[-59.9647847,2.6263781],[-59.9665379,2.6275164],[-59.9681157,2.6278667],[-59.9689923,2.6284797],[-59.968554,2.630231],[-59.9695183,2.6304061],[-59.9706578,2.6309315],[-59.9712714,2.6324202],[-59.9724987,2.6341715],[-59.9747778,2.6367109],[-59.9764676,2.6381194],[-59.9768314,2.6388675],[-59.9770569,2.6393379],[-59.9781965,2.6419649],[-59.9771446,2.6442416],[-59.976005,2.6460805],[-59.9742519,2.6483572],[-59.9731123,2.6521225],[-59.9723234,2.654837],[-59.9714468,2.6567635],[-59.9717974,2.6582521],[-59.9727616,2.6595655],[-59.9744272,2.6614919],[-59.9746025,2.6630681],[-59.9740765,2.664907],[-59.9734629,2.666308],[-59.9739889,2.6674463],[-59.9752161,2.6675339],[-59.9757421,2.6684095],[-59.976268,2.6706862],[-59.9770569,2.6719996],[-59.9781965,2.6722623],[-59.9786348,2.6738385],[-59.980388,2.6746266],[-59.9817029,2.6747141],[-59.984245,2.6754146],[-59.9853846,2.6767281],[-59.987576,2.6783918],[-59.9892416,2.6809311],[-59.9908194,2.6832078],[-59.991696,2.6860973],[-59.991696,2.6887242],[-59.9905564,2.6899501],[-59.9894169,2.6921392],[-59.9888033,2.6940655],[-59.9890893,2.6953703],[-59.9901958,2.700838],[-59.9913768,2.7044613],[-59.9915455,2.7076633],[-59.9905332,2.7127191],[-59.9895111,2.7182548],[-59.989774,2.7199657],[-59.9912081,2.7225779],[-59.9923891,2.7250215],[-59.9919673,2.7286448],[-59.9925486,2.7319392],[-59.9928583,2.7350895],[-59.9904423,2.7393107],[-59.9885021,2.74261],[-59.9873391,2.7443631],[-59.9869902,2.7460026],[-59.9873276,2.7511425],[-59.9896053,2.756788],[-59.9916299,2.7616751],[-59.992136,2.7647927],[-59.9919673,2.7714492],[-59.9914611,2.7771788],[-59.9924734,2.7799593],[-59.993317,2.7826556],[-59.993317,2.7857731],[-59.9922204,2.7874583],[-59.9914611,2.7957155],[-59.9905332,2.7968109],[-59.9884243,2.7991701],[-59.9869902,2.8027931],[-59.9875807,2.8044782],[-59.9889304,2.8087753],[-59.9886773,2.8105447],[-59.9891835,2.8154316],[-59.9901958,2.8236044],[-59.990955,2.8263848],[-59.9907863,2.8289967],[-59.9917986,2.8346418],[-59.9907019,2.8362426],[-59.9908706,2.8395285],[-59.9912081,2.8412978],[-59.9907863,2.8434884],[-59.9879181,2.8464373],[-59.9855561,2.8497232],[-59.9847969,2.8524193],[-59.9850394,2.8566926],[-59.9857014,2.8585935],[-59.9870255,2.8614037],[-59.9871082,2.8624781],[-59.9867772,2.8639658],[-59.9843774,2.8663627],[-59.9826395,2.8677678],[-59.9826395,2.8697514],[-59.982805,2.8720656],[-59.9842118,2.8742971],[-59.9852876,2.8774378],[-59.987522,2.8784296],[-59.9889741,2.880325],[-59.9897502,2.8809873],[-59.9900874,2.8819835],[-59.9885978,2.8843804],[-59.9856187,2.8859507],[-59.9837153,2.8882649],[-59.9809844,2.892232],[-59.9793294,2.8939676],[-59.9781708,2.8962818],[-59.9779225,2.8990092],[-59.9780053,2.9012407],[-59.9784191,2.9029763],[-59.9797431,2.904216],[-59.9815637,2.9040507],[-59.9829705,2.9038854],[-59.9836326,2.9054557],[-59.9850394,2.9067781],[-59.9863634,2.9081831],[-59.9861152,2.9104145],[-59.9848739,2.9121501],[-59.9840463,2.9156213],[-59.982805,2.9185966],[-59.9828878,2.9228116],[-59.9836326,2.9265306],[-59.9842118,2.9295885],[-59.9825568,2.9320679],[-59.9794121,2.935539],[-59.9725435,2.9419027],[-59.9674128,2.9487622],[-59.9648474,2.9505804],[-59.9613717,2.950663],[-59.9597167,2.9528118],[-59.9590546,2.9551258],[-59.9597994,2.9571093],[-59.9614545,2.9581836],[-59.9634406,2.9588448],[-59.9647647,2.9608282],[-59.9650129,2.9625637],[-59.9641026,2.9639687],[-59.9628613,2.9666959],[-59.9620863,2.9686202],[-59.9597994,2.974299],[-59.9586409,2.9763651],[-59.9578961,2.9814063],[-59.9567375,2.9840508],[-59.9556617,2.986778],[-59.9542549,2.9914059],[-59.950862,2.9953727],[-59.9482966,2.9968602],[-59.9469726,2.9983477],[-59.9469115,3.000178],[-59.9468898,3.000827],[-59.9476346,3.002893],[-59.9493724,3.0045458],[-59.951855,3.0061159],[-59.9543377,3.0076861],[-59.957234,3.0113223],[-59.9580616,3.0117355],[-59.9591786,3.0128509],[-59.9595512,3.013223],[-59.96162,3.0145452],[-59.9624475,3.0163633],[-59.9621447,3.0177117],[-59.9615448,3.0186452],[-59.9607097,3.0195862],[-59.9600477,3.022148],[-59.9594684,3.027189],[-59.9580081,3.0305278],[-59.957034,3.0315817],[-59.9548421,3.035635],[-59.9520007,3.0396073],[-59.9513513,3.0424446],[-59.9511078,3.0460926],[-59.9511078,3.0510376],[-59.9513513,3.057766],[-59.9520819,3.0605223],[-59.9532185,3.0644134],[-59.9555727,3.0713038],[-59.9563845,3.0756002],[-59.9564657,3.079086],[-59.9553292,3.0822474],[-59.9532996,3.082977],[-59.9508361,3.0837876],[-59.9461948,3.0848246],[-59.9410428,3.0864595],[-59.9391416,3.0876144],[-59.9377748,3.0893585],[-59.9374572,3.0909655],[-59.938058,3.0934981],[-59.9395801,3.0948932],[-59.9398562,3.0979633],[-59.9390494,3.1001231],[-59.9364952,3.1027562],[-59.9346281,3.1058366],[-59.9328631,3.1073095],[-59.9317372,3.108493],[-59.9301922,3.1100775],[-59.9288575,3.1109923],[-59.927628,3.1110502],[-59.9267535,3.1099707],[-59.925449,3.1079273],[-59.924036,3.1082337],[-59.9235063,3.1091601],[-59.9230192,3.1110245],[-59.9235063,3.1128079],[-59.922451,3.1151586],[-59.922451,3.1192116],[-59.9216392,3.1214813],[-59.9204214,3.1219677],[-59.9183108,3.1216435],[-59.9175801,3.1204276],[-59.9174178,3.1179957],[-59.9165248,3.1160503],[-59.915713,3.1142669],[-59.9161567,3.1116394],[-59.915498,3.1106699],[-59.9146576,3.110376],[-59.9123846,3.110376],[-59.9102739,3.1112677],[-59.9082142,3.1128832],[-59.9076949,3.115224],[-59.9075463,3.1174601],[-59.9088086,3.1216689],[-59.9086079,3.1245582],[-59.9095403,3.125683],[-59.9114916,3.1263449],[-59.9127093,3.1276419],[-59.9140082,3.127804],[-59.9157941,3.1269124],[-59.9164436,3.1256965],[-59.9172554,3.1256154],[-59.9182296,3.126426],[-59.9185543,3.1283714],[-59.9193067,3.1305499],[-59.9194591,3.1326924],[-59.9178637,3.1354692],[-59.9169164,3.1372754],[-59.9165248,3.1383417],[-59.9156318,3.1398819],[-59.9140082,3.140125],[-59.9123034,3.1393955],[-59.9107609,3.138666],[-59.9100329,3.1386506],[-59.9091031,3.1389712],[-59.9083521,3.1394533],[-59.9078478,3.1399353],[-59.9074831,3.1404602],[-59.9072363,3.1412958],[-59.9071934,3.1421529],[-59.9073221,3.1431384],[-59.9076011,3.1442311],[-59.907998,3.1450774],[-59.908513,3.1457737],[-59.9089958,3.1461273],[-59.9095215,3.1463844],[-59.9103691,3.1465558],[-59.9122467,3.1465772],[-59.9132015,3.1464701],[-59.9143173,3.145838],[-59.9165248,3.1446643],[-59.9183919,3.1438537],[-59.9199344,3.1439348],[-59.9207462,3.1448264],[-59.9212333,3.1472582],[-59.9209085,3.1490415],[-59.9187978,3.149771],[-59.9164436,3.149852],[-59.9145764,3.1487172],[-59.9127093,3.148393],[-59.9097868,3.1494468],[-59.9081632,3.1490415],[-59.9047536,3.1490415],[-59.9023181,3.149852],[-59.9006945,3.1517164],[-59.8999639,3.1534186],[-59.9006134,3.1550397],[-59.8999639,3.1558503],[-59.9002075,3.1575525],[-59.9012628,3.1603895],[-59.902237,3.1620917],[-59.9040229,3.1650909],[-59.90451,3.1672794],[-59.9062287,3.1700627],[-59.9076622,3.1724482],[-59.9091753,3.1760263],[-59.9094142,3.1797635],[-59.9102902,3.1818309],[-59.9115644,3.185091],[-59.9125201,3.1901799],[-59.9125997,3.1950303],[-59.9115644,3.1980518],[-59.909255,3.2019479],[-59.9085382,3.2095811],[-59.9083789,3.211569],[-59.9062287,3.2140338],[-59.9047156,3.2146699],[-59.9032822,3.2160216],[-59.9014505,3.2161807],[-59.8969908,3.2158626],[-59.8930886,3.214829],[-59.8900623,3.2155446],[-59.8882307,3.215147],[-59.8861601,3.2161011],[-59.883771,3.218248],[-59.8826561,3.2198382],[-59.8805059,3.2202358],[-59.8780371,3.2207128],[-59.8763478,3.2221991],[-59.8745509,3.2244611],[-59.8744728,3.229063],[-59.8755665,3.229765],[-59.8772853,3.231247],[-59.8789258,3.232573],[-59.8825976,3.234991],[-59.8869726,3.2376429],[-59.8879882,3.2391249],[-59.8880663,3.2414648],[-59.8869726,3.2431028],[-59.8833008,3.2441948],[-59.8809571,3.2446628],[-59.8788477,3.2451308],[-59.8785352,3.2460667],[-59.879004,3.2491867],[-59.8797071,3.2492647],[-59.8805664,3.2504346],[-59.8811914,3.2529305],[-59.8816602,3.2569084],[-59.8812695,3.2590143],[-59.879629,3.2613542],[-59.8768165,3.2643181],[-59.8746291,3.2679839],[-59.8733791,3.2697779],[-59.8731447,3.2714158],[-59.8729103,3.2748476],[-59.8707229,3.2785914],[-59.869551,3.2794493],[-59.8679886,3.2795273],[-59.8651761,3.2789034],[-59.8636137,3.2788254],[-59.8621293,3.2782794],[-59.860645,3.2778894],[-59.8590825,3.2780454],[-59.8582232,3.2789814],[-59.8577544,3.2810093],[-59.8572075,3.2834271],[-59.8564263,3.2859229],[-59.8553326,3.2876388],[-59.8543951,3.2899007],[-59.8531451,3.2925525],[-59.8517389,3.2943464],[-59.851192,3.2959062],[-59.8521295,3.299026],[-59.8532233,3.3005859],[-59.8532233,3.3015218],[-59.8515827,3.3040176],[-59.8494733,3.3065914],[-59.8472078,3.3078393],[-59.8447859,3.3082292],[-59.8429891,3.3080733],[-59.8415829,3.3086192],[-59.8408016,3.310569],[-59.8407935,3.3108183],[-59.8407235,3.3129868],[-59.8411141,3.3144687],[-59.842286,3.3169644],[-59.8425204,3.3187583],[-59.841661,3.3202401],[-59.8400985,3.321332],[-59.8381454,3.3223459],[-59.8367392,3.32102],[-59.8352549,3.321878],[-59.8341612,3.3235158],[-59.8335362,3.3258555],[-59.8320518,3.3277274],[-59.8297081,3.3294506],[-59.8278688,3.3305217],[-59.8274856,3.3318989],[-59.8274856,3.3326679],[-59.8274856,3.3336586],[-59.8286352,3.3364129],[-59.8293937,3.3382555],[-59.8309343,3.341998],[-59.8332334,3.3465884],[-59.8343064,3.3504138],[-59.8339998,3.3526325],[-59.8327736,3.3543922],[-59.8300913,3.3558458],[-59.8261061,3.3566874],[-59.8232705,3.3565343],[-59.8195152,3.3554633],[-59.8147636,3.3533211],[-59.8110084,3.3517144],[-59.8088625,3.3521735],[-59.8069691,3.3530044],[-59.80631,3.3537095],[-59.8059835,3.3544924],[-59.8052994,3.3557176],[-59.8048065,3.3569957],[-59.8046371,3.3589168],[-59.804243,3.3609072],[-59.804156,3.3614361],[-59.8041289,3.361711],[-59.8039628,3.3633923],[-59.8043038,3.3643635],[-59.8045305,3.3650093],[-59.8045037,3.3661458],[-59.8037617,3.3674351],[-59.8038614,3.369009],[-59.8040248,3.3699999],[-59.8051839,3.3711974],[-59.8059659,3.3720931],[-59.8078662,3.3738473],[-59.8089552,3.3745543],[-59.8095739,3.3753389],[-59.8100653,3.3763814],[-59.8102798,3.3769247],[-59.8111603,3.3791551],[-59.8112911,3.3798948],[-59.8112919,3.3806508],[-59.8112957,3.3806936],[-59.8117559,3.3828844],[-59.8119076,3.3839897],[-59.8120422,3.3852791],[-59.8123253,3.3866854],[-59.8135823,3.3915825],[-59.8142897,3.3935276],[-59.8151697,3.3955466],[-59.8160503,3.3970445],[-59.8171158,3.3988623],[-59.8181289,3.401601],[-59.820115,3.4085689],[-59.8206191,3.4100126],[-59.821581,3.4114834],[-59.8219908,3.4125726],[-59.8219648,3.4146052],[-59.8218937,3.4156666],[-59.821776,3.4160964],[-59.8214995,3.4165169],[-59.8211816,3.4168914],[-59.8207049,3.41721],[-59.8192677,3.4177486],[-59.8173599,3.4184336],[-59.8162904,3.4187652],[-59.8155461,3.4190319],[-59.815174,3.419216],[-59.8149401,3.419538],[-59.8141877,3.4206772],[-59.8135446,3.4215591],[-59.8131312,3.4222773],[-59.8130988,3.4230183],[-59.8128895,3.4237149],[-59.8126266,3.4243366],[-59.8119238,3.4250332],[-59.8116072,3.425687],[-59.811382,3.4264212],[-59.8114078,3.4270716],[-59.8115847,3.4276817],[-59.811908,3.4282431],[-59.8126806,3.4290736],[-59.8136523,3.4298722],[-59.8143824,3.4302816],[-59.8151581,3.4304877],[-59.8159501,3.4305315],[-59.8167233,3.4303708],[-59.8176335,3.4299718],[-59.8185543,3.4296693],[-59.8194486,3.4294156],[-59.8209743,3.4289187],[-59.8224024,3.4283746],[-59.824002,3.4277782],[-59.8250301,3.4271964],[-59.825972,3.4264547],[-59.8268404,3.425586],[-59.8274992,3.4247172],[-59.8278696,3.4240404],[-59.8285708,3.4232571],[-59.8295234,3.4225957],[-59.8306387,3.4221615],[-59.8328797,3.4219649],[-59.8346657,3.4218428],[-59.8352845,3.4218689],[-59.8359593,3.4219882],[-59.8368771,3.4223504],[-59.8372917,3.4225728],[-59.8375761,3.4228438],[-59.8377051,3.4231057],[-59.8378482,3.4234391],[-59.8381214,3.4237644],[-59.8384822,3.4239753],[-59.8393732,3.4242401],[-59.8399817,3.4244643],[-59.8405114,3.4247376],[-59.8410371,3.4251899],[-59.8413116,3.4255932],[-59.8414992,3.4259763],[-59.8416374,3.4264579],[-59.8416943,3.4275538],[-59.8416279,3.4287543],[-59.8407227,3.4324086],[-59.8406131,3.4333095],[-59.840286,3.4377216],[-59.8404551,3.4398312],[-59.8403666,3.442048],[-59.8402382,3.4428135],[-59.8398094,3.4437289],[-59.8393016,3.4443607],[-59.8387323,3.4449064],[-59.8371387,3.4460749],[-59.8362118,3.4469675],[-59.8347524,3.4482736],[-59.8340316,3.4489187],[-59.8314646,3.4515452],[-59.8299613,3.4535018],[-59.8289193,3.4555226],[-59.8280246,3.457801],[-59.8267061,3.4600382],[-59.8254701,3.4638614],[-59.8249068,3.4655824],[-59.8245678,3.4665708],[-59.8244369,3.4674651],[-59.8243747,3.468129],[-59.8238633,3.4711468],[-59.8227074,3.4723624],[-59.82095,3.4726326],[-59.8189953,3.4724825],[-59.8160633,3.4712818],[-59.8143341,3.4702312],[-59.8125297,3.4687303],[-59.8113134,3.4684321],[-59.8106502,3.4688054],[-59.8098984,3.4700061],[-59.8099736,3.4719572],[-59.810575,3.4738333],[-59.8117779,3.4766849],[-59.8135823,3.4783359],[-59.8153866,3.4793865],[-59.8177924,3.4796116],[-59.8194464,3.4787861],[-59.8215515,3.4771352],[-59.8229799,3.4762347],[-59.8247091,3.4762347],[-59.8259872,3.4770601],[-59.8271901,3.4779607],[-59.8276412,3.4794615],[-59.8268894,3.4809624],[-59.8248595,3.4829135],[-59.822604,3.4843393],[-59.8201982,3.4847895],[-59.8165144,3.4853148],[-59.8141837,3.4853899],[-59.811402,3.4858401],[-59.8098232,3.4865905],[-59.8082444,3.4883915],[-59.8070415,3.4895172],[-59.8049364,3.4899674],[-59.8030569,3.4905678],[-59.8022299,3.4915433],[-59.801854,3.4931192],[-59.8019292,3.4952954],[-59.8023051,3.4979218],[-59.8028314,3.5022742],[-59.8033576,3.5051257],[-59.8049364,3.5089528],[-59.8059138,3.5108288],[-59.8077933,3.5121045],[-59.8102743,3.5140555],[-59.8123042,3.5157814],[-59.8134319,3.5172822],[-59.8156874,3.5192333],[-59.8173413,3.5208841],[-59.8192961,3.5214844],[-59.8211756,3.5228352],[-59.8228296,3.5236606],[-59.8247091,3.5241108],[-59.8265135,3.5240358],[-59.8285637,3.5233604],[-59.8292277,3.5230886],[-59.8302007,3.5227844],[-59.8309433,3.5224843],[-59.83119,3.5222217],[-59.8314319,3.5217621],[-59.8315506,3.5216345],[-59.831776,3.5215789],[-59.8320383,3.5216095],[-59.8324275,3.521769],[-59.8331072,3.5222233],[-59.8340114,3.5230568],[-59.8350066,3.524524],[-59.8357044,3.5254113],[-59.8367473,3.5265324],[-59.8373578,3.5273211],[-59.8386582,3.5290999],[-59.839187,3.5303069],[-59.8394555,3.5314002],[-59.839604,3.5326906],[-59.8399451,3.5345423],[-59.8403118,3.5357097],[-59.841121,3.5376806],[-59.8414836,3.5387352],[-59.8420008,3.5397938],[-59.84235,3.5402814],[-59.8428494,3.5408012],[-59.8435411,3.5413949],[-59.844029,3.54201],[-59.8442487,3.5425475],[-59.8443718,3.5431171],[-59.8448484,3.5440976],[-59.8450395,3.5447199],[-59.8451919,3.5454058],[-59.8452264,3.546081],[-59.8451479,3.5472547],[-59.8450083,3.5479909],[-59.8447722,3.5487485],[-59.8444051,3.5494122],[-59.8438661,3.5501029],[-59.8427563,3.5513053],[-59.8423927,3.5517961],[-59.8422879,3.5522623],[-59.842585,3.5528103],[-59.8431408,3.553223],[-59.8459854,3.554201],[-59.8496693,3.5548763],[-59.8539546,3.5553265],[-59.8596684,3.5566022],[-59.8644048,3.5580279],[-59.869454,3.5591889],[-59.8705075,3.5598882],[-59.8711594,3.5605408],[-59.8722632,3.5627352],[-59.8725947,3.5632799],[-59.8730383,3.5638526],[-59.8701927,3.5636128],[-59.8686538,3.5646262],[-59.8654494,3.5678837],[-59.862291,3.5697516],[-59.8605125,3.5701067],[-59.8590631,3.5708614],[-59.8585882,3.5717416],[-59.8587192,3.5733107],[-59.8595691,3.5740285],[-59.8609608,3.574874],[-59.8624303,3.5755462],[-59.8643297,3.5757296],[-59.8658541,3.5755541],[-59.8668653,3.5758728],[-59.8673319,3.5767007],[-59.8672788,3.5777622],[-59.8665882,3.5786105],[-59.8644177,3.5792376],[-59.8625258,3.5792376],[-59.8604569,3.5796019],[-59.8589251,3.5803662],[-59.8582986,3.5823673],[-59.8580024,3.585028],[-59.8570018,3.5873777],[-59.8560034,3.5899566],[-59.8542017,3.5919289],[-59.852103,3.5933652],[-59.8515322,3.5943147],[-59.8506831,3.5970385],[-59.8506831,3.5997159],[-59.8514537,3.6019051],[-59.8513418,3.6035261],[-59.850645,3.6044889],[-59.8490164,3.6049374],[-59.8467247,3.6049374],[-59.8434349,3.6049374],[-59.84055,3.6054772],[-59.8378798,3.6063062],[-59.8354711,3.6066067],[-59.8336516,3.6078174],[-59.8297351,3.6101271],[-59.825403,3.6124369],[-59.8231247,3.6134863],[-59.8209903,3.6135984],[-59.8195471,3.6122689],[-59.81907,3.6107813],[-59.817701,3.60961],[-59.8157363,3.6100158],[-59.8155345,3.6114928],[-59.8158393,3.6136221],[-59.8169672,3.6164659],[-59.8171933,3.6190043],[-59.8162946,3.6197957],[-59.8155702,3.6200022],[-59.814369,3.6195663],[-59.8130268,3.6181686],[-59.8114271,3.6168177],[-59.8096252,3.6165696],[-59.8042748,3.6168096],[-59.802523,3.6175932],[-59.7985579,3.6189517],[-59.7967676,3.6193552],[-59.7944475,3.6188921],[-59.7919222,3.6179543],[-59.78945,3.61651],[-59.7878715,3.616535],[-59.7862808,3.6180004],[-59.7822468,3.6206054],[-59.7760436,3.6251188],[-59.7724153,3.62617],[-59.7697816,3.6262643],[-59.7680025,3.6260276],[-59.7657409,3.6259975],[-59.7641273,3.6262816],[-59.7637012,3.6268346],[-59.7642539,3.6278691],[-59.7654334,3.6290151],[-59.7668753,3.6296447],[-59.7681325,3.6305369],[-59.7684566,3.6319657],[-59.7681331,3.6326612],[-59.7673905,3.6329679],[-59.766055,3.6328545],[-59.7645078,3.6325279],[-59.7612762,3.6322867],[-59.7601539,3.6326068],[-59.7589773,3.6336857],[-59.7585672,3.6350081],[-59.7584475,3.6369493],[-59.7580338,3.6392199],[-59.7572039,3.6432129],[-59.7564436,3.6455771],[-59.754464,3.6484077],[-59.7536831,3.6497565],[-59.7526561,3.6518357],[-59.7514651,3.6529394],[-59.7496463,3.653602],[-59.7470698,3.654086],[-59.7456414,3.6556044],[-59.7440659,3.6582151],[-59.7423512,3.6600132],[-59.7402364,3.661083],[-59.738417,3.6614577],[-59.7361522,3.661309],[-59.733439,3.6620009],[-59.7311844,3.6627115],[-59.7297218,3.6630034],[-59.7260347,3.6632408],[-59.7237582,3.6636952],[-59.7214438,3.6650323],[-59.720088,3.6664469],[-59.7194659,3.667999],[-59.7192563,3.6722419],[-59.719084,3.6740196],[-59.7176829,3.6758741],[-59.715747,3.677143],[-59.7129915,3.6779117],[-59.7105524,3.6791896],[-59.7091092,3.6811201],[-59.7076526,3.6850952],[-59.7063299,3.6868259],[-59.7051681,3.6885361],[-59.7042669,3.6889721],[-59.7035858,3.6890537],[-59.7024822,3.6888797],[-59.7005788,3.6886127],[-59.6986276,3.6883131],[-59.6957939,3.6884321],[-59.6930745,3.6882512],[-59.6916957,3.6889232],[-59.6907916,3.6903232],[-59.6898985,3.6925807],[-59.6889212,3.6941767],[-59.6881263,3.6958243],[-59.6880347,3.6973173],[-59.687921,3.6989049],[-59.6874435,3.6994065],[-59.6867789,3.6996106],[-59.6858169,3.699344],[-59.6843127,3.6978717],[-59.6831437,3.6965824],[-59.6816352,3.6962374],[-59.6801404,3.6961752],[-59.6787588,3.696802],[-59.676936,3.6984421],[-59.6747049,3.6997897],[-59.6722244,3.7008506],[-59.6702458,3.7015984],[-59.6684148,3.7027753],[-59.6680842,3.703699],[-59.6679651,3.7057506],[-59.6675283,3.7071451],[-59.6668861,3.7088347],[-59.6653086,3.710992],[-59.6634549,3.7126925],[-59.6627059,3.714063],[-59.6625509,3.7154545],[-59.6626142,3.7167484],[-59.6635443,3.718017],[-59.6643058,3.7189897],[-59.6653513,3.7197874],[-59.6669929,3.7206512],[-59.6687955,3.7218407],[-59.6700745,3.7236681],[-59.6715082,3.7263544],[-59.6716474,3.7274098],[-59.6714588,3.7282702],[-59.6696547,3.7302157],[-59.6678263,3.7320982],[-59.667082,3.7322573],[-59.6661609,3.7321999],[-59.664734,3.7320787],[-59.6639095,3.7322658],[-59.6637709,3.7333371],[-59.6637386,3.7345006],[-59.6644235,3.7352166],[-59.6651936,3.7359851],[-59.6660318,3.7369368],[-59.6668247,3.7386658],[-59.6677805,3.7404542],[-59.6687438,3.7421362],[-59.6700661,3.7436399],[-59.6713086,3.7441803],[-59.6729477,3.74415],[-59.6738701,3.7442337],[-59.6750598,3.7449622],[-59.6752677,3.7461035],[-59.6742999,3.747751],[-59.6730558,3.7494769],[-59.67284,3.7512301],[-59.6727789,3.7539123],[-59.6734366,3.7549623],[-59.6742807,3.7553834],[-59.6755095,3.7556978],[-59.6766112,3.7554466],[-59.6777737,3.7550221],[-59.6789278,3.7554239],[-59.6797837,3.7564914],[-59.6795711,3.7576047],[-59.6788985,3.7586115],[-59.6776677,3.7595826],[-59.6751449,3.7606192],[-59.6724876,3.7625175],[-59.6715669,3.7636199],[-59.6705705,3.7653811],[-59.6699851,3.7654279],[-59.6689299,3.7649862],[-59.6684688,3.7659449],[-59.6684688,3.7671878],[-59.6693576,3.7676136],[-59.6700437,3.7677029],[-59.6705171,3.7679176],[-59.6703243,3.7687352],[-59.669386,3.7704029],[-59.6679083,3.7731456],[-59.6666997,3.7745869],[-59.6655031,3.7761483],[-59.6652562,3.7782731],[-59.6654664,3.7804009],[-59.665547,3.781259],[-59.6652419,3.7815869],[-59.6639706,3.7823649],[-59.6619878,3.7822386],[-59.6610071,3.782494],[-59.6599189,3.7823686],[-59.6588488,3.7823686],[-59.6578764,3.7831541],[-59.6570467,3.7841562],[-59.6560201,3.7854795],[-59.6554616,3.7861111],[-59.6542527,3.7858386],[-59.6524992,3.7854119],[-59.6513262,3.7850968],[-59.6502637,3.7854655],[-59.649177,3.7860727],[-59.6475091,3.7869881],[-59.6465103,3.7869881],[-59.6450703,3.7867008],[-59.6429426,3.785257],[-59.6410569,3.7845132],[-59.6398521,3.7843282],[-59.6385628,3.7850175],[-59.6376571,3.7859663],[-59.6366939,3.7882381],[-59.6359195,3.7911571],[-59.6353778,3.792945],[-59.6330882,3.7952717],[-59.6316397,3.7972273],[-59.6305997,3.7980158],[-59.6296587,3.7985875],[-59.6288511,3.7987026],[-59.6276474,3.7982622],[-59.6265927,3.7973717],[-59.6261244,3.7964373],[-59.6263246,3.7947594],[-59.6269601,3.7939668],[-59.6280132,3.7931181],[-59.6294939,3.7929129],[-59.6312189,3.7927805],[-59.6321749,3.792065],[-59.63272,3.7904333],[-59.63272,3.7888439],[-59.6323666,3.7866835],[-59.6311633,3.7850381],[-59.6301571,3.7842624],[-59.6290268,3.7840662],[-59.6280797,3.7848695],[-59.6268048,3.7865365],[-59.6259882,3.7887235],[-59.6250385,3.7901242],[-59.6242233,3.7906666],[-59.6226394,3.7906666],[-59.6213029,3.7903225],[-59.6195273,3.7904553],[-59.6181149,3.7909554],[-59.6169937,3.7924322],[-59.6156979,3.7951475],[-59.6140346,3.7988073],[-59.613254,3.7998457],[-59.6125693,3.8021942],[-59.6115096,3.8034956],[-59.6103399,3.804059],[-59.6087534,3.8042214],[-59.6072465,3.8036278],[-59.6060004,3.8009754],[-59.6051011,3.7982116],[-59.6040892,3.7964444],[-59.6009996,3.7949647],[-59.5991727,3.794114],[-59.5981535,3.7937327],[-59.5963068,3.7938643],[-59.5952535,3.7955722],[-59.5951306,3.7992483],[-59.5948917,3.8015137],[-59.5937951,3.8044317],[-59.593878,3.8063994],[-59.5942564,3.8086647],[-59.5971241,3.8110283],[-59.5988111,3.8118139],[-59.5983799,3.8134275],[-59.5972722,3.8149747],[-59.5952165,3.8144049],[-59.5928366,3.81403],[-59.5910657,3.8149135],[-59.5888304,3.8165242],[-59.587558,3.8189704],[-59.5868296,3.8211207],[-59.5861417,3.8225505],[-59.5851305,3.8229596],[-59.5839662,3.8229596],[-59.58337,3.8227268],[-59.5828886,3.8219263],[-59.5828588,3.8198131],[-59.5822977,3.8172934],[-59.5810446,3.8158245],[-59.5800584,3.8149059],[-59.5790613,3.8150126],[-59.5780311,3.8157752],[-59.5774487,3.8171958],[-59.5774487,3.8199304],[-59.5776607,3.8275446],[-59.577492,3.8299048],[-59.577492,3.8320788],[-59.5785233,3.8327158],[-59.5798515,3.8329367],[-59.5825767,3.8333191],[-59.5857484,3.8344583],[-59.5865274,3.8349765],[-59.5864543,3.8358522],[-59.5857339,3.837628],[-59.585212,3.8393202],[-59.585028,3.8406508],[-59.5869733,3.8437131],[-59.5872675,3.8458516],[-59.5877007,3.8487473],[-59.5890103,3.8515713],[-59.5885277,3.8532966],[-59.5876028,3.85442],[-59.5860065,3.8550488],[-59.5853734,3.8554374],[-59.5848298,3.8569165],[-59.5858468,3.8578299],[-59.5884317,3.8578735],[-59.5907035,3.8583773],[-59.5928025,3.8593783],[-59.5932356,3.8607828],[-59.5919669,3.8630844],[-59.5903568,3.8641964],[-59.5899796,3.8668315],[-59.589853,3.8684723],[-59.5915706,3.8715323],[-59.5933755,3.8771748],[-59.5937349,3.8823139],[-59.5927879,3.8853845],[-59.5906586,3.887981],[-59.5888123,3.888902],[-59.5857336,3.8885476],[-59.5841972,3.8881644],[-59.5826728,3.889305],[-59.5808986,3.8903671],[-59.5793053,3.8905942],[-59.576928,3.8894083],[-59.5758044,3.8889879],[-59.5749493,3.8901255],[-59.5748074,3.8919673],[-59.577569,3.8972197],[-59.5782328,3.8994133],[-59.5778337,3.900966],[-59.5771287,3.9015954],[-59.5765577,3.9015637],[-59.5761495,3.9007864],[-59.5756875,3.8991939],[-59.5752556,3.8963503],[-59.5740178,3.8940126],[-59.571588,3.8921945],[-59.5694063,3.8902312],[-59.5688028,3.8897218],[-59.567819,3.8895669],[-59.5666832,3.8908889],[-59.5662696,3.8926772],[-59.5671964,3.8945268],[-59.567777,3.8962229],[-59.567484,3.8986025],[-59.566883,3.9010866],[-59.5665397,3.9050695],[-59.5652114,3.9122508],[-59.5647808,3.9158162],[-59.5647399,3.9173299],[-59.5624145,3.919774],[-59.5611163,3.9205025],[-59.5588764,3.9205025],[-59.5532007,3.9193104],[-59.5497003,3.918405],[-59.5484663,3.9184963],[-59.547064,3.9192395],[-59.5448725,3.9201826],[-59.5430068,3.9213082],[-59.5398246,3.9237964],[-59.5389061,3.9245199],[-59.5393813,3.926416],[-59.5411512,3.9280935],[-59.5424102,3.9289444],[-59.5424427,3.9295279],[-59.5416595,3.9303873],[-59.5401035,3.9314362],[-59.5390954,3.9319592],[-59.5383042,3.9318874],[-59.5375533,3.9308623],[-59.5365547,3.9289564],[-59.5347462,3.9275042],[-59.5322752,3.9262933],[-59.5300076,3.9253969],[-59.5291849,3.9249455],[-59.528241,3.9240465],[-59.5274931,3.9236486],[-59.5262706,3.9240876],[-59.525147,3.9258363],[-59.5243665,3.9282589],[-59.523516,3.9311438],[-59.5228544,3.9322282],[-59.5239379,3.9335442],[-59.5254474,3.9350919],[-59.5260271,3.9375705],[-59.5259112,3.9388431],[-59.5239017,3.9399887],[-59.5221466,3.9410322],[-59.5196497,3.9425166],[-59.5180876,3.9436118],[-59.5160977,3.9441296],[-59.5153007,3.9449247],[-59.5155021,3.946381],[-59.5171401,3.9470619],[-59.5199416,3.9487134],[-59.5217032,3.9502197],[-59.5224203,3.9514122],[-59.5222735,3.9524375],[-59.5212238,3.9530193],[-59.5196387,3.9535024],[-59.5191247,3.9541692],[-59.5191746,3.9552666],[-59.520933,3.956933],[-59.5228039,3.9596904],[-59.5243391,3.9622005],[-59.5256953,3.9650333],[-59.5259463,3.9662853],[-59.5261642,3.96785],[-59.5266511,3.9688699],[-59.5283855,3.9691972],[-59.5302343,3.9686943],[-59.5311724,3.9692402],[-59.5331526,3.970958],[-59.5348623,3.971721],[-59.5374895,3.9713716],[-59.5405749,3.9710343],[-59.5431768,3.9718171],[-59.543955,3.9727486],[-59.5440762,3.9739174],[-59.5441194,3.9781073],[-59.5446843,3.9791317],[-59.5459979,3.9789376],[-59.5477714,3.97839],[-59.5501619,3.9786829],[-59.5527411,3.9792403],[-59.5553467,3.9793725],[-59.5569199,3.9784757],[-59.5583336,3.9771564],[-59.5582886,3.9756329],[-59.5584905,3.9745861],[-59.5592474,3.9735129],[-59.561841,3.9723445],[-59.5634995,3.9718655],[-59.5649148,3.9706301],[-59.5656884,3.9697675],[-59.5661365,3.9676223],[-59.56587,3.9661603],[-59.565583,3.9652195],[-59.5657493,3.9645561],[-59.5666642,3.9644508],[-59.5677834,3.9649898],[-59.5687419,3.9673181],[-59.5694932,3.968861],[-59.5705086,3.9696899],[-59.571347,3.9698758],[-59.572365,3.9699025],[-59.5731134,3.9698755],[-59.5743422,3.9697173],[-59.5757346,3.9690423],[-59.5770156,3.9684659],[-59.578573,3.9680901],[-59.5796077,3.9679035],[-59.5809393,3.9679035],[-59.5823824,3.9679356],[-59.5826357,3.9680289],[-59.5836869,3.9683605],[-59.5841692,3.9685131],[-59.5842713,3.9689078],[-59.5846233,3.9698338],[-59.5848783,3.9706922],[-59.5852261,3.9716226],[-59.5854191,3.9725535],[-59.5859201,3.9736176],[-59.5862642,3.9745381],[-59.5863986,3.9750595],[-59.5863986,3.975486],[-59.5861111,3.975838],[-59.5855636,3.976228],[-59.5852126,3.9765616],[-59.5844935,3.9773587],[-59.5834541,3.9783955],[-59.5828211,3.9791566],[-59.5819518,3.9803865],[-59.5815249,3.9807818],[-59.5808386,3.9813536],[-59.5799383,3.9817759],[-59.579075,3.9823966],[-59.5782141,3.9829144],[-59.5772632,3.9834962],[-59.5760629,3.9841138],[-59.5754085,3.9844082],[-59.5740947,3.9851535],[-59.5732775,3.9856723],[-59.5727761,3.9857914],[-59.5718267,3.9860079],[-59.5714599,3.9863737],[-59.5714432,3.9869037],[-59.5717419,3.9876619],[-59.5721194,3.9884542],[-59.5730412,3.9899612],[-59.5737559,3.991247],[-59.5742457,3.9920364],[-59.5745102,3.9927275],[-59.5748417,3.993389],[-59.575273,3.9939671],[-59.5756822,3.994333],[-59.5760899,3.9945137],[-59.5766992,3.994551],[-59.5771653,3.9948452],[-59.5777334,3.995218],[-59.5779759,3.9955132],[-59.5779804,3.9965108],[-59.5779177,3.9973239],[-59.5782266,3.9981249],[-59.5783489,3.9987762],[-59.5788863,3.9997244],[-59.5794314,4.0005905],[-59.5801617,4.001562],[-59.5808389,4.0022586],[-59.5817925,4.0026391],[-59.582663,4.0028252],[-59.5835841,4.0028689],[-59.5841982,4.0024605],[-59.5845224,4.0021122],[-59.5845889,4.0012273],[-59.5845054,4.0004354],[-59.5841425,3.9991885],[-59.5838307,3.997964],[-59.5838307,3.9968224],[-59.5839805,3.9962435],[-59.5844696,3.9950141],[-59.5848238,3.9943633],[-59.5856135,3.9937068],[-59.5861591,3.9934259],[-59.5872497,3.9935181],[-59.587979,3.9937793],[-59.5885279,3.9941379],[-59.5892772,3.9947478],[-59.5899866,3.9953215],[-59.5903484,3.9959295],[-59.5908489,3.9967082],[-59.5915589,3.9978011],[-59.5928973,3.9991162],[-59.593495,3.9999592],[-59.5944471,4.0004235],[-59.5951615,4.0006961],[-59.5957741,4.0007397],[-59.5963531,4.0006435],[-59.5967791,4.0007537],[-59.5970348,4.0010988],[-59.5970348,4.0015066],[-59.596714,4.0019867],[-59.5963825,4.0024207],[-59.596173,4.0029337],[-59.5953926,4.0035603],[-59.59461,4.004263],[-59.5939666,4.0046027],[-59.5930434,4.0049431],[-59.5923265,4.0053848],[-59.5917231,4.0060082],[-59.591442,4.0066983],[-59.591294,4.0074157],[-59.5913149,4.008188],[-59.5914814,4.0092463],[-59.5918932,4.010068],[-59.5924245,4.0111868],[-59.5926619,4.0119371],[-59.5930154,4.0127989],[-59.5931495,4.0135826],[-59.5932061,4.0143162],[-59.5929991,4.0151611],[-59.5928208,4.0155563],[-59.5926797,4.0160723],[-59.5929106,4.0166943],[-59.5931565,4.0170509],[-59.5935856,4.0174576],[-59.5942737,4.0178865],[-59.5949837,4.0180194],[-59.5955789,4.017928],[-59.5962933,4.0174745],[-59.5968781,4.0168703],[-59.5973757,4.016188],[-59.5982729,4.0143382],[-59.5991191,4.0131603],[-59.6004119,4.0113945],[-59.6016035,4.0098887],[-59.6029255,4.0083141],[-59.6042784,4.0071797],[-59.6050718,4.006652],[-59.605612,4.0065477],[-59.6061156,4.0066374],[-59.6065634,4.0067983],[-59.6072504,4.0073726],[-59.6076681,4.0079976],[-59.608136,4.0088336],[-59.608462,4.0096563],[-59.6086011,4.0104694],[-59.6089325,4.0113579],[-59.6095036,4.0123547],[-59.61008,4.0131762],[-59.6110186,4.014031],[-59.6121029,4.0148924],[-59.6128513,4.0154475],[-59.6131922,4.0160024],[-59.6133548,4.016687],[-59.6132443,4.017385],[-59.6130743,4.0178747],[-59.6127952,4.0184688],[-59.6123923,4.0188707],[-59.6120056,4.0190217],[-59.6116098,4.0190381],[-59.6112832,4.0188915],[-59.6106516,4.0183385],[-59.6096726,4.017433],[-59.6081421,4.0158088],[-59.6074092,4.0150423],[-59.6067071,4.0144693],[-59.6048786,4.0139925],[-59.6034427,4.0140756],[-59.6024167,4.0144308],[-59.6017214,4.0148721],[-59.6011168,4.0154544],[-59.6007229,4.0159782],[-59.6005478,4.0166988],[-59.6005478,4.0171946],[-59.6008044,4.0179413],[-59.6012012,4.0186288],[-59.6018167,4.0193813],[-59.602373,4.0204338],[-59.602684,4.0217523],[-59.6027998,4.0225225],[-59.6027804,4.0237068],[-59.6026864,4.0244187],[-59.6022973,4.0252338],[-59.6020216,4.0259999],[-59.601493,4.0268788],[-59.6012581,4.0272834],[-59.6010682,4.0280625],[-59.6010038,4.028791],[-59.601163,4.0293584],[-59.601496,4.0298234],[-59.60193,4.0302107],[-59.6025539,4.0303609],[-59.6042245,4.030837],[-59.6063538,4.0314326],[-59.6081331,4.0320045],[-59.6101137,4.0328936],[-59.6123981,4.0339834],[-59.6147628,4.0352917],[-59.6169928,4.0365826],[-59.6184399,4.0374329],[-59.6194191,4.0381225],[-59.6197485,4.0386066],[-59.6198204,4.0392521],[-59.6196635,4.0410723],[-59.6193492,4.0428749],[-59.6188783,4.0441666],[-59.6181037,4.0460686],[-59.6178545,4.0466254],[-59.6175993,4.0471955],[-59.6173533,4.0481977],[-59.6170474,4.0503951],[-59.6171341,4.0507336],[-59.6174578,4.0514067],[-59.6178412,4.0519352],[-59.6186813,4.0526717],[-59.61907,4.0529115],[-59.6198514,4.0532246],[-59.6208501,4.0536138],[-59.6214475,4.0537663],[-59.6224274,4.0537792],[-59.6230794,4.0539885],[-59.6236668,4.0541393],[-59.6242024,4.0541499],[-59.6249461,4.0541394],[-59.6260372,4.0537814],[-59.626614,4.0535143],[-59.6273509,4.0530942],[-59.6279667,4.0523611],[-59.628521,4.0520673],[-59.6290042,4.0520834],[-59.6294605,4.0523986],[-59.6300899,4.052987],[-59.6312371,4.0539883],[-59.632206,4.0543455],[-59.6330378,4.0544963],[-59.6338682,4.0553247],[-59.6348852,4.0563789],[-59.6363558,4.057826],[-59.6372933,4.0589205],[-59.6383975,4.0599818],[-59.6393991,4.0609221],[-59.6399472,4.061714],[-59.6403803,4.0630885],[-59.6408233,4.0640525],[-59.641071,4.0646226],[-59.6412081,4.0655213],[-59.6414541,4.0664702],[-59.6416764,4.0669692],[-59.642079,4.0672369],[-59.6425027,4.0674023],[-59.6453789,4.0673862],[-59.6477269,4.0674018],[-59.6482923,4.0676514],[-59.6496957,4.0680013],[-59.6516622,4.0688252],[-59.6527672,4.0688646],[-59.6537427,4.0691168],[-59.6540585,4.0694319],[-59.6539596,4.0700905],[-59.6536583,4.0710294],[-59.6530505,4.0722041],[-59.6521339,4.0734612],[-59.650852,4.0747786],[-59.6494004,4.0766178],[-59.6482595,4.0783053],[-59.6471644,4.0805289],[-59.6462269,4.0823213],[-59.6455228,4.0840381],[-59.6448575,4.0856384],[-59.6443566,4.087253],[-59.6439972,4.0878265],[-59.6420569,4.0895295],[-59.641152,4.0907461],[-59.6400215,4.0921071],[-59.6392779,4.093161],[-59.6384224,4.0943394],[-59.6384224,4.0953703],[-59.6379904,4.0963038],[-59.6371389,4.0971146],[-59.6365943,4.0981173],[-59.6365544,4.0994333],[-59.636445,4.1000876],[-59.6354944,4.1019461],[-59.6341565,4.1037123],[-59.63392,4.1046558],[-59.6331906,4.1058886],[-59.6324019,4.1075564],[-59.6317968,4.1094944],[-59.6317968,4.1108698],[-59.6308702,4.111794],[-59.6302579,4.1129236],[-59.6285891,4.1140025],[-59.6277695,4.115103],[-59.626491,4.1162538],[-59.6257793,4.117254],[-59.6251106,4.1188739],[-59.6247926,4.1201745],[-59.6246257,4.1215725],[-59.6253657,4.1225566],[-59.6250459,4.1239776],[-59.6243465,4.1261309],[-59.6234817,4.1270551],[-59.6230434,4.1280545],[-59.6223143,4.128927],[-59.6212881,4.1293748],[-59.62079,4.130524],[-59.6181766,4.1316602],[-59.6197143,4.1330352],[-59.6212496,4.1334856],[-59.622407,4.1343736],[-59.6246431,4.1353548],[-59.6268137,4.1374297],[-59.6310195,4.1384257],[-59.6331022,4.1391651],[-59.6341667,4.1413249],[-59.6377429,4.1428268],[-59.6442081,4.1448165],[-59.6461224,4.1451048],[-59.6500845,4.1457013],[-59.6594852,4.146255],[-59.6639865,4.1445853],[-59.6654408,4.1439131],[-59.6670842,4.1442618],[-59.6702265,4.1456102],[-59.6716947,4.1463236],[-59.6810416,4.1468395],[-59.6827405,4.1470321],[-59.6838312,4.1461482],[-59.6847654,4.1472233],[-59.6858539,4.1466418],[-59.6865896,4.1469523],[-59.6865601,4.1475995],[-59.686318,4.148646],[-59.6872872,4.1496127],[-59.6886581,4.1499083],[-59.68982,4.1508862],[-59.6941006,4.1527264],[-59.6960234,4.1539928],[-59.6970991,4.1549584],[-59.6993062,4.1580769],[-59.7017634,4.1603767],[-59.7035126,4.1605706],[-59.7045728,4.1604247],[-59.7061278,4.1607068],[-59.7085168,4.1619998],[-59.7109955,4.1639421],[-59.7144913,4.1665871],[-59.7168067,4.1665871],[-59.7184431,4.1666997],[-59.7195973,4.1678508],[-59.7199662,4.1691123],[-59.7190103,4.1701928],[-59.7216773,4.1723577],[-59.7223197,4.1744547],[-59.7234133,4.1761514],[-59.7250449,4.1778389],[-59.7269105,4.1790393],[-59.7287078,4.1799953],[-59.7306906,4.1807644],[-59.7303776,4.1821691],[-59.7296782,4.1836804],[-59.7287523,4.185354],[-59.7265725,4.1871054],[-59.7265725,4.1903677],[-59.72822,4.1918892],[-59.7295497,4.1939649],[-59.7300847,4.1965138],[-59.7317601,4.1988412],[-59.7326821,4.2007377],[-59.7327427,4.2030359],[-59.7345412,4.2044708],[-59.7354909,4.2084371],[-59.7373812,4.2098509],[-59.7380739,4.2142839],[-59.7374467,4.2169567],[-59.7355786,4.2184591],[-59.7358231,4.2214464],[-59.73529,4.2268231],[-59.7353517,4.2289171],[-59.7365442,4.2303567],[-59.7395,4.2322063],[-59.7394865,4.2339042],[-59.738193,4.2362693],[-59.7364082,4.2379008],[-59.7349268,4.2411508],[-59.7322004,4.2435023],[-59.729518,4.2471434],[-59.7270757,4.2504647],[-59.7235168,4.2546792],[-59.7221847,4.2565243],[-59.7192241,4.259772],[-59.7167897,4.2627146],[-59.714691,4.2643022],[-59.7110385,4.2652686],[-59.7096945,4.2667666],[-59.7094545,4.2687611],[-59.7106412,4.2703009],[-59.7122952,4.27176],[-59.716194,4.2735557],[-59.7187387,4.2747134],[-59.7198868,4.2745227],[-59.7207779,4.2737009],[-59.7217048,4.2721187],[-59.722824,4.2706204],[-59.7237897,4.2696573],[-59.7255125,4.2686564],[-59.7265498,4.2685947],[-59.7276064,4.2680369],[-59.7286523,4.2679805],[-59.7306118,4.2690843],[-59.7314728,4.2699576],[-59.7323954,4.2716751],[-59.733549,4.2734764],[-59.733549,4.2742583],[-59.7324662,4.2752651],[-59.7304694,4.2769978],[-59.7287757,4.2774161],[-59.7282039,4.2791266],[-59.7289815,4.2811561],[-59.7308367,4.2825596],[-59.7317944,4.2831913],[-59.7320537,4.2839533],[-59.7318948,4.2858686],[-59.7296646,4.2874887],[-59.7278222,4.2887467],[-59.7212837,4.2950192],[-59.7196861,4.2967477],[-59.718493,4.3006221],[-59.7171653,4.3033289],[-59.7130101,4.3052805],[-59.7111908,4.3070069],[-59.7098496,4.3065891],[-59.7079069,4.3059529],[-59.7072074,4.3042259],[-59.7049581,4.3058327],[-59.7032409,4.3071715],[-59.7022918,4.3095704],[-59.7027706,4.3114805],[-59.7035524,4.3127668],[-59.7046168,4.3141033],[-59.706006,4.3147115],[-59.7051323,4.3161522],[-59.7043417,4.317992],[-59.7021275,4.3206114],[-59.7006979,4.3220369],[-59.6986335,4.3237524],[-59.6949103,4.3292076],[-59.6929371,4.3310618],[-59.6913369,4.3333792],[-59.6899761,4.3349561],[-59.6858487,4.3363531],[-59.6847525,4.3374042],[-59.684894,4.3383215],[-59.681884,4.3392979],[-59.6787105,4.3413293],[-59.6783262,4.3437058],[-59.67686,4.345314],[-59.6755052,4.3463867],[-59.6755052,4.3484785],[-59.6768939,4.3495338],[-59.6777191,4.3501062],[-59.6776601,4.3511651],[-59.6779587,4.3524112],[-59.6777694,4.353292],[-59.6783007,4.3566354],[-59.6799946,4.3560515],[-59.6806993,4.3566538],[-59.6816956,4.358182],[-59.6826175,4.3595034],[-59.6832462,4.3610261],[-59.6826101,4.3619215],[-59.6826893,4.363737],[-59.6824654,4.3644241],[-59.6811403,4.3655899],[-59.6807843,4.3668718],[-59.6796634,4.3683991],[-59.6785272,4.3691117],[-59.6777096,4.3692396],[-59.6772261,4.3684876],[-59.6752038,4.3687423],[-59.6733424,4.3699862],[-59.6718301,4.3708612],[-59.6706918,4.3707616],[-59.6696524,4.3717981],[-59.6694175,4.3726924],[-59.6694788,4.3762949],[-59.6728397,4.3773995],[-59.6838887,4.3851457],[-59.6892033,4.3832027],[-59.6910746,4.3803191],[-59.6946635,4.3799938],[-59.7026864,4.3871423],[-59.7097076,4.3905573],[-59.714012,4.3960507],[-59.7204019,4.3977726],[-59.7219162,4.3986786],[-59.7203588,4.401187],[-59.7187399,4.4031599],[-59.7204504,4.4067021],[-59.7204947,4.4103649],[-59.7235772,4.4111447],[-59.7269667,4.4101309],[-59.7300798,4.4124179],[-59.7308025,4.4166141],[-59.7351197,4.4232663],[-59.7382827,4.423952],[-59.740301,4.4215972],[-59.7450907,4.4225693],[-59.7503446,4.4205675],[-59.7543415,4.422394],[-59.75807,4.4271253],[-59.7601538,4.4321463],[-59.764946,4.4338527],[-59.7657963,4.4369044],[-59.7691279,4.4391189],[-59.7706484,4.4365923],[-59.7717647,4.4377052],[-59.7714561,4.4399467],[-59.7749007,4.4412746],[-59.778372,4.4398902],[-59.7807642,4.4398902],[-59.7813575,4.4415165],[-59.77897,4.4438969],[-59.7795174,4.4468077],[-59.7816283,4.4487368],[-59.7834202,4.4503447],[-59.7855101,4.4499659],[-59.7873796,4.4460689],[-59.7911508,4.4465593],[-59.7945223,4.4480719],[-59.7964836,4.4500272],[-59.7953411,4.4580842],[-59.7937754,4.4634611],[-59.794442,4.4645687],[-59.7950268,4.4655405],[-59.8030897,4.4671133],[-59.8049528,4.4659987],[-59.8061734,4.459393],[-59.8065133,4.4541404],[-59.8122413,4.4470859],[-59.8188124,4.4475899],[-59.8264881,4.4494606],[-59.8283759,4.4506583],[-59.8310582,4.4513268],[-59.8318921,4.4531878],[-59.8310112,4.457579],[-59.8329335,4.458218],[-59.8355864,4.4569837],[-59.8394786,4.454959],[-59.8437716,4.4556439],[-59.84822,4.4532558],[-59.8508508,4.4540755],[-59.8536652,4.45618],[-59.8568909,4.4547507],[-59.8589368,4.453051],[-59.861538,4.4524027],[-59.8643654,4.4547241],[-59.8714895,4.462503],[-59.8703803,4.4665578],[-59.8656949,4.4697274],[-59.8631566,4.4695466],[-59.8630561,4.471156],[-59.8630094,4.4719049],[-59.8641843,4.4732644],[-59.865935,4.4752903],[-59.8718312,4.4771098],[-59.8743811,4.4815158],[-59.8718134,4.4854054],[-59.874831,4.4871721],[-59.8781329,4.4842461],[-59.8767078,4.4799839],[-59.8748241,4.4772523],[-59.8741729,4.4746553],[-59.8755918,4.4730877],[-59.8819474,4.4756473],[-59.889202,4.4778859],[-59.8940144,4.4775432],[-59.8982284,4.4785936],[-59.9014358,4.4746853],[-59.9024694,4.4679875],[-59.9047056,4.4635287],[-59.9048693,4.4605918],[-59.9094056,4.4604304],[-59.9153086,4.4658111],[-59.9161262,4.4687453],[-59.9110158,4.4764091],[-59.9119199,4.4791131],[-59.91635,4.4782297],[-59.930311,4.4807758],[-59.9313523,4.4821104],[-59.9253806,4.4878937],[-59.9262824,4.4903662],[-59.926837,4.4918868],[-59.9335529,4.4934318],[-59.9355423,4.4969025],[-59.9355867,4.5000433],[-59.9373236,4.5004885],[-59.9412698,4.4980939],[-59.9473874,4.499788],[-59.9519225,4.4999554],[-59.9536373,4.5035455],[-59.9588236,4.5038901],[-59.9617271,4.5071252],[-59.9709435,4.5095523],[-59.9738227,4.5085954],[-59.972003,4.5056929],[-59.9723428,4.4999333],[-59.9723428,4.4962152],[-59.9740198,4.493206],[-59.975994,4.491238],[-59.9718448,4.4833097],[-59.9729164,4.4801046],[-59.9801228,4.4870257],[-59.9830309,4.4874972],[-59.984764,4.4866388],[-59.9869379,4.4858582],[-59.9883132,4.4856473],[-59.9896259,4.4859442],[-59.9912898,4.4867736],[-59.9935491,4.4877603],[-59.9946157,4.4881432],[-59.9951079,4.4884294],[-59.9974809,4.4908804],[-60.0000366,4.4932355],[-60.0017108,4.4947926],[-60.002762,4.4953375],[-60.0038553,4.4954804],[-60.0050845,4.4954483],[-60.0076414,4.4958921],[-60.0091655,4.4958755],[-60.0100209,4.4952448],[-60.0110709,4.494243],[-60.0115679,4.4929134],[-60.0129056,4.4917271],[-60.0142407,4.4910059],[-60.0157619,4.4905186],[-60.017166,4.4896914],[-60.0182768,4.4896109],[-60.0198004,4.4907345],[-60.02091,4.4919258],[-60.0222864,4.4933194],[-60.0232859,4.4942398],[-60.0242707,4.4943514],[-60.0255448,4.4944228],[-60.0265035,4.4939438],[-60.0279623,4.4929689],[-60.0304078,4.4918997],[-60.0322363,4.4907126],[-60.0347065,4.4905281],[-60.038376,4.490677],[-60.0416873,4.491678],[-60.0432136,4.4921574],[-60.0438975,4.4932111],[-60.0445081,4.4942764],[-60.0450812,4.4947191],[-60.0460039,4.4946345],[-60.0473395,4.4944627],[-60.0488277,4.4941872],[-60.0493337,4.4942454],[-60.0499871,4.4948008],[-60.0511612,4.4948063],[-60.052277,4.4948281],[-60.0532382,4.4944624],[-60.0539597,4.494588],[-60.0547488,4.4949634],[-60.0557869,4.4953377],[-60.0564976,4.4952712],[-60.058408,4.4951428],[-60.0604035,4.4949338],[-60.0617436,4.494743],[-60.062732,4.4948435],[-60.0632347,4.495491],[-60.0639345,4.4957956],[-60.0656797,4.4950248],[-60.0676906,4.4939585],[-60.0693393,4.4934567],[-60.0706604,4.4933056],[-60.0711924,4.493476],[-60.0713907,4.4943458],[-60.0714755,4.4953179],[-60.0714968,4.4968937],[-60.0714316,4.4986065],[-60.0716856,4.4991974],[-60.0715238,4.5000845],[-60.0711926,4.5006418],[-60.0704564,4.5017426],[-60.0699129,4.503325],[-60.0695681,4.5049723],[-60.0689675,4.5061317],[-60.0679082,4.5066337],[-60.0676757,4.5075839],[-60.0678068,4.5086731],[-60.0679127,4.5096862],[-60.0677218,4.5112505],[-60.0672721,4.5132359],[-60.0668614,4.5153262],[-60.0669468,4.5169864],[-60.0668282,4.5173263],[-60.0665231,4.5171502],[-60.0651011,4.5169065],[-60.0643198,4.5171662],[-60.0639219,4.5179829],[-60.0639441,4.5193329],[-60.0645327,4.5210716],[-60.0653132,4.5224332],[-60.0659187,4.5233051],[-60.0681921,4.5239588],[-60.0722856,4.5249404],[-60.0737828,4.5250326],[-60.0761833,4.5247259],[-60.0781856,4.52434],[-60.0794768,4.523271],[-60.0804541,4.5223632],[-60.0807362,4.5200483],[-60.0813647,4.5185287],[-60.0820139,4.5181063],[-60.0828715,4.5176268],[-60.0842859,4.5174298],[-60.0851035,4.5170779],[-60.08571,4.5171585],[-60.0864777,4.5173398],[-60.0868972,4.5179291],[-60.0868222,4.518378],[-60.0862491,4.5194782],[-60.0852808,4.5217522],[-60.0836478,4.5261433],[-60.0829121,4.5286022],[-60.0829342,4.5301641],[-60.0834058,4.5311269],[-60.0843126,4.5319426],[-60.0863059,4.533001],[-60.0878134,4.5335602],[-60.089933,4.5337127],[-60.0910809,4.5333537],[-60.091803,4.5324763],[-60.0921889,4.5312932],[-60.093531,4.5286628],[-60.0945939,4.5277255],[-60.0967781,4.5278969],[-60.0984475,4.5285156],[-60.1007839,4.5288823],[-60.1024281,4.5289204],[-60.1036386,4.5284511],[-60.1044587,4.5273681],[-60.1052036,4.5252496],[-60.1049599,4.5236157],[-60.1036292,4.5214409],[-60.1023546,4.5203674],[-60.1003774,4.5196604],[-60.0989363,4.5185778],[-60.0979327,4.5160819],[-60.0981806,4.5132391],[-60.0995361,4.5115078],[-60.1002982,4.5103355],[-60.1006828,4.5091295],[-60.101885,4.508179],[-60.1039168,4.5074541],[-60.1054874,4.5064972],[-60.1067511,4.5050242],[-60.1071928,4.5047218],[-60.1081695,4.5045842],[-60.1091745,4.5048347],[-60.1101994,4.505154],[-60.1110853,4.5054631],[-60.11211,4.5052633],[-60.1139789,4.5046527],[-60.1156316,4.5036554],[-60.1165714,4.5027623],[-60.1177873,4.5020282],[-60.1190547,4.5019018],[-60.120801,4.5015496],[-60.1217063,4.5019507],[-60.1222878,4.5027104],[-60.1223088,4.5039463],[-60.1225931,4.5052326],[-60.1233757,4.5068579],[-60.1238346,4.5074984],[-60.124756,4.507744],[-60.1261682,4.5076357],[-60.127621,4.5075778],[-60.1286644,4.5079315],[-60.1293833,4.5083205],[-60.1301016,4.5093314],[-60.1310449,4.5103592],[-60.1330875,4.5112907],[-60.1344467,4.5117777],[-60.1355965,4.5127155],[-60.1360601,4.5134718],[-60.1366646,4.5143422],[-60.1375201,4.5145887],[-60.139453,4.5145073],[-60.1412484,4.5141577],[-60.1436188,4.5136251],[-60.1451514,4.5128901],[-60.1495499,4.5114679],[-60.1504917,4.5113455],[-60.1517178,4.5119566],[-60.1537377,4.5123897],[-60.1551021,4.5124322],[-60.1562307,4.5128618],[-60.1569609,4.5139224],[-60.1576123,4.5149049],[-60.1588831,4.5164196],[-60.1595245,4.5169929],[-60.1605707,4.5174709],[-60.1611406,4.5177256],[-60.1612757,4.5183412],[-60.1612544,4.5215773],[-60.1606743,4.5228786],[-60.1596889,4.5236937],[-60.1584909,4.5245783],[-60.1583363,4.5264501],[-60.1582075,4.5289749],[-60.1577364,4.5357424],[-60.1572002,4.5375809],[-60.1570272,4.5395212],[-60.157006,4.5406842],[-60.1568075,4.5412777],[-60.1556702,4.5422016],[-60.1551112,4.5427587],[-60.1546336,4.5441005],[-60.1540467,4.5451624],[-60.1538065,4.548384],[-60.154818,4.5504436],[-60.1548397,4.5510056],[-60.1557556,4.5524849],[-60.1583249,4.5538818],[-60.1597212,4.554177],[-60.1603306,4.5548452],[-60.1607404,4.5556008],[-60.1607822,4.5567489],[-60.1608113,4.5583506],[-60.1608232,4.5597111],[-60.1600809,4.5610854],[-60.1590746,4.5620031],[-60.1590644,4.5620199],[-60.1578601,4.5639921],[-60.1574956,4.5649149],[-60.1570536,4.5660344],[-60.157141,4.5671673],[-60.157141,4.5677624],[-60.1568294,4.5685286],[-60.1562888,4.5695165],[-60.1568535,4.5705296],[-60.1571641,4.5711281],[-60.1572087,4.5718629],[-60.1572459,4.5724751],[-60.1561606,4.5738067],[-60.154867,4.575075],[-60.154051,4.575513],[-60.1523792,4.5761036],[-60.1507896,4.5761653],[-60.1496876,4.5751076],[-60.149308,4.5734047],[-60.148487,4.5703249],[-60.1475691,4.5690396],[-60.1461615,4.5676365],[-60.1455136,4.5660998],[-60.1447413,4.5662442],[-60.1438059,4.5664137],[-60.1418833,4.5664563],[-60.1399338,4.5664985],[-60.1385924,4.5658926],[-60.1374015,4.5650509],[-60.1364289,4.5648662],[-60.135481,4.5656036],[-60.1353305,4.5662037],[-60.1361603,4.5672768],[-60.1369232,4.568059],[-60.138269,4.5689747],[-60.1388652,4.5697739],[-60.1389653,4.5703326],[-60.1387962,4.5719131],[-60.1384334,4.5732535],[-60.1379167,4.5753351],[-60.1377801,4.5763564],[-60.1381396,4.5767148],[-60.1389919,4.5765136],[-60.140353,4.5767566],[-60.1406214,4.5773108],[-60.140744,4.5783695],[-60.140134,4.5794234],[-60.1389201,4.5800493],[-60.1375595,4.5806638],[-60.1367312,4.5808496],[-60.1355333,4.5806849],[-60.1331089,4.5789042],[-60.1300553,4.5767118],[-60.1298027,4.576345],[-60.1290569,4.5752623],[-60.1281755,4.575008],[-60.1272052,4.5752642],[-60.1256184,4.5756833],[-60.1238243,4.5768828],[-60.1230787,4.5780851],[-60.1225662,4.5792178],[-60.1229521,4.5806206],[-60.1240597,4.5813492],[-60.1261959,4.582712],[-60.1277608,4.5842931],[-60.1282632,4.5854616],[-60.1288621,4.5884888],[-60.1293145,4.5905497],[-60.1303465,4.5934862],[-60.1311482,4.5957574],[-60.1308701,4.5964305],[-60.1294482,4.598084],[-60.1290784,4.5996238],[-60.1288107,4.6004448],[-60.1273776,4.6016002],[-60.1250771,4.6033554],[-60.1234201,4.6050112],[-60.1221056,4.604806],[-60.1208111,4.6049135],[-60.1191882,4.604871],[-60.1168037,4.6047224],[-60.1157898,4.6043305],[-60.1148566,4.6033792],[-60.1137269,4.6025181],[-60.1125801,4.6025181],[-60.1118505,4.6030863],[-60.1112724,4.6039399],[-60.1104399,4.6045357],[-60.1097131,4.6054139],[-60.109091,4.6068465],[-60.1084511,4.6076078],[-60.1076426,4.6079906],[-60.1064321,4.6078424],[-60.1054266,4.6080674],[-60.1038459,4.6061977],[-60.101994,4.6052318],[-60.100087,4.6035038],[-60.0985541,4.6034374],[-60.0965965,4.603832],[-60.0953271,4.6052305],[-60.0951383,4.6065892],[-60.093981,4.6070069],[-60.0927521,4.6068231],[-60.0913791,4.6056256],[-60.0902222,4.6054447],[-60.0890208,4.605977],[-60.087027,4.6076187],[-60.0846661,4.6105067],[-60.0832433,4.6117133],[-60.0810906,4.6129667],[-60.0791671,4.6137638],[-60.07842,4.6145303],[-60.0778047,4.6152313],[-60.0774548,4.616134],[-60.076886,4.6162398],[-60.0758005,4.6157683],[-60.0746633,4.6151579],[-60.073779,4.6151805],[-60.0720767,4.6158332],[-60.0705004,4.6168806],[-60.0697874,4.6181244],[-60.0697651,4.6193246],[-60.0701652,4.6205875],[-60.0712279,4.6215819],[-60.072459,4.6234437],[-60.0735882,4.6263743],[-60.0740171,4.628854],[-60.0744713,4.6301258],[-60.0753071,4.6323045],[-60.07573,4.6337377],[-60.0756883,4.6347754],[-60.0752957,4.6360524],[-60.0748411,4.6363676],[-60.0737238,4.6368719],[-60.0717587,4.6372764],[-60.0703939,4.6376332],[-60.0700494,4.6385032],[-60.069766,4.6396114],[-60.0697013,4.641093],[-60.0694213,4.6430686],[-60.0695309,4.6441177],[-60.0698815,4.6453409],[-60.0707313,4.6466006],[-60.071931,4.6480098],[-60.0723667,4.6487412],[-60.0719674,4.6490113],[-60.0714106,4.6495139],[-60.0715781,4.6500931],[-60.0718805,4.6506912],[-60.0725332,4.6508588],[-60.0733472,4.6503885],[-60.0739381,4.6499087],[-60.0746952,4.6491322],[-60.0757702,4.6489343],[-60.0763064,4.6490768],[-60.0762673,4.6500128],[-60.0758379,4.6536294],[-60.0758379,4.6546166],[-60.0754247,4.6554815],[-60.0740393,4.6572021],[-60.0732642,4.658082],[-60.0699385,4.662915],[-60.0690484,4.6639072],[-60.0672674,4.665662],[-60.0656315,4.6671209],[-60.0643148,4.668799],[-60.0631404,4.6704802],[-60.0615244,4.6718976],[-60.0609916,4.6730039],[-60.0608639,4.6742764],[-60.05991,4.6755652],[-60.058734,4.6779946],[-60.0578906,4.6787942],[-60.0566544,4.6790612],[-60.0548592,4.6787204],[-60.0539708,4.6787922],[-60.0537581,4.6797576],[-60.0537368,4.6810773],[-60.0531875,4.6826777],[-60.0525998,4.6837444],[-60.051426,4.6848079],[-60.0504853,4.6860226],[-60.0484314,4.6875365],[-60.0472873,4.6886556],[-60.0462,4.6889531],[-60.0449225,4.6899189],[-60.0440289,4.6913744],[-60.0427683,4.6940787],[-60.0418535,4.6949904],[-60.040167,4.6956628],[-60.0393065,4.6958301],[-60.0380827,4.6958519],[-60.0369103,4.6966308],[-60.0352182,4.6971645],[-60.0330722,4.6984175],[-60.0317869,4.6996551],[-60.0305965,4.7015965],[-60.0299195,4.7030303],[-60.0287029,4.7038874],[-60.0269013,4.7048921],[-60.025938,4.7055466],[-60.0252349,4.706496],[-60.0254593,4.7079048],[-60.0260444,4.7090494],[-60.0262689,4.7095962],[-60.0268145,4.7109254],[-60.0271002,4.7116984],[-60.0268793,4.7122788],[-60.0265038,4.7131594],[-60.0266221,4.7140555],[-60.0275972,4.7145877],[-60.0287899,4.7145564],[-60.029247,4.7145444],[-60.030657,4.7147717],[-60.0312592,4.7154718],[-60.0314944,4.7163243],[-60.0322879,4.7173567],[-60.0329488,4.717853],[-60.0342807,4.7184953],[-60.0365136,4.7194702],[-60.0369361,4.7200316],[-60.0371717,4.7217178],[-60.0379369,4.7228945],[-60.0392628,4.7244223],[-60.0384999,4.7252827],[-60.0376794,4.7261865],[-60.0368492,4.7275147],[-60.0365275,4.7302287],[-60.0354411,4.731821],[-60.0343737,4.7342037],[-60.0331928,4.7351535],[-60.0317256,4.7351323],[-60.0302407,4.7357634],[-60.0291881,4.7364846],[-60.0279998,4.7383578],[-60.0269019,4.7398381],[-60.0255195,4.7428303],[-60.0253872,4.7436873],[-60.0254947,4.7449513],[-60.0253896,4.7459773],[-60.0248559,4.7472325],[-60.0244,4.7489635],[-60.0245084,4.7506493],[-60.0250018,4.754155],[-60.0250654,4.7559304],[-60.0247066,4.7570031],[-60.0244468,4.7576503],[-60.0243145,4.7583533],[-60.0243583,4.7593777],[-60.0248588,4.7613728],[-60.0256892,4.7624073],[-60.0261875,4.763101],[-60.0265467,4.7648064],[-60.0265678,4.7658775],[-60.0260553,4.7681119],[-60.025778,4.7693023],[-60.0248806,4.7714953],[-60.023934,4.7734249],[-60.0236946,4.7743139],[-60.0233726,4.7761755],[-60.0226436,4.7792309],[-60.0224544,4.7800478],[-60.021883,4.7808492],[-60.0213256,4.7818046],[-60.0215544,4.7826481],[-60.0221766,4.7834895],[-60.0234428,4.7842075],[-60.0260832,4.7852771],[-60.0275006,4.786036],[-60.028512,4.7872797],[-60.0293564,4.787634],[-60.0313864,4.7880429],[-60.0341726,4.7883396],[-60.0351714,4.7892312],[-60.0359197,4.7904326],[-60.035732,4.7917002],[-60.0353666,4.7931781],[-60.0352209,4.7947952],[-60.0349638,4.7956196],[-60.0342378,4.7971728],[-60.033734,4.7981115],[-60.033757,4.798708],[-60.03421,4.7997829],[-60.0344416,4.8010836],[-60.034274,4.8020859],[-60.0336362,4.8037594],[-60.0328702,4.8050316],[-60.0316118,4.8067106],[-60.0307305,4.8075261],[-60.0290668,4.8081],[-60.02786,4.8087872],[-60.0268403,4.8092952],[-60.0258233,4.8095697],[-60.0245196,4.8097862],[-60.0238105,4.8102941],[-60.0222751,4.8117797],[-60.0219984,4.8123505],[-60.0219749,4.8128883],[-60.0223394,4.8134785],[-60.0239403,4.8149229],[-60.0259229,4.8163616],[-60.0276356,4.8173003],[-60.0281972,4.8177999],[-60.028156,4.8188671],[-60.0280289,4.8202183],[-60.0273701,4.8216793],[-60.0266386,4.823223],[-60.0259693,4.8252454],[-60.0258372,4.8258467],[-60.025783,4.8263527],[-60.0249485,4.8276],[-60.0249251,4.8281576],[-60.0250329,4.8290384],[-60.0250549,4.829846],[-60.0253305,4.8305221],[-60.0251875,4.8318253],[-60.0244945,4.8327189],[-60.0228218,4.8336472],[-60.0214781,4.8343815],[-60.0207767,4.835038],[-60.0192936,4.8355869],[-60.0178971,4.8362275],[-60.0170032,4.8380956],[-60.0156573,4.839905],[-60.0145386,4.8415128],[-60.0134738,4.8432234],[-60.0131664,4.8447553],[-60.013235,4.8475085],[-60.0129562,4.8489449],[-60.0124245,4.8503859],[-60.0113896,4.8527276],[-60.0111076,4.8545217],[-60.0108726,4.8569913],[-60.0100018,4.8595518],[-60.0091178,4.8609912],[-60.0089607,4.8617742],[-60.0089825,4.8627525],[-60.009068,4.8640519],[-60.0089805,4.8655999],[-60.0097861,4.8669451],[-60.0101202,4.8680269],[-60.0101627,4.8694246],[-60.0103121,4.8712536],[-60.0101022,4.8728856],[-60.0094793,4.8740233],[-60.0076904,4.8756572],[-60.0065106,4.876811],[-60.0060931,4.8779277],[-60.0053835,4.8798989],[-60.005037,4.8810856],[-60.0049508,4.8816178],[-60.0049283,4.8817568],[-60.0047336,4.8830934],[-60.0047775,4.8851479],[-60.0050824,4.8856204],[-60.0053872,4.8860929],[-60.0065353,4.8869728],[-60.0070727,4.8871641],[-60.0070727,4.8874759],[-60.006991,4.8881067],[-60.0059278,4.889952],[-60.0055096,4.8913029],[-60.0053109,4.8923805],[-60.0055463,4.8935746],[-60.0053607,4.8943556],[-60.0040485,4.898235],[-60.0038969,4.9005212],[-60.0038969,4.9014391],[-60.0035451,4.902202],[-60.0022241,4.9046222],[-60.001468,4.9054383],[-60.0007526,4.9060174],[-60.0006319,4.906691],[-60.0008762,4.9074455],[-60.0015999,4.9076483],[-60.002199,4.9081656],[-60.002393,4.9086877],[-60.0022234,4.9106945],[-60.0020949,4.9145785],[-60.0017975,4.9160599],[-60.0015122,4.9170346],[-60.0007788,4.9174691],[-59.9995196,4.917703],[-59.9987528,4.9180502],[-59.9984738,4.9187453],[-59.9981473,4.920068],[-59.9980175,4.9219427],[-59.9980175,4.9232132],[-59.9981675,4.925049],[-59.9980823,4.9269384],[-59.9978906,4.9283385],[-59.9974207,4.9304027],[-59.9972159,4.9310763],[-59.9961032,4.9322476],[-59.9948367,4.9333201],[-59.9935814,4.9338028],[-59.9926035,4.9364225],[-59.9920379,4.9371161],[-59.9919424,4.9376858],[-59.9922674,4.9381222],[-59.9935235,4.9386832],[-59.9939291,4.9390489],[-59.9940265,4.9395532],[-59.9940478,4.9442999],[-59.9938333,4.9457747],[-59.9938333,4.9469661],[-59.9940266,4.9487208],[-59.9940471,4.9494164],[-59.9938503,4.9498871],[-59.9933626,4.950454],[-59.9927579,4.9507843],[-59.991988,4.9506117],[-59.9913252,4.9497657],[-59.9907287,4.9491257],[-59.9899162,4.9491004],[-59.9895903,4.9496749],[-59.989478,4.9503014],[-59.9893914,4.9518753],[-59.9894782,4.954014],[-59.9897643,4.954913],[-59.9906486,4.9568683],[-59.9914365,4.9583534],[-59.9917742,4.9598885],[-59.9919031,4.9619224],[-59.9921708,4.9629],[-59.9931138,4.9640581],[-59.9940966,4.9650372],[-59.9940146,4.9653148],[-59.9937525,4.9657367],[-59.9930871,4.9663782],[-59.992624,4.9671331],[-59.9916588,4.9676576],[-59.9915346,4.9682514],[-59.9916226,4.9686675],[-59.9915825,4.9695852],[-59.990375,4.9707052],[-59.9897825,4.9712528],[-59.9885822,4.9723622],[-59.9876612,4.9738258],[-59.9872656,4.9755554],[-59.9874127,4.9768112],[-59.9870324,4.9773296],[-59.9865001,4.978103],[-59.9864474,4.9784703],[-59.9870072,4.9795186],[-59.9889255,4.982074],[-59.9902165,4.9835316],[-59.9907232,4.984097],[-59.9907644,4.9855537],[-59.9904564,4.9868424],[-59.9893754,4.9876708],[-59.9881235,4.988622],[-59.9870408,4.9890403],[-59.9867658,4.9896629],[-59.986931,4.9902039],[-59.9875744,4.991742],[-59.9878695,4.9927709],[-59.9879539,4.9938013],[-59.9879539,4.9962955],[-59.987523,4.9973901],[-59.9875699,4.9980207],[-59.9879732,4.9987796],[-59.9886497,4.9996491],[-59.9892255,5.0002228],[-59.9895685,5.0007454],[-59.9896434,5.0012492],[-59.989111,5.0020448],[-59.9881676,5.003531],[-59.98819,5.0044478],[-59.9883136,5.006048],[-59.9876296,5.006518],[-59.9867943,5.0063917],[-59.985533,5.0064847],[-59.9853364,5.007268],[-59.9852932,5.0090772],[-59.9851113,5.0090763],[-59.9850687,5.0125004],[-59.985113,5.015019],[-59.9853471,5.0176153],[-59.9853167,5.0183008],[-59.9837767,5.0186143],[-59.9824705,5.0166623],[-59.9795153,5.0152664],[-59.9779699,5.0171908],[-59.9769834,5.0192188],[-59.9767264,5.0249613],[-59.9748617,5.0281697],[-59.973841,5.0310075],[-59.9769803,5.033961],[-59.9769803,5.03793],[-59.9773223,5.0435086],[-59.9774602,5.044098],[-59.9775981,5.0448581],[-59.9776274,5.0453007],[-59.9775555,5.0457846],[-59.9773454,5.0463281],[-59.9768914,5.0467845],[-59.9747248,5.0477733],[-59.9746057,5.0479406],[-59.9746246,5.0481904],[-59.9750465,5.0490992],[-59.9755881,5.0498245],[-59.9765579,5.0508711],[-59.9777074,5.0520757],[-59.9779071,5.052333],[-59.978001,5.052622],[-59.9780288,5.0528926],[-59.977972,5.0531526],[-59.9777395,5.0539749],[-59.9774752,5.054444],[-59.9771052,5.0547972],[-59.9754915,5.056131],[-59.9743828,5.0568927],[-59.9735292,5.0577512],[-59.9725617,5.0588144],[-59.9720992,5.0596311],[-59.9716735,5.0605198],[-59.9706378,5.0625174],[-59.9703927,5.0631595],[-59.9703392,5.0634393],[-59.970387,5.0637375],[-59.9710914,5.0648665],[-59.9716715,5.0656195],[-59.971905,5.0662403],[-59.9720095,5.0670262],[-59.9718059,5.0678857],[-59.9716825,5.0686815],[-59.9715795,5.0698984],[-59.9715718,5.0705044],[-59.9716892,5.0730805],[-59.9720225,5.0747447],[-59.9721279,5.0750069],[-59.9723327,5.0752919],[-59.9743821,5.0772777],[-59.9750174,5.077945],[-59.975833,5.0785822],[-59.9769131,5.0792931],[-59.9773437,5.0794187],[-59.9777637,5.0794864],[-59.9780303,5.0794396],[-59.9783592,5.079145],[-59.9785612,5.0790241],[-59.9789437,5.0790824],[-59.9804587,5.0796802],[-59.9808968,5.0799626],[-59.9830599,5.0821574],[-59.9835261,5.0824188],[-59.9842666,5.0827429],[-59.9859425,5.083188],[-59.9876918,5.0837451],[-59.9885528,5.0839019],[-59.9898166,5.0838178],[-59.9906652,5.083954],[-59.9908349,5.084071],[-59.9909199,5.08423],[-59.9915332,5.0859827],[-59.9917912,5.0863089],[-59.9921127,5.086456],[-59.9928752,5.0866241],[-59.9934473,5.0866131],[-59.9937207,5.0863138],[-59.9941472,5.0854725],[-59.9941951,5.0852666],[-59.9942018,5.0850216],[-59.9942645,5.0848973],[-59.9944388,5.084787],[-59.9948753,5.0846435],[-59.995221,5.0843769],[-59.9954323,5.0840213],[-59.9955903,5.083899],[-59.9957273,5.0838185],[-59.9959975,5.0838479],[-59.9961351,5.0838912],[-59.9966584,5.0843037],[-59.9968311,5.0843797],[-59.9969968,5.0843514],[-59.9970689,5.0842517],[-59.9971346,5.0838838],[-59.9971709,5.0837642],[-59.997277,5.0836585],[-59.9977269,5.0834775],[-59.9978976,5.0833208],[-59.9979982,5.0826401],[-59.9980694,5.0823623],[-59.9982034,5.0822722],[-59.9984733,5.0822624],[-59.9988059,5.0823151],[-59.9990177,5.0823858],[-59.9993287,5.0826532],[-59.9994318,5.0830441],[-59.999528,5.0831431],[-59.9997463,5.0831526],[-59.9998844,5.0830439],[-60.000321,5.0826181],[-60.0004262,5.0824459],[-60.0005663,5.0823571],[-60.0007059,5.0823775],[-60.0007897,5.0824327],[-60.0008736,5.0826472],[-60.0009838,5.0831825],[-60.0011662,5.0837338],[-60.0012744,5.0840699],[-60.0014562,5.0841253],[-60.001726,5.0841008],[-60.0024968,5.0838848],[-60.0032028,5.0836031],[-60.0039168,5.083561],[-60.004289,5.083547],[-60.0046451,5.0837845],[-60.0051771,5.084044],[-60.0053865,5.084256],[-60.0062586,5.0854707],[-60.0067425,5.085802],[-60.0069539,5.0861774],[-60.0071722,5.0863026],[-60.0077116,5.0861466],[-60.0079441,5.0860531],[-60.0083129,5.0857006],[-60.0085492,5.0855775],[-60.0088239,5.0856168],[-60.0089207,5.0857047],[-60.0091531,5.086063],[-60.0094693,5.0864373],[-60.0099459,5.0867004],[-60.0103031,5.0869876],[-60.0103657,5.0873197],[-60.0104772,5.0876518],[-60.0106048,5.0878184],[-60.0109729,5.0879132],[-60.0113148,5.0878009],[-60.0115882,5.0877488],[-60.0121058,5.0878078],[-60.0134941,5.0886168],[-60.0137838,5.0889855],[-60.013607,5.0896437],[-60.0139061,5.0898842],[-60.0145285,5.0896377],[-60.0155262,5.0890282],[-60.0166388,5.0887386],[-60.0174982,5.0893242],[-60.0183908,5.0888797],[-60.0186536,5.0891116],[-60.0186182,5.089896],[-60.0188017,5.0904592],[-60.0191075,5.0909208],[-60.0189197,5.091407],[-60.0179823,5.0917783],[-60.0177953,5.0920792],[-60.0181945,5.0924597],[-60.0195742,5.092901],[-60.0214442,5.0930998],[-60.0231866,5.0920493],[-60.0231458,5.0932163],[-60.0233977,5.0938884],[-60.0239086,5.0940947],[-60.0244751,5.0948342],[-60.0246579,5.0962081],[-60.0245888,5.0968026],[-60.0247862,5.0971286],[-60.0251721,5.0969027],[-60.0256671,5.096466],[-60.0261456,5.0968486],[-60.0263537,5.0977441],[-60.0267528,5.0973786],[-60.0268419,5.0964446],[-60.0271745,5.0966156],[-60.0272959,5.0974851],[-60.0278965,5.0991141],[-60.0276133,5.0998301],[-60.0276895,5.1003035],[-60.0284897,5.1005096],[-60.029522,5.1007438],[-60.0312543,5.1030103],[-60.0329756,5.1045673],[-60.03494,5.1071556],[-60.0353413,5.1081398],[-60.0378818,5.1071845],[-60.0387713,5.107256],[-60.0391361,5.1079132],[-60.0384387,5.1088397],[-60.0374849,5.1092533],[-60.0371985,5.1096375],[-60.0370311,5.1102385],[-60.0376891,5.1105003],[-60.0381608,5.110292],[-60.0414717,5.1063145],[-60.0439844,5.1063284],[-60.0450793,5.1062834],[-60.045479,5.106267],[-60.0462369,5.1066747],[-60.0464091,5.1074174],[-60.0459044,5.1086073],[-60.0447548,5.1096834],[-60.04386,5.1101146],[-60.0445289,5.1112414],[-60.0458593,5.1128978],[-60.0463287,5.113064],[-60.0467804,5.1128155],[-60.0483157,5.1111089],[-60.0487453,5.1109989],[-60.0493049,5.1123987],[-60.048888,5.1134177],[-60.0488988,5.1141764],[-60.0494052,5.1149634],[-60.0502973,5.1157718],[-60.0507629,5.11713],[-60.0515853,5.1179069],[-60.0528534,5.1185042],[-60.0531458,5.118936],[-60.0528684,5.1195499],[-60.0517217,5.1210983],[-60.0514115,5.1219612],[-60.0514327,5.1225445],[-60.0515032,5.1229667],[-60.0523492,5.1231901],[-60.0560479,5.1237863],[-60.0574105,5.1246498],[-60.0581378,5.1271889],[-60.0584877,5.1276066],[-60.0600004,5.1286009],[-60.059626,5.1300162],[-60.0591942,5.1306216],[-60.0593411,5.1314081],[-60.0596609,5.1316127],[-60.0605363,5.1318184],[-60.0608662,5.132308],[-60.0608727,5.1331953],[-60.0610508,5.1335313],[-60.0615275,5.1339633],[-60.0625737,5.1342099],[-60.0629605,5.1343958],[-60.0630729,5.1346042],[-60.0627213,5.1347558],[-60.0621764,5.1346201],[-60.0616668,5.1347522],[-60.0615979,5.1349175],[-60.0619467,5.1353441],[-60.0622273,5.135535],[-60.0626583,5.1357025],[-60.0631885,5.135574],[-60.0637249,5.1359373],[-60.0639909,5.1368189],[-60.063815,5.1373697],[-60.06398,5.1377692],[-60.0645271,5.1377951],[-60.0650834,5.1373816],[-60.065375,5.137316],[-60.0657303,5.1376592],[-60.0655257,5.1383314],[-60.0660463,5.138738],[-60.0664269,5.1387227],[-60.0665748,5.1384825],[-60.0666558,5.1381156],[-60.0669987,5.1377487],[-60.0680593,5.1375116],[-60.0691766,5.1377539],[-60.0712626,5.1376323],[-60.0729014,5.1374353],[-60.0751065,5.1373934],[-60.0789929,5.137493],[-60.0831305,5.1372112],[-60.083397,5.1374127],[-60.0839603,5.137525],[-60.0844002,5.1381234],[-60.0850332,5.138102],[-60.086385,5.1387111],[-60.0876939,5.1391599],[-60.088284,5.1399827],[-60.0885522,5.141062],[-60.0888097,5.1413719],[-60.0896466,5.1417352],[-60.0899899,5.1426541],[-60.0905371,5.1436479],[-60.0888205,5.1463834],[-60.088681,5.1486381],[-60.0897753,5.1492258],[-60.0905299,5.1498405],[-60.0909552,5.1504195],[-60.0912666,5.1510957],[-60.0915134,5.1520681],[-60.0917924,5.153158],[-60.0922001,5.1534572],[-60.0925756,5.1534359],[-60.0930262,5.1535748],[-60.0933588,5.1542373],[-60.0936055,5.155402],[-60.0935733,5.1561179],[-60.0940132,5.1578169],[-60.0937557,5.1596762],[-60.093863,5.1608515],[-60.0944853,5.1615995],[-60.095011,5.16153],[-60.095408,5.1616476],[-60.0955421,5.1617598],[-60.0954831,5.1619575],[-60.095247,5.1620483],[-60.0948018,5.1623635],[-60.0948286,5.1628818],[-60.0952363,5.1647517],[-60.0956494,5.1652485],[-60.0959927,5.1653126],[-60.0984818,5.1656385],[-60.0986803,5.1657774],[-60.0986588,5.1661033],[-60.098455,5.166504],[-60.0978917,5.1680481],[-60.0974894,5.1691006],[-60.0974572,5.1694906],[-60.0971407,5.169918],[-60.0971085,5.1704202],[-60.0968939,5.1709277],[-60.0971139,5.171478],[-60.0970763,5.1718146],[-60.0967491,5.1719749],[-60.0959069,5.1723435],[-60.0957459,5.1725145],[-60.0957674,5.1729419],[-60.095939,5.1732945],[-60.0961644,5.1734601],[-60.0965613,5.1734601],[-60.0969315,5.173599],[-60.0972748,5.1738608],[-60.097307,5.1743897],[-60.0970495,5.1747423],[-60.0965828,5.1748652],[-60.0965667,5.1751484],[-60.0970763,5.1756506],[-60.097425,5.1763397],[-60.0973445,5.1767725],[-60.0965399,5.1774456],[-60.0962824,5.177825],[-60.0962019,5.1788133],[-60.0965077,5.1802077],[-60.0968027,5.1810625],[-60.0966579,5.181367],[-60.096336,5.1816128],[-60.096513,5.1821738],[-60.0962019,5.1833545],[-60.0970817,5.1855983],[-60.0971461,5.1869874],[-60.0997639,5.1898295],[-60.0996995,5.1911972],[-60.0992489,5.1928213],[-60.0995922,5.1950223],[-60.0999999,5.1965182],[-60.1027894,5.1980782],[-60.104506,5.2008348],[-60.1066733,5.2033991],[-60.1081538,5.2058352],[-60.1098919,5.2066686],[-60.111866,5.2074379],[-60.1143337,5.2091047],[-60.1146984,5.2118827],[-60.1180673,5.2141905],[-60.1193333,5.2173104],[-60.122037,5.2245757],[-60.1225519,5.2275459],[-60.1221657,5.229234],[-60.1213503,5.2316487],[-60.1214791,5.232888],[-60.1264572,5.2342128],[-60.1287317,5.2375676],[-60.1308775,5.2384437],[-60.1331521,5.2398113],[-60.1333666,5.2420549],[-60.1330018,5.2433477],[-60.1336241,5.2446618],[-60.1341927,5.2458691],[-60.1364833,5.2462409],[-60.1379371,5.2454951],[-60.1404476,5.2431126],[-60.142014,5.2423113],[-60.1434518,5.2396831],[-60.1521207,5.2336146],[-60.1593305,5.2268622],[-60.172,5.227],[-60.1830626,5.2275459],[-60.189457,5.2328453],[-60.1931667,5.2391502],[-60.1898965,5.2503726],[-60.1950024,5.2563853],[-60.2000074,5.2642271],[-60.2056498,5.266663],[-60.2096192,5.2695808],[-60.2193261,5.2689139],[-60.2240468,5.2635294],[-60.2315141,5.2601961],[-60.2338744,5.2587858],[-60.2385092,5.2553243],[-60.2425862,5.2502388],[-60.2489377,5.2485722],[-60.2567482,5.2507516],[-60.2606965,5.2488285],[-60.2630998,5.2465209],[-60.265975,5.2432729],[-60.2682496,5.2421618],[-60.2703095,5.2365634],[-60.276146,5.2299392],[-60.2813387,5.2265203],[-60.2857161,5.2266485],[-60.2857168,5.2266483],[-60.2858035,5.22663],[-60.2897501,5.2257937],[-60.2954579,5.2256655],[-60.3007554,5.2284746],[-60.3054142,5.2211354],[-60.305622,5.2185682],[-60.3073454,5.2133999],[-60.3094912,5.208485],[-60.312152,5.2079722],[-60.3139973,5.2036556],[-60.3208638,5.201305],[-60.327859,5.2048095],[-60.3358841,5.2044249],[-60.3428364,5.2032709],[-60.3494454,5.2057925],[-60.3546381,5.2072029],[-60.3629208,5.2028863],[-60.3667832,5.2035274],[-60.3693581,5.2047668],[-60.371,5.208],[-60.3699589,5.2114339],[-60.3712893,5.2125879],[-60.373993,5.2155795],[-60.378027,5.2163488],[-60.3801728,5.2174172],[-60.3856659,5.2167334],[-60.3936911,5.214682],[-60.3964377,5.2118186],[-60.4029608,5.2083141],[-60.407424,5.2072884],[-60.4126168,5.2115622],[-60.4146767,5.2089124],[-60.4169083,5.2031427],[-60.4183674,5.1980141],[-60.4182172,5.196967],[-60.418,5.194],[-60.4180241,5.1901074],[-60.4187966,5.1878849],[-60.4206419,5.1865172],[-60.4248906,5.1864745],[-60.4285813,5.184423],[-60.4308129,5.1844657],[-60.434,5.182],[-60.4396534,5.1791232],[-60.4432154,5.1789095],[-60.4465628,5.1792942],[-60.4491377,5.179978],[-60.4501248,5.1841665],[-60.4500819,5.1921161],[-60.4508543,5.1971166],[-60.4524851,5.2019888],[-60.463686,5.1960908],[-60.4691363,5.1985697],[-60.4742003,5.1985697],[-60.4789639,5.1959626],[-60.4857445,5.1950224],[-60.4917098,5.1942958],[-60.4958296,5.1959626],[-60.5042839,5.2025017],[-60.5110217,5.2035274],[-60.5157423,5.2043821],[-60.5171156,5.2032282],[-60.5183124,5.2031966],[-60.5219651,5.2031],[-60.530119,5.2021597],[-60.535698,5.1995099],[-60.5393887,5.1960908],[-60.5403758,5.1910049],[-60.5421353,5.1873293],[-60.5578423,5.189338],[-60.568657,5.1917742],[-60.5725193,5.1928854],[-60.5803728,5.198185],[-60.5823684,5.1993176],[-60.5836988,5.1992321],[-60.5850506,5.198933],[-60.5876255,5.2021384],[-60.5900288,5.2042753],[-60.59,5.208],[-60.5900502,5.2162633],[-60.5965948,5.2159641],[-60.6015301,5.2151307],[-60.6030965,5.2132289],[-60.606916,5.2116476],[-60.6104136,5.2139127],[-60.6134176,5.216071],[-60.6200052,5.2142119],[-60.6268931,5.2124169],[-60.6398106,5.21949],[-60.6504464,5.2297793],[-60.6530071,5.2291699],[-60.6563115,5.2268194],[-60.6612683,5.2263707],[-60.6650663,5.2257937],[-60.6673408,5.226392],[-60.6707222,5.2282149],[-60.6734347,5.2303559],[-60.6755376,5.2318303],[-60.6781983,5.2322363],[-60.682,5.232],[-60.6874252,5.2309862],[-60.6933904,5.2295546],[-60.6987119,5.2287639],[-60.69943,5.2278042],[-60.6998893,5.2271904],[-60.7002506,5.2267075],[-60.7019735,5.2244048],[-60.7015696,5.2215718],[-60.7074023,5.2184643],[-60.7102697,5.2190731],[-60.7129181,5.2192659],[-60.7154489,5.2179514],[-60.7215667,5.219262],[-60.7278092,5.21303],[-60.7319719,5.2120342],[-60.7351176,5.2076664],[-60.7365467,5.2030378],[-60.7375541,5.2018977],[-60.7483864,5.2249817],[-60.7782979,5.2586556],[-60.9980612,5.5060048],[-61.019176,5.5297647],[-61.0255277,5.5369119],[-61.140145,5.6658694],[-61.3701935,5.9246124],[-61.3827239,5.9387023],[-61.3827449,5.9388334],[-61.3827449,5.9389241],[-61.3827261,5.9390015],[-61.3826269,5.9391722],[-61.3825089,5.9392736],[-61.3823372,5.939375],[-61.3821495,5.9394657],[-61.3820261,5.9395724],[-61.3818973,5.9396951],[-61.3818061,5.9399672],[-61.3817579,5.94009],[-61.3816989,5.9402234],[-61.3816506,5.9403728],[-61.3815808,5.9405648],[-61.3814467,5.9409597],[-61.3813877,5.9411251],[-61.381318,5.9412371],[-61.3812429,5.9413705],[-61.3811678,5.9415359],[-61.3811517,5.9416426],[-61.3811731,5.9417387],[-61.3812107,5.9418347],[-61.3812482,5.9419788],[-61.3812348,5.9421042],[-61.3811946,5.9421869],[-61.3811061,5.9422749],[-61.3810283,5.9423229],[-61.3809451,5.9423469],[-61.3807386,5.9423309],[-61.3804489,5.9422882],[-61.3803148,5.9422829],[-61.3801968,5.9423042],[-61.3801056,5.9423416],[-61.3799286,5.9424376],[-61.3798374,5.9425283],[-61.3797838,5.9426457],[-61.3797247,5.9428538],[-61.3797247,5.9429392],[-61.3797087,5.9433233],[-61.3797301,5.9435421],[-61.3796926,5.9436808],[-61.3795906,5.9438142],[-61.3795048,5.9439049],[-61.3794243,5.944017],[-61.3793814,5.9441717],[-61.37936,5.9443158],[-61.3793922,5.9444225],[-61.3794565,5.9445879],[-61.3796711,5.94494],[-61.3797623,5.9450681],[-61.3798481,5.9451748],[-61.3798857,5.9452922],[-61.379891,5.9454362],[-61.3798481,5.9455803],[-61.3796765,5.945783],[-61.3794565,5.9460018],[-61.3793761,5.9461405],[-61.3792688,5.9463059],[-61.3791829,5.9464073],[-61.3791078,5.9465247],[-61.3790864,5.9466527],[-61.3790864,5.9467915],[-61.3791078,5.9469302],[-61.3791776,5.9470209],[-61.3792741,5.9470956],[-61.3793868,5.9471596],[-61.3795638,5.9472663],[-61.3796443,5.9473464],[-61.3796979,5.9474264],[-61.3797247,5.9475171],[-61.3796979,5.9476398],[-61.3796067,5.9480506],[-61.3795263,5.9482214],[-61.3794458,5.9483601],[-61.3793707,5.9485095],[-61.3793171,5.9486376],[-61.3793171,5.9487443],[-61.3793492,5.948851],[-61.3793814,5.9489897],[-61.3796121,5.9496086],[-61.3796818,5.9498754],[-61.3796872,5.9500355],[-61.3796496,5.9501315],[-61.3795745,5.9501902],[-61.379478,5.9501955],[-61.3793922,5.9501742],[-61.3792688,5.9501422],[-61.3791776,5.9501262],[-61.3790059,5.9501795],[-61.3788933,5.9502436],[-61.3788074,5.9502916],[-61.3787001,5.9503609],[-61.3786304,5.950441],[-61.3786089,5.9505263],[-61.3786089,5.9506064],[-61.3786411,5.9506864],[-61.3786948,5.9507824],[-61.3787538,5.9508838],[-61.3788128,5.9510172],[-61.3788718,5.9511559],[-61.3789201,5.9513],[-61.3789254,5.9513907],[-61.3789094,5.9515347],[-61.3788664,5.9517268],[-61.3788182,5.9518869],[-61.3788021,5.9520149],[-61.3787001,5.9523084],[-61.3785768,5.9525005],[-61.3784641,5.9527139],[-61.3784502,5.9527353],[-61.3783461,5.9528953],[-61.3781798,5.9530447],[-61.3780725,5.9530874],[-61.3778311,5.9531354],[-61.3776273,5.9531621],[-61.3774824,5.9531621],[-61.3769621,5.9531994],[-61.3766724,5.9532581],[-61.3765168,5.9533061],[-61.3764042,5.9534075],[-61.3763559,5.9534822],[-61.3763237,5.9536103],[-61.3762379,5.953765],[-61.3761467,5.9539037],[-61.3760877,5.9539944],[-61.3759965,5.9541118],[-61.3757551,5.9542932],[-61.3755834,5.9544746],[-61.3754761,5.954544],[-61.3752562,5.954624],[-61.3749504,5.9546934],[-61.3747358,5.9547574],[-61.37465,5.9548214],[-61.3746017,5.9549228],[-61.3746178,5.9550028],[-61.3746607,5.9550722],[-61.3747251,5.9551629],[-61.374768,5.9553123],[-61.3748539,5.9556377],[-61.3749075,5.9558832],[-61.374988,5.9561659],[-61.3751006,5.9565021],[-61.3751864,5.9567155],[-61.3752776,5.9569342],[-61.3754171,5.957153],[-61.3755995,5.9573824],[-61.3757926,5.9575745],[-61.3758785,5.9577239],[-61.3759589,5.957916],[-61.3760018,5.9581027],[-61.3760018,5.9582628],[-61.3759267,5.9584015],[-61.3757658,5.9585776],[-61.3754654,5.9589244],[-61.3753474,5.9591485],[-61.375283,5.9593725],[-61.3752347,5.959794],[-61.3751757,5.9600235],[-61.3750845,5.9601889],[-61.3749772,5.9602529],[-61.3748163,5.9602956],[-61.3746071,5.9603489],[-61.374414,5.9604396],[-61.374135,5.9605997],[-61.3740331,5.9607544],[-61.3739473,5.9608825],[-61.3738453,5.9610052],[-61.3737166,5.9610799],[-61.3735128,5.9611119],[-61.3733679,5.9611092],[-61.3731855,5.9610799],[-61.3730675,5.9610639],[-61.3729709,5.9610319],[-61.3728905,5.9610212],[-61.3727725,5.9610212],[-61.3726652,5.9610692],[-61.372515,5.9611172],[-61.3721609,5.96132],[-61.3714904,5.9617201],[-61.3712168,5.9617948],[-61.3710398,5.9617735],[-61.3708895,5.9617361],[-61.3706428,5.9616188],[-61.3704121,5.9615441],[-61.3697523,5.9614053],[-61.3694733,5.9613573],[-61.3692963,5.961352],[-61.3691407,5.961384],[-61.3690603,5.9614267],[-61.3690066,5.96148],[-61.3689852,5.9615814],[-61.3690227,5.9616881],[-61.3690978,5.9617842],[-61.3691622,5.9618855],[-61.3691944,5.9620136],[-61.3691729,5.9621843],[-61.3690817,5.962307],[-61.3689315,5.9624137],[-61.3687652,5.9625311],[-61.3685882,5.9626805],[-61.3684541,5.9628459],[-61.3681322,5.963182],[-61.3678908,5.9634541],[-61.3677621,5.9635768],[-61.3673866,5.9638063],[-61.3671988,5.9639023],[-61.3671452,5.9639557],[-61.3671023,5.964041],[-61.367113,5.9641104],[-61.3671774,5.9641851],[-61.3672578,5.9642544],[-61.3673222,5.9643451],[-61.3673544,5.9644252],[-61.3673919,5.9646599],[-61.3673973,5.964932],[-61.367349,5.9651401],[-61.3672793,5.9652842],[-61.3671237,5.9655243],[-61.3669896,5.9656843],[-61.3668609,5.965807],[-61.3665068,5.9661912],[-61.3663405,5.9663726],[-61.366244,5.966522],[-61.3661742,5.96665],[-61.3659596,5.9674236],[-61.3658255,5.9679038],[-61.365729,5.9680959],[-61.365611,5.9682133],[-61.3654929,5.9682773],[-61.3653535,5.9683146],[-61.3652408,5.9683307],[-61.3651711,5.968304],[-61.3651282,5.9682346],[-61.3650852,5.9681493],[-61.3650101,5.9679892],[-61.3648921,5.9678025],[-61.3647312,5.9676637],[-61.3646132,5.9675784],[-61.3636208,5.9668688],[-61.3634598,5.9667781],[-61.3633257,5.9667461],[-61.3632345,5.9667407],[-61.3631594,5.9667781],[-61.3630736,5.9668474],[-61.3629824,5.9669595],[-61.3628161,5.9671195],[-61.362682,5.9672529],[-61.3625479,5.9674503],[-61.3623655,5.9676691],[-61.3622421,5.9677544],[-61.3620812,5.9677758],[-61.3619739,5.9677811],[-61.361593,5.9677491],[-61.3611424,5.9676424],[-61.3608098,5.9675997],[-61.3604879,5.9676211],[-61.3601178,5.9677224],[-61.3597316,5.9678398],[-61.3594097,5.9679785],[-61.3590664,5.9681386],[-61.3587284,5.968384],[-61.3584548,5.9685814],[-61.3582617,5.9686988],[-61.3580847,5.9687681],[-61.3578594,5.9688428],[-61.3576448,5.9689282],[-61.357559,5.9690136],[-61.3575053,5.9691576],[-61.3574731,5.969291],[-61.3574356,5.9695151],[-61.3573605,5.9696538],[-61.357221,5.9698085],[-61.3568509,5.970086],[-61.3567007,5.970246],[-61.3565719,5.9704221],[-61.35647,5.9705608],[-61.3562903,5.9707182],[-61.3560677,5.9708489],[-61.3559228,5.9709503],[-61.3557029,5.971121],[-61.3556063,5.9712384],[-61.3554668,5.9714038],[-61.3554239,5.9714732],[-61.3553327,5.9716225],[-61.355263,5.9718893],[-61.355204,5.9720654],[-61.3551396,5.9722094],[-61.3550913,5.9722788],[-61.3549036,5.9726469],[-61.3547856,5.9728497],[-61.3546407,5.9730631],[-61.3542867,5.9734579],[-61.3535571,5.9740128],[-61.3531816,5.9743275],[-61.353069,5.9744556],[-61.3530314,5.9745249],[-61.3529939,5.9747063],[-61.3529617,5.9748717],[-61.3529241,5.9749998],[-61.3528329,5.9751438],[-61.3527793,5.9752612],[-61.3527525,5.9753626],[-61.3527525,5.9755013],[-61.3527149,5.9759441],[-61.3526881,5.9760935],[-61.3526881,5.9762589],[-61.3527364,5.976419],[-61.35279,5.9765257],[-61.3528544,5.9767177],[-61.3528758,5.9768511],[-61.3528597,5.9770005],[-61.3528222,5.9772886],[-61.3528168,5.9775714],[-61.3527954,5.9777795],[-61.3527578,5.9780195],[-61.3526344,5.9787078],[-61.3525754,5.9790973],[-61.3524628,5.9794867],[-61.3523394,5.9797428],[-61.3522106,5.9799669],[-61.3521248,5.9800843],[-61.3520497,5.9801536],[-61.3517064,5.9804791],[-61.3514918,5.9807458],[-61.3514328,5.9808579],[-61.3514274,5.9810073],[-61.3514596,5.9811407],[-61.3514972,5.9813007],[-61.3515347,5.9814821],[-61.3516152,5.9820316],[-61.3516098,5.9822344],[-61.3515616,5.9824264],[-61.3514972,5.9825225],[-61.3513845,5.9827039],[-61.3512397,5.9829279],[-61.3511699,5.983056],[-61.3511002,5.9832747],[-61.3511056,5.9834295],[-61.3511539,5.9837816],[-61.3512129,5.984027],[-61.3513041,5.9842457],[-61.3514596,5.9845979],[-61.3514972,5.9847953],[-61.3514811,5.98503],[-61.3513684,5.9852594],[-61.3512719,5.9853555],[-61.3510197,5.9854408],[-61.3507569,5.9855102],[-61.3506335,5.9855689],[-61.3505155,5.9856596],[-61.3503707,5.9858196],[-61.3502258,5.9860864],[-61.3500917,5.9864385],[-61.349979,5.9866466],[-61.3497323,5.9869293],[-61.3493782,5.9872975],[-61.3490886,5.9875642],[-61.3488042,5.9877616],[-61.3484395,5.9879377],[-61.3481498,5.9880017],[-61.3479137,5.9880124],[-61.3476294,5.9879857],[-61.3471413,5.9878523],[-61.3467175,5.9877616],[-61.3465029,5.9877296],[-61.3462991,5.9877296],[-61.3461006,5.9877723],[-61.3459772,5.9878203],[-61.3457894,5.9879217],[-61.3456392,5.988039],[-61.3454998,5.9881244],[-61.3452745,5.9882098],[-61.3449955,5.9883538],[-61.3448399,5.9884605],[-61.3445395,5.9886846],[-61.3441157,5.9890047],[-61.3439226,5.9891808],[-61.3438797,5.9892715],[-61.343869,5.9894102],[-61.3438904,5.9895115],[-61.3438904,5.9898156],[-61.3438207,5.9900344],[-61.3437724,5.9901678],[-61.3436276,5.9903918],[-61.3434613,5.9905306],[-61.3432306,5.9906746],[-61.3429838,5.9907226],[-61.3427907,5.9907226],[-61.3425922,5.9906693],[-61.342442,5.9905999],[-61.3423079,5.9905626],[-61.3420773,5.9905466],[-61.3419271,5.9906052],[-61.3417286,5.99076],[-61.3414443,5.9910054],[-61.3412726,5.9911388],[-61.3410473,5.9912295],[-61.3409078,5.9912455],[-61.3407683,5.9912935],[-61.3406664,5.9914055],[-61.3405216,5.9916563],[-61.3404733,5.9917363],[-61.3402909,5.991923],[-61.3398242,5.9922698],[-61.3391054,5.9927553],[-61.3388854,5.9929047],[-61.3387621,5.9930381],[-61.3386494,5.9931981],[-61.3384777,5.9935289],[-61.3382632,5.9939397],[-61.3380486,5.9941958],[-61.3378018,5.9944038],[-61.3375711,5.9945532],[-61.3372922,5.9946653],[-61.3369811,5.9946866],[-61.3366163,5.9946973],[-61.336391,5.9947026],[-61.3362783,5.9947293],[-61.3360959,5.9947986],[-61.335935,5.9948947],[-61.3358223,5.995012],[-61.335581,5.9952788],[-61.3352966,5.9955722],[-61.3350445,5.9959457],[-61.3349372,5.9961644],[-61.3348085,5.9964578],[-61.3347066,5.9967299],[-61.3346046,5.9969273],[-61.3344866,5.9970767],[-61.3343579,5.9972048],[-61.3337195,5.9977543],[-61.3331348,5.9981864],[-61.3328612,5.9984051],[-61.3326144,5.9985278],[-61.3322121,5.9986719],[-61.3316327,5.9987946],[-61.3313699,5.998864],[-61.3311714,5.9989546],[-61.330989,5.999088],[-61.3308334,5.9992667],[-61.3307342,5.9994188],[-61.3306725,5.9996562],[-61.3306698,5.9997896],[-61.330702,5.9999203],[-61.3307878,6.000027],[-61.3308844,6.000075],[-61.3310748,6.0000697],[-61.3312519,5.9999843],[-61.3314182,5.9999043],[-61.3316327,5.9998829],[-61.3318339,5.999939],[-61.332078,5.9999923],[-61.3322121,6.0000617],[-61.3322979,6.000155],[-61.3323382,6.0002457],[-61.3323596,6.0003898],[-61.332314,6.0005045],[-61.3322845,6.0006432],[-61.3323006,6.0007819],[-61.3323838,6.0008859],[-61.332483,6.0009313],[-61.3326332,6.0009606],[-61.33288,6.0010593],[-61.3331294,6.001206],[-61.3334084,6.0013981],[-61.3336122,6.0015741],[-61.3338965,6.0018356],[-61.3341326,6.002177],[-61.3344812,6.0027265],[-61.3346261,6.0030413],[-61.3346797,6.0032493],[-61.3347119,6.0034147],[-61.334728,6.0035801],[-61.3347441,6.0037348],[-61.3348031,6.0038949],[-61.3348782,6.0039696],[-61.3350016,6.0040389],[-61.3352162,6.0041403],[-61.3353825,6.004263],[-61.3355219,6.0044444],[-61.3356239,6.0045938],[-61.3356936,6.0047325],[-61.3357151,6.0048712],[-61.3357043,6.0050792],[-61.3356614,6.0051913],[-61.3354737,6.0055594],[-61.3352966,6.0057781],[-61.3350123,6.0060982],[-61.3348782,6.0062956],[-61.3348192,6.0065197],[-61.3348138,6.0067704],[-61.3348138,6.0073306],[-61.3348085,6.0079388],[-61.3348246,6.0082642],[-61.3348889,6.0085363],[-61.3350499,6.0090485],[-61.3351572,6.0094112],[-61.3352484,6.0098113],[-61.3352591,6.0100888],[-61.3352323,6.0105049],[-61.3352001,6.0108143],[-61.3351572,6.0111184],[-61.3351357,6.0113318],[-61.3350982,6.0114172],[-61.3350177,6.0115612],[-61.3347709,6.0119667],[-61.3345993,6.0122921],[-61.3343632,6.0128683],[-61.3341701,6.0132844],[-61.3339609,6.0136365],[-61.3337249,6.0140259],[-61.33358,6.014298],[-61.3334888,6.0145434],[-61.3333762,6.0150769],[-61.3332689,6.0153063],[-61.3331187,6.0155144],[-61.3328773,6.0156691],[-61.332475,6.0158931],[-61.3322872,6.0160799],[-61.3320941,6.0163039],[-61.3319814,6.01648],[-61.3318098,6.0167841],[-61.3315308,6.0171842],[-61.3303506,6.0182298],[-61.3294065,6.0190621],[-61.3282693,6.020193],[-61.3277543,6.0208119],[-61.3274109,6.021292],[-61.327132,6.0217615],[-61.3269818,6.0221349],[-61.3269281,6.022487],[-61.3269389,6.0229992],[-61.3269067,6.0235166],[-61.3268316,6.0241195],[-61.3267779,6.0244022],[-61.3267243,6.0246583],[-61.3266438,6.024925],[-61.3265258,6.0251811],[-61.3262951,6.0256079],[-61.3259786,6.0259333],[-61.3256139,6.0262],[-61.3250881,6.0265895],[-61.3247824,6.0268029],[-61.3246912,6.0268615],[-61.324541,6.0268989],[-61.3244391,6.0268989],[-61.3242728,6.0268295],[-61.324026,6.0267655],[-61.3237578,6.0266908],[-61.3234037,6.0266321],[-61.323157,6.0266215],[-61.3221967,6.0265788],[-61.3216281,6.0266161],[-61.3211399,6.0266908],[-61.3207966,6.0267762],[-61.3206679,6.0268402],[-61.3203675,6.0270216],[-61.320169,6.0272083],[-61.3200831,6.027331],[-61.319992,6.0274857],[-61.3199008,6.0276617],[-61.3198686,6.0278218],[-61.3198632,6.0279978],[-61.3198632,6.0282486],[-61.3198471,6.028462],[-61.3198364,6.028782],[-61.3197935,6.0289794],[-61.3196969,6.0291395],[-61.3195896,6.0292728],[-61.3194072,6.0295129],[-61.3192409,6.0297636],[-61.3191176,6.0299557],[-61.3189513,6.0303398],[-61.3185489,6.0312787],[-61.3182217,6.0321696],[-61.3181412,6.0325164],[-61.3180661,6.0328738],[-61.3178837,6.0336313],[-61.3178086,6.0341328],[-61.317755,6.0346556],[-61.3177121,6.0349063],[-61.3176101,6.0351784],[-61.317519,6.0354504],[-61.3174439,6.0357438],[-61.3173902,6.0361546],[-61.3173366,6.0365441],[-61.3173097,6.0368588],[-61.3172668,6.0372162],[-61.3171756,6.0376697],[-61.3170683,6.0380804],[-61.3169932,6.0383098],[-61.3167894,6.0388326],[-61.316666,6.0391154],[-61.316607,6.0392754],[-61.3165802,6.0394248],[-61.3165802,6.0395741],[-61.3165963,6.0396915],[-61.3165909,6.0400756],[-61.3165695,6.0403263],[-61.3165158,6.0404917],[-61.3164461,6.0406571],[-61.3162369,6.0410732],[-61.3161242,6.0413612],[-61.3159418,6.041884],[-61.3157862,6.0423641],[-61.3157004,6.0424868],[-61.3155368,6.0426495],[-61.315392,6.0427616],[-61.3152149,6.0428736],[-61.3150513,6.0429483],[-61.3149172,6.0429936],[-61.3148314,6.043015],[-61.3147482,6.0430176],[-61.3146329,6.0429856],[-61.3145471,6.0429376],[-61.3144371,6.0428843],[-61.3143083,6.0428549],[-61.314193,6.0428443],[-61.3140401,6.0428709],[-61.3139007,6.0429269],[-61.3134527,6.0430977],[-61.3130611,6.0432497],[-61.3128305,6.0433991],[-61.3126212,6.0435964],[-61.3123959,6.0438792],[-61.3121545,6.0442739],[-61.3120043,6.0445833],[-61.3119024,6.0448394],[-61.3118488,6.0450581],[-61.3118434,6.0452928],[-61.3118219,6.0454796],[-61.3117039,6.0456769],[-61.3115054,6.045821],[-61.3112855,6.0459703],[-61.3111299,6.046093],[-61.3109905,6.0462531],[-61.3108885,6.0464931],[-61.3108242,6.0467545],[-61.3108349,6.0470052],[-61.3108885,6.0471173],[-61.3109851,6.0472453],[-61.3111997,6.0474],[-61.3114733,6.0476027],[-61.3116664,6.0477307],[-61.3123101,6.0482055],[-61.31253,6.0484296],[-61.3126373,6.0485309],[-61.3127232,6.0486963],[-61.3127714,6.0488723],[-61.3127875,6.0491071],[-61.3127232,6.0494058],[-61.3125676,6.0497365],[-61.3124603,6.0500353],[-61.3123477,6.0503447],[-61.3122618,6.0508248],[-61.3121706,6.0512782],[-61.3121224,6.0516943],[-61.3120526,6.0520411],[-61.3119936,6.0522651],[-61.311897,6.0524411],[-61.3116932,6.0526385],[-61.3115484,6.0527612],[-61.3113177,6.0529799],[-61.3110012,6.0533107],[-61.3107491,6.0535454],[-61.3106525,6.0536094],[-61.3105184,6.0536414],[-61.3103789,6.0536574],[-61.3102931,6.0536574],[-61.3102073,6.0536201],[-61.3101,6.0535134],[-61.3100195,6.0533693],[-61.3099551,6.0532253],[-61.309821,6.0530493],[-61.3096654,6.0528946],[-61.3094991,6.0527719],[-61.3090324,6.0524785],[-61.3087589,6.0523451],[-61.3083673,6.0522438],[-61.3077074,6.0520571],[-61.3074607,6.0520037],[-61.3072783,6.051993],[-61.307112,6.0520197],[-61.3069832,6.0520997],[-61.3069242,6.0521851],[-61.3068491,6.0524198],[-61.3065594,6.053204],[-61.3063878,6.0534814],[-61.3062215,6.0535987],[-61.3059747,6.0537108],[-61.3057333,6.0537588],[-61.3054973,6.0537588],[-61.3053846,6.0537214],[-61.3052505,6.0536041],[-61.3051325,6.0534654],[-61.3049609,6.053316],[-61.3047946,6.0532093],[-61.3046014,6.0531506],[-61.3043332,6.053108],[-61.3041401,6.0531293],[-61.3038933,6.0532573],[-61.3035876,6.0534707],[-61.3033569,6.0535827],[-61.3030458,6.0536894],[-61.3026971,6.0539028],[-61.302343,6.0541749],[-61.301989,6.0544149],[-61.3018602,6.0545483],[-61.3017958,6.054655],[-61.3017744,6.0547883],[-61.301769,6.0549484],[-61.3017905,6.0551351],[-61.3019192,6.0554818],[-61.3021499,6.0560313],[-61.3023645,6.0567247],[-61.3024664,6.0569595],[-61.3026166,6.0570555],[-61.3027561,6.0570822],[-61.3036037,6.0572422],[-61.3038772,6.0573115],[-61.3040865,6.0574076],[-61.3041937,6.0575249],[-61.3042045,6.0576529],[-61.3041401,6.0578663],[-61.3040274,6.058085],[-61.3038504,6.0585011],[-61.3038129,6.0587518],[-61.3038611,6.0590559],[-61.3042313,6.0600801],[-61.3042957,6.0602828],[-61.3043279,6.0604108],[-61.3039202,6.0605602],[-61.3030297,6.0608963],[-61.3025791,6.061147],[-61.3019139,6.0616271],[-61.3012916,6.0620539],[-61.3007498,6.0623633],[-61.300208,6.0625553],[-61.2995642,6.0627153],[-61.2992048,6.06279],[-61.2990278,6.0628914],[-61.2989044,6.062998],[-61.2987757,6.0631581],[-61.2985933,6.0637982],[-61.2983197,6.0649718],[-61.29803,6.066268],[-61.2979227,6.0665401],[-61.2977564,6.0668548],[-61.2975794,6.0670522],[-61.297397,6.0672015],[-61.2972254,6.0672709],[-61.296984,6.0673402],[-61.2966675,6.0674896],[-61.2963671,6.0676336],[-61.296072,6.0677617],[-61.2955946,6.0679057],[-61.2941355,6.0682898],[-61.2937439,6.0683538],[-61.2933362,6.0684071],[-61.2927675,6.0684391],[-61.2922633,6.0684338],[-61.2920809,6.0684498],[-61.2918824,6.0684925],[-61.2916464,6.0686632],[-61.2914908,6.0688179],[-61.2913513,6.0690152],[-61.291185,6.0693566],[-61.291126,6.0695807],[-61.291126,6.0697087],[-61.291185,6.06981],[-61.2912655,6.0699007],[-61.2914854,6.0700394],[-61.2918717,6.0703008],[-61.2921614,6.0705462],[-61.2925047,6.0707969],[-61.2931699,6.0712717],[-61.2936312,6.0716397],[-61.2938941,6.0719011],[-61.2940657,6.0721678],[-61.2942588,6.0725412],[-61.29435,6.0727813],[-61.2944144,6.073064],[-61.2944251,6.0734641],[-61.2943769,6.0737841],[-61.2943071,6.0740082],[-61.2941623,6.0741255],[-61.2940067,6.0741575],[-61.2937975,6.0741148],[-61.2936419,6.0739975],[-61.2935615,6.0738428],[-61.2934434,6.0736028],[-61.2933415,6.0734267],[-61.2932289,6.073256],[-61.2930626,6.0731387],[-61.2929231,6.0730747],[-61.2927783,6.073032],[-61.2926602,6.0730587],[-61.2926012,6.0731493],[-61.2924832,6.0733947],[-61.2923491,6.0735974],[-61.2921989,6.0737628],[-61.2918931,6.0741202],[-61.2915659,6.0745042],[-61.2912601,6.0747336],[-61.2910509,6.0748403],[-61.2908632,6.074883],[-61.29067,6.0748883],[-61.2904072,6.0747976],[-61.2900049,6.0746803],[-61.2897313,6.0746643],[-61.2895435,6.074739],[-61.2893558,6.0748883],[-61.289286,6.075075],[-61.2892377,6.075251],[-61.2892109,6.0753684],[-61.2891144,6.0755338],[-61.2890071,6.0756298],[-61.2888891,6.0756778],[-61.2886852,6.0757151],[-61.2881863,6.0758165],[-61.287961,6.0758912],[-61.2878001,6.0760085],[-61.2876982,6.0761525],[-61.2876552,6.0763392],[-61.2876499,6.0765579],[-61.2876177,6.0768673],[-61.287548,6.0770647],[-61.2874085,6.0772781],[-61.2872797,6.0774221],[-61.2871403,6.0774541],[-61.2870437,6.0774541],[-61.2868559,6.0773688],[-61.2865019,6.0772514],[-61.2860888,6.0771767],[-61.2852734,6.0771394],[-61.2850535,6.0771661],[-61.2849784,6.0772621],[-61.284973,6.0773634],[-61.2849891,6.0776035],[-61.285032,6.0777795],[-61.2851018,6.0779769],[-61.2851769,6.0781102],[-61.2853271,6.0783023],[-61.2855202,6.078489],[-61.2857026,6.0785743],[-61.2858796,6.0786596],[-61.2860996,6.078825],[-61.2862283,6.079001],[-61.2863892,6.0794331],[-61.2864482,6.0798279],[-61.2864375,6.0800732],[-61.2863785,6.0802333],[-61.2862927,6.0802866],[-61.2861908,6.0802866],[-61.2860513,6.0802439],[-61.2858421,6.0802066],[-61.2854022,6.0802279],[-61.2849891,6.0802706],[-61.2848067,6.0803293],[-61.284678,6.0804306],[-61.2843883,6.0807187],[-61.2839913,6.0812734],[-61.2837231,6.0815455],[-61.2833369,6.0818815],[-61.2828004,6.0823349],[-61.2824732,6.0825163],[-61.2821621,6.082639],[-61.2818831,6.0826977],[-61.2816793,6.0827083],[-61.281454,6.0826603],[-61.2811589,6.082575],[-61.2809926,6.0825323],[-61.2807512,6.082511],[-61.2805045,6.082511],[-61.2802362,6.082591],[-61.279909,6.0827937],[-61.2795174,6.0830977],[-61.279335,6.0832898],[-61.2792224,6.0835031],[-61.2791956,6.0836685],[-61.2792063,6.0838285],[-61.2792653,6.0839725],[-61.2793511,6.0840899],[-61.2795925,6.0842659],[-61.2797374,6.0843566],[-61.27985,6.084506],[-61.2799037,6.08465],[-61.2798983,6.0847727],[-61.2798339,6.084906],[-61.2795496,6.0854074],[-61.2793511,6.0856742],[-61.279099,6.0858929],[-61.2788576,6.0860795],[-61.2787181,6.0862022],[-61.2786537,6.0863516],[-61.2786216,6.086517],[-61.2786216,6.0867357],[-61.2786967,6.0870184],[-61.2788415,6.0877758],[-61.2788737,6.0880639],[-61.2788469,6.0882612],[-61.2787932,6.0884693],[-61.2786216,6.088864],[-61.2785572,6.0890667],[-61.2785626,6.0893761],[-61.2786001,6.0896748],[-61.2786913,6.0900162],[-61.2788683,6.0906776],[-61.2790078,6.0911097],[-61.2791097,6.091403],[-61.279276,6.0917978],[-61.2793887,6.0920271],[-61.2794477,6.0922672],[-61.2794745,6.0925979],[-61.2794906,6.0934833],[-61.2795174,6.0938034],[-61.2795764,6.0942301],[-61.2795657,6.0944435],[-61.2794906,6.0945715],[-61.2793833,6.0946675],[-61.2792492,6.0946942],[-61.2791312,6.0946675],[-61.2790078,6.0945822],[-61.2787557,6.0942248],[-61.2784338,6.0937287],[-61.277613,6.0924539],[-61.277377,6.0921018],[-61.277259,6.0919898],[-61.2770981,6.0919525],[-61.2770015,6.0919471],[-61.2768674,6.0919845],[-61.2766796,6.0921178],[-61.2764061,6.0922778],[-61.2760145,6.0924485],[-61.2753761,6.0926939],[-61.2751508,6.0927846],[-61.275022,6.0928753],[-61.2749684,6.0930513],[-61.274963,6.09319],[-61.2749308,6.093366],[-61.2748665,6.0935794],[-61.2747806,6.0937554],[-61.2746143,6.0940061],[-61.2744749,6.0941981],[-61.2742657,6.0944808],[-61.274094,6.0947795],[-61.2738472,6.0952436],[-61.2735736,6.0960277],[-61.27352,6.0962411],[-61.2735146,6.0963584],[-61.2735361,6.0965291],[-61.2735897,6.0966625],[-61.2737024,6.0969025],[-61.2737721,6.0972172],[-61.273815,6.0975533],[-61.2738633,6.0981293],[-61.2739116,6.0993082],[-61.2740189,6.1006843],[-61.2740243,6.1010577],[-61.2739974,6.1014578],[-61.2739331,6.1018578],[-61.2739116,6.1022365],[-61.2739009,6.1025192],[-61.2739277,6.1026793],[-61.2740511,6.1027486],[-61.2742925,6.1027433],[-61.2744266,6.1026366],[-61.2745231,6.1024659],[-61.2745929,6.1023539],[-61.274727,6.1022472],[-61.2748128,6.1022579],[-61.2748772,6.1023272],[-61.2748826,6.1024659],[-61.2748826,6.1027859],[-61.2748933,6.103074],[-61.2748933,6.1032553],[-61.2748343,6.103378],[-61.2747163,6.10349],[-61.2744749,6.1036287],[-61.2743086,6.1037727],[-61.2742281,6.1039488],[-61.2742174,6.1040661],[-61.2742496,6.1041941],[-61.2742925,6.1043915],[-61.2743032,6.1045942],[-61.274271,6.1047969],[-61.2741906,6.1049729],[-61.2739331,6.1052129],[-61.2730962,6.1058903],[-61.2727261,6.1062264],[-61.2725169,6.1063864],[-61.2723988,6.1064504],[-61.2722272,6.1064824],[-61.2720501,6.1064824],[-61.2718785,6.1064184],[-61.2716103,6.1063117],[-61.2714225,6.1062637],[-61.2712961,6.1062463],[-61.2710363,6.1062104],[-61.2705427,6.1062157],[-61.2703496,6.1062584],[-61.2702531,6.1063491],[-61.2702155,6.1065304],[-61.2702745,6.1066744],[-61.2703711,6.1067864],[-61.2705267,6.1069571],[-61.2706608,6.1071598],[-61.2707144,6.1074852],[-61.2707627,6.1081893],[-61.2707573,6.108344],[-61.2706715,6.1084987],[-61.2705374,6.1086213],[-61.2702745,6.108712],[-61.2699044,6.108744],[-61.2696791,6.108792],[-61.2695611,6.1088774],[-61.2694967,6.108984],[-61.269502,6.1090854],[-61.2695503,6.1091494],[-61.2696952,6.1092081],[-61.2698615,6.1093201],[-61.2699312,6.1094534],[-61.269958,6.1095761],[-61.2699366,6.1098215],[-61.2698185,6.1099708],[-61.2696952,6.1100082],[-61.2695503,6.1100135],[-61.2694055,6.1100135],[-61.2691695,6.1099282],[-61.2689281,6.1097841],[-61.2688208,6.1097468],[-61.268574,6.1097041],[-61.2683487,6.1096935],[-61.2679839,6.1097415],[-61.2676513,6.1098055],[-61.2673885,6.1098268],[-61.267131,6.1098055],[-61.2665516,6.1096188],[-61.2658864,6.1094214],[-61.2656128,6.1094161],[-61.2654465,6.1094694],[-61.2653875,6.1095228],[-61.2653446,6.1096294],[-61.2653393,6.1097415],[-61.2653929,6.1098375],[-61.2655109,6.1099228],[-61.2656397,6.1100082],[-61.265747,6.1100988],[-61.2658167,6.1102589],[-61.2658167,6.1104242],[-61.2657791,6.1107389],[-61.2657094,6.1109469],[-61.2655699,6.1111603],[-61.2654519,6.1112563],[-61.2653178,6.111283],[-61.2651837,6.1112723],[-61.2649477,6.111203],[-61.2645614,6.1110856],[-61.2641966,6.1110429],[-61.2636495,6.1110376],[-61.2634134,6.1110749],[-61.2630647,6.1111763],[-61.2628448,6.111251],[-61.2627107,6.111267],[-61.2626034,6.1112243],[-61.2625659,6.111155],[-61.2625873,6.1109896],[-61.2626731,6.1108509],[-61.2627858,6.1106856],[-61.2628073,6.1105629],[-61.2627375,6.1103815],[-61.262641,6.1102695],[-61.2625444,6.1102482],[-61.2624425,6.1102802],[-61.2622976,6.1103762],[-61.2622064,6.1105095],[-61.2620884,6.1108349],[-61.2618899,6.1112723],[-61.2616968,6.1115817],[-61.2615681,6.1117577],[-61.2614071,6.111971],[-61.2612623,6.1121204],[-61.2610906,6.1122431],[-61.2609083,6.1122751],[-61.2605864,6.1123338],[-61.2600982,6.1124404],[-61.2599266,6.1125364],[-61.2598193,6.1126165],[-61.2596154,6.1127765],[-61.2593687,6.1128405],[-61.2591273,6.1128138],[-61.2590039,6.1127231],[-61.2589127,6.1125418],[-61.2588269,6.1122911],[-61.2586981,6.1120884],[-61.2584782,6.1118804],[-61.2583011,6.1117577],[-61.2581027,6.111715],[-61.257636,6.1117417],[-61.2571424,6.111779],[-61.2569171,6.1117577],[-61.2567669,6.1116723],[-61.2566704,6.1115763],[-61.2565416,6.111331],[-61.2563914,6.1110323],[-61.2563056,6.1109043],[-61.2561178,6.1108029],[-61.2559247,6.1107336],[-61.2557852,6.1106376],[-61.255635,6.1105309],[-61.2555063,6.1103762],[-61.255104,6.1098268],[-61.2547875,6.1094961],[-61.2545568,6.1093628],[-61.2543154,6.1093201],[-61.2540203,6.1093307],[-61.2535429,6.1094108],[-61.2533498,6.1094374],[-61.2532049,6.1093841],[-61.2531835,6.1093147],[-61.2531942,6.1092294],[-61.2532586,6.1091494],[-61.2533927,6.1090427],[-61.2535322,6.108888],[-61.2535805,6.1087867],[-61.2536126,6.108648],[-61.2536234,6.1084293],[-61.2535697,6.108248],[-61.2534142,6.1081093],[-61.2531567,6.1080506],[-61.2528241,6.1080559],[-61.2527168,6.1080879],[-61.2526685,6.1081839],[-61.2526524,6.108344],[-61.2526524,6.1086533],[-61.2526202,6.108824],[-61.252529,6.1089467],[-61.2524378,6.1090054],[-61.2523091,6.1090267],[-61.2520087,6.108936],[-61.2518424,6.10884],[-61.2516815,6.108728],[-61.2516224,6.108584],[-61.2515956,6.10844],[-61.2515795,6.1082213],[-61.2515259,6.1080933],[-61.2514615,6.1080506],[-61.251365,6.1080293],[-61.2512577,6.1080666],[-61.2512201,6.1081573],[-61.251204,6.10836],[-61.2511557,6.1086693],[-61.2510806,6.108872],[-61.2508607,6.1091761],[-61.2507105,6.1093628],[-61.2505496,6.1094748],[-61.2504476,6.1095014],[-61.2502652,6.1094428],[-61.2501419,6.1093574],[-61.2499327,6.1092241],[-61.2496752,6.1090641],[-61.2494713,6.108984],[-61.2491441,6.1088987],[-61.2489402,6.1088134],[-61.2488222,6.1087173],[-61.2487364,6.1086213],[-61.2485701,6.1084613],[-61.2483877,6.108392],[-61.248216,6.10836],[-61.2481141,6.1083546],[-61.2479317,6.1084026],[-61.2477386,6.108552],[-61.2475294,6.108664],[-61.2473309,6.1087067],[-61.2464029,6.1088827],[-61.2460649,6.1089734],[-61.2457484,6.1090587],[-61.2456089,6.1090587],[-61.2455177,6.1089947],[-61.2454802,6.1088827],[-61.2454909,6.1087547],[-61.2455821,6.108584],[-61.2457269,6.10836],[-61.2457967,6.1081573],[-61.2457752,6.1080826],[-61.2457001,6.1080133],[-61.2456089,6.1080186],[-61.2455338,6.1080719],[-61.2454104,6.1081839],[-61.2452442,6.1084133],[-61.2449652,6.1086853],[-61.2447238,6.1088934],[-61.2444288,6.1090747],[-61.2437958,6.1093041],[-61.2432325,6.1095281],[-61.2429535,6.1095974],[-61.2428087,6.1095974],[-61.2426049,6.1095494],[-61.2424654,6.1095601],[-61.2423635,6.1096294],[-61.2423205,6.1097308],[-61.2423527,6.1098321],[-61.2424117,6.1099495],[-61.2424922,6.1100988],[-61.2425566,6.1104029],[-61.2425834,6.1107549],[-61.242578,6.1111603],[-61.2425244,6.1115657],[-61.2424332,6.111875],[-61.242342,6.1120137],[-61.2421864,6.1121044],[-61.2420845,6.1121257],[-61.2419611,6.1121204],[-61.241827,6.1120777],[-61.2416929,6.1119657],[-61.2415695,6.1117684],[-61.2415159,6.111571],[-61.2414944,6.1113683],[-61.2415105,6.111171],[-61.2415052,6.1110003],[-61.2414247,6.1108349],[-61.2413174,6.1106802],[-61.2411779,6.1105629],[-61.2410921,6.1105309],[-61.2409473,6.1105469],[-61.2408507,6.1106482],[-61.2408292,6.1107869],[-61.2408239,6.1109363],[-61.2407917,6.111203],[-61.240781,6.111331],[-61.240797,6.1115337],[-61.2408507,6.1117257],[-61.2409687,6.1119124],[-61.2411618,6.1121737],[-61.2412208,6.1123764],[-61.2412047,6.1126378],[-61.2411189,6.1128405],[-61.2409741,6.1129845],[-61.2407273,6.1130858],[-61.240502,6.1131072],[-61.2402123,6.1131552],[-61.2400138,6.1132245],[-61.2397993,6.1133899],[-61.2396544,6.1135926],[-61.2395632,6.1137792],[-61.2395203,6.1139179],[-61.2394989,6.1140459],[-61.2394989,6.114238],[-61.2394989,6.114382],[-61.2394559,6.1145153],[-61.2393969,6.1146327],[-61.2391663,6.1152087],[-61.2389571,6.1155181],[-61.2386835,6.1157955],[-61.2384528,6.1159608],[-61.2380773,6.1162115],[-61.2377447,6.1163715],[-61.2374979,6.1164195],[-61.2372941,6.1164675],[-61.2371922,6.1165102],[-61.2371224,6.1165742],[-61.2371063,6.1166809],[-61.2371063,6.1168729],[-61.2372243,6.1172889],[-61.2372565,6.1174596],[-61.237278,6.117625],[-61.2372351,6.117705],[-61.2371546,6.117753],[-61.2370366,6.1177583],[-61.236881,6.1177583],[-61.2367684,6.1177903],[-61.2365538,6.117849],[-61.2361568,6.118105],[-61.2358779,6.1182544],[-61.2356901,6.1184251],[-61.2356097,6.1186384],[-61.235615,6.1188091],[-61.2356687,6.1189051],[-61.2357545,6.1190171],[-61.2359798,6.1191558],[-61.2361836,6.1192731],[-61.2363821,6.1194918],[-61.2366235,6.1197479],[-61.236763,6.1200626],[-61.2368113,6.1202492],[-61.2368167,6.1204466],[-61.2367576,6.1206279],[-61.2367415,6.120804],[-61.2368006,6.1209213],[-61.2369669,6.121076],[-61.2371117,6.1211507],[-61.2371653,6.121236],[-61.2371439,6.121348],[-61.2370205,6.1215774],[-61.2368918,6.1217214],[-61.2367523,6.1218067],[-61.2366128,6.1219134],[-61.2364626,6.1220361],[-61.2361783,6.1222761],[-61.2359369,6.1224521],[-61.235776,6.1225268],[-61.2355667,6.1225801],[-61.2353092,6.1226601],[-61.2352073,6.1227241],[-61.2351376,6.1228575],[-61.2351161,6.1230068],[-61.2351483,6.1231615],[-61.2351698,6.1233109],[-61.2351644,6.1234549],[-61.2351215,6.1235295],[-61.2350571,6.1235775],[-61.2349445,6.1235882],[-61.2346119,6.1236309],[-61.2344295,6.1237056],[-61.2343544,6.1237696],[-61.2343276,6.1238869],[-61.234349,6.1240202],[-61.234349,6.1242229],[-61.2342686,6.124559],[-61.2342042,6.1250603],[-61.2341559,6.1252364],[-61.2340647,6.1253484],[-61.2339574,6.1254124],[-61.2338072,6.125423],[-61.2335336,6.125423],[-61.2331528,6.1254284],[-61.2325412,6.125455],[-61.2322354,6.125471],[-61.231994,6.125455],[-61.2317097,6.1253804],[-61.2314898,6.125311],[-61.2313503,6.1252897],[-61.2312055,6.1253217],[-61.2311626,6.1253964],[-61.2311733,6.1255244],[-61.2312001,6.1256257],[-61.2312967,6.1257324],[-61.231463,6.1258497],[-61.2318277,6.1261324],[-61.232053,6.1262871],[-61.232332,6.1264258],[-61.2324715,6.1265005],[-61.2325949,6.1265858],[-61.2326646,6.1267031],[-61.2326539,6.1268365],[-61.2325466,6.1269538],[-61.2323266,6.1270178],[-61.2321228,6.1270498],[-61.2320048,6.1270445],[-61.2317902,6.1269378],[-61.2315542,6.1267832],[-61.231361,6.1265911],[-61.2304866,6.1258711],[-61.230154,6.1255831],[-61.2300414,6.125455],[-61.2299556,6.1252897],[-61.2299341,6.1251297],[-61.2299556,6.1250017],[-61.2300253,6.1249003],[-61.2302238,6.124815],[-61.2304008,6.1247723],[-61.2305564,6.1247243],[-61.2306798,6.124639],[-61.2307012,6.1245643],[-61.2306368,6.1244203],[-61.2304974,6.1243189],[-61.2302506,6.1242176],[-61.2299985,6.1241536],[-61.2297732,6.1241323],[-61.2295801,6.1241269],[-61.2293547,6.1241323],[-61.2291133,6.1241803],[-61.2288398,6.1242869],[-61.2286949,6.1243189],[-61.2285447,6.1243029],[-61.2284106,6.1242123],[-61.228255,6.1240469],[-61.2280566,6.1238496],[-61.2278742,6.1236736],[-61.227681,6.1235722],[-61.2274718,6.1234975],[-61.2272304,6.1234602],[-61.2270641,6.1234602],[-61.2269086,6.1235082],[-61.2268496,6.1235775],[-61.2268388,6.1237056],[-61.2268603,6.1238336],[-61.2269676,6.1240042],[-61.2270534,6.1241376],[-61.2271339,6.1243243],[-61.2271875,6.1246123],[-61.22715,6.1248523],[-61.2270749,6.1249697],[-61.2266028,6.1255084],[-61.2264043,6.1256364],[-61.2262219,6.1256737],[-61.2261093,6.1256737],[-61.225884,6.1255991],[-61.2257391,6.125471],[-61.2256265,6.1252897],[-61.2255353,6.1251243],[-61.2254173,6.125007],[-61.225251,6.1249323],[-61.2250471,6.124927],[-61.2248969,6.124943],[-61.2245268,6.1249377],[-61.2241459,6.1249803],[-61.223883,6.1250657],[-61.2236738,6.1252844],[-61.2235934,6.1254124],[-61.2234646,6.1255777],[-61.223352,6.1256097],[-61.2231642,6.1256044],[-61.2229765,6.1254977],[-61.2228102,6.1252577],[-61.2227351,6.125103],[-61.2227136,6.124927],[-61.2227082,6.1247403],[-61.2226868,6.1244843],[-61.2226278,6.1242283],[-61.2225151,6.1237856],[-61.2223166,6.1231615],[-61.2222093,6.1227881],[-61.2221503,6.1224681],[-61.222145,6.1221267],[-61.2221396,6.1216734],[-61.2220913,6.1214013],[-61.2220162,6.121268],[-61.2217426,6.1208946],[-61.2215656,6.1205853],[-61.2213993,6.1201372],[-61.2208843,6.1190278],[-61.2202406,6.1176517],[-61.2199831,6.1172463],[-61.219554,6.1167876],[-61.2186527,6.1159555],[-61.2173867,6.114942],[-61.2170488,6.1147287],[-61.2166786,6.1145207],[-61.2165606,6.1144406],[-61.2165123,6.1143606],[-61.216507,6.1142646],[-61.2165445,6.1141633],[-61.2165982,6.1140726],[-61.2167376,6.1138539],[-61.2168342,6.1136939],[-61.2168664,6.1135606],[-61.2168717,6.1134112],[-61.2168181,6.1132245],[-61.2167001,6.1130858],[-61.2165499,6.1130165],[-61.2163407,6.1129258],[-61.215831,6.1127285],[-61.2156272,6.1126591],[-61.2154448,6.1125418],[-61.2152839,6.1123978],[-61.2152302,6.1122804],[-61.2152141,6.1121364],[-61.2152624,6.1119124],[-61.2153268,6.1116563],[-61.2153482,6.111427],[-61.2153053,6.1112296],[-61.2152195,6.111155],[-61.2150908,6.111107],[-61.2149352,6.111107],[-61.2147903,6.1111923],[-61.214565,6.1113576],[-61.2144256,6.1114057],[-61.2142915,6.1114057],[-61.2141144,6.1114483],[-61.2139911,6.1115177],[-61.2139481,6.111603],[-61.2139267,6.1117417],[-61.2139642,6.1119124],[-61.2140501,6.1120297],[-61.2142003,6.1121631],[-61.2143397,6.1122537],[-61.2145275,6.1124138],[-61.2146616,6.1125684],[-61.214903,6.1129632],[-61.2150586,6.1132192],[-61.2150908,6.1133472],[-61.2151069,6.1135286],[-61.2150747,6.1136512],[-61.2149835,6.1138326],[-61.2148601,6.114174],[-61.2148172,6.114398],[-61.2148225,6.1145207],[-61.2148601,6.114686],[-61.214903,6.1148514],[-61.214903,6.1149847],[-61.2148923,6.1151554],[-61.2148333,6.1152941],[-61.2147152,6.1153954],[-61.2146348,6.1154168],[-61.2145275,6.1154008],[-61.2143666,6.1153261],[-61.2140876,6.1151661],[-61.2138838,6.1150007],[-61.2137389,6.1148034],[-61.2134922,6.114574],[-61.2130952,6.1142326],[-61.2125105,6.1138059],[-61.2122315,6.1136192],[-61.2117916,6.1134059],[-61.2112016,6.1131178],[-61.2109172,6.1129578],[-61.2107617,6.1128298],[-61.2106437,6.1127285],[-61.2105364,6.1126698],[-61.2103486,6.1126538],[-61.2102896,6.1126698],[-61.2100911,6.1128085],[-61.2098497,6.1129685],[-61.2097156,6.1129898],[-61.2096191,6.1129898],[-61.2095386,6.1129472],[-61.209501,6.1128671],[-61.2094849,6.1127658],[-61.2095064,6.1126751],[-61.2095439,6.1125524],[-61.2096781,6.1124298],[-61.2098014,6.1123818],[-61.2099999,6.1123231],[-61.2101126,6.1122324],[-61.2101555,6.1121524],[-61.2101716,6.1120457],[-61.2101716,6.1118964],[-61.2101179,6.1118004],[-61.2099731,6.111619],[-61.2098014,6.1114857],[-61.2095761,6.1114323],[-61.2094259,6.1114483],[-61.2092543,6.111523],[-61.2091202,6.111667],[-61.2090504,6.111843],[-61.20897,6.1120777],[-61.2087876,6.1123978],[-61.2086695,6.1127018],[-61.2085408,6.1131125],[-61.2083745,6.1135339],[-61.2081599,6.1139019],[-61.2079614,6.1141953],[-61.2076718,6.1145207],[-61.2072963,6.1148887],[-61.2070388,6.1151501],[-61.2068403,6.1154754],[-61.2065077,6.1161262],[-61.2064004,6.1164835],[-61.2063199,6.1167502],[-61.2063307,6.1168942],[-61.2063789,6.1169849],[-61.2065291,6.1170916],[-61.2066901,6.1171609],[-61.2072372,6.117353],[-61.2076449,6.1174436],[-61.2078917,6.117481],[-61.2080151,6.1175503],[-61.208176,6.1176623],[-61.2082726,6.1177743],[-61.2083209,6.117913],[-61.2083209,6.1180784],[-61.2082619,6.118297],[-61.2081331,6.1184411],[-61.2078756,6.1186757],[-61.207366,6.1192571],[-61.2070602,6.1196678],[-61.206792,6.1201266],[-61.2065131,6.1204839],[-61.2061697,6.120868],[-61.2057084,6.1213533],[-61.2053382,6.1217267],[-61.2049091,6.1221534],[-61.2046355,6.1225321],[-61.2044156,6.1229001],[-61.2043351,6.1231188],[-61.2042975,6.1232682],[-61.2043029,6.1234495],[-61.204378,6.1238016],[-61.2044531,6.1244576],[-61.2044585,6.1249057],[-61.2044156,6.1257057],[-61.2043995,6.1260738],[-61.2043834,6.1263885],[-61.2043405,6.1266071],[-61.2042064,6.1268152],[-61.2040186,6.1269752],[-61.2036163,6.1272579],[-61.20345,6.1273165],[-61.2032998,6.1273379],[-61.2031227,6.1273272],[-61.2029564,6.1272952],[-61.2028009,6.1272899],[-61.2026614,6.1273272],[-61.2024897,6.1274392],[-61.20242,6.1275512],[-61.2024093,6.1276792],[-61.2024522,6.1277912],[-61.2025487,6.1279299],[-61.202699,6.1281966],[-61.2028116,6.1284526],[-61.2028438,6.1286926],[-61.2028867,6.129018],[-61.2028706,6.1295034],[-61.2028331,6.1299247],[-61.2028384,6.1302021],[-61.2028974,6.1304421],[-61.2029886,6.1306235],[-61.2030852,6.1307568],[-61.2033373,6.1309862],[-61.2035787,6.1311622],[-61.2037075,6.1312635],[-61.2037933,6.1313862],[-61.2038201,6.1314982],[-61.2038094,6.1319942],[-61.2037665,6.1325116],[-61.2036753,6.1330023],[-61.2036699,6.133269],[-61.2036967,6.1335943],[-61.2036914,6.1339144],[-61.2036216,6.1341117],[-61.2034553,6.1342184],[-61.203332,6.1342184],[-61.2032193,6.1341811],[-61.2031281,6.134117],[-61.2030476,6.133973],[-61.2030208,6.1338504],[-61.2029457,6.133637],[-61.2028599,6.1334983],[-61.2027419,6.1333277],[-61.2025327,6.1330876],[-61.2022698,6.132821],[-61.2020123,6.1326503],[-61.2016958,6.1324849],[-61.2015027,6.1323196],[-61.2012398,6.1320636],[-61.2003815,6.1313275],[-61.2000275,6.1311035],[-61.1997861,6.1310502],[-61.199593,6.1310928],[-61.1994803,6.1311728],[-61.199432,6.1313328],[-61.1994267,6.1315889],[-61.1994481,6.1319836],[-61.1994159,6.1322396],[-61.1993086,6.1324423],[-61.1992174,6.1325223],[-61.1990404,6.1325809],[-61.1986274,6.1326129],[-61.1980587,6.1326236],[-61.197592,6.1326663],[-61.1971307,6.1327516],[-61.1969376,6.1328316],[-61.1966693,6.132885],[-61.196503,6.1328743],[-61.1964279,6.132805],[-61.1963046,6.1326289],[-61.1961544,6.1323516],[-61.1959291,6.1320156],[-61.1957467,6.1317915],[-61.1955535,6.1316689],[-61.1953282,6.1316369],[-61.1951995,6.1316635],[-61.1949474,6.1317169],[-61.1944056,6.1317755],[-61.1929894,6.1319462],[-61.1923403,6.1320796],[-61.1918843,6.1322129],[-61.1917126,6.1323143],[-61.1915571,6.1323569],[-61.1912566,6.1323783],[-61.1908007,6.1323996],[-61.1902106,6.1323516],[-61.1896741,6.1323569],[-61.1892504,6.1323889],[-61.1891216,6.1324689],[-61.1890465,6.1326289],[-61.189068,6.1328156],[-61.1891323,6.1330663],[-61.1892343,6.133285],[-61.1893576,6.1334503],[-61.1894864,6.1335517],[-61.1896902,6.1336637],[-61.1901569,6.1339037],[-61.1905003,6.1340637],[-61.1907202,6.1342024],[-61.1908275,6.1343571],[-61.1908811,6.1345224],[-61.1908811,6.1347944],[-61.190865,6.1353065],[-61.1907202,6.1356905],[-61.1905915,6.1359732],[-61.1905217,6.1362932],[-61.1905164,6.1365599],[-61.1905378,6.1369066],[-61.1906236,6.1374559],[-61.1907095,6.1377653],[-61.1907631,6.1379253],[-61.1908382,6.138048],[-61.1909455,6.1381973],[-61.1911601,6.138512],[-61.1912996,6.1387147],[-61.1913854,6.138848],[-61.1914873,6.1389654],[-61.1915463,6.138992],[-61.1916429,6.1389974],[-61.1917609,6.1389707],[-61.1918682,6.1389334],[-61.1919916,6.1389067],[-61.192115,6.1389067],[-61.1922115,6.1389707],[-61.1923349,6.1391147],[-61.1924046,6.1392907],[-61.1924154,6.1395361],[-61.19241,6.1397334],[-61.1923617,6.1398561],[-61.1922759,6.1399681],[-61.1921793,6.1400214],[-61.1920828,6.1400374],[-61.1919487,6.1400374],[-61.1918145,6.1400108],[-61.191541,6.1399414],[-61.1911655,6.1398721],[-61.1908543,6.1398721],[-61.1906129,6.1398827],[-61.1904198,6.1399468],[-61.1902428,6.1400481],[-61.1901677,6.1401121],[-61.190114,6.1401974],[-61.1900979,6.1402934],[-61.1900979,6.1404268],[-61.190114,6.1405815],[-61.1901569,6.1407308],[-61.1902803,6.1410081],[-61.1903715,6.1411522],[-61.1904627,6.1412375],[-61.1905915,6.1413388],[-61.1906934,6.1414722],[-61.1907578,6.1415842],[-61.1907631,6.1417175],[-61.1907202,6.1418722],[-61.1906719,6.1420642],[-61.1905646,6.1421975],[-61.1904359,6.1422349],[-61.1903393,6.1422349],[-61.1902481,6.1421815],[-61.1901301,6.1420002],[-61.1900067,6.1418455],[-61.1898619,6.1416589],[-61.1896902,6.1415095],[-61.1895722,6.1414455],[-61.1894542,6.1414242],[-61.1892557,6.1414295],[-61.1891055,6.1414935],[-61.1886603,6.1419095],[-61.1884511,6.1421282],[-61.1883706,6.1422936],[-61.1883438,6.1425442],[-61.1882526,6.1429496],[-61.1881346,6.1433283],[-61.1879307,6.143691],[-61.1877805,6.1439043],[-61.1876518,6.144027],[-61.1875176,6.1440803],[-61.1873514,6.1440963],[-61.1872387,6.1440696],[-61.1870724,6.1440216],[-61.1868954,6.1439736],[-61.1867613,6.1439736],[-61.1866379,6.1440003],[-61.1864716,6.1441283],[-61.1863643,6.1442243],[-61.1862785,6.144411],[-61.1862302,6.1446243],[-61.1861873,6.1449497],[-61.1861873,6.1451684],[-61.1861444,6.1453337],[-61.1860639,6.1454937],[-61.1859834,6.1456644],[-61.1859566,6.1457604],[-61.1859405,6.1459311],[-61.1859512,6.1460591],[-61.1860263,6.1462884],[-61.18608,6.1465071],[-61.1860853,6.1466671],[-61.1860317,6.1468111],[-61.1858493,6.1470778],[-61.1855918,6.1472538],[-61.1854577,6.1473018],[-61.1853504,6.1473125],[-61.1852109,6.1472751],[-61.1850822,6.1472058],[-61.1848354,6.1471205],[-61.1846852,6.1471045],[-61.1845243,6.1471045],[-61.184358,6.1471631],[-61.1842132,6.1473125],[-61.1841434,6.1475365],[-61.184122,6.1480112],[-61.1840522,6.1484058],[-61.1840147,6.1485819],[-61.1839342,6.1486885],[-61.1838162,6.1488325],[-61.1837465,6.1489712],[-61.1837304,6.1491099],[-61.1837518,6.1492806],[-61.1837947,6.1494459],[-61.1839074,6.1496326],[-61.1839718,6.1497232],[-61.1841005,6.1497926],[-61.1842293,6.1498086],[-61.1847013,6.1497819],[-61.1849427,6.1497926],[-61.1851037,6.1498512],[-61.1852163,6.1499952],[-61.1852539,6.1501286],[-61.1852378,6.1502939],[-61.1851895,6.1503899],[-61.1850876,6.1504859],[-61.1849159,6.1505819],[-61.1846745,6.1507153],[-61.1845458,6.1508059],[-61.1843741,6.1510086],[-61.184299,6.151142],[-61.1842668,6.151302],[-61.1842775,6.1514193],[-61.1843044,6.151526],[-61.1843687,6.1516326],[-61.1844277,6.151702],[-61.1845297,6.15183],[-61.1846101,6.1520007],[-61.1846477,6.152182],[-61.1846638,6.1524327],[-61.1847335,6.1531314],[-61.1847282,6.1533927],[-61.1846584,6.1535527],[-61.1845672,6.1537127],[-61.1844975,6.1538141],[-61.1843312,6.1539581],[-61.1842614,6.1540327],[-61.184122,6.1542674],[-61.1839074,6.1547261],[-61.1837626,6.1548914],[-61.183666,6.1549394],[-61.1835533,6.1549554],[-61.1833388,6.1549448],[-61.1830545,6.1548861],[-61.1829579,6.1548434],[-61.1828345,6.1548061],[-61.182738,6.1548061],[-61.1826414,6.1548808],[-61.182636,6.1549661],[-61.1826897,6.1551261],[-61.182754,6.1552008],[-61.1828345,6.1553341],[-61.1828989,6.1554408],[-61.1830652,6.1559154],[-61.1832583,6.1564701],[-61.1834407,6.1570035],[-61.1835373,6.1574248],[-61.1835533,6.1576862],[-61.1835426,6.1580382],[-61.183489,6.1582835],[-61.1834192,6.1584222],[-61.1833066,6.1585502],[-61.1831456,6.1586889],[-61.1830223,6.1588542],[-61.182974,6.1590249],[-61.1829847,6.1592009],[-61.1830491,6.1593875],[-61.1831403,6.1594942],[-61.1833817,6.1597449],[-61.1836714,6.1599689],[-61.1842883,6.1603209],[-61.1846799,6.1604702],[-61.1848301,6.1604969],[-61.1849964,6.1604756],[-61.1851573,6.1604009],[-61.1852646,6.1603102],[-61.1853772,6.1601716],[-61.1854738,6.1600329],[-61.1855704,6.1599475],[-61.1856455,6.1599209],[-61.1857742,6.1599209],[-61.1858869,6.1599902],[-61.1859781,6.1601342],[-61.1860424,6.1602676],[-61.1860424,6.1604009],[-61.1860049,6.1605396],[-61.1859083,6.1606622],[-61.1857259,6.1608009],[-61.1855865,6.1609022],[-61.1854684,6.1610409],[-61.185388,6.1611796],[-61.1852861,6.1614089],[-61.1852217,6.1616702],[-61.1852109,6.1620596],[-61.1852163,6.1623209],[-61.1852539,6.1625023],[-61.185329,6.1626036],[-61.1854094,6.1626409],[-61.185565,6.1626303],[-61.1856616,6.1626036],[-61.1860478,6.1624543],[-61.1861712,6.1623743],[-61.1863482,6.1622463],[-61.1864179,6.1621129],[-61.186493,6.1619476],[-61.1866057,6.1618036],[-61.1868095,6.1616436],[-61.1870241,6.1615582],[-61.1871421,6.1615742],[-61.1872762,6.1616329],[-61.1874157,6.1617182],[-61.1874855,6.1618516],[-61.1875016,6.1620063],[-61.1874801,6.1622356],[-61.1874157,6.1624223],[-61.1873031,6.1625876],[-61.1870509,6.1628116],[-61.1869544,6.1629663],[-61.1869383,6.1631796],[-61.1869705,6.1633503],[-61.1870295,6.1634783],[-61.187126,6.1635209],[-61.187228,6.1635316],[-61.1874479,6.1634889],[-61.1875713,6.1634889],[-61.1876839,6.1635583],[-61.1877966,6.1636649],[-61.1879575,6.1640063],[-61.188333,6.1648596],[-61.1887407,6.1659476],[-61.1888588,6.1661396],[-61.1889499,6.166257],[-61.1890841,6.1663316],[-61.1892396,6.1663636],[-61.1894059,6.1663636],[-61.1895293,6.1663903],[-61.1896956,6.166433],[-61.1897975,6.166513],[-61.1898297,6.166689],[-61.1897975,6.1668596],[-61.1896849,6.1669983],[-61.1895186,6.1670996],[-61.1893576,6.167169],[-61.1891431,6.1671957],[-61.1889017,6.1671957],[-61.1888212,6.1672223],[-61.1887407,6.1673877],[-61.1887193,6.1675317],[-61.1887515,6.1676597],[-61.1888266,6.167841],[-61.1889017,6.1679797],[-61.1889178,6.1680597],[-61.1889553,6.1683583],[-61.1889553,6.1685717],[-61.1889124,6.1687743],[-61.1888641,6.1688703],[-61.1887515,6.1689983],[-61.1886066,6.1691103],[-61.1884672,6.1692117],[-61.1883491,6.169329],[-61.1882794,6.1694943],[-61.1882687,6.169633],[-61.1883223,6.1697503],[-61.1883491,6.169841],[-61.1883438,6.1699317],[-61.1882258,6.170113],[-61.1881024,6.170209],[-61.1879414,6.1702677],[-61.1878127,6.170305],[-61.1877054,6.1703797],[-61.1876625,6.1705077],[-61.1876893,6.1706623],[-61.1877805,6.1708063],[-61.1878878,6.1709397],[-61.1880219,6.171041],[-61.1881346,6.171105],[-61.1882418,6.171137],[-61.1884618,6.171137],[-61.1885852,6.1711157],[-61.1888158,6.171057],[-61.1889392,6.1710517],[-61.1890197,6.171105],[-61.1890787,6.171201],[-61.1891753,6.1714677],[-61.1891806,6.1716063],[-61.1891377,6.171713],[-61.1889929,6.1718357],[-61.1887729,6.1718837],[-61.1885369,6.1718997],[-61.1880755,6.171793],[-61.1878395,6.171713],[-61.1876947,6.1716223],[-61.1875123,6.1714463],[-61.1872923,6.1712277],[-61.1871743,6.171137],[-61.1869812,6.171121],[-61.1868256,6.1711743],[-61.1866486,6.171313],[-61.186595,6.1714943],[-61.1866325,6.1716917],[-61.1867237,6.1718357],[-61.1868846,6.1719957],[-61.1870134,6.1721663],[-61.1871958,6.1724917],[-61.1873138,6.1726783],[-61.1874425,6.1728437],[-61.1875069,6.1729503],[-61.1875337,6.1731317],[-61.1874694,6.173313],[-61.1873031,6.173649],[-61.1871851,6.1737663],[-61.1869812,6.1738037],[-61.1868364,6.1737397],[-61.1866111,6.1735637],[-61.1864609,6.173425],[-61.1863214,6.1733237],[-61.1861765,6.173281],[-61.1859834,6.1733023],[-61.1858869,6.173361],[-61.1857796,6.1735637],[-61.1857152,6.1737823],[-61.1857367,6.173921],[-61.1858225,6.1740543],[-61.1859405,6.1741183],[-61.1860961,6.1741663],[-61.1863214,6.1742303],[-61.1865038,6.1743157],[-61.1866003,6.1743797],[-61.1867398,6.1745023],[-61.18689,6.1748277],[-61.1869329,6.175041],[-61.1869115,6.175393],[-61.1867988,6.1759956],[-61.1866593,6.1762303],[-61.1865091,6.1763583],[-61.1862946,6.1764703],[-61.1860371,6.1764863],[-61.1858386,6.176433],[-61.1855757,6.1762943],[-61.1853236,6.1762143],[-61.1851144,6.1761556],[-61.1849105,6.1761396],[-61.1847603,6.176161],[-61.1846101,6.1762463],[-61.1845565,6.1763743],[-61.1845672,6.176513],[-61.1846691,6.1766676],[-61.1848193,6.176833],[-61.1850715,6.1769983],[-61.1852968,6.177137],[-61.1854202,6.1772383],[-61.1856133,6.1774676],[-61.1859512,6.177969],[-61.1861819,6.1782676],[-61.1863589,6.1784009],[-61.1865413,6.1785289],[-61.1866432,6.1786463],[-61.1866432,6.1787743],[-61.1865145,6.1789076],[-61.1863107,6.1789769],[-61.1859673,6.1789929],[-61.1856133,6.1790409],[-61.1850822,6.1791369],[-61.1847925,6.1791369],[-61.1845189,6.1790729],[-61.1842936,6.1789876],[-61.1840683,6.1788383],[-61.183902,6.1787209],[-61.1837572,6.1786676],[-61.1835587,6.1786836],[-61.1834461,6.1787529],[-61.1833066,6.1789609],[-61.183151,6.1795369],[-61.183092,6.1798196],[-61.1830759,6.1800543],[-61.1831296,6.1802943],[-61.1832047,6.1805076],[-61.1832207,6.1807262],[-61.1831242,6.1809289],[-61.1829579,6.1810196],[-61.1827326,6.1810676],[-61.1824,6.1810996],[-61.1821318,6.1812436],[-61.1819923,6.1813662],[-61.1819226,6.1814942],[-61.1819065,6.1816436],[-61.1819279,6.1819102],[-61.1819977,6.1822462],[-61.1820084,6.1823849],[-61.1819333,6.1825555],[-61.1818475,6.1826569],[-61.1816704,6.1827582],[-61.1813378,6.1830569],[-61.1811662,6.1833182],[-61.1809194,6.1835742],[-61.180737,6.1837715],[-61.1805439,6.1840062],[-61.1804259,6.1842408],[-61.1802435,6.1845448],[-61.1800665,6.1849715],[-61.1799377,6.1853501],[-61.1798143,6.1857875],[-61.1797607,6.1861181],[-61.1796588,6.1865501],[-61.1795354,6.1868968],[-61.1793745,6.1872061],[-61.1791599,6.1873874],[-61.1790204,6.1874461],[-61.1789131,6.1874514],[-61.1786717,6.1873981],[-61.1784893,6.1873341],[-61.1783499,6.1872328],[-61.1782587,6.1870994],[-61.178146,6.1869394],[-61.1780548,6.1868221],[-61.1779153,6.1867261],[-61.1777437,6.1866674],[-61.1775881,6.1866568],[-61.1773896,6.1867208],[-61.1772662,6.1868808],[-61.177159,6.1870141],[-61.1770195,6.1871261],[-61.1768639,6.1871634],[-61.1766011,6.1871528],[-61.1764187,6.1870941],[-61.1763114,6.1870088],[-61.1762524,6.1869128],[-61.1761987,6.1867154],[-61.1761665,6.1865288],[-61.1760807,6.1863101],[-61.1759627,6.1861608],[-61.1758232,6.1860541],[-61.1755174,6.1859155],[-61.1752546,6.1857661],[-61.1751097,6.1856488],[-61.1749756,6.1854888],[-61.1748898,6.1852915],[-61.1742729,6.1841822],[-61.1739188,6.1836862],[-61.173259,6.1827475],[-61.1730176,6.1824169],[-61.1725241,6.1816649],[-61.172154,6.1811582],[-61.1718965,6.1809236],[-61.1717945,6.1808756],[-61.1716604,6.1808862],[-61.1715478,6.1809662],[-61.1714405,6.1811316],[-61.1712045,6.1814729],[-61.1710489,6.1817716],[-61.1708397,6.1822462],[-61.1705607,6.1829449],[-61.1701852,6.1836702],[-61.1697131,6.1845128],[-61.1695951,6.1846515],[-61.1694235,6.1847582],[-61.169225,6.1847955],[-61.1690319,6.1847742],[-61.1687958,6.1846942],[-61.1684793,6.1846142],[-61.1681145,6.1845395],[-61.1678892,6.1844755],[-61.1676264,6.1842782],[-61.1673796,6.1840488],[-61.1672133,6.1838942],[-61.1670202,6.1838035],[-61.1668968,6.1837768],[-61.1667734,6.1837928],[-61.1666608,6.1838995],[-61.1665964,6.1840648],[-61.1665052,6.1842568],[-61.1663604,6.1844488],[-61.1662102,6.1845822],[-61.1660063,6.1846515],[-61.1657274,6.1846782],[-61.1654967,6.1846728],[-61.1647779,6.1846462],[-61.1644507,6.1846195],[-61.1642629,6.1845608],[-61.1641234,6.1844542],[-61.1639732,6.1842355],[-61.1638928,6.1840062],[-61.1638874,6.1838142],[-61.1639518,6.1835848],[-61.164,6.1834569],[-61.164043,6.1832969],[-61.1640269,6.1830942],[-61.1639142,6.1829022],[-61.1637962,6.1827422],[-61.1631793,6.1820062],[-61.1630398,6.1818836],[-61.1628735,6.1818409],[-61.1625892,6.1818142],[-61.1617523,6.1818462],[-61.1606205,6.1819636],[-61.1599231,6.1820755],[-61.1595439,6.1821816],[-61.1594081,6.1822195],[-61.158244,6.1825715],[-61.1578256,6.1826675],[-61.157552,6.1827049],[-61.1571926,6.1827049],[-61.1570048,6.1826622],[-61.1568707,6.1825929],[-61.1567849,6.1825129],[-61.1567205,6.1823849],[-61.1566722,6.1821875],[-61.156565,6.1818836],[-61.1564148,6.1816116],[-61.156109,6.1812862],[-61.1558461,6.1811209],[-61.1556047,6.1810249],[-61.1553955,6.1809662],[-61.1552292,6.1809662],[-61.1549825,6.1809929],[-61.1548162,6.1810142],[-61.1546069,6.1810036],[-61.154387,6.1809236],[-61.1532229,6.1806462],[-61.1528045,6.1805502],[-61.1524826,6.1804916],[-61.1522895,6.1804916],[-61.1519516,6.1805449],[-61.1516243,6.1806036],[-61.1513615,6.1805982],[-61.1508787,6.1805556],[-61.1498326,6.1804009],[-61.1487597,6.1802143],[-61.1483359,6.1801823],[-61.1474991,6.1801556],[-61.1457932,6.1801769],[-61.1453158,6.1801503],[-61.1450958,6.1801129],[-61.1446559,6.1800009],[-61.1440873,6.1797769],[-61.1428964,6.1793609],[-61.1425585,6.1792436],[-61.1422044,6.1792169],[-61.141845,6.1792276],[-61.1415339,6.1791956],[-61.1413407,6.1791689],[-61.1411744,6.1791263],[-61.1410296,6.1790303],[-61.1408204,6.1788543],[-61.1397743,6.177873],[-61.1391521,6.1773556],[-61.1388463,6.1771583],[-61.1386102,6.1770356],[-61.1382347,6.176929],[-61.1379343,6.176897],[-61.1375964,6.1769076],[-61.1372638,6.1769876],[-61.1367595,6.177121],[-61.1362982,6.1772756],[-61.13603,6.177377],[-61.1357886,6.177505],[-61.1356223,6.1776276],[-61.135515,6.1777983],[-61.1352038,6.1784649],[-61.1350322,6.1787636],[-61.134823,6.1790836],[-61.1345333,6.1794409],[-61.134088,6.1798889],[-61.1337125,6.1802463],[-61.1333853,6.1804969],[-61.1330903,6.1807156],[-61.1329937,6.1808596],[-61.1329615,6.1810142],[-61.1330044,6.1811956],[-61.1330688,6.1813182],[-61.1333531,6.1817502],[-61.1335784,6.1820702],[-61.1337662,6.1823955],[-61.1339539,6.1828489],[-61.1341095,6.1833502],[-61.1342382,6.1836222],[-61.1343938,6.1839208],[-61.134603,6.1843475],[-61.1346567,6.1846462],[-61.1346889,6.1849981],[-61.1346835,6.1853715],[-61.1345655,6.1858195],[-61.1343402,6.1864381],[-61.134249,6.1866994],[-61.1341363,6.1869554],[-61.134072,6.1872168],[-61.1340505,6.1875474],[-61.1339915,6.1880061],[-61.1339003,6.1883527],[-61.133616,6.1888114],[-61.1334765,6.1889767],[-61.1333585,6.189046],[-61.1332458,6.1890567],[-61.13316,6.1890354],[-61.1329776,6.1888594],[-61.1327201,6.1885927],[-61.1325967,6.188502],[-61.132409,6.1883794],[-61.1321408,6.1882834],[-61.131835,6.1882034],[-61.1312503,6.1880807],[-61.1306495,6.1879314],[-61.1302203,6.1878567],[-61.1298448,6.1878247],[-61.129362,6.1878567],[-61.1281496,6.1879581],[-61.1277312,6.1880327],[-61.1275274,6.1881127],[-61.1273772,6.1882141],[-61.1272538,6.188358],[-61.1270821,6.188582],[-61.1269587,6.1888487],[-61.1267281,6.1892434],[-61.1265618,6.1895313],[-61.1262721,6.1899527],[-61.1258268,6.19063],[-61.1256337,6.1909553],[-61.1255372,6.1911419],[-61.1254352,6.1914086],[-61.1252958,6.1918193],[-61.1251026,6.1923206],[-61.1249471,6.1926992],[-61.1247003,6.1933179],[-61.1244535,6.1937978],[-61.1242551,6.1941818],[-61.124137,6.1945285],[-61.1240512,6.1949605],[-61.1240137,6.1952324],[-61.1240351,6.1954084],[-61.124121,6.1956058],[-61.1242551,6.1957284],[-61.1245126,6.1958244],[-61.1249793,6.1958884],[-61.1253333,6.1958884],[-61.1257464,6.1958191],[-61.1261755,6.1956484],[-61.1265349,6.1955311],[-61.1270714,6.1954298],[-61.1275595,6.1953658],[-61.1279082,6.1953604],[-61.1283428,6.1954191],[-61.1288041,6.1954778],[-61.1291206,6.1955631],[-61.1293781,6.1956964],[-61.1295819,6.1958191],[-61.1297643,6.1959471],[-61.1298662,6.1960751],[-61.1299092,6.1962031],[-61.1299092,6.1963631],[-61.1299145,6.1965071],[-61.1299467,6.1966404],[-61.1300111,6.1968324],[-61.1300862,6.1970884],[-61.1301345,6.1972697],[-61.1302739,6.1974937],[-61.1303759,6.1976323],[-61.1305958,6.1978617],[-61.1309177,6.1982403],[-61.1311269,6.198507],[-61.1313039,6.1987789],[-61.1315775,6.1993336],[-61.1318296,6.1999682],[-61.1319476,6.2002882],[-61.1320388,6.2006028],[-61.1321408,6.2010508],[-61.1321783,6.2014775],[-61.1321569,6.2017121],[-61.1320925,6.2018348],[-61.131953,6.2019734],[-61.1317974,6.2020481],[-61.131556,6.2021068],[-61.1313361,6.2021707],[-61.1311644,6.2022347],[-61.1307889,6.2025281],[-61.1304295,6.2028214],[-61.1301988,6.2029814],[-61.1300165,6.203152],[-61.129818,6.2033813],[-61.1295766,6.2037173],[-61.1293137,6.2041333],[-61.1291152,6.2044319],[-61.1288524,6.2048266],[-61.1285734,6.2051466],[-61.1282247,6.2054825],[-61.1279887,6.2057439],[-61.1277205,6.2059465],[-61.1274684,6.2061065],[-61.1272323,6.2062345],[-61.1269587,6.2064745],[-61.1266851,6.2068105],[-61.1264974,6.2071091],[-61.1264062,6.2073917],[-61.1264062,6.2075464],[-61.1264223,6.2076797],[-61.126492,6.2078077],[-61.1265618,6.207877],[-61.1266637,6.2079144],[-61.1268622,6.2079464],[-61.1270768,6.2079837],[-61.1275756,6.2080957],[-61.128155,6.2083037],[-61.1292064,6.2086237],[-61.129539,6.2086717],[-61.1298206,6.208693],[-61.1299789,6.2086717],[-61.1301345,6.208621],[-61.1302874,6.208517],[-61.1303812,6.2083917],[-61.1304697,6.2082317],[-61.1305448,6.2080397],[-61.1305797,6.2079304],[-61.1305743,6.207829],[-61.1305556,6.2077091],[-61.1305368,6.2075384],[-61.1305046,6.2071571],[-61.1305314,6.2069331],[-61.1305797,6.2067465],[-61.1306119,6.2065598],[-61.1306387,6.2063518],[-61.1306173,6.2061652],[-61.1305904,6.2059838],[-61.1305904,6.2058665],[-61.1306119,6.2057599],[-61.130746,6.2054879],[-61.1308694,6.2053119],[-61.1310276,6.2052026],[-61.1312959,6.2050479],[-61.1317492,6.2048959],[-61.1320496,6.2048159],[-61.1322722,6.2047813],[-61.1325726,6.2047706],[-61.1328194,6.2047706],[-61.133168,6.2048026],[-61.1333933,6.2048506],[-61.1338386,6.2050186],[-61.1342114,6.2051706],[-61.1344019,6.2052586],[-61.134544,6.2053625],[-61.1346084,6.2054479],[-61.134662,6.2055599],[-61.1346862,6.2056772],[-61.1347103,6.2061065],[-61.1347023,6.2065118],[-61.1346513,6.2069544],[-61.1345789,6.2073597],[-61.1344743,6.2076184],[-61.1344126,6.2078264],[-61.1343482,6.2080397],[-61.1342919,6.2083037],[-61.1342624,6.2085863],[-61.1342356,6.2088183],[-61.1342356,6.209013],[-61.1342517,6.2091703],[-61.1343214,6.2093569],[-61.134434,6.2095996],[-61.1345977,6.2098556],[-61.1347586,6.2099889],[-61.1349785,6.2100956],[-61.1353487,6.2102342],[-61.1357456,6.2103355],[-61.1373711,6.2105649],[-61.1380148,6.2106555],[-61.1384386,6.2107515],[-61.1389267,6.2109115],[-61.139254,6.2110981],[-61.1394793,6.2112688],[-61.1396241,6.2114928],[-61.1397368,6.2117808],[-61.1397904,6.2120581],[-61.1398065,6.2125807],[-61.1398494,6.212874],[-61.1399406,6.21305],[-61.1400908,6.2132526],[-61.140241,6.2133646],[-61.1404502,6.2135086],[-61.1406165,6.2136153],[-61.1410672,6.2139779],[-61.1414051,6.2142606],[-61.1416733,6.2144899],[-61.1420381,6.2148578],[-61.1422634,6.2151832],[-61.1424029,6.2154605],[-61.1425155,6.2157698],[-61.1425638,6.2160631],[-61.1425424,6.2162604],[-61.1424351,6.2165057],[-61.1422527,6.2167137],[-61.1418772,6.216975],[-61.1416036,6.217167],[-61.1413676,6.217343],[-61.141212,6.2175829],[-61.1411691,6.2178176],[-61.1411905,6.2181216],[-61.1412388,6.2183296],[-61.14133,6.2184629],[-61.1415392,6.2186869],[-61.1416948,6.2188522],[-61.1417377,6.2189908],[-61.1416841,6.2191348],[-61.141566,6.2192415],[-61.1414105,6.2194175],[-61.1413246,6.2195774],[-61.1412871,6.2197534],[-61.1411852,6.2204467],[-61.1410618,6.2210066],[-61.1409706,6.2212306],[-61.140815,6.2214013],[-61.1406058,6.2215346],[-61.1403376,6.2216092],[-61.1401445,6.2216039],[-61.1399621,6.2215506],[-61.1398065,6.2214813],[-61.1395812,6.2214173],[-61.1393291,6.2213959],[-61.1390662,6.2214013],[-61.1387819,6.2215079],[-61.1385298,6.2216252],[-61.1382723,6.2218066],[-61.1381221,6.2219505],[-61.1380309,6.2220785],[-61.1380148,6.2221905],[-61.1380416,6.2223505],[-61.1380899,6.2225158],[-61.1382455,6.2228145],[-61.1383689,6.2231611],[-61.1384493,6.2234704],[-61.138503,6.2237584],[-61.1385137,6.2240837],[-61.138444,6.2244783],[-61.1382616,6.2254169],[-61.1381167,6.2260408],[-61.1377037,6.227454],[-61.1375374,6.2279713],[-61.137355,6.2283126],[-61.1371565,6.2285899],[-61.1369526,6.2288032],[-61.1366415,6.2290325],[-61.1360568,6.2294271],[-61.1356974,6.2296831],[-61.1354184,6.2298804],[-61.1351502,6.2300564],[-61.134882,6.2301897],[-61.1336589,6.2306963],[-61.1326397,6.2310323],[-61.1323607,6.2312029],[-61.1322427,6.2313362],[-61.1321622,6.2314642],[-61.13213,6.2316029],[-61.1321247,6.2317788],[-61.132189,6.2319708],[-61.1323178,6.2321468],[-61.132527,6.2323121],[-61.1327577,6.2324668],[-61.1331117,6.2327121],[-61.1334068,6.2329574],[-61.133734,6.233304],[-61.1339164,6.233592],[-61.1339915,6.2338479],[-61.1340076,6.2340346],[-61.1340559,6.2342799],[-61.1341149,6.2345305],[-61.1341846,6.2346852],[-61.1343241,6.2349518],[-61.1344689,6.2352131],[-61.1345226,6.2354264],[-61.1345118,6.2357517],[-61.1344099,6.2365196],[-61.1343992,6.2367756],[-61.1344206,6.2369676],[-61.1345065,6.2371435],[-61.1347318,6.2374422],[-61.1349785,6.2377834],[-61.1351556,6.2380767],[-61.1353004,6.2384927],[-61.1354667,6.2391326],[-61.135574,6.2394899],[-61.1356169,6.2396925],[-61.1356008,6.2398312],[-61.1354989,6.2399538],[-61.1353594,6.2400338],[-61.1351824,6.2401618],[-61.1350536,6.2403271],[-61.1349893,6.2404711],[-61.1348981,6.2407484],[-61.1348498,6.2409457],[-61.1348552,6.241127],[-61.1349195,6.2413457],[-61.1349517,6.2414896],[-61.1349678,6.2416496],[-61.1349303,6.2418256],[-61.1347961,6.2420869],[-61.1345065,6.2423962],[-61.1342543,6.2425775],[-61.1340344,6.2428335],[-61.1339378,6.2430414],[-61.1339003,6.2432494],[-61.1339432,6.2434787],[-61.1340344,6.24382],[-61.1340934,6.2441613],[-61.1340666,6.2444119],[-61.1339593,6.2446679],[-61.133675,6.2452811],[-61.1335194,6.2456597],[-61.1334872,6.2458944],[-61.1334711,6.246385],[-61.1334711,6.2469289],[-61.1334336,6.2475901],[-61.1333424,6.2481234],[-61.1331707,6.2485126],[-61.1329401,6.2490352],[-61.1327523,6.2494938],[-61.1326236,6.2500111],[-61.1325109,6.250635],[-61.1324894,6.2510083],[-61.1325002,6.2512056],[-61.1325538,6.2513496],[-61.1326236,6.2514189],[-61.1327952,6.2514669],[-61.132983,6.2515095],[-61.1331654,6.2515735],[-61.1333102,6.2517548],[-61.1333638,6.2518935],[-61.1333692,6.2520374],[-61.1333102,6.2521654],[-61.1331815,6.2522401],[-61.1329508,6.2523787],[-61.1327308,6.2526294],[-61.1326343,6.2528853],[-61.132586,6.2531093],[-61.1325431,6.2535039],[-61.1325163,6.2541651],[-61.1324841,6.2545544],[-61.1324197,6.254869],[-61.1322427,6.2552156],[-61.1320388,6.2554289],[-61.1318457,6.2555569],[-61.1316794,6.2555996],[-61.1315024,6.2555996],[-61.1313522,6.2555729],[-61.131143,6.2554342],[-61.1304939,6.2549757],[-61.1301398,6.2548317],[-61.1296839,6.2547144],[-61.1294156,6.2547037],[-61.1291796,6.2547784],[-61.1289597,6.2549223],[-61.1288148,6.2550343],[-61.1286646,6.2552209],[-61.1285681,6.2553969],[-61.1285251,6.2556262],[-61.1284286,6.2560741],[-61.1283481,6.2563301],[-61.1282623,6.2564954],[-61.1281067,6.2568314],[-61.1279672,6.2570393],[-61.1278224,6.257194],[-61.1276615,6.2572899],[-61.1274469,6.2573433],[-61.1273503,6.2573593],[-61.127125,6.2574126],[-61.1269319,6.2574872],[-61.1268675,6.2575886],[-61.126771,6.2577805],[-61.1266261,6.2580845],[-61.1264867,6.2585964],[-61.1264169,6.2592683],[-61.126492,6.2604734],[-61.126551,6.2610547],[-61.1265349,6.2614866],[-61.1264652,6.2618972],[-61.1263526,6.2621905],[-61.1261648,6.2624571],[-61.1257142,6.263001],[-61.1253011,6.2634436],[-61.1251134,6.2635769],[-61.1250168,6.2635929],[-61.1248666,6.2635715],[-61.1247218,6.2635289],[-61.1244428,6.2633529],[-61.1242712,6.2632356],[-61.1240888,6.2631343],[-61.1237133,6.2629637],[-61.1232144,6.2628143],[-61.1227638,6.2627504],[-61.1223882,6.2627344],[-61.1220664,6.2627664],[-61.1218035,6.262857],[-61.1214227,6.2630116],[-61.1210471,6.2631929],[-61.1206877,6.2634702],[-61.120398,6.2637155],[-61.1200333,6.2641314],[-61.1199045,6.2643287],[-61.1197704,6.2644727],[-61.119647,6.264558],[-61.119411,6.2646807],[-61.1192125,6.2647873],[-61.1190999,6.264878],[-61.1189765,6.2650166],[-61.1188853,6.2652033],[-61.118837,6.2653312],[-61.1187458,6.2654805],[-61.1186546,6.2655979],[-61.1185795,6.2656992],[-61.1184454,6.2658325],[-61.1183596,6.2659711],[-61.1182737,6.2661737],[-61.1181235,6.2665897],[-61.1179787,6.2670376],[-61.1178231,6.2673042],[-61.1174101,6.2678801],[-61.116938,6.2686373],[-61.1166591,6.2691972],[-61.1164874,6.2694158],[-61.116305,6.2695811],[-61.1161226,6.2696984],[-61.1158758,6.2697731],[-61.1156827,6.2697731],[-61.1154145,6.2697838],[-61.1150336,6.2698584],[-61.1144167,6.2700077],[-61.1140466,6.2701144],[-61.1138535,6.270269],[-61.1137784,6.270397],[-61.1137354,6.2705996],[-61.1137354,6.2706956],[-61.1137837,6.2709675],[-61.1138427,6.2712021],[-61.1138937,6.2713994],[-61.1139581,6.2715541],[-61.1140332,6.2716687],[-61.1141324,6.2717514],[-61.114237,6.2717967],[-61.1145186,6.2718474],[-61.11476,6.2718474],[-61.1149317,6.2718794],[-61.1151409,6.2719327],[-61.1152804,6.2719753],[-61.1153877,6.27205],[-61.1154199,6.272162],[-61.1154038,6.2722846],[-61.1153555,6.2725566],[-61.1152804,6.2729085],[-61.1152375,6.2731111],[-61.1152536,6.2732284],[-61.1153179,6.2733564],[-61.1154306,6.273447],[-61.1155862,6.2734897],[-61.1159349,6.2735217],[-61.1162943,6.2735857],[-61.1167181,6.2736977],[-61.116879,6.273799],[-61.116997,6.2739483],[-61.1170721,6.2740816],[-61.1171097,6.2742949],[-61.1171472,6.2744975],[-61.1172223,6.2747375],[-61.1173081,6.2748281],[-61.1174101,6.2748441],[-61.1175174,6.2748281],[-61.1176676,6.2747321],[-61.117866,6.2745935],[-61.1180753,6.2745188],[-61.1182094,6.2744975],[-61.1183971,6.2745295],[-61.1187297,6.2746202],[-61.119234,6.2749188],[-61.1198777,6.275324],[-61.1203712,6.2756546],[-61.1206073,6.2758839],[-61.1208433,6.2761292],[-61.1209774,6.2762038],[-61.1210793,6.2762198],[-61.1211973,6.2762145],[-61.1213261,6.2761292],[-61.1214387,6.2759959],[-61.1214817,6.2758999],[-61.1215138,6.2757133],[-61.1215675,6.2755586],[-61.1217123,6.2751267],[-61.1217874,6.2747428],[-61.1218035,6.2745988],[-61.1217982,6.2744389],[-61.1217231,6.2741829],[-61.1217338,6.2740123],[-61.1217821,6.2738416],[-61.1218518,6.2737297],[-61.1221629,6.2732338],[-61.1223131,6.2731218],[-61.1224687,6.2731005],[-61.1226136,6.2731378],[-61.1227691,6.2732551],[-61.1229247,6.2734417],[-61.1231446,6.273719],[-61.1232841,6.273943],[-61.123386,6.2740709],[-61.1235094,6.2741562],[-61.1236972,6.2741936],[-61.1238635,6.2741882],[-61.1240298,6.2741029],[-61.1242765,6.2739216],[-61.1244911,6.2738096],[-61.124652,6.2737723],[-61.1250007,6.273767],[-61.1258,6.2738043],[-61.126712,6.2738523],[-61.1273396,6.2739376],[-61.1277258,6.2739963],[-61.1279726,6.2739963],[-61.1282784,6.2739216],[-61.1285412,6.2738203],[-61.1287719,6.2736923],[-61.1290294,6.2735164],[-61.1293566,6.2732817],[-61.1296141,6.2730045],[-61.1297053,6.2728125],[-61.1297053,6.2726579],[-61.1296946,6.2725032],[-61.129657,6.2723646],[-61.1296302,6.2722419],[-61.1296088,6.2720873],[-61.1296463,6.271954],[-61.1297268,6.2718687],[-61.1298341,6.271842],[-61.1300218,6.2718527],[-61.1304617,6.271938],[-61.1308909,6.2719753],[-61.1314595,6.2719807],[-61.1318672,6.2720287],[-61.1321729,6.2720926],[-61.1324626,6.2721993],[-61.1329079,6.2724712],[-61.1333263,6.2726792],[-61.1337286,6.2728125],[-61.1339968,6.2728125],[-61.1342651,6.2728018],[-61.1344743,6.2726845],[-61.1346191,6.2725832],[-61.134721,6.2724979],[-61.1348712,6.2723913],[-61.1351395,6.2723326],[-61.1355257,6.2723433],[-61.135751,6.2723966],[-61.1359227,6.2724392],[-61.1360192,6.2724499],[-61.1361909,6.2724446],[-61.136384,6.2724126],[-61.1366361,6.2724019],[-61.1368936,6.2724232],[-61.1371297,6.2724872],[-61.1373174,6.2725992],[-61.1374408,6.2727165],[-61.1374891,6.2728338],[-61.1375105,6.2730418],[-61.1375213,6.2733777],[-61.1374086,6.2746362],[-61.1373979,6.2749721],[-61.1374408,6.2752654],[-61.1375749,6.2756386],[-61.1379021,6.2761452],[-61.1380899,6.2763211],[-61.1382508,6.2763958],[-61.1384118,6.2764171],[-61.1385459,6.2764065],[-61.1387068,6.2763052],[-61.138857,6.2761718],[-61.1389697,6.2759799],[-61.1393613,6.2754147],[-61.1396349,6.2751854],[-61.1398602,6.2750627],[-61.1400801,6.2750094],[-61.1402357,6.2750201],[-61.1403859,6.2750894],[-61.1405736,6.27526],[-61.1411637,6.2760865],[-61.1413676,6.2764225],[-61.1415017,6.2766891],[-61.1416251,6.2768437],[-61.1417538,6.276929],[-61.1419308,6.2769717],[-61.1421347,6.2770623],[-61.1422956,6.2771956],[-61.1423868,6.2773289],[-61.1424404,6.2774996],[-61.1424619,6.2777075],[-61.1424404,6.2779048],[-61.14236,6.2780435],[-61.1420757,6.2785607],[-61.1420113,6.2787687],[-61.1419952,6.2790246],[-61.1420327,6.2792646],[-61.1421883,6.2800217],[-61.1422849,6.2803043],[-61.1424244,6.280539],[-61.142537,6.2807256],[-61.1426014,6.2809282],[-61.1426389,6.2812801],[-61.1426121,6.2816427],[-61.1425585,6.2819413],[-61.1425263,6.2821973],[-61.1425424,6.2824319],[-61.1426014,6.2826292],[-61.1426765,6.2828798],[-61.1428106,6.2833384],[-61.142832,6.2835623],[-61.1427999,6.2837489],[-61.1426926,6.2843195],[-61.1426121,6.2845488],[-61.1424619,6.2847674],[-61.142199,6.285018],[-61.1420059,6.2852046],[-61.1418611,6.2854072],[-61.1416465,6.2857432],[-61.1414802,6.2860364],[-61.1413139,6.2862231],[-61.1409491,6.286463],[-61.140638,6.2867883],[-61.1404181,6.2871029],[-61.1403,6.2873588],[-61.1403161,6.2875988],[-61.1403751,6.2877481],[-61.1404502,6.2878067],[-61.1406219,6.2878707],[-61.1408043,6.2878814],[-61.1410028,6.2878814],[-61.1415017,6.2877481],[-61.1418879,6.2876574],[-61.1421883,6.2876148],[-61.1424351,6.2876308],[-61.1427087,6.2877001],[-61.1428589,6.2877534],[-61.1429715,6.2877747],[-61.1431003,6.2877747],[-61.1433899,6.2877694],[-61.1434972,6.2877801],[-61.1436474,6.287876],[-61.1437386,6.2880253],[-61.1438137,6.2882066],[-61.1439908,6.2885052],[-61.1441356,6.2887345],[-61.1443126,6.2889318],[-61.1446023,6.2891398],[-61.1451602,6.289561],[-61.1455464,6.2898276],[-61.1459488,6.2901049],[-61.1463189,6.2903661],[-61.1465818,6.2906061],[-61.1467427,6.2907447],[-61.1468983,6.2909633],[-61.1470217,6.2911766],[-61.1471665,6.2915605],[-61.1473864,6.2918911],[-61.1476547,6.2921897],[-61.1477995,6.2923017],[-61.1479819,6.292371],[-61.1481375,6.292371],[-61.148293,6.2923497],[-61.1484754,6.2922377],[-61.1486417,6.2920191],[-61.1488134,6.2917205],[-61.1490601,6.2912833],[-61.1491889,6.2911286],[-61.1493927,6.2909793],[-61.1495858,6.2908567],[-61.149779,6.2908034],[-61.1500096,6.2907821],[-61.1503583,6.2907874],[-61.1507928,6.290942],[-61.1515546,6.2912566],[-61.1518228,6.2913153],[-61.1520267,6.2912886],[-61.1521822,6.2912193],[-61.1523593,6.2910487],[-61.1524665,6.29083],[-61.1525363,6.2905848],[-61.1526007,6.2903608],[-61.1527669,6.2900675],[-61.1528474,6.2899982],[-61.1533302,6.2896996],[-61.1536574,6.2894917],[-61.1539096,6.289321],[-61.1540544,6.2891931],[-61.1541939,6.2889905],[-61.1543495,6.2887665],[-61.1545587,6.2886279],[-61.1548805,6.2885319],[-61.1551273,6.2885106],[-61.1554653,6.2884946],[-61.1558032,6.2885266],[-61.1560392,6.2886119],[-61.1563128,6.2888625],[-61.1571926,6.2900356],[-61.1576271,6.2906541],[-61.1578363,6.2909313],[-61.1580616,6.291182],[-61.1582977,6.2915179],[-61.1585283,6.2918591],[-61.1586946,6.2920298],[-61.1589736,6.2922377],[-61.1593974,6.2925736],[-61.1598426,6.2929096],[-61.160025,6.2931068],[-61.1601484,6.2932242],[-61.1602986,6.2933041],[-61.1604381,6.2933521],[-61.1605936,6.2934534],[-61.1607653,6.2935761],[-61.160996,6.2938693],[-61.1610979,6.2940506],[-61.1611354,6.2942159],[-61.1611408,6.2944239],[-61.1610603,6.2948984],[-61.160937,6.295421],[-61.1608994,6.2958155],[-61.160835,6.2964447],[-61.1608404,6.2969193],[-61.1608511,6.2972392],[-61.1608833,6.2975325],[-61.1609906,6.2978684],[-61.1611354,6.2981936],[-61.1614144,6.2985029],[-61.1616719,6.2986895],[-61.1618865,6.2988015],[-61.1620313,6.2988655],[-61.1621869,6.2990094],[-61.1622298,6.2991587],[-61.162262,6.2993134],[-61.1623049,6.29942],[-61.1623585,6.2994627],[-61.1624444,6.2995],[-61.1625463,6.2995],[-61.1626375,6.299468],[-61.1627287,6.299372],[-61.1629325,6.2991587],[-61.1631149,6.2990414],[-61.1633241,6.2989721],[-61.1636138,6.2989455],[-61.1640644,6.2989615],[-61.1643648,6.2990521],[-61.1644989,6.2991107],[-61.1646706,6.2992814],[-61.1647511,6.2994467],[-61.1648744,6.2997079],[-61.1649227,6.2999319],[-61.1649978,6.3002785],[-61.16503,6.3004864],[-61.1650086,6.300641],[-61.1649227,6.300817],[-61.1648101,6.3010089],[-61.1646384,6.3013929],[-61.1644936,6.3016968],[-61.1643863,6.301974],[-61.1642844,6.302342],[-61.1642361,6.3028058],[-61.1642736,6.3032271],[-61.1643541,6.303563],[-61.1644077,6.3038402],[-61.1645311,6.3040429],[-61.1646116,6.3041495],[-61.1648047,6.3042775],[-61.1649764,6.3043841],[-61.1651588,6.3045334],[-61.1652499,6.3046454],[-61.1655396,6.3050399],[-61.1656576,6.3052212],[-61.1657274,6.3053492],[-61.1657918,6.3054825],[-61.1658454,6.3056638],[-61.1658615,6.3059464],[-61.165899,6.3061277],[-61.1659205,6.3062236],[-61.1659688,6.3063303],[-61.1660305,6.3064076],[-61.1661029,6.3064609],[-61.1662102,6.3064982],[-61.166347,6.3065329],[-61.1664918,6.3065995],[-61.166583,6.3067115],[-61.1666447,6.3067968],[-61.1667788,6.3070288],[-61.1670363,6.3073753],[-61.1672133,6.3075673],[-61.1673099,6.3077166],[-61.1673743,6.3078872],[-61.1673904,6.3080418],[-61.1673796,6.3082231],[-61.1671436,6.3087616],[-61.1669076,6.3091829],[-61.16687,6.3093322],[-61.1668271,6.3096627],[-61.1668754,6.3100999],[-61.1670041,6.3106491],[-61.1670846,6.3110277],[-61.1671114,6.3113476],[-61.1671168,6.3116355],[-61.1670363,6.3118382],[-61.1668378,6.3120994],[-61.1665911,6.3122647],[-61.1663872,6.3123287],[-61.1661565,6.312334],[-61.1659795,6.312302],[-61.165781,6.3122434],[-61.1655825,6.3121741],[-61.1653894,6.3121581],[-61.1652339,6.3121954],[-61.1650944,6.312366],[-61.1650086,6.3126273],[-61.1650515,6.3128885],[-61.1651051,6.3130645],[-61.165207,6.3132671],[-61.1653358,6.313475],[-61.1654806,6.3136723],[-61.1656416,6.313795],[-61.1657274,6.3138216],[-61.165883,6.3138536],[-61.1660278,6.3138909],[-61.1661834,6.3139496],[-61.1664301,6.3140349],[-61.1668164,6.3141309],[-61.1671758,6.3142322],[-61.1673689,6.3143655],[-61.167503,6.3145041],[-61.1675727,6.3146427],[-61.1676049,6.3148027],[-61.1676425,6.3151173],[-61.1676908,6.3165622],[-61.1677069,6.3168128],[-61.1677712,6.3169354],[-61.1678624,6.3170314],[-61.1679643,6.3170954],[-61.168136,6.317138],[-61.1683399,6.3171967],[-61.1685169,6.317298],[-61.1686403,6.3174153],[-61.1687744,6.3175219],[-61.168946,6.3176499],[-61.1691713,6.3178045],[-61.1695093,6.3180764],[-61.169799,6.318311],[-61.1700296,6.3185456],[-61.170212,6.3187642],[-61.1703193,6.3189402],[-61.1703461,6.3191215],[-61.1703569,6.3193081],[-61.1703408,6.3194627],[-61.1703408,6.319612],[-61.1703837,6.319756],[-61.1704963,6.3199532],[-61.1706573,6.3200759],[-61.1709362,6.3202252],[-61.1712098,6.3204011],[-61.1714459,6.3205877],[-61.1717516,6.3209769],[-61.1724865,6.3222033],[-61.1739671,6.3249065],[-61.1747342,6.3261914],[-61.1749542,6.3265113],[-61.1752814,6.3267939],[-61.175952,6.3272418],[-61.1764562,6.327519],[-61.1769497,6.327727],[-61.1773145,6.3278283],[-61.1777759,6.3278816],[-61.1787146,6.3279669],[-61.1797124,6.3279989],[-61.1803347,6.3280149],[-61.1806405,6.3280735],[-61.1810213,6.3282175],[-61.1814398,6.3284521],[-61.1817724,6.3286494],[-61.1820889,6.328804],[-61.1825717,6.3290492],[-61.1830813,6.3293318],[-61.1836016,6.329689],[-61.1839074,6.3300196],[-61.1841381,6.3303182],[-61.18424,6.3305528],[-61.1842936,6.33091],[-61.1842775,6.3312939],[-61.1841595,6.3316831],[-61.183902,6.3321203],[-61.1835909,6.3324775],[-61.1832154,6.3327175],[-61.1828131,6.3328561],[-61.1824322,6.3329201],[-61.182121,6.3329254],[-61.1818689,6.3328881],[-61.1816168,6.3327708],[-61.1813378,6.3326108],[-61.181075,6.3325148],[-61.1801308,6.3323496],[-61.1796266,6.3323602],[-61.1790365,6.3324669],[-61.1785644,6.3325895],[-61.1780816,6.3327281],[-61.1777061,6.3328081],[-61.1772609,6.3328561],[-61.1768639,6.3328881],[-61.1766064,6.3329041],[-61.1763597,6.3329947],[-61.1760646,6.3331706],[-61.175909,6.3332933],[-61.1758393,6.3334319],[-61.1757696,6.3335705],[-61.1757588,6.3337678],[-61.1758286,6.3340397],[-61.1760378,6.3346155],[-61.1763704,6.3354099],[-61.176483,6.3357458],[-61.1765796,6.3359964],[-61.1766118,6.3362204],[-61.1766172,6.3368442],[-61.176644,6.3371161],[-61.1766815,6.3373187],[-61.1768585,6.3378572],[-61.1769873,6.3380864],[-61.1771697,6.338305],[-61.177395,6.3385716],[-61.1777544,6.3389128],[-61.1781621,6.3393714],[-61.1784142,6.3396912],[-61.1785215,6.3399312],[-61.1785591,6.3401658],[-61.1785376,6.3403204],[-61.1784196,6.3405336],[-61.1782801,6.3406669],[-61.1781031,6.3407576],[-61.1778188,6.3408215],[-61.1774004,6.3408429],[-61.1765903,6.3408109],[-61.1759305,6.3407416],[-61.1755282,6.3406509],[-61.1753458,6.3405603],[-61.1752707,6.340491],[-61.175217,6.3403684],[-61.1751634,6.3401604],[-61.1751205,6.3398512],[-61.175158,6.3396006],[-61.1752278,6.3390461],[-61.1752439,6.3386996],[-61.1752278,6.338401],[-61.1751366,6.3381131],[-61.1747503,6.3372174],[-61.1744875,6.3368015],[-61.174289,6.3365136],[-61.1737579,6.3360391],[-61.1732912,6.3356979],[-61.1729425,6.3355486],[-61.1726421,6.3354899],[-61.1723954,6.3355379],[-61.1720842,6.3357085],[-61.1717355,6.3360018],[-61.1716282,6.3362204],[-61.1715639,6.3364763],[-61.1715692,6.3368388],[-61.1716229,6.3373027],[-61.1717677,6.3378892],[-61.171993,6.3388915],[-61.1721218,6.3393714],[-61.172272,6.3397286],[-61.1724436,6.3400325],[-61.1726904,6.340379],[-61.1729801,6.3407362],[-61.1733556,6.3410401],[-61.1737365,6.3413174],[-61.1739188,6.3415147],[-61.1739725,6.3416853],[-61.1739725,6.3418452],[-61.1738867,6.3420318],[-61.1737043,6.3422771],[-61.1735433,6.3424637],[-61.1728942,6.3433114],[-61.1723256,6.3439885],[-61.1714351,6.3449802],[-61.1709309,6.3455133],[-61.1702013,6.3462544],[-61.1694342,6.3470222],[-61.1689568,6.3476566],[-61.1687207,6.3480192],[-61.1685062,6.348499],[-61.1684203,6.3488455],[-61.1683935,6.3491068],[-61.1684364,6.3493734],[-61.1685437,6.3496399],[-61.1687958,6.3500771],[-61.1689782,6.350429],[-61.1690372,6.3507222],[-61.1690694,6.3511274],[-61.1690533,6.3515753],[-61.1689621,6.3520658],[-61.1688227,6.352343],[-61.1686134,6.3525349],[-61.1683935,6.3526309],[-61.1675942,6.3529508],[-61.1672509,6.3531694],[-61.1667734,6.3535213],[-61.1664033,6.3537878],[-61.1660171,6.3539425],[-61.1655182,6.3540278],[-61.1650032,6.3540757],[-61.1646652,6.3541664],[-61.1644507,6.354273],[-61.1641502,6.3545023],[-61.1640269,6.3546995],[-61.1639679,6.3548915],[-61.1639839,6.3550834],[-61.164059,6.3552647],[-61.1645579,6.3563683],[-61.164676,6.3567201],[-61.1647886,6.3573492],[-61.1648101,6.3577491],[-61.1647725,6.3581063],[-61.1646652,6.3583462],[-61.1643541,6.3589167],[-61.1640537,6.3596364],[-61.1636084,6.3607347],[-61.163131,6.3616784],[-61.1628413,6.3622222],[-61.1625731,6.3625527],[-61.1622566,6.3629206],[-61.161865,6.3632511],[-61.1612803,6.3636776],[-61.1601055,6.3645946],[-61.1596441,6.3650318],[-61.1590487,6.3656502],[-61.1588019,6.3659648],[-61.158582,6.3663753],[-61.1585176,6.3667165],[-61.1585122,6.3669511],[-61.1585391,6.3670897],[-61.1586195,6.367207],[-61.1587483,6.3672976],[-61.1590111,6.3673669],[-61.1592901,6.3674895],[-61.1595744,6.3676708],[-61.1599553,6.3680173],[-61.1606419,6.3686464],[-61.1617684,6.3697873],[-61.1635494,6.3719945],[-61.1640751,6.3725489],[-61.1645794,6.3730501],[-61.165148,6.3735725],[-61.1655021,6.3739457],[-61.1658347,6.3743829],[-61.1660385,6.3748094],[-61.1661243,6.3751612],[-61.1662316,6.3759823],[-61.1663389,6.3764034],[-61.1664516,6.3767446],[-61.1667091,6.3772884],[-61.1671007,6.3778748],[-61.1677229,6.3788185],[-61.1679536,6.3791383],[-61.1680716,6.3793729],[-61.168077,6.3795915],[-61.1679804,6.3797461],[-61.167739,6.379922],[-61.1673045,6.3801299],[-61.1658883,6.3806257],[-61.1652607,6.380775],[-61.1649549,6.3807804],[-61.1647779,6.380743],[-61.1646384,6.3806257],[-61.1645365,6.3804871],[-61.1644507,6.3802152],[-61.1639625,6.3789358],[-61.1636031,6.3780774],[-61.1632812,6.3776616],[-61.1629486,6.3773844],[-61.1624765,6.3771178],[-61.1620581,6.3769525],[-61.1615324,6.3768193],[-61.1612535,6.3768086],[-61.1610764,6.3768513],[-61.1609531,6.3769579],[-61.1608511,6.3771231],[-61.1605507,6.377555],[-61.1603898,6.3777842],[-61.1602986,6.3779601],[-61.1602771,6.3781414],[-61.1602825,6.378376],[-61.160363,6.3787971],[-61.1604917,6.3792823],[-61.1606741,6.3797781],[-61.1608779,6.3803165],[-61.1611086,6.3808123],[-61.161629,6.3816813],[-61.1618435,6.3820012],[-61.1620045,6.3823051],[-61.1620635,6.3825077],[-61.1620957,6.3827529],[-61.1620474,6.3831047],[-61.1619079,6.3836379],[-61.1616772,6.3841123],[-61.1612588,6.3845761],[-61.1608887,6.384896],[-61.1605293,6.3851626],[-61.1601162,6.3853758],[-61.1597246,6.3855144],[-61.1594403,6.3855464],[-61.1591828,6.3855304],[-61.1587268,6.3854984],[-61.1583835,6.3855198],[-61.1581314,6.3855891],[-61.1578846,6.385733],[-61.1577505,6.3858929],[-61.1577237,6.3860422],[-61.1577371,6.3861488],[-61.1578149,6.3862768],[-61.158075,6.3865007],[-61.1584425,6.3868046],[-61.1589682,6.3871351],[-61.1593437,6.3873483],[-61.1597085,6.3875936],[-61.1601806,6.3879827],[-61.1605132,6.3882013],[-61.1607385,6.3882706],[-61.1610335,6.3882919],[-61.1613768,6.38826],[-61.1617363,6.3882013],[-61.1620152,6.3881],[-61.1623853,6.3878868],[-61.1628735,6.3875669],[-61.1632758,6.3872097],[-61.1638659,6.3866819],[-61.1641395,6.3864954],[-61.1644667,6.3863194],[-61.1648798,6.3861968],[-61.1652231,6.3862235],[-61.1656201,6.3863354],[-61.1659527,6.386522],[-61.166414,6.3869165],[-61.1670631,6.3875882],[-61.1676478,6.3883399],[-61.1678463,6.3886491],[-61.1680716,6.3890703],[-61.1682594,6.3895501],[-61.1683184,6.3899286],[-61.168313,6.3902431],[-61.1681897,6.3907496],[-61.1680234,6.3914479],[-61.1679643,6.3919491],[-61.1678946,6.392866],[-61.167782,6.3932818],[-61.1675352,6.3939109],[-61.1673045,6.3942841],[-61.1670739,6.394524],[-61.1668325,6.3946466],[-61.166575,6.3946732],[-61.1663818,6.3946572],[-61.1661673,6.3946039],[-61.1660171,6.394524],[-61.1658239,6.394396],[-61.1653358,6.3939376],[-61.1646116,6.3933618],[-61.1641771,6.3931112],[-61.1636996,6.3929193],[-61.1632866,6.3928074],[-61.1626482,6.3926474],[-61.1622191,6.3926314],[-61.1615753,6.3926368],[-61.1611408,6.3925781],[-61.1607546,6.3924235],[-61.160363,6.3921623],[-61.1601484,6.3919491],[-61.1600035,6.3917252],[-61.1599445,6.3915119],[-61.159966,6.3912987],[-61.1600357,6.3909255],[-61.1601323,6.3906323],[-61.1602932,6.3903764],[-61.1605132,6.3901685],[-61.1608994,6.3899499],[-61.1611462,6.3898113],[-61.1613393,6.3896514],[-61.1614144,6.3895234],[-61.1614895,6.3893102],[-61.1614412,6.3891343],[-61.161291,6.3890276],[-61.1609745,6.3889743],[-61.1605722,6.389001],[-61.1596388,6.3890969],[-61.1593008,6.3891662],[-61.1589092,6.3893155],[-61.1584854,6.3895821],[-61.1581421,6.3898699],[-61.1579007,6.3901418],[-61.1577612,6.3903977],[-61.1577398,6.3906856],[-61.1577559,6.3909841],[-61.1578631,6.3913467],[-61.1579597,6.3915972],[-61.1581689,6.3919437],[-61.1583567,6.3922796],[-61.1585659,6.3926101],[-61.1586624,6.3928553],[-61.1587161,6.3931112],[-61.1586893,6.3934951],[-61.1585712,6.3938896],[-61.1581904,6.3946306],[-61.1574286,6.3962086],[-61.1570853,6.3967683],[-61.156978,6.3970722],[-61.1569083,6.3974081],[-61.1568707,6.3977972],[-61.1568761,6.3981384],[-61.156978,6.3991833],[-61.1570585,6.3997377],[-61.1571765,6.4000469],[-61.1573964,6.4003561],[-61.1576915,6.4007293],[-61.1580294,6.4010278],[-61.1581636,6.4011824],[-61.1582172,6.4014063],[-61.1582226,6.4017208],[-61.158185,6.4025365],[-61.1581367,6.4034001],[-61.158067,6.4037146],[-61.1579382,6.4039332],[-61.1574447,6.4048234],[-61.1573428,6.405106],[-61.1573696,6.4053619],[-61.1574554,6.4056071],[-61.1575896,6.405831],[-61.157831,6.4061135],[-61.1582494,6.4063534],[-61.1584532,6.4064814],[-61.158582,6.40662],[-61.1586034,6.4068065],[-61.1585337,6.4070464],[-61.1582762,6.407894],[-61.158008,6.4084698],[-61.1577988,6.4088429],[-61.1575198,6.4091468],[-61.1572141,6.4093814],[-61.1567688,6.4097492],[-61.1562377,6.410085],[-61.1556745,6.4103942],[-61.1553365,6.4106128],[-61.1551434,6.4108314],[-61.1550522,6.4109966],[-61.1550361,6.4112685],[-61.1550468,6.4114924],[-61.1551273,6.4117589],[-61.1552614,6.4119775],[-61.1555296,6.4124999],[-61.1558032,6.4130277],[-61.1560553,6.4133848],[-61.1566186,6.4139393],[-61.1572623,6.414419],[-61.1576593,6.4146589],[-61.15789,6.4148295],[-61.1580348,6.4150108],[-61.1580992,6.4151813],[-61.1580938,6.4153146],[-61.1580187,6.4154159],[-61.1575359,6.4157251],[-61.1569083,6.4159703],[-61.156463,6.4160449],[-61.1559212,6.4160449],[-61.1553901,6.4159596],[-61.1550951,6.415869],[-61.1548215,6.4156984],[-61.154623,6.4155012],[-61.1543977,6.4152347],[-61.1533624,6.4141418],[-61.152826,6.4136567],[-61.1526328,6.4134328],[-61.1524826,6.4132036],[-61.1522573,6.4126652],[-61.1519677,6.4118975],[-61.1517584,6.4115937],[-61.15156,6.4114391],[-61.1513186,6.4113858],[-61.1509699,6.4113804],[-61.1506748,6.4114497],[-61.150412,6.4115724],[-61.1501277,6.4117376],[-61.1493713,6.4121214],[-61.1486524,6.4125799],[-61.1481321,6.412985],[-61.1478692,6.4132942],[-61.1477405,6.4135554],[-61.1477137,6.413822],[-61.1477566,6.4140672],[-61.1478424,6.4142751],[-61.1480945,6.4146696],[-61.1483574,6.4149788],[-61.1485505,6.4152986],[-61.1486685,6.4155598],[-61.1487168,6.4157677],[-61.1486793,6.4160023],[-61.1485988,6.4161462],[-61.1482823,6.4164181],[-61.1478746,6.4166686],[-61.1476278,6.4167646],[-61.1473757,6.4167859],[-61.1471772,6.4167912],[-61.1470109,6.4168339],[-61.1468071,6.4169832],[-61.1466676,6.417223],[-61.146512,6.4176282],[-61.1464584,6.4180067],[-61.1464906,6.4183798],[-61.1465871,6.4186943],[-61.1466837,6.4188756],[-61.1468178,6.4190249],[-61.1470217,6.4191901],[-61.1473274,6.4193554],[-61.1475742,6.4194193],[-61.1478961,6.419446],[-61.1484218,6.419398],[-61.1487866,6.4194087],[-61.1490494,6.419478],[-61.1493498,6.4196112],[-61.149677,6.4198138],[-61.1499345,6.4201017],[-61.1499828,6.4202403],[-61.1499989,6.4206241],[-61.149897,6.4211572],[-61.1498594,6.421429],[-61.1498487,6.4216316],[-61.1498916,6.4218182],[-61.1500257,6.4222553],[-61.1501277,6.4226285],[-61.1502081,6.4229163],[-61.1502242,6.4232468],[-61.1501759,6.4236093],[-61.1499131,6.4245422],[-61.1497361,6.424862],[-61.1495537,6.4250913],[-61.1493391,6.4252405],[-61.1482662,6.4259708],[-61.1464369,6.4272075],[-61.1448491,6.4281404],[-61.1441517,6.4285296],[-61.1438137,6.4287428],[-61.1436582,6.4289507],[-61.1436045,6.4291639],[-61.1436206,6.4293398],[-61.143744,6.4295264],[-61.1438942,6.429633],[-61.1441195,6.4297503],[-61.1446291,6.4299902],[-61.1449134,6.4300648],[-61.1451441,6.4300701],[-61.1454284,6.4299848],[-61.1468929,6.4294571],[-61.1476868,6.4292332],[-61.1481375,6.4291426],[-61.1484164,6.4291373],[-61.1487544,6.4292172],[-61.1502135,6.4295957],[-61.1513937,6.4299155],[-61.1517638,6.4301074],[-61.1521661,6.4303207],[-61.1526221,6.4306832],[-61.1529869,6.4309603],[-61.1532283,6.4312482],[-61.1534321,6.4315414],[-61.153636,6.4319305],[-61.153813,6.4323303],[-61.1542422,6.4335031],[-61.1548483,6.4349263],[-61.1552775,6.4356993],[-61.1556369,6.4363709],[-61.1557549,6.4367174],[-61.1558139,6.4369573],[-61.1558139,6.4372558],[-61.1557442,6.4375703],[-61.1555779,6.4380341],[-61.155315,6.438791],[-61.1551005,6.4392335],[-61.1548537,6.4396279],[-61.1544782,6.440081],[-61.1539686,6.4406461],[-61.1538559,6.4409019],[-61.1537808,6.4412218],[-61.1537379,6.4417761],[-61.153754,6.4423199],[-61.1537916,6.4426237],[-61.1539149,6.4431514],[-61.1541134,6.4438124],[-61.1546284,6.4453156],[-61.154784,6.4458647],[-61.1548537,6.4462378],[-61.1548269,6.4464404],[-61.1547518,6.4465949],[-61.1546284,6.4467069],[-61.1544567,6.4467975],[-61.15421,6.4468561],[-61.1540061,6.4468615],[-61.1537218,6.4468401],[-61.1533088,6.4467602],[-61.1523378,6.4464777],[-61.1515063,6.4461632],[-61.1507607,6.4458114],[-61.1501652,6.4455288],[-61.1496985,6.4453849],[-61.149382,6.4453476],[-61.1491889,6.4453849],[-61.1490816,6.4454595],[-61.1490119,6.4455981],[-61.1489207,6.4458807],[-61.1487812,6.4462804],[-61.1485076,6.4469468],[-61.1483681,6.4474052],[-61.1483628,6.4476397],[-61.1484057,6.4479276],[-61.148513,6.4482261],[-61.1487597,6.4487165],[-61.1490226,6.4491163],[-61.1491996,6.4493082],[-61.1493123,6.4493988],[-61.1495,6.4494841],[-61.149779,6.4495587],[-61.1500901,6.4495587],[-61.1504227,6.4494787],[-61.1509645,6.4492602],[-61.1523807,6.4488551],[-61.1529815,6.4487111],[-61.1533999,6.4486632],[-61.1539096,6.4486632],[-61.1542583,6.4487218],[-61.154725,6.4489084],[-61.1550522,6.4490949],[-61.1554921,6.4493988],[-61.1558676,6.4497666],[-61.1564255,6.4504649],[-61.1569727,6.4511951],[-61.1573106,6.4516003],[-61.157493,6.4519414],[-61.1575949,6.4522772],[-61.1576271,6.4525864],[-61.1576271,6.4528956],[-61.1575627,6.4531727],[-61.1574286,6.4534073],[-61.1572355,6.4535938],[-61.1569136,6.4537644],[-61.1565542,6.453967],[-61.1558729,6.4543774],[-61.1547035,6.455113],[-61.1541992,6.4554968],[-61.153872,6.455774],[-61.1534697,6.4561738],[-61.153121,6.4566268],[-61.1526597,6.4573838],[-61.1523163,6.4579648],[-61.1521071,6.4583699],[-61.1520159,6.4586897],[-61.1520106,6.4590308],[-61.1520696,6.4595479],[-61.152193,6.4602035],[-61.1523271,6.460614],[-61.1524987,6.4610084],[-61.1526918,6.4613336],[-61.1528099,6.4616107],[-61.1529279,6.4620372],[-61.1530244,6.4625062],[-61.1530405,6.4628367],[-61.1529654,6.4633111],[-61.1528313,6.464084],[-61.1528474,6.4643239],[-61.1529654,6.4645851],[-61.1531049,6.464761],[-61.1532605,6.4648622],[-61.1534482,6.4648782],[-61.1537379,6.4648622],[-61.154151,6.4647716],[-61.1546445,6.4647236],[-61.1558783,6.4647343],[-61.1568654,6.464761],[-61.1571658,6.4647396],[-61.1573589,6.464697],[-61.1574554,6.4645904],[-61.1575896,6.4643825],[-61.1576754,6.4640733],[-61.1580777,6.4629113],[-61.1585283,6.4615308],[-61.1590701,6.4600436],[-61.1592525,6.4596278],[-61.1594993,6.4592441],[-61.1598373,6.4587483],[-61.1605078,6.4578955],[-61.1611033,6.4573784],[-61.1615378,6.4570959],[-61.1619777,6.456936],[-61.1623746,6.456904],[-61.1629057,6.4568987],[-61.1632973,6.4569627],[-61.1642897,6.4572398],[-61.1654699,6.457533],[-61.165899,6.4576982],[-61.1663282,6.4579221],[-61.1669451,6.4583272],[-61.167326,6.4585991],[-61.167621,6.4589509],[-61.1680448,6.4594733],[-61.1685759,6.4600649],[-61.1694235,6.4611577],[-61.1699277,6.461776],[-61.1701316,6.4619252],[-61.170271,6.4619998],[-61.1704856,6.4620745],[-61.171065,6.4621757],[-61.1714459,6.462261],[-61.1716819,6.4623943],[-61.1724168,6.462954],[-61.1730552,6.4633804],[-61.1735809,6.4636309],[-61.1744124,6.4639134],[-61.1750025,6.4641746],[-61.1758393,6.4644518],[-61.1763758,6.4646917],[-61.1766547,6.4648516],[-61.1769229,6.4651074],[-61.177057,6.465326],[-61.1772126,6.4656991],[-61.1777973,6.4682203],[-61.1782157,6.4701285],[-61.178382,6.470523],[-61.1785054,6.4707469],[-61.1786288,6.4708588],[-61.1788058,6.4709601],[-61.179015,6.47104],[-61.1795944,6.4712426],[-61.1800826,6.4713705],[-61.1804205,6.4714131],[-61.1807478,6.4714078],[-61.1813754,6.4713812],[-61.1819708,6.4714185],[-61.1824697,6.4715411],[-61.1828291,6.4717276],[-61.182974,6.4718982],[-61.1831188,6.4721167],[-61.1831671,6.4723246],[-61.1831725,6.4727137],[-61.1831081,6.4733747],[-61.1829954,6.4738597],[-61.1826468,6.4749364],[-61.1823624,6.4755867],[-61.1819655,6.4761997],[-61.1816436,6.4765781],[-61.1813217,6.4768126],[-61.1808711,6.4770205],[-61.1800504,6.4774416],[-61.1785162,6.4780706],[-61.177159,6.4786782],[-61.1768264,6.4788914],[-61.1766064,6.4790886],[-61.1764026,6.4794138],[-61.1760807,6.4802346],[-61.176011,6.4805544],[-61.1760217,6.4807783],[-61.1760968,6.4809328],[-61.1762524,6.4810501],[-61.1764884,6.4811727],[-61.1770946,6.4813379],[-61.1782211,6.4816098],[-61.1787629,6.4817057],[-61.1791867,6.481711],[-61.1797392,6.4816418],[-61.1803454,6.4814819],[-61.1811608,6.48121],[-61.181531,6.4811141],[-61.1820191,6.4810181],[-61.1824697,6.4809808],[-61.1829203,6.4810181],[-61.183387,6.481162],[-61.1841112,6.4814285],[-61.185168,6.4817643],[-61.1857796,6.4820095],[-61.1860317,6.4821854],[-61.1861551,6.482308],[-61.1862356,6.4824946],[-61.1862248,6.4826918],[-61.1861122,6.482889],[-61.1857474,6.4835659],[-61.1854309,6.4841682],[-61.1847282,6.485586],[-61.1843205,6.4866147],[-61.1839503,6.487766],[-61.1836875,6.4884216],[-61.1834192,6.488832],[-61.1830223,6.4892425],[-61.1826414,6.4895569],[-61.182341,6.4897488],[-61.1820084,6.4898607],[-61.1815471,6.4899673],[-61.1806512,6.4901486],[-61.1797339,6.4903405],[-61.1792672,6.4904737],[-61.1786073,6.4906816],[-61.1774916,6.4910867],[-61.1764938,6.4914811],[-61.1759734,6.4917529],[-61.1755282,6.4920247],[-61.1750615,6.4924085],[-61.1746377,6.4928029],[-61.1744338,6.4931121],[-61.1743158,6.4934212],[-61.1742675,6.4938103],[-61.1742675,6.4944232],[-61.174407,6.4959796],[-61.1745894,6.49752],[-61.1745894,6.4981063],[-61.1745465,6.4984794],[-61.1744607,6.4987512],[-61.1742944,6.4989431],[-61.1740851,6.4990976],[-61.1737901,6.4993108],[-61.1735058,6.4995294],[-61.1731678,6.4998385],[-61.1726314,6.5004035],[-61.1722773,6.5008352],[-61.1720252,6.5012403],[-61.171698,6.5018585],[-61.1714459,6.5024182],[-61.1712796,6.5028446],[-61.1711776,6.5033296],[-61.1711562,6.5038892],[-61.171242,6.5047154],[-61.1713654,6.5055042],[-61.1714298,6.5056907],[-61.1715639,6.5057867],[-61.1717784,6.5058559],[-61.1720252,6.5058346],[-61.1721486,6.5057813],[-61.1724544,6.5056001],[-61.1727279,6.5055095],[-61.1729103,6.5054722],[-61.1732376,6.5054722],[-61.1735648,6.5055202],[-61.1739081,6.5055948],[-61.1744875,6.5057707],[-61.1748201,6.5059092],[-61.1751419,6.5060798],[-61.1753297,6.5062344],[-61.1755174,6.5064636],[-61.1756623,6.5067354],[-61.1757857,6.5070925],[-61.17585,6.5074176],[-61.1758822,6.5078013],[-61.1758876,6.5080838],[-61.1758447,6.5083823],[-61.1757159,6.5087554],[-61.1755604,6.5090592],[-61.1753941,6.5094483],[-61.175319,6.5098533],[-61.1753082,6.5107381],[-61.1753619,6.5125289],[-61.1753512,6.5130406],[-61.1752653,6.5133177],[-61.174922,6.5138294],[-61.1742354,6.5147354],[-61.1730981,6.5163664],[-61.1726153,6.5171445],[-61.1724007,6.5176135],[-61.1723685,6.5180719],[-61.1724329,6.5185089],[-61.1725724,6.5188607],[-61.1726689,6.5189673],[-61.1728084,6.5190312],[-61.1730874,6.5190845],[-61.1738384,6.5192657],[-61.1746323,6.5195216],[-61.1774969,6.5205555],[-61.1792457,6.5211738],[-61.1813378,6.5219626],[-61.1819708,6.5221438],[-61.1822176,6.522261],[-61.1823678,6.5223996],[-61.1824215,6.5226661],[-61.1824107,6.5229326],[-61.1821962,6.5239132],[-61.1819923,6.5246061],[-61.1818099,6.5251604],[-61.1815095,6.525736],[-61.181016,6.5266633],[-61.1807048,6.5275374],[-61.1804903,6.5283049],[-61.1804366,6.5288485],[-61.1805225,6.5296053],[-61.1805976,6.5298398],[-61.1807799,6.530053],[-61.1811018,6.5302555],[-61.1815202,6.5303728],[-61.1820674,6.5305327],[-61.1824,6.5305966],[-61.1825502,6.5305966],[-61.1828184,6.5305007],[-61.1831617,6.5303408],[-61.1834622,6.5301596],[-61.1839235,6.5298824],[-61.1849642,6.5293921],[-61.1862087,6.5288485],[-61.1867988,6.5285607],[-61.1872172,6.5282729],[-61.1881185,6.5275481],[-61.1888802,6.5267806],[-61.1893952,6.5260238],[-61.1896849,6.5258639],[-61.1899424,6.5258959],[-61.1903286,6.5259918],[-61.1906934,6.5262157],[-61.1911118,6.5264182],[-61.1917985,6.5266527],[-61.1927426,6.5269085],[-61.1937833,6.5270151],[-61.1949098,6.5270577],[-61.1961758,6.5269511],[-61.1969161,6.5269618],[-61.1972165,6.5270577],[-61.1973989,6.5273029],[-61.1976564,6.5278678],[-61.1976993,6.5282196],[-61.1976028,6.5284861],[-61.1974633,6.5287312],[-61.197238,6.5291043],[-61.1969805,6.5299677],[-61.1965728,6.5313428],[-61.1959934,6.5334426],[-61.1956716,6.5346684],[-61.1955643,6.5354359],[-61.1956179,6.5360328],[-61.1957574,6.5363952],[-61.1959505,6.5366297],[-61.1961866,6.5368216],[-61.196487,6.5369708],[-61.1966586,6.5370134],[-61.1968732,6.5369708],[-61.1971951,6.5368109],[-61.1976349,6.5365871],[-61.1981928,6.5363312],[-61.1989653,6.5360861],[-61.1998236,6.5358836],[-61.2010253,6.535713],[-61.201905,6.5356277],[-61.2029672,6.5356384],[-61.2039864,6.5355744],[-61.2043834,6.5355105],[-61.2047482,6.5353826],[-61.2050057,6.5351161],[-61.2054026,6.5346578],[-61.2057889,6.5340928],[-61.2064004,6.5332827],[-61.2066794,6.5328031],[-61.2068832,6.5322275],[-61.2070119,6.5317798],[-61.2070656,6.53146],[-61.2070227,6.5310443],[-61.2069154,6.530554],[-61.206615,6.5288805],[-61.2063575,6.5275587],[-61.2061107,6.5267913],[-61.2057996,6.526141],[-61.2052846,6.5252457],[-61.2046623,6.5243289],[-61.2042815,6.5238226],[-61.2039274,6.5233589],[-61.2036699,6.5230072],[-61.2035358,6.5226714],[-61.2034607,6.5222983],[-61.2034607,6.5219786],[-61.2034875,6.5217547],[-61.2035465,6.5216055],[-61.2036753,6.5214616],[-61.2038308,6.521371],[-61.2041634,6.521259],[-61.2043673,6.5211738],[-61.2045872,6.5210992],[-61.2047857,6.5210299],[-61.2050003,6.5210245],[-61.2053222,6.5210778],[-61.2057138,6.5212484],[-61.2060249,6.5214189],[-61.2062341,6.5216161],[-61.2063146,6.521776],[-61.206336,6.5219146],[-61.206336,6.5222024],[-61.2063628,6.5227407],[-61.2064058,6.5231085],[-61.2064916,6.5235242],[-61.2067384,6.5243503],[-61.2068939,6.5248353],[-61.2070602,6.5251177],[-61.2072319,6.5253789],[-61.207425,6.5255654],[-61.2078166,6.5258266],[-61.2084711,6.5261517],[-61.2088466,6.5263969],[-61.2091899,6.5266367],[-61.2095171,6.5268978],[-61.20978,6.5271697],[-61.2101287,6.5275694],[-61.2105042,6.5280437],[-61.2113947,6.5292855],[-61.2116897,6.529616],[-61.2118936,6.5297758],[-61.2121993,6.5298931],[-61.2124676,6.5299464],[-61.2129128,6.5299357],[-61.2132937,6.5298878],[-61.2135834,6.5297705],[-61.2137497,6.5296746],[-61.2138623,6.5295787],[-61.2139964,6.5293175],[-61.214093,6.5290617],[-61.2142646,6.5283955],[-61.2143451,6.5279531],[-61.2143558,6.5275001],[-61.2143451,6.5267006],[-61.2143934,6.5263542],[-61.2144685,6.5260558],[-61.2145811,6.5257466],[-61.2147152,6.5255388],[-61.2149566,6.5253736],[-61.2152517,6.525283],[-61.2155199,6.5252457],[-61.215874,6.5253096],[-61.2161261,6.5254269],[-61.2163407,6.5255814],[-61.2169254,6.5259438],[-61.2175691,6.5262476],[-61.2185454,6.5266154],[-61.2188298,6.5266527],[-61.2191784,6.5266207],[-61.219554,6.5264768],[-61.2203854,6.526205],[-61.2208736,6.5260611],[-61.2213939,6.5259652],[-61.2218016,6.5258905],[-61.2221718,6.5258852],[-61.222499,6.5259119],[-61.2227887,6.5259971],[-61.222955,6.5261357],[-61.2230355,6.5262849],[-61.2230408,6.5264448],[-61.2229872,6.526642],[-61.2228692,6.5270417],[-61.2227136,6.5274202],[-61.222381,6.5280117],[-61.2220591,6.5286673],[-61.2218338,6.5291896],[-61.2215495,6.5298665],[-61.2213725,6.53049],[-61.2213028,6.5309164],[-61.2212169,6.5314067],[-61.2211472,6.5320729],[-61.2211096,6.5326059],[-61.2211204,6.5330589],[-61.2212062,6.5334852],[-61.22141,6.5344552],[-61.2215549,6.5353826],[-61.2216085,6.5358622],[-61.2216085,6.5363099],[-61.2214959,6.5375624],[-61.2214261,6.5378022],[-61.2212384,6.5380847],[-61.2204874,6.5389694],[-61.2202728,6.5391292],[-61.2201011,6.5391825],[-61.2199348,6.5391879],[-61.2198168,6.5391399],[-61.2195969,6.5389907],[-61.2194037,6.5388468],[-61.219157,6.5387349],[-61.218937,6.5386975],[-61.2185991,6.5386975],[-61.2174565,6.5388841],[-61.2166357,6.5390227],[-61.2159973,6.5390973],[-61.2155896,6.5390973],[-61.2150908,6.5390546],[-61.2145811,6.5389267],[-61.2135029,6.5384737],[-61.2125534,6.5381006],[-61.2113464,6.5375624],[-61.210708,6.5373492],[-61.2103003,6.5372746],[-61.2099302,6.5373119],[-61.2096405,6.5373971],[-61.2093347,6.537557],[-61.2090236,6.5377809],[-61.2089056,6.5379887],[-61.2087929,6.5383085],[-61.2087607,6.5387029],[-61.2087876,6.5391399],[-61.2089056,6.5396302],[-61.2090612,6.5401312],[-61.2092006,6.5404243],[-61.2093723,6.5406641],[-61.2095171,6.540792],[-61.2096942,6.540856],[-61.2098551,6.5408933],[-61.210075,6.5408667],[-61.2102896,6.5407814],[-61.2104237,6.5406961],[-61.2107241,6.5404883],[-61.2110406,6.5403071],[-61.2114805,6.5401472],[-61.2119579,6.5401205],[-61.2122959,6.5401792],[-61.2126446,6.5403284],[-61.2129396,6.5405202],[-61.2131274,6.5407654],[-61.21324,6.5410106],[-61.2133044,6.5414422],[-61.2133688,6.5420232],[-61.2133688,6.5424282],[-61.2133098,6.5427533],[-61.2130737,6.5432596],[-61.2126607,6.5438831],[-61.2122852,6.5444534],[-61.2119579,6.5449171],[-61.2116844,6.5453061],[-61.2113732,6.5457431],[-61.211046,6.5461535],[-61.210354,6.5469316],[-61.2101072,6.547278],[-61.2099785,6.5475125],[-61.2098765,6.5478216],[-61.2098765,6.5481627],[-61.2099141,6.5486583],[-61.2099731,6.5489301],[-61.2101126,6.549154],[-61.2102681,6.5493245],[-61.2104559,6.5494471],[-61.2108153,6.549591],[-61.2112284,6.5497668],[-61.2116683,6.5500333],[-61.2121671,6.5503691],[-61.2126768,6.5507901],[-61.2132078,6.5512804],[-61.2138677,6.5519412],[-61.2143022,6.5523409],[-61.2145811,6.5525701],[-61.2147957,6.5527033],[-61.2150317,6.5527993],[-61.2156916,6.5529378],[-61.2165552,6.5531084],[-61.2169254,6.5531297],[-61.2173492,6.5530924],[-61.2177301,6.5529751],[-61.2180626,6.5527833],[-61.2184703,6.5525488],[-61.2190551,6.5522983],[-61.2199348,6.5520425],[-61.2208951,6.5518133],[-61.2214154,6.5517494],[-61.221807,6.5517494],[-61.2222362,6.5517814],[-61.2226653,6.551856],[-61.223293,6.5520905],[-61.2240654,6.5524582],[-61.2246609,6.5527993],[-61.2248123,6.5529395],[-61.2249774,6.5530924],[-61.22509,6.5533056],[-61.2251383,6.5535187],[-61.2251544,6.5537852],[-61.2250847,6.5541369],[-61.2250042,6.5543874],[-61.2248701,6.5545633],[-61.224677,6.5546805],[-61.2244409,6.5547978],[-61.2240279,6.5549736],[-61.2232822,6.555336],[-61.2227029,6.5556398],[-61.2224239,6.5558583],[-61.2221986,6.5561354],[-61.2219518,6.5565351],[-61.2217212,6.5568922],[-61.2214261,6.5572813],[-61.2209219,6.5579314],[-61.2205195,6.5584217],[-61.2203533,6.5587362],[-61.2202191,6.5591199],[-61.2201172,6.5595782],[-61.2200528,6.5600898],[-61.2200368,6.5607293],[-61.2200528,6.5618698],[-61.2200421,6.5627917],[-61.2199992,6.5639535],[-61.2199831,6.5647209],[-61.2200314,6.5653285],[-61.2200958,6.5656962],[-61.2201762,6.5658827],[-61.2203157,6.5660373],[-61.2204874,6.5661545],[-61.2208682,6.5664156],[-61.2215012,6.5668313],[-61.2219733,6.5671138],[-61.2223059,6.567215],[-61.2225366,6.5672417],[-61.2229979,6.5672044],[-61.2234217,6.5672097],[-61.2240493,6.5672363],[-61.2246233,6.567263],[-61.2250847,6.567231],[-61.2255031,6.5671297],[-61.2259805,6.5670072],[-61.2266135,6.5668899],[-61.2271178,6.5668207],[-61.2275577,6.5668313],[-61.2279171,6.5668953],[-61.2282658,6.5670232],[-61.2288022,6.5673536],[-61.2292904,6.5676467],[-61.2298751,6.5679291],[-61.2302613,6.5681689],[-61.2307066,6.5684834],[-61.2314308,6.5690269],[-61.2317205,6.5693041],[-61.2320048,6.5698423],[-61.2321442,6.5701727],[-61.2321872,6.5704072],[-61.2321657,6.5706737],[-61.2320906,6.5708708],[-61.2319726,6.5710254],[-61.2316239,6.5713505],[-61.2312591,6.5717022],[-61.2308675,6.5722458],[-61.230154,6.5733649],[-61.2296498,6.5743188],[-61.2291294,6.575374],[-61.2289685,6.5756298],[-61.2287593,6.575779],[-61.2285233,6.5758429],[-61.2283516,6.5758536],[-61.2280726,6.5757577],[-61.2277508,6.5755925],[-61.2273002,6.57539],[-61.2269783,6.5752141],[-61.2266725,6.5750009],[-61.2262541,6.5746013],[-61.225884,6.5741803],[-61.2251705,6.5734555],[-61.2248486,6.573189],[-61.2246448,6.5730771],[-61.2244302,6.5730238],[-61.2242478,6.5730398],[-61.2239903,6.5731464],[-61.2235934,6.5733009],[-61.2232447,6.5734129],[-61.2228638,6.5735354],[-61.2224615,6.5736953],[-61.2220484,6.5739138],[-61.2209433,6.574468],[-61.2206215,6.5747132],[-61.2203854,6.5749103],[-61.2203533,6.5750382],[-61.220364,6.5752408],[-61.2204605,6.5754433],[-61.2206966,6.5758856],[-61.2209648,6.5764824],[-61.2213725,6.5774417],[-61.2216193,6.5781771],[-61.2218499,6.5790724],[-61.222043,6.5795786],[-61.2222415,6.5800529],[-61.222719,6.5810708],[-61.2230623,6.581641],[-61.2234646,6.5824084],[-61.2236416,6.5827921],[-61.2237114,6.5830958],[-61.2236846,6.5834316],[-61.2234324,6.5842096],[-61.2231803,6.5848651],[-61.2227565,6.5860428],[-61.22244,6.5869114],[-61.2224025,6.5870873],[-61.2224078,6.5873697],[-61.2225151,6.5877587],[-61.2227941,6.5885314],[-61.2230086,6.5889844],[-61.2231481,6.5891656],[-61.2233627,6.5892988],[-61.2238133,6.589496],[-61.2241298,6.5896505],[-61.2243283,6.5897891],[-61.2244409,6.5899756],[-61.2245053,6.5901834],[-61.2245268,6.5906577],[-61.2244946,6.5909561],[-61.2244195,6.5911746],[-61.2243122,6.5913345],[-61.223985,6.5917022],[-61.2235504,6.5920113],[-61.2229604,6.5922777],[-61.2224239,6.5924216],[-61.2220913,6.5924536],[-61.2217641,6.5924109],[-61.2214959,6.5923576],[-61.2211096,6.5921445],[-61.2207127,6.5919313],[-61.2202996,6.5918407],[-61.2198973,6.5918407],[-61.2194681,6.5918993],[-61.2189746,6.5920539],[-61.2183362,6.5923416],[-61.217612,6.5926827],[-61.216861,6.5929971],[-61.2164855,6.5930877],[-61.2161475,6.5930824],[-61.2158579,6.5930078],[-61.2156057,6.5928479],[-61.215359,6.5926507],[-61.2151015,6.5924109],[-61.2148547,6.5922191],[-61.2145704,6.5920752],[-61.2142968,6.5919953],[-61.2139589,6.59191],[-61.2136853,6.5918088],[-61.2134385,6.5916436],[-61.213181,6.5914411],[-61.213004,6.5912439],[-61.2127733,6.5909241],[-61.2125695,6.5907216],[-61.2119901,6.5901834],[-61.2115073,6.5898317],[-61.2111318,6.5896026],[-61.2108368,6.5895173],[-61.2105954,6.5895013],[-61.2103969,6.5895013],[-61.210193,6.5895653],[-61.2100589,6.5896718],[-61.2099463,6.5898477],[-61.209839,6.5900982],[-61.2097424,6.5903593],[-61.2094045,6.5907962],[-61.2091202,6.5910787],[-61.2087232,6.5913878],[-61.2082136,6.5918088],[-61.2078381,6.5921498],[-61.2074465,6.5926028],[-61.2072212,6.5929758],[-61.2070817,6.5933275],[-61.2070388,6.593578],[-61.2070334,6.5938178],[-61.207087,6.5940682],[-61.2073499,6.5946437],[-61.2075698,6.5952299],[-61.2076879,6.5956403],[-61.2077469,6.5959547],[-61.2077791,6.596333],[-61.2077844,6.5967114],[-61.2077308,6.5970045],[-61.2076181,6.5974041],[-61.2073177,6.5980223],[-61.2061912,6.600351],[-61.2051827,6.6020882],[-61.2043083,6.6033298],[-61.2032515,6.6048752],[-61.2025809,6.6058397],[-61.2023717,6.606218],[-61.202023,6.6069694],[-61.2019318,6.6072092],[-61.201905,6.6074383],[-61.2019211,6.6076515],[-61.2020713,6.6079179],[-61.2023234,6.6082536],[-61.202715,6.6085574],[-61.2030637,6.6087759],[-61.2032944,6.608973],[-61.2034392,6.6092395],[-61.2035894,6.609719],[-61.2036431,6.6100015],[-61.2036431,6.610188],[-61.2036163,6.6103585],[-61.2035197,6.610513],[-61.2033588,6.6106516],[-61.2031764,6.6107368],[-61.2027741,6.6108008],[-61.2021893,6.6108381],[-61.2018299,6.6108914],[-61.2016207,6.6109553],[-61.2013954,6.6110939],[-61.2010038,6.6115148],[-61.2007356,6.6120051],[-61.2005532,6.612458],[-61.2004244,6.6129376],[-61.2003118,6.613625],[-61.2001616,6.6145735],[-61.2000918,6.6153089],[-61.2000918,6.6157192],[-61.2001616,6.6161988],[-61.2002796,6.6166357],[-61.200403,6.6168915],[-61.2005478,6.6170727],[-61.2006712,6.6171526],[-61.2008858,6.6172752],[-61.2011594,6.6174404],[-61.2014115,6.6176642],[-61.2015617,6.6178826],[-61.2016743,6.6181011],[-61.2018353,6.6187832],[-61.2018299,6.6191402],[-61.2017709,6.6193107],[-61.2016797,6.6194066],[-61.2015241,6.6195026],[-61.2011647,6.6198329],[-61.2009877,6.620094],[-61.2008804,6.6203125],[-61.2007999,6.6205843],[-61.200698,6.6210159],[-61.2006712,6.6215381],[-61.2007034,6.6220496],[-61.2008697,6.6225985],[-61.2009877,6.6230887],[-61.2010253,6.6235044],[-61.2009823,6.6239839],[-61.2008911,6.624309],[-61.2007088,6.624682],[-61.2005317,6.6248951],[-61.2002099,6.6251136],[-61.1997217,6.625444],[-61.1993569,6.6256731],[-61.1990887,6.6257957],[-61.198563,6.6259875],[-61.1979407,6.6262433],[-61.1975116,6.6264084],[-61.1973882,6.6264671],[-61.1971575,6.6266322],[-61.1969376,6.626904],[-61.1966264,6.6271651],[-61.1964119,6.627261],[-61.1961865,6.627293],[-61.195913,6.6272504],[-61.1956286,6.6271598],[-61.1953551,6.6270052],[-61.1948454,6.6267122],[-61.1941749,6.6262592],[-61.1938101,6.6260568],[-61.1934507,6.6259608],[-61.1931396,6.6259076],[-61.1926299,6.6258543],[-61.1922222,6.6258596],[-61.1917931,6.6259342],[-61.1913693,6.6260248],[-61.1909241,6.6261793],[-61.1907363,6.6263765],[-61.1904413,6.6268401],[-61.1902213,6.6272823],[-61.1900067,6.6277619],[-61.1898619,6.6282841],[-61.1896634,6.6288063],[-61.1894864,6.629094],[-61.1892772,6.6293392],[-61.1891002,6.6294937],[-61.1888158,6.6295949],[-61.1883384,6.6297175],[-61.1875123,6.6299519],[-61.1867666,6.6301331],[-61.1862356,6.630245],[-61.1856294,6.6303249],[-61.1850339,6.6303995],[-61.1842507,6.6304368],[-61.1837143,6.6304582],[-61.1833817,6.6304688],[-61.1831188,6.6305221],[-61.1828238,6.6306073],[-61.1825877,6.6307139],[-61.1823088,6.6308738],[-61.182105,6.6310443],[-61.181767,6.6314546],[-61.1815149,6.6318915],[-61.1813754,6.6322965],[-61.1813539,6.6327015],[-61.1813915,6.6330158],[-61.1814559,6.6332023],[-61.18159,6.6333569],[-61.1817563,6.6334421],[-61.1819655,6.6334954],[-61.1823571,6.63357],[-61.1828345,6.6336553],[-61.1831993,6.6338418],[-61.1834943,6.6340496],[-61.1836928,6.634332],[-61.1838001,6.6346677],[-61.1838591,6.6351313],[-61.1838806,6.6354616],[-61.1838323,6.6357227],[-61.1837196,6.6359145],[-61.183489,6.636165],[-61.1832583,6.6363408],[-61.1829472,6.6366339],[-61.1827701,6.6369003],[-61.1826414,6.6371561],[-61.1825502,6.6374385],[-61.182459,6.6379394],[-61.1824107,6.6385734],[-61.182459,6.6392022],[-61.1825395,6.6396018],[-61.1827862,6.64014],[-61.1831778,6.6406782],[-61.1836016,6.6411311],[-61.184181,6.6415574],[-61.1845833,6.6418238],[-61.184755,6.641989],[-61.1848837,6.6422021],[-61.1850339,6.6424206],[-61.1851895,6.6425804],[-61.1854523,6.6427509],[-61.1856347,6.6429321],[-61.1858547,6.6432998],[-61.1862141,6.6440191],[-61.1864287,6.6443335],[-61.1866969,6.6446745],[-61.187008,6.6449409],[-61.1875767,6.6452713],[-61.187979,6.6454737],[-61.1888588,6.6457828],[-61.189127,6.6459746],[-61.1892986,6.6461504],[-61.1894006,6.6463742],[-61.1894274,6.6465874],[-61.1893791,6.6472481],[-61.1892128,6.6483138],[-61.1891967,6.6487667],[-61.1892343,6.649145],[-61.1893362,6.6495339],[-61.1895937,6.6500828],[-61.1899477,6.6508127],[-61.1900497,6.6511751],[-61.1901355,6.6517559],[-61.1901784,6.6525871],[-61.1901033,6.6530773],[-61.1899316,6.6535035],[-61.1896312,6.6538446],[-61.1893416,6.6540044],[-61.1887515,6.6541536],[-61.1880434,6.6542708],[-61.187228,6.6544626],[-61.1865306,6.6546971],[-61.1860693,6.6549848],[-61.1854255,6.6554537],[-61.1848462,6.6560611],[-61.1846209,6.6564767],[-61.1845458,6.656871],[-61.1845565,6.6573399],[-61.1847389,6.6581924],[-61.1849213,6.6594925],[-61.1852324,6.6614053],[-61.1853933,6.6624603],[-61.185388,6.6628493],[-61.1853504,6.6633288],[-61.1852592,6.6638989],[-61.1850822,6.6643625],[-61.184637,6.6654601],[-61.184358,6.6660408],[-61.183902,6.6668294],[-61.1835373,6.6675008],[-61.1833388,6.6680123],[-61.1832476,6.6685451],[-61.1831671,6.6693496],[-61.1831456,6.6700476],[-61.1831188,6.6705431],[-61.183092,6.6710493],[-61.1830169,6.6713317],[-61.1828989,6.6715661],[-61.1827755,6.6717632],[-61.1824805,6.6721469],[-61.1818153,6.6730047],[-61.1814719,6.6734789],[-61.1812145,6.6738838],[-61.1809623,6.6741982],[-61.1807263,6.67439],[-61.1803293,6.6746457],[-61.1800396,6.6748375],[-61.1797285,6.6750613],[-61.1790794,6.6756421],[-61.1786127,6.6759777],[-61.1782104,6.6761642],[-61.1779153,6.6762388],[-61.1776096,6.6762388],[-61.1773574,6.6761642],[-61.1771321,6.6760204],[-61.1765796,6.6755675],[-61.1760002,6.6751999],[-61.1755979,6.6749867],[-61.1750722,6.6747683],[-61.1744499,6.6745925],[-61.1738545,6.6744433],[-61.1734307,6.6744486],[-61.1729854,6.6745019],[-61.1725295,6.6746884],[-61.1721057,6.6749548],[-61.1717409,6.6753331],[-61.1716014,6.6755462],[-61.1715478,6.6758019],[-61.1712849,6.676745],[-61.1708665,6.6776721],[-61.170255,6.6789082],[-61.1696917,6.6798086],[-61.1694235,6.6801336],[-61.1691606,6.6803947],[-61.1687958,6.6806398],[-61.1683291,6.6808476],[-61.1677176,6.681034],[-61.1672509,6.6811086],[-61.1668217,6.681114],[-61.1665964,6.6810447],[-61.1663604,6.6809062],[-61.1661673,6.6806771],[-61.1659044,6.6803201],[-61.1656523,6.680043],[-61.1651963,6.6795688],[-61.1644131,6.6789828],[-61.1640537,6.6787963],[-61.1636084,6.6786577],[-61.1630666,6.6785565],[-61.1627823,6.6785778],[-61.1625141,6.678695],[-61.1623639,6.6788123],[-61.1622459,6.6789987],[-61.1621976,6.6792172],[-61.1620581,6.6800803],[-61.161924,6.680741],[-61.1618275,6.6811193],[-61.1616719,6.6815136],[-61.1614198,6.6819558],[-61.1613125,6.6822701],[-61.1613017,6.6825898],[-61.1613607,6.6830533],[-61.1615056,6.6835542],[-61.1618918,6.6843427],[-61.1623263,6.6851099],[-61.1628199,6.6857866],[-61.1632812,6.6863513],[-61.1635333,6.6866177],[-61.1637479,6.6867669],[-61.1639839,6.6868788],[-61.1642468,6.6870227],[-61.1644024,6.6871452],[-61.1646491,6.6874755],[-61.1650461,6.6879657],[-61.1655074,6.6885731],[-61.1658776,6.6891592],[-61.1660707,6.689628],[-61.1662263,6.6901821],[-61.1663121,6.6906616],[-61.1662585,6.6909067],[-61.1661243,6.6910665],[-61.1659527,6.6911251],[-61.165722,6.6911411],[-61.1654699,6.6910719],[-61.1651963,6.690912],[-61.1642629,6.6903153],[-61.1637694,6.6900542],[-61.1633349,6.6898891],[-61.1625731,6.6896333],[-61.1618328,6.6894735],[-61.1610228,6.6893563],[-61.1599606,6.6892497],[-61.1580831,6.6890899],[-61.1558569,6.6888981],[-61.1546499,6.6888235],[-61.1538613,6.688701],[-61.1531693,6.6885464],[-61.1524183,6.6883333],[-61.1521286,6.6883014],[-61.1519462,6.688328],[-61.1517263,6.6884559],[-61.1516351,6.6886157],[-61.1515331,6.6890632],[-61.1513239,6.6900862],[-61.1510503,6.690928],[-61.1507928,6.6914821],[-61.1505729,6.6918497],[-61.1503851,6.6920628],[-61.1501652,6.6922174],[-61.1499775,6.6923612],[-61.1497629,6.692537],[-61.1496341,6.6927501],[-61.1495215,6.6929579],[-61.1493874,6.6933735],[-61.1492908,6.6935973],[-61.1491942,6.6937731],[-61.1490816,6.6939809],[-61.1490226,6.6941514],[-61.148985,6.6943432],[-61.1490279,6.6945137],[-61.1491406,6.6946682],[-61.1493874,6.6948227],[-61.1496288,6.6949452],[-61.1499935,6.6950464],[-61.150251,6.6951956],[-61.1506748,6.6955419],[-61.1511201,6.6958296],[-61.1517423,6.6961014],[-61.1520642,6.6962985],[-61.1522412,6.6964157],[-61.1524022,6.6966075],[-61.1524665,6.696794],[-61.1524934,6.6970018],[-61.1524397,6.6977796],[-61.1524612,6.6983337],[-61.1525255,6.6987759],[-61.1527562,6.6996976],[-61.1527991,6.7000759],[-61.1528206,6.7004648],[-61.1527562,6.7008697],[-61.152547,6.7015037],[-61.1521125,6.7025213],[-61.1519301,6.7030967],[-61.1518604,6.7036562],[-61.1518765,6.7042209],[-61.1518657,6.7045885],[-61.1517638,6.7050627],[-61.1515707,6.7056434],[-61.1512488,6.7065065],[-61.1508197,6.7077478],[-61.1506426,6.7083712],[-61.1504281,6.7094847],[-61.1495268,6.7106941],[-61.1487866,6.7115358],[-61.1479282,6.7123563],[-61.147145,6.7131128],[-61.1454982,6.7147218],[-61.1446238,6.7155102],[-61.1441785,6.7158619],[-61.1438727,6.7161336],[-61.1434543,6.7165651],[-61.142934,6.7171032],[-61.1426067,6.7175028],[-61.1423707,6.7178064],[-61.1413729,6.7192928],[-61.1401498,6.7204756],[-61.1394525,6.7210829],[-61.1388195,6.7215624],[-61.1380577,6.7220738],[-61.1373925,6.7223508],[-61.1366308,6.7225426],[-61.1359334,6.7225959],[-61.1351502,6.722564],[-61.1347425,6.7223935],[-61.1343777,6.7220951],[-61.1340129,6.7217968],[-61.1338413,6.7216902],[-61.1335409,6.7216156],[-61.1332727,6.7216263],[-61.132865,6.7217648],[-61.1325324,6.7220099],[-61.1321461,6.7222123],[-61.1318243,6.7222976],[-61.1312771,6.7223082],[-61.1309069,6.722239],[-61.1306387,6.7221377],[-61.1303222,6.7219406],[-61.1300969,6.7217755],[-61.1297911,6.7215197],[-61.1296088,6.7213972],[-61.1293995,6.7212853],[-61.1290562,6.7211521],[-61.127817,6.7207419],[-61.1274415,6.7205928],[-61.127286,6.7204969],[-61.1271304,6.720385],[-61.1269748,6.7202624],[-61.1268139,6.7201452],[-61.1266315,6.7200707],[-61.1264598,6.7200387],[-61.1261648,6.7200174],[-61.1258966,6.7199748],[-61.1256284,6.7199055],[-61.1254567,6.7198629],[-61.1252046,6.7198522],[-61.1247271,6.7199801],[-61.124298,6.7200973],[-61.1238796,6.7201932],[-61.1234182,6.7202997],[-61.1231554,6.7203157],[-61.12234,6.7201985],[-61.1216104,6.7199321],[-61.1210311,6.7197403],[-61.1205053,6.7195272],[-61.1199689,6.71941],[-61.1194003,6.7192928],[-61.1188853,6.7191969],[-61.1183274,6.7191117],[-61.1172652,6.7189732],[-61.11601,6.7187814],[-61.1150658,6.7184937],[-61.114068,6.7181101],[-61.1134565,6.717929],[-61.1129737,6.717897],[-61.1125231,6.7178757],[-61.112169,6.7179077],[-61.1117399,6.7180355],[-61.1113858,6.7182699],[-61.1111927,6.7185257],[-61.1106455,6.7196764],[-61.1102915,6.7202731],[-61.1100018,6.7205182],[-61.1096048,6.7207206],[-61.1092937,6.7207739],[-61.1089611,6.7206993],[-61.1086822,6.7204969],[-61.1084569,6.7203157],[-61.1081994,6.7200174],[-61.1079848,6.7196977],[-61.1077273,6.719474],[-61.107384,6.7192502],[-61.1070085,6.7190478],[-61.1065793,6.7189412],[-61.1058605,6.7188347],[-61.1052811,6.7188027],[-61.1048198,6.7187494],[-61.1041975,6.7186109],[-61.1037469,6.718515],[-61.1032856,6.7183658],[-61.1028886,6.7181101],[-61.1026096,6.7178331],[-61.1024165,6.7175454],[-61.1017406,6.716629],[-61.1013651,6.7160323],[-61.1011291,6.7156274],[-61.100893,6.7151906],[-61.1005283,6.7146045],[-61.1002278,6.714157],[-61.0994768,6.7128038],[-61.0991013,6.7118555],[-61.0988867,6.7110776],[-61.0986829,6.7104596],[-61.0963118,6.7066876],[-61.0955715,6.7058245],[-61.0946703,6.7049615],[-61.0938656,6.7043541],[-61.0931361,6.7038746],[-61.0922349,6.7034377],[-61.0913766,6.7032353],[-61.0904753,6.7030967],[-61.0896385,6.7030861],[-61.0887909,6.7031713],[-61.087879,6.7033631],[-61.0871816,6.7036508],[-61.0864306,6.7040344],[-61.0856581,6.7045885],[-61.0851109,6.7051319],[-61.084553,6.7059844],[-61.0841775,6.7071565],[-61.0833621,6.7104916],[-61.082933,6.7129636],[-61.0826326,6.7162881],[-61.0822463,6.7183126],[-61.0817528,6.7208485],[-61.0811949,6.7232352],[-61.0805726,6.7252171],[-61.0799074,6.7267088],[-61.0790169,6.7279447],[-61.0783839,6.7285201],[-61.0773218,6.7290742],[-61.0770098,6.7291435],[-61.0766029,6.729234],[-61.075809,6.7292553],[-61.0752618,6.72917],[-61.0748327,6.728957],[-61.0744465,6.7286799],[-61.0740066,6.7282857],[-61.0735238,6.7278915],[-61.0729444,6.7274226],[-61.0722685,6.7269751],[-61.0715604,6.7266448],[-61.0691035,6.7257498],[-61.0624409,6.7228303],[-61.0584283,6.7208911],[-61.0576236,6.7204756],[-61.0571945,6.7202518],[-61.0568619,6.7201666],[-61.0565508,6.7201239],[-61.0562396,6.7201452],[-61.0558212,6.7202518],[-61.0551667,6.7207632],[-61.0545766,6.721605],[-61.0540831,6.7223082],[-61.0537183,6.7226705],[-61.0532999,6.7229582],[-61.0528064,6.7230647],[-61.0524845,6.7230221],[-61.052109,6.722809],[-61.0512829,6.7224681],[-61.0496843,6.7219992],[-61.0487294,6.7217115],[-61.0481286,6.7214239],[-61.0476351,6.7210722],[-61.0472596,6.7206673],[-61.0468733,6.7202305],[-61.0465407,6.719783],[-61.0461974,6.7192822],[-61.0458434,6.7189412],[-61.0451782,6.7184617],[-61.0444379,6.7180675],[-61.0429788,6.7175454],[-61.0407794,6.7168954],[-61.0398996,6.7167676],[-61.0388589,6.7167143],[-61.0374642,6.7168102],[-61.0357368,6.7171511],[-61.0337842,6.7174708],[-61.0328615,6.7175241],[-61.0313594,6.71762],[-61.0291064,6.717588],[-61.027658,6.7175774],[-61.0266066,6.7176093],[-61.0259307,6.7176626],[-61.0249651,6.7178437],[-61.0241926,6.7180462],[-61.0230124,6.7184724],[-61.022079,6.7189412],[-61.0213602,6.7193781],[-61.0208774,6.7196764],[-61.0193646,6.7211788],[-61.0180664,6.7226598],[-61.0171974,6.7236401],[-61.0158455,6.7250785],[-61.0150838,6.7259309],[-61.014086,6.7269964],[-61.0132706,6.7278169],[-61.0126054,6.7283922],[-61.011833,6.728925],[-61.0106635,6.7296708],[-61.0098803,6.7300224],[-61.0088289,6.7303314],[-61.0077453,6.7305445],[-61.0067582,6.7306511],[-61.0056532,6.730683],[-61.0046232,6.7306724],[-61.0036147,6.7305339],[-61.0024023,6.7302569],[-61.0010719,6.72982],[-60.999763,6.7293299],[-60.9983254,6.7285627],[-60.9969628,6.7276464],[-60.9956539,6.7266555],[-60.9951496,6.7261654],[-60.9947419,6.72559],[-60.9944201,6.7250999],[-60.9938836,6.7241729],[-60.993433,6.7234483],[-60.9930575,6.7229049],[-60.9923601,6.7220312],[-60.9913302,6.7211042],[-60.9897423,6.7198043],[-60.9882724,6.7185683],[-60.9866202,6.7174921],[-60.9854078,6.7168741],[-60.9843886,6.7165118],[-60.9832621,6.7161602],[-60.9819424,6.7158619],[-60.9805262,6.715734],[-60.9789384,6.7157233],[-60.9776938,6.7157233],[-60.9766531,6.7156594],[-60.9755588,6.715457],[-60.9723401,6.7149668],[-60.9698403,6.7146898],[-60.9683597,6.7146045],[-60.966847,6.7146578],[-60.9611178,6.7151373],[-60.958575,6.715457],[-60.9564078,6.7158619],[-60.9543264,6.7163094],[-60.9521055,6.7169061],[-60.9509683,6.7172257],[-60.9497988,6.7177159],[-60.9482753,6.7186109],[-60.9457433,6.7200707],[-60.9443164,6.7210935],[-60.943383,6.721882],[-60.94275,6.7225959],[-60.9421599,6.7236081],[-60.94172,6.7249081],[-60.9414733,6.7258031],[-60.9408295,6.7293299],[-60.9402609,6.7314502],[-60.9396923,6.7334107],[-60.9390378,6.7352433],[-60.9381366,6.7372571],[-60.9374929,6.7382053],[-60.9366131,6.7393561],[-60.9358192,6.7401871],[-60.9349609,6.7409543],[-60.9339738,6.7416681],[-60.9324718,6.7425951],[-60.9308624,6.7433196],[-60.9297359,6.7438204],[-60.9287703,6.7440761],[-60.9274829,6.7442678],[-60.9255946,6.744385],[-60.9221935,6.744449],[-60.9190285,6.7446194],[-60.9173119,6.7448645],[-60.9152198,6.7452374],[-60.9135354,6.7456743],[-60.9109604,6.746516],[-60.9093726,6.7471659],[-60.9080315,6.7478052],[-60.9068728,6.7484977],[-60.9059501,6.7491476],[-60.9051883,6.7497869],[-60.9044159,6.7505114],[-60.9036648,6.7512785],[-60.9028065,6.7524292],[-60.9018302,6.7540487],[-60.9014225,6.7550182],[-60.9008646,6.7565737],[-60.90065,6.7576179],[-60.9006393,6.7583637],[-60.9007359,6.7590562],[-60.900929,6.7596955],[-60.9012616,6.760356],[-60.9017551,6.7613256],[-60.9021628,6.7621992],[-60.9025812,6.76319],[-60.9031177,6.7649054],[-60.903461,6.7659282],[-60.9038365,6.7667592],[-60.9042227,6.7674517],[-60.9046304,6.767995],[-60.9051883,6.7683999],[-60.9057784,6.7686236],[-60.9065616,6.7688154],[-60.9089005,6.769476],[-60.9105313,6.7698702],[-60.9124196,6.7703709],[-60.9138894,6.7707651],[-60.9149194,6.7711593],[-60.9159923,6.7717346],[-60.9170437,6.7724058],[-60.9181488,6.7732794],[-60.9190285,6.7740465],[-60.9196615,6.7746431],[-60.9203482,6.7756766],[-60.9211421,6.7774345],[-60.9216249,6.778649],[-60.9222579,6.7802471],[-60.9228909,6.7814616],[-60.9235454,6.7829744],[-60.9242535,6.7846364],[-60.9248972,6.7864475],[-60.9254873,6.7883759],[-60.9258199,6.7900059],[-60.9260452,6.7912736],[-60.9261525,6.7927864],[-60.9261203,6.7939264],[-60.9259701,6.7952048],[-60.9256697,6.7970904],[-60.9251547,6.80116],[-60.9246826,6.8032055],[-60.9240818,6.8047182],[-60.9234381,6.805954],[-60.9221292,6.8079568],[-60.9207559,6.8101514],[-60.9195543,6.8116641],[-60.9186959,6.8125057],[-60.9173977,6.8132301],[-60.9160996,6.8137095],[-60.9147906,6.8141782],[-60.9135246,6.8145404],[-60.9125161,6.8148281],[-60.9116149,6.8150305],[-60.9107137,6.8151796],[-60.9098232,6.8152329],[-60.9090829,6.8152222],[-60.9079671,6.815137],[-60.9068728,6.8149772],[-60.9050703,6.8145298],[-60.9031821,6.8140717],[-60.9011221,6.8136243],[-60.8994055,6.8130277],[-60.8978391,6.812282],[-60.8961869,6.8113019],[-60.8944059,6.8100022],[-60.8930111,6.8088091],[-60.8909512,6.8071685],[-60.8876896,6.8042069],[-60.8849216,6.8017353],[-60.8827662,6.7994987],[-60.8825398,6.7992637],[-60.8800936,6.79692],[-60.8784414,6.7954711],[-60.8770895,6.7943632],[-60.8751798,6.7932765],[-60.873313,6.792339],[-60.8713818,6.7914015],[-60.8690214,6.7903574],[-60.8665753,6.7889299],[-60.8640218,6.7874597],[-60.8615971,6.786373],[-60.8584643,6.7847962],[-60.8543015,6.7826016],[-60.8523488,6.7817493],[-60.8502031,6.7810035],[-60.8482719,6.7805347],[-60.8460617,6.7802577],[-60.8443451,6.780279],[-60.8423281,6.7804921],[-60.8407831,6.7808544],[-60.8391094,6.781451],[-60.8370066,6.7823459],[-60.8353329,6.7832621],[-60.8338738,6.7842209],[-60.8324361,6.7855207],[-60.8308053,6.7870335],[-60.8279515,6.7897395],[-60.8261061,6.7913589],[-60.824132,6.7929995],[-60.8228231,6.7938518],[-60.8213425,6.7944271],[-60.8197761,6.7948745],[-60.8181238,6.7950237],[-60.8163858,6.7950024],[-60.8150125,6.7948958],[-60.8136606,6.7946615],[-60.8123088,6.7942353],[-60.8110857,6.79366],[-60.809176,6.7927225],[-60.8073735,6.7918702],[-60.8059788,6.7911245],[-60.8044124,6.7900804],[-60.8028031,6.7888446],[-60.7983613,6.7855846],[-60.7961726,6.7841996],[-60.7930827,6.7823246],[-60.7889843,6.7800234],[-60.7859373,6.7785957],[-60.7833839,6.7777221],[-60.7794786,6.7765076],[-60.7760668,6.775293],[-60.7737065,6.7743129],[-60.7714963,6.7732901],[-60.7694149,6.7722673],[-60.7668615,6.770861],[-60.7617545,6.7682827],[-60.7562185,6.7656618],[-60.7526779,6.7637441],[-60.7500816,6.7626573],[-60.7472277,6.7614641],[-60.744052,6.7604626],[-60.7403612,6.7593119],[-60.7383228,6.7585661],[-60.7360912,6.7574794],[-60.7330227,6.7560304],[-60.730834,6.7552207],[-60.7291603,6.7547732],[-60.7271433,6.7544109],[-60.7247186,6.7542618],[-60.722208,6.7544109],[-60.7201696,6.7547306],[-60.7183671,6.7553059],[-60.7168007,6.7560091],[-60.7151699,6.7572024],[-60.7131529,6.7587366],[-60.7109428,6.7605265],[-60.7096982,6.7617837],[-60.7090116,6.7624869],[-60.7086039,6.7630409],[-60.708282,6.7637228],[-60.7080031,6.7645431],[-60.7077241,6.7655766],[-60.7072306,6.7671534],[-60.7066298,6.7683466],[-60.7059002,6.7696464],[-60.7048917,6.7710315],[-60.7037759,6.7722034],[-60.7021237,6.7738228],[-60.6996775,6.7758044],[-60.6978107,6.7774664],[-60.6966305,6.7787236],[-60.6955576,6.7804921],[-60.6940127,6.7831342],[-60.6929183,6.7849986],[-60.6923819,6.7859149],[-60.6919313,6.7867032],[-60.6915879,6.7874383],[-60.6912446,6.7883439],[-60.690794,6.7896223],[-60.6899357,6.7927225],[-60.6891632,6.7951302],[-60.6883049,6.797687],[-60.6868458,6.8009683],[-60.6853652,6.8040577],[-60.683713,6.8066784],[-60.6824684,6.8082977],[-60.6801725,6.8109397],[-60.6781554,6.8133473],[-60.6766534,6.8153927],[-60.6740785,6.818759],[-60.6719542,6.8214436],[-60.6684995,6.8255769],[-60.6671906,6.8270043],[-60.665474,6.8283253],[-60.6637573,6.8294545],[-60.6611181,6.8306689],[-60.6590152,6.8315424],[-60.656848,6.8321603],[-60.6544018,6.8327781],[-60.6513548,6.8335451],[-60.6479216,6.8346104],[-60.6454325,6.8353987],[-60.6427288,6.8362509],[-60.6393814,6.8375505],[-60.6352616,6.839191],[-60.6316996,6.8402775],[-60.6293607,6.8408101],[-60.6256485,6.8414493],[-60.6221509,6.8419606],[-60.6184602,6.8423015],[-60.615499,6.842408],[-60.6129885,6.8424506],[-60.6111217,6.8427489],[-60.6096411,6.8432389],[-60.6082893,6.8439632],[-60.6069803,6.844858],[-60.6055212,6.8460511],[-60.6038046,6.8475424],[-60.6026459,6.8487994],[-60.6014443,6.8499072],[-60.6000066,6.8508446],[-60.598054,6.8519099],[-60.5965519,6.8525703],[-60.5951786,6.8528686],[-60.5936337,6.8529751],[-60.592196,6.8529325],[-60.590415,6.8531029],[-60.588162,6.8535503],[-60.5852652,6.8542533],[-60.5821967,6.8548925],[-60.5794072,6.8554038],[-60.5780769,6.8555209],[-60.5764353,6.8555848],[-60.5751693,6.8554251],[-60.5739892,6.8551907],[-60.5725515,6.8548285],[-60.5708027,6.8540722],[-60.5698156,6.8538059],[-60.5688179,6.8536462],[-60.5679274,6.8537101],[-60.5661249,6.8540509],[-60.5647731,6.8543812],[-60.5635715,6.8546155],[-60.5620909,6.8547646],[-60.5587328,6.8552227],[-60.5574668,6.855457],[-60.5563188,6.8557553],[-60.5549348,6.8562879],[-60.553422,6.856959],[-60.5515981,6.8577153],[-60.5481005,6.8593131],[-60.5461049,6.8603463],[-60.5448926,6.8610494],[-60.5440343,6.8616672],[-60.5434978,6.8621359],[-60.543015,6.862775],[-60.5424786,6.8636165],[-60.5418134,6.8648202],[-60.5411053,6.8670784],[-60.5401612,6.8705296],[-60.5388737,6.8737038],[-60.5378008,6.8753867],[-60.536449,6.8769419],[-60.5350328,6.8781349],[-60.5335522,6.8790296],[-60.5321145,6.8795409],[-60.530355,6.8798391],[-60.5286169,6.8797965],[-60.5265141,6.8795622],[-60.5235744,6.8790296],[-60.5210853,6.8788379],[-60.5172229,6.878497],[-60.5137897,6.8782201],[-60.5119014,6.8782627],[-60.5097985,6.8785609],[-60.5080605,6.8789444],[-60.5056787,6.8796261],[-60.5038762,6.880393],[-60.5021596,6.8813304],[-60.5006361,6.8822464],[-60.4985333,6.8835459],[-60.4967737,6.8846323],[-60.4952288,6.8856762],[-60.4938555,6.8869543],[-60.4923105,6.8886799],[-60.4907012,6.8903628],[-60.4896713,6.8916409],[-60.4887486,6.8928765],[-60.487783,6.8944103],[-60.486753,6.8961571],[-60.4855514,6.8986495],[-60.4837704,6.9016105],[-60.4807127,6.9072449],[-60.4802942,6.9080224],[-60.4793501,6.909194],[-60.4780841,6.9103443],[-60.4766894,6.9115585],[-60.4751659,6.9126662],[-60.473181,6.914349],[-60.4727841,6.9146153],[-60.4721725,6.914988],[-60.4715395,6.9153076],[-60.4704344,6.9156271],[-60.4682779,6.9162768],[-60.4675591,6.916575],[-60.4669583,6.9168945],[-60.466218,6.9174058],[-60.4654992,6.9181407],[-60.4648769,6.919014],[-60.4638684,6.9206116],[-60.4633319,6.921485],[-60.4632247,6.9217086],[-60.4631066,6.9220282],[-60.4630423,6.9224116],[-60.4629994,6.9228483],[-60.4629779,6.9232743],[-60.4628921,6.9238281],[-60.4627633,6.924563],[-60.4625487,6.9252979],[-60.462302,6.9261925],[-60.4620767,6.9267464],[-60.4617548,6.9272469],[-60.4610682,6.9281522],[-60.4602099,6.9291534],[-60.4596627,6.929867],[-60.4592443,6.9304847],[-60.4587078,6.9311876],[-60.4579568,6.9321142],[-60.4574418,6.9328704],[-60.4569161,6.9336798],[-60.4563475,6.9344892],[-60.4557896,6.9352028],[-60.4551029,6.9358205],[-60.4545343,6.9363105],[-60.4540622,6.9365767],[-60.4533327,6.9368217],[-60.4524529,6.937056],[-60.4517019,6.9373116],[-60.4506827,6.9375459],[-60.4496098,6.9378121],[-60.4485476,6.9380251],[-60.4478932,6.938153],[-60.4475284,6.938334],[-60.447346,6.9384938],[-60.4470992,6.9387707],[-60.4468203,6.9389411],[-60.4466164,6.9389517],[-60.44608,6.9388665],[-60.4449856,6.9386642],[-60.4438377,6.9383979],[-60.443269,6.9382169],[-60.4427219,6.9379825],[-60.442164,6.9378441],[-60.4417563,6.9377908],[-60.4412949,6.9377908],[-60.4404581,6.9378334],[-60.4398465,6.9379506],[-60.4389131,6.9380677],[-60.4380977,6.9382062],[-60.4370892,6.9384086],[-60.4336882,6.9391008],[-60.4315639,6.939399],[-60.4265213,6.9401872],[-60.4240108,6.9406345],[-60.4222942,6.9409114],[-60.419848,6.9414013],[-60.4182172,6.9417421],[-60.4161465,6.9422746],[-60.4143226,6.9428603],[-60.4132283,6.9432757],[-60.4125524,6.9435846],[-60.4113078,6.9444366],[-60.4104388,6.9450862],[-60.4098916,6.9455548],[-60.4093981,6.9459382],[-60.4089689,6.9462471],[-60.4084969,6.9465346],[-60.4080892,6.9466624],[-60.4076922,6.9467476],[-60.4071772,6.9467583],[-60.406512,6.946705],[-60.4055679,6.9465027],[-60.4047954,6.946492],[-60.40398,6.9466411],[-60.4028535,6.9469074],[-60.4019094,6.9469819],[-60.4010081,6.946918],[-60.4002893,6.9467476],[-60.3996992,6.9465133],[-60.3991306,6.9462045],[-60.3980363,6.9453951],[-60.3959119,6.9433822],[-60.394485,6.9421042],[-60.3922105,6.9400168],[-60.3900111,6.9379612],[-60.3880263,6.9360123],[-60.3851724,6.9332219],[-60.384121,6.9321142],[-60.3832197,6.930964],[-60.3827691,6.9303249],[-60.381825,6.9281949],[-60.3817016,6.9279397],[-60.3801245,6.928525],[-60.3799367,6.928738],[-60.3798509,6.9289404],[-60.3798348,6.9292759],[-60.379867,6.9293877],[-60.3799045,6.9294995],[-60.3799635,6.9295954],[-60.3800708,6.9297977],[-60.3801352,6.9300161],[-60.3801298,6.9301439],[-60.3800654,6.9302291],[-60.3799796,6.9302877],[-60.3798777,6.9303356],[-60.3797597,6.9303356],[-60.3795558,6.9302557],[-60.3794485,6.9302557],[-60.3792179,6.9302131],[-60.3791106,6.9301758],[-60.3787458,6.9299255],[-60.3785688,6.9297924],[-60.3783596,6.9296966],[-60.3782469,6.9297019],[-60.3782094,6.9298031],[-60.3782094,6.9299149],[-60.3782523,6.9300161],[-60.3785151,6.9302664],[-60.3785849,6.9303569],[-60.3786224,6.9304581],[-60.3785795,6.9305539],[-60.3784132,6.930719],[-60.3782952,6.9310385],[-60.378145,6.9312036],[-60.3779358,6.9312302],[-60.3777427,6.9310758],[-60.3775656,6.930916],[-60.3773886,6.9307936],[-60.3772759,6.9307776],[-60.3771848,6.9308255],[-60.3770989,6.9309001],[-60.3769004,6.931161],[-60.3767932,6.9311823],[-60.3766966,6.9311397],[-60.3765088,6.9310172],[-60.3763586,6.9308308],[-60.3759724,6.9306018],[-60.3757632,6.9305433],[-60.3755432,6.9305539],[-60.3754467,6.9306178],[-60.375393,6.9307083],[-60.3754091,6.9308308],[-60.3754681,6.9309267],[-60.3754842,6.9310332],[-60.3754306,6.9311237],[-60.3751516,6.9313261],[-60.3749049,6.9315764],[-60.3748995,6.9316562],[-60.3749424,6.9317574],[-60.3750497,6.9318],[-60.375157,6.9318213],[-60.375275,6.9318266],[-60.3753823,6.9318533],[-60.3754306,6.9319491],[-60.3753716,6.932045],[-60.3752643,6.9320769],[-60.3751463,6.9320929],[-60.375039,6.9321462],[-60.3749371,6.9322154],[-60.3747869,6.932455],[-60.3747171,6.9325349],[-60.3746367,6.9326094],[-60.3744972,6.9327852],[-60.3744435,6.932881],[-60.374406,6.9331153],[-60.3744704,6.9332059],[-60.3745669,6.9332644],[-60.3746957,6.9332644],[-60.3748137,6.9332272],[-60.3751463,6.9332112],[-60.3752482,6.9331633],[-60.3753287,6.9330834],[-60.3753877,6.9329822],[-60.3754145,6.9328757],[-60.3754413,6.9327586],[-60.375495,6.9326627],[-60.3755754,6.9325881],[-60.3756881,6.9325562],[-60.37579,6.9325935],[-60.3758544,6.9326893],[-60.3759509,6.9328065],[-60.376069,6.9330195],[-60.3761333,6.9331153],[-60.3762084,6.9331952],[-60.3762406,6.933307],[-60.3762084,6.9334242],[-60.3761172,6.9335094],[-60.3760207,6.9335573],[-60.3759241,6.9335946],[-60.3756988,6.9338129],[-60.3756344,6.9339194],[-60.375613,6.9340259],[-60.3756505,6.9341538],[-60.3757203,6.9342496],[-60.3758061,6.9343242],[-60.3758276,6.9344307],[-60.3757846,6.9345265],[-60.3756076,6.9346543],[-60.3755164,6.9347129],[-60.375393,6.9347448],[-60.3752965,6.9347981],[-60.3751892,6.9348034],[-60.375098,6.9347502],[-60.3749692,6.9345531],[-60.3749263,6.9344626],[-60.3748459,6.9343561],[-60.3746688,6.934191],[-60.3745669,6.933994],[-60.3744596,6.933978],[-60.3743309,6.9339993],[-60.374229,6.9340526],[-60.3740895,6.9342177],[-60.3740037,6.9342762],[-60.3739178,6.9343508],[-60.3739232,6.9344626],[-60.3740037,6.9345691],[-60.3740895,6.9346437],[-60.3741968,6.9347129],[-60.3742933,6.9347821],[-60.3743577,6.9348727],[-60.3744543,6.9352454],[-60.374524,6.9353572],[-60.3746259,6.9354318],[-60.3747386,6.9354691],[-60.3748405,6.935533],[-60.3748405,6.9356555],[-60.3747654,6.9357407],[-60.3746527,6.9357779],[-60.3745294,6.9357833],[-60.3742719,6.9357726],[-60.3741539,6.9358046],[-60.3739607,6.9359217],[-60.3739178,6.9360335],[-60.3739017,6.9361507],[-60.3739286,6.9362732],[-60.3739822,6.9363743],[-60.3741056,6.9364223],[-60.3743309,6.9364649],[-60.374465,6.9364542],[-60.3745776,6.9364382],[-60.3747064,6.9364382],[-60.374819,6.9364542],[-60.374921,6.9365181],[-60.3749424,6.93663],[-60.3748834,6.9367258],[-60.3747708,6.9367737],[-60.3746635,6.9368004],[-60.3745669,6.936843],[-60.3743792,6.9369548],[-60.3742933,6.93704],[-60.3742182,6.9371412],[-60.3740734,6.9373968],[-60.3740627,6.9375193],[-60.3740412,6.9376311],[-60.3739715,6.9377269],[-60.3738749,6.9377962],[-60.3736925,6.937908],[-60.3734726,6.9379772],[-60.3733599,6.9379825],[-60.3731614,6.9378814],[-60.3730702,6.9378121],[-60.372963,6.9377536],[-60.3728503,6.9377589],[-60.3727537,6.9378121],[-60.3726465,6.9378494],[-60.3725874,6.9379293],[-60.3725499,6.9381476],[-60.372625,6.9382435],[-60.3727377,6.9382967],[-60.3729683,6.9383393],[-60.3732419,6.938563],[-60.3733492,6.9387653],[-60.3736067,6.939005],[-60.3736335,6.9391274],[-60.3736335,6.9392446],[-60.3735316,6.9395162],[-60.373435,6.9397132],[-60.3734243,6.939825],[-60.3734458,6.9399422],[-60.3734833,6.9400487],[-60.373494,6.9401605],[-60.3734028,6.9404853],[-60.3734028,6.9406078],[-60.3734672,6.9410125],[-60.3735048,6.941119],[-60.373773,6.9414971],[-60.3738105,6.9416036],[-60.3738642,6.9417953],[-60.3738427,6.9419018],[-60.3737462,6.9419711],[-60.3735316,6.9419604],[-60.3733224,6.9418699],[-60.3731132,6.9419338],[-60.372963,6.9420989],[-60.3729039,6.9422],[-60.3728396,6.9422906],[-60.3725606,6.9424982],[-60.3725123,6.9427112],[-60.3728986,6.9432704],[-60.3730863,6.9434035],[-60.3733009,6.9436911],[-60.3735477,6.9439307],[-60.3735316,6.9440425],[-60.3734565,6.9441171],[-60.3729039,6.9444685],[-60.3727484,6.9446123],[-60.3727269,6.9447188],[-60.3728449,6.9448359],[-60.3729469,6.9448945],[-60.3730434,6.9449584],[-60.3730649,6.9450649],[-60.3728664,6.9452193],[-60.3727645,6.9452566],[-60.3726786,6.9453152],[-60.3725284,6.9455122],[-60.3725016,6.9456294],[-60.3725177,6.9458477],[-60.3725016,6.9459542],[-60.3723782,6.9461512],[-60.372287,6.9462045],[-60.3721744,6.9461566],[-60.3720886,6.9460927],[-60.3717077,6.9459542],[-60.3714931,6.9460341],[-60.3714073,6.9461193],[-60.3713644,6.9462151],[-60.371359,6.9463323],[-60.3713912,6.9464601],[-60.3714395,6.9465719],[-60.371595,6.9467583],[-60.371815,6.9469021],[-60.3721637,6.9470618],[-60.3723675,6.9471896],[-60.3726786,6.9474026],[-60.3727537,6.9474931],[-60.3729039,6.9477061],[-60.3730381,6.9479245],[-60.3733063,6.9481641],[-60.3733867,6.9482706],[-60.3734243,6.9483771],[-60.3734887,6.9484676],[-60.373773,6.9486646],[-60.3739393,6.9488297],[-60.3739607,6.9490427],[-60.373891,6.9491332],[-60.3737837,6.9491599],[-60.3736711,6.9491386],[-60.3734779,6.9489895],[-60.3734028,6.9489096],[-60.373317,6.9488404],[-60.3732097,6.9488244],[-60.3731024,6.9488617],[-60.3730327,6.9489415],[-60.3729791,6.9490427],[-60.3728879,6.9491173],[-60.3727806,6.9491279],[-60.3725553,6.9490853],[-60.3724587,6.9491332],[-60.3724372,6.9492397],[-60.3724641,6.9493835],[-60.3726196,6.9495539],[-60.372625,6.9497722],[-60.3725499,6.9498468],[-60.3724372,6.9498628],[-60.3721207,6.9497882],[-60.3720242,6.9498361],[-60.3719652,6.9499267],[-60.3719437,6.9500385],[-60.3719866,6.9501397],[-60.3721798,6.9502781],[-60.3723085,6.9504911],[-60.3723192,6.9506136],[-60.3722763,6.9507148],[-60.3722066,6.9508053],[-60.3720939,6.9509011],[-60.371992,6.9509278],[-60.3718954,6.9509863],[-60.3718418,6.9510928],[-60.3718525,6.95121],[-60.3719169,6.951423],[-60.3719115,6.951817],[-60.3718954,6.9519289],[-60.3719008,6.952046],[-60.371933,6.9521525],[-60.3719544,6.952259],[-60.3719544,6.9523708],[-60.3719008,6.9524667],[-60.3718311,6.9525572],[-60.3717023,6.9526957],[-60.371654,6.9527915],[-60.3716379,6.952898],[-60.3716433,6.9530098],[-60.371713,6.953095],[-60.3717828,6.9531909],[-60.3717989,6.953308],[-60.3717828,6.9534199],[-60.3717184,6.9535157],[-60.371654,6.9536009],[-60.3716058,6.9536968],[-60.3713697,6.9539896],[-60.3713375,6.9540961],[-60.3713268,6.954208],[-60.3713536,6.9543145],[-60.3714126,6.9544103],[-60.3714877,6.9544955],[-60.371595,6.9545541],[-60.3717023,6.9545914],[-60.3718042,6.9546499],[-60.3718901,6.9547245],[-60.371933,6.954831],[-60.3718901,6.9549375],[-60.3716755,6.9552037],[-60.3716272,6.9553155],[-60.3715843,6.9555179],[-60.3715628,6.9556297],[-60.3714985,6.9557149],[-60.3714126,6.9557841],[-60.3712732,6.9559545],[-60.3712463,6.9560664],[-60.3712571,6.9561729],[-60.3713214,6.9563379],[-60.3715146,6.9564764],[-60.3715789,6.9565882],[-60.3716326,6.9567107],[-60.3716862,6.9569237],[-60.3717613,6.9570035],[-60.371874,6.9570461],[-60.3720993,6.9570089],[-60.3722388,6.9570248],[-60.3723568,6.9570674],[-60.3725499,6.9571686],[-60.3726572,6.9572112],[-60.3727537,6.9572751],[-60.3728181,6.9573763],[-60.3728235,6.9574934],[-60.3728074,6.9576106],[-60.3727484,6.9577011],[-60.3726411,6.957765],[-60.3725499,6.9578236],[-60.3724587,6.9578981],[-60.372389,6.9579833],[-60.372346,6.9580898],[-60.3722656,6.958175],[-60.372169,6.958223],[-60.3720617,6.9582549],[-60.3719652,6.9583135],[-60.3719062,6.958404],[-60.3719062,6.9585105],[-60.371992,6.958601],[-60.3720832,6.9586756],[-60.3721368,6.9587821],[-60.3721476,6.9588939],[-60.3721476,6.9590004],[-60.372169,6.9591175],[-60.3722549,6.9591974],[-60.3723782,6.9592294],[-60.3724963,6.9592666],[-60.3726089,6.9593252],[-60.3726733,6.9594157],[-60.3726196,6.9595116],[-60.3725231,6.9595648],[-60.3724212,6.9595968],[-60.3723192,6.9596074],[-60.3722227,6.9595648],[-60.3719544,6.9594903],[-60.3718472,6.9594637],[-60.371756,6.9593998],[-60.3716701,6.9593252],[-60.3715736,6.959256],[-60.371477,6.9592081],[-60.3713697,6.9591868],[-60.3712624,6.9591868],[-60.3711927,6.959272],[-60.3711122,6.9593465],[-60.3710318,6.9594157],[-60.3709352,6.959469],[-60.3708333,6.9595116],[-60.3707475,6.9595915],[-60.3707528,6.9597086],[-60.3708708,6.9599109],[-60.3709728,6.9600174],[-60.3710854,6.9602091],[-60.3711766,6.9602837],[-60.3712732,6.9603369],[-60.3713268,6.9604381],[-60.3713214,6.9605446],[-60.3712571,6.9606351],[-60.3711659,6.9607097],[-60.3710532,6.9607257],[-60.3709513,6.960715],[-60.370726,6.9606724],[-60.370608,6.9606884],[-60.3705168,6.960747],[-60.3704256,6.9608215],[-60.3703398,6.9609173],[-60.3702861,6.9610185],[-60.370211,6.9612315],[-60.3701413,6.961322],[-60.3700501,6.9613806],[-60.3699374,6.9613913],[-60.3698301,6.961354],[-60.3697604,6.9612741],[-60.3696692,6.9612155],[-60.3695136,6.9611889],[-60.3693956,6.9611783],[-60.3691274,6.9611783],[-60.3688377,6.9612475],[-60.3687304,6.9612901],[-60.3686231,6.961322],[-60.3685105,6.96137],[-60.3684193,6.9614232],[-60.3683335,6.9614924],[-60.3682798,6.9615936],[-60.3682691,6.9617001],[-60.3682959,6.9618226],[-60.3683388,6.9619237],[-60.3684568,6.9623497],[-60.3684837,6.9624616],[-60.3685266,6.9625681],[-60.3686017,6.9626533],[-60.3686929,6.9627225],[-60.3687733,6.9628236],[-60.3688002,6.9629301],[-60.3687573,6.963026],[-60.3685749,6.9631538],[-60.368489,6.963223],[-60.3684408,6.9633242],[-60.3684354,6.963436],[-60.3684676,6.9635585],[-60.3685319,6.9636543],[-60.3686285,6.9637129],[-60.3687519,6.9637342],[-60.3688753,6.9637129],[-60.3689826,6.9636756],[-60.369122,6.9636277],[-60.3692293,6.9636117],[-60.3693473,6.9636543],[-60.3693903,6.9637661],[-60.3693795,6.963878],[-60.3693098,6.9639632],[-60.3692186,6.9640217],[-60.3691435,6.9641016],[-60.3690791,6.9641921],[-60.3689879,6.964256],[-60.368886,6.964288],[-60.3687787,6.9642827],[-60.3686661,6.9642347],[-60.368591,6.9641602],[-60.3685159,6.9640643],[-60.3684408,6.9639845],[-60.3683442,6.9639152],[-60.3682315,6.9638886],[-60.3681189,6.9638886],[-60.3678936,6.9638247],[-60.3677863,6.9637981],[-60.367679,6.9637821],[-60.3675717,6.96383],[-60.3674966,6.9639152],[-60.3674644,6.9640164],[-60.3674322,6.9642294],[-60.3674215,6.9643359],[-60.3674591,6.9644477],[-60.3675395,6.9645276],[-60.3675932,6.9645436],[-60.3676951,6.9646021],[-60.3678185,6.9646288],[-60.3680062,6.9646554],[-60.3681082,6.9647086],[-60.3681886,6.9647832],[-60.3682423,6.964879],[-60.368253,6.9649909],[-60.3682101,6.965092],[-60.3680974,6.9651506],[-60.3679901,6.9651826],[-60.3678882,6.9651719],[-60.3677058,6.9650494],[-60.3676254,6.9649589],[-60.3675342,6.9648897],[-60.367443,6.9648311],[-60.3673357,6.9648045],[-60.3672284,6.9648098],[-60.3671318,6.9648631],[-60.3670567,6.9649429],[-60.3669977,6.9650388],[-60.3669655,6.96514],[-60.3669441,6.9652411],[-60.3669334,6.9654648],[-60.3668904,6.9655766],[-60.3668314,6.9656724],[-60.3667671,6.965763],[-60.3667134,6.9658588],[-60.3666866,6.9659653],[-60.3666866,6.9660878],[-60.3667134,6.9662156],[-60.3667939,6.9663913],[-60.3668207,6.9665084],[-60.3668422,6.9666203],[-60.3668958,6.9667161],[-60.3669655,6.9668173],[-60.3670353,6.9669131],[-60.3672284,6.9670356],[-60.3672981,6.9671261],[-60.3673142,6.9672326],[-60.3672659,6.9673285],[-60.3671265,6.9674137],[-60.3670138,6.9674403],[-60.3668958,6.9674509],[-60.3667885,6.967403],[-60.366692,6.9673338],[-60.3664291,6.9671314],[-60.3663379,6.9670729],[-60.3662413,6.9670196],[-60.3660375,6.9668971],[-60.3659517,6.9668226],[-60.3658766,6.9667374],[-60.3658122,6.9666522],[-60.3657317,6.9665617],[-60.3656352,6.9665031],[-60.3655332,6.9664712],[-60.3654313,6.9664445],[-60.3653294,6.9664499],[-60.3652275,6.9664925],[-60.3651309,6.966551],[-60.365088,6.9666575],[-60.3650826,6.9667747],[-60.3650826,6.9668865],[-60.3650987,6.9670462],[-60.3651363,6.9671527],[-60.3651846,6.9672592],[-60.3652382,6.9673551],[-60.3653401,6.9674296],[-60.3654313,6.9674882],[-60.3655279,6.9675627],[-60.3656298,6.9676373],[-60.3656995,6.9677331],[-60.3657532,6.9678396],[-60.3657693,6.9679568],[-60.3657693,6.9680793],[-60.365721,6.9681857],[-60.365662,6.9682869],[-60.365485,6.9685691],[-60.3654474,6.9686756],[-60.3654045,6.9688886],[-60.365442,6.9690004],[-60.3655225,6.969091],[-60.3656244,6.9691336],[-60.3657317,6.9691389],[-60.3658497,6.9691123],[-60.3659409,6.9690537],[-60.366059,6.969059],[-60.3661394,6.9691336],[-60.3661823,6.9692347],[-60.366177,6.9693412],[-60.366118,6.9694371],[-60.3660429,6.9695116],[-60.3659517,6.9695702],[-60.3658444,6.9696021],[-60.3657371,6.9695968],[-60.3656298,6.9695436],[-60.3655332,6.969501],[-60.3654259,6.969469],[-60.3653187,6.969453],[-60.365206,6.9694584],[-60.3650987,6.9694903],[-60.3650022,6.9695542],[-60.364911,6.9696234],[-60.3648305,6.9697033],[-60.3647715,6.9697992],[-60.3647822,6.9699057],[-60.364852,6.9700068],[-60.3649217,6.970092],[-60.3649861,6.9701879],[-60.365029,6.9702944],[-60.3650612,6.9704168],[-60.3650504,6.9705233],[-60.3649807,6.9706192],[-60.3648895,6.9706777],[-60.3647983,6.9707363],[-60.3647178,6.9707629],[-60.3646052,6.9707896],[-60.3645086,6.9708481],[-60.3644121,6.9709227],[-60.3643692,6.9710185],[-60.3643692,6.971125],[-60.3644013,6.9712368],[-60.3645247,6.9714392],[-60.3645408,6.9715457],[-60.3645301,6.9716522],[-60.3645086,6.971764],[-60.3645033,6.9718758],[-60.3645569,6.9719823],[-60.3646052,6.9720249],[-60.3646267,6.9721314],[-60.3646857,6.9722272],[-60.3647661,6.9723071],[-60.3648895,6.9723444],[-60.3651094,6.972387],[-60.3652167,6.9724296],[-60.3653079,6.9724935],[-60.3653455,6.9726],[-60.3653079,6.9727012],[-60.3652436,6.9727917],[-60.3651738,6.9728875],[-60.3651094,6.9729834],[-60.3650665,6.9730845],[-60.3650451,6.973191],[-60.3650558,6.9732975],[-60.3651577,6.9733721],[-60.365265,6.9734253],[-60.3653777,6.973436],[-60.3654903,6.973436],[-60.365603,6.9733987],[-60.3656995,6.9733348],[-60.3658122,6.9733028],[-60.3659087,6.9733774],[-60.3659785,6.9734626],[-60.3659999,6.9735744],[-60.3659999,6.9736809],[-60.3659892,6.9738034],[-60.3659409,6.9739045],[-60.3658658,6.9739844],[-60.3657746,6.9740536],[-60.3656781,6.9741069],[-60.3655708,6.9741708],[-60.3654742,6.9742347],[-60.3652597,6.9743944],[-60.3651953,6.9744903],[-60.3651846,6.9745968],[-60.3652221,6.9747033],[-60.3652811,6.9747991],[-60.3653079,6.9749162],[-60.3653079,6.9752517],[-60.3653294,6.9753582],[-60.3653884,6.975454],[-60.365485,6.9755179],[-60.3655976,6.9755126],[-60.3656995,6.9754434],[-60.3657961,6.9753529],[-60.3658605,6.9752623],[-60.3659678,6.9750707],[-60.3660911,6.9748843],[-60.3661877,6.9748204],[-60.3663728,6.9746873],[-60.3664908,6.9745701],[-60.366582,6.974429],[-60.3666598,6.9743571],[-60.3667912,6.9743066],[-60.3669038,6.9742986],[-60.3669924,6.9743092],[-60.3670755,6.9743625],[-60.367097,6.9744157],[-60.3671104,6.9745089],[-60.3671104,6.9746181],[-60.3671157,6.9747246],[-60.3671372,6.9748364],[-60.3671962,6.9749322],[-60.3672659,6.9750174],[-60.3673303,6.9751239],[-60.3673464,6.9752357],[-60.3673142,6.9753422],[-60.3672284,6.9754168],[-60.3671318,6.9754594],[-60.3670245,6.97547],[-60.3669173,6.9754327],[-60.3668261,6.9753635],[-60.3667402,6.975289],[-60.3666437,6.9752357],[-60.3665203,6.9752144],[-60.3664023,6.9752197],[-60.3663057,6.975289],[-60.3662521,6.9753901],[-60.366236,6.975502],[-60.366236,6.9756564],[-60.3662038,6.9757682],[-60.3661823,6.9758694],[-60.366177,6.9759759],[-60.3661609,6.9760877],[-60.3660375,6.976274],[-60.3658712,6.9764285],[-60.3658122,6.976519],[-60.3657746,6.9766255],[-60.3657854,6.976732],[-60.3658444,6.976945],[-60.3658605,6.9770514],[-60.3658336,6.9771579],[-60.3657585,6.9772378],[-60.3656566,6.9772485],[-60.3655493,6.9772485],[-60.365442,6.9772591],[-60.3653777,6.977355],[-60.3654099,6.9774668],[-60.365485,6.9775679],[-60.3656727,6.9776904],[-60.3659034,6.9778661],[-60.3659946,6.97793],[-60.3661126,6.9779726],[-60.3662252,6.9779992],[-60.3663003,6.9780898],[-60.3663379,6.9781963],[-60.3663272,6.9783027],[-60.3662682,6.9783933],[-60.3661931,6.9784838],[-60.3661233,6.9785796],[-60.3660911,6.9786968],[-60.3660965,6.9788033],[-60.3661233,6.9789098],[-60.3661394,6.9790322],[-60.3661394,6.9793677],[-60.3661501,6.9794848],[-60.3661126,6.9796818],[-60.3661072,6.9797883],[-60.3661072,6.9799002],[-60.3661341,6.9800066],[-60.3661448,6.9801131],[-60.3661448,6.9802303],[-60.3661341,6.9803368],[-60.366075,6.9805764],[-60.3660858,6.9809278],[-60.3661019,6.9810343],[-60.3661662,6.9812686],[-60.3661931,6.9813911],[-60.3662467,6.9814922],[-60.3663218,6.9815774],[-60.3664291,6.981636],[-60.3665471,6.9816466],[-60.3667724,6.9816466],[-60.3668851,6.9815987],[-60.3670031,6.9815668],[-60.3671157,6.9815508],[-60.3672284,6.9815881],[-60.367325,6.9816573],[-60.3674859,6.9817425],[-60.3676039,6.9817904],[-60.3677219,6.9817851],[-60.3678346,6.9817425],[-60.3680331,6.9816147],[-60.368135,6.9815614],[-60.368253,6.9815561],[-60.368371,6.9815774],[-60.3684783,6.9816307],[-60.3685534,6.9817372],[-60.3685963,6.981849],[-60.3686231,6.9820726],[-60.3686661,6.9821791],[-60.3687412,6.9822643],[-60.3689343,6.9823921],[-60.3689879,6.9824879],[-60.3689879,6.9825997],[-60.3689772,6.9827062],[-60.368945,6.9828127],[-60.3689396,6.9829299],[-60.3689933,6.9830257],[-60.3690898,6.9830896],[-60.3691918,6.9831322],[-60.3692883,6.9831908],[-60.3693205,6.9833079],[-60.3692669,6.9834091],[-60.3691864,6.9834783],[-60.3690898,6.9835316],[-60.3689718,6.9835529],[-60.3688484,6.9835209],[-60.3687412,6.983473],[-60.36865,6.9834091],[-60.3685641,6.9833399],[-60.368489,6.98326],[-60.3683978,6.9831961],[-60.3682959,6.9831855],[-60.3681833,6.9831855],[-60.3680813,6.9832068],[-60.3679901,6.9832706],[-60.3678936,6.9835688],[-60.3678399,6.98367],[-60.3678078,6.9837818],[-60.3677863,6.983899],[-60.367797,6.9840108],[-60.3678346,6.9841226],[-60.3678989,6.9842184],[-60.3679365,6.9843196],[-60.3679526,6.9844314],[-60.3679204,6.9845432],[-60.3678614,6.9846444],[-60.3677917,6.9847296],[-60.3676951,6.9848041],[-60.3676093,6.9848734],[-60.367561,6.9849745],[-60.3675395,6.985081],[-60.3675395,6.9853047],[-60.3675664,6.9854111],[-60.36762,6.9855283],[-60.3678024,6.9860288],[-60.3678882,6.9861087],[-60.367958,6.9861992],[-60.3679955,6.9863057],[-60.3679901,6.9864175],[-60.367974,6.986524],[-60.3679419,6.9866358],[-60.3679419,6.9867476],[-60.3680009,6.9868435],[-60.3680813,6.986918],[-60.3682637,6.9870564],[-60.3683496,6.9871363],[-60.3684032,6.9872322],[-60.3684139,6.9873493],[-60.3683817,6.9874611],[-60.3682959,6.9875357],[-60.3681994,6.9875729],[-60.3680921,6.9875516],[-60.3679901,6.9874877],[-60.3678882,6.9874505],[-60.3677863,6.9874398],[-60.3676736,6.9874398],[-60.3675556,6.9874664],[-60.3674537,6.9875197],[-60.367341,6.987541],[-60.367223,6.987525],[-60.367105,6.9874771],[-60.3669977,6.9874132],[-60.3669065,6.9873493],[-60.3668475,6.9872588],[-60.3668153,6.9871576],[-60.36681,6.9870458],[-60.36681,6.9868168],[-60.3667992,6.9867103],[-60.3667617,6.9866092],[-60.3667027,6.9865187],[-60.3666222,6.9864494],[-60.3665257,6.9864015],[-60.3664237,6.9863909],[-60.3663164,6.9864175],[-60.3662199,6.9864548],[-60.3661287,6.9865187],[-60.3659678,6.986689],[-60.3658658,6.9867529],[-60.3657907,6.9868381],[-60.3657854,6.9869446],[-60.3658283,6.9870511],[-60.3658927,6.9871523],[-60.3659678,6.9872534],[-60.3659999,6.9873599],[-60.3660482,6.9874877],[-60.3661233,6.9875836],[-60.3662038,6.9876688],[-60.3662628,6.9877646],[-60.3663057,6.9878817],[-60.3663379,6.9879989],[-60.3663379,6.9881107],[-60.3663272,6.9882278],[-60.3661823,6.9884302],[-60.3660965,6.9885047],[-60.3660214,6.9885952],[-60.3659785,6.9886964],[-60.3659463,6.9888029],[-60.3658122,6.9890052],[-60.3657478,6.9891064],[-60.3657103,6.9892129],[-60.3656888,6.9893247],[-60.3656834,6.9894312],[-60.3656942,6.989543],[-60.3657961,6.9897507],[-60.3658176,6.9898572],[-60.3658283,6.9899903],[-60.3658229,6.9902246],[-60.3658015,6.9903364],[-60.3657746,6.99056],[-60.36578,6.9907836],[-60.3658658,6.9910073],[-60.3658605,6.9911191],[-60.3658122,6.9912149],[-60.3656995,6.9912522],[-60.3656083,6.9913214],[-60.3655386,6.9915291],[-60.365603,6.991742],[-60.3656995,6.9917953],[-60.3659195,6.9918059],[-60.3660375,6.9917687],[-60.3661287,6.9916941],[-60.3662896,6.9915291],[-60.3664023,6.9914971],[-60.3665042,6.9915663],[-60.3665203,6.9916835],[-60.3664935,6.9919124],[-60.3664023,6.9921148],[-60.3663325,6.9922],[-60.3661233,6.9924662],[-60.3660375,6.9925248],[-60.3658283,6.992578],[-60.3656459,6.9927005],[-60.3655815,6.9927857],[-60.3655815,6.9929986],[-60.3656137,6.9931104],[-60.3656083,6.9932169],[-60.3655493,6.9933128],[-60.3654742,6.9934033],[-60.3653187,6.9936589],[-60.3651792,6.9940902],[-60.3650451,6.9942872],[-60.365029,6.9943937],[-60.3649861,6.9944895],[-60.3649056,6.9945853],[-60.364809,6.9946439],[-60.364691,6.9946492],[-60.3644764,6.9945907],[-60.3643638,6.9945587],[-60.3642565,6.9945534],[-60.3641439,6.9945853],[-60.3640795,6.9946759],[-60.3640258,6.9948409],[-60.3641009,6.9950486],[-60.3640956,6.9951657],[-60.3640473,6.9952722],[-60.3639776,6.9953627],[-60.3638756,6.9954319],[-60.3638059,6.9955278],[-60.3637362,6.9957567],[-60.3637254,6.995975],[-60.3638274,6.996417],[-60.3637469,6.9965021],[-60.3636503,6.9965554],[-60.3635538,6.9966033],[-60.3634465,6.996614],[-60.3632534,6.9964968],[-60.3630924,6.9963318],[-60.3629851,6.9963051],[-60.3627545,6.9963744],[-60.3626794,6.9964596],[-60.3626365,6.9965607],[-60.3625828,6.9968589],[-60.3626257,6.9970772],[-60.3625935,6.997189],[-60.3625184,6.9972742],[-60.3624219,6.9973381],[-60.3619927,6.9974819],[-60.3616601,6.9976735],[-60.3615636,6.9977428],[-60.3615046,6.9978333],[-60.3615475,6.9980516],[-60.361703,6.9983604],[-60.3617245,6.9984669],[-60.3618264,6.9986639],[-60.3620893,6.9989035],[-60.3621161,6.9990153],[-60.3620678,6.9991218],[-60.3619069,6.9992709],[-60.3617674,6.9994838],[-60.3616709,6.9995637],[-60.3616065,6.9996649],[-60.3615099,6.9998725],[-60.3614348,6.9999524],[-60.3613168,6.9999524],[-60.3611988,6.9998779],[-60.3610486,6.9997021],[-60.3609252,6.9995105],[-60.3608716,6.9994146],[-60.3606999,6.9992709],[-60.360496,6.9992176],[-60.3603941,6.9992442],[-60.3602493,6.9994253],[-60.3601688,6.9994998],[-60.3600937,6.9995797],[-60.3600562,6.9996808],[-60.360083,6.9997873],[-60.3602117,6.999979],[-60.3602493,7.0002026],[-60.360319,7.0003837],[-60.3603727,7.0004795],[-60.3604102,7.0006339],[-60.360437,7.0007457],[-60.3604424,7.0010971],[-60.360378,7.0014219],[-60.3603995,7.0015337],[-60.3605121,7.0017041],[-60.3606033,7.001768],[-60.3608126,7.0018692],[-60.3609091,7.0019491],[-60.3609735,7.0020449],[-60.3610003,7.0021674],[-60.3609949,7.0022898],[-60.3609091,7.0025081],[-60.360834,7.0026093],[-60.3606302,7.0028329],[-60.3603888,7.0029287],[-60.360155,7.002965],[-60.359762,7.00255],[-60.359231,7.002181],[-60.358654,7.00225],[-60.358169,7.002411],[-60.357961,7.002896],[-60.357708,7.003081],[-60.357338,7.003035],[-60.357153,7.003219],[-60.357084,7.003427],[-60.357153,7.004189],[-60.356969,7.004628],[-60.356692,7.004882],[-60.35593,7.005759],[-60.355907,7.006105],[-60.356022,7.006636],[-60.356022,7.006959],[-60.355653,7.007259],[-60.354406,7.008067],[-60.354291,7.008391],[-60.35406,7.008737],[-60.353852,7.008806],[-60.353552,7.008575],[-60.353113,7.008368],[-60.352675,7.008575],[-60.352282,7.008829],[-60.351913,7.009222],[-60.351959,7.009591],[-60.352074,7.009984],[-60.352005,7.010422],[-60.352098,7.011161],[-60.351798,7.011392],[-60.351243,7.011507],[-60.350597,7.011276],[-60.350089,7.011299],[-60.349674,7.011461],[-60.348935,7.011553],[-60.34875,7.011715],[-60.348612,7.012015],[-60.348381,7.012246],[-60.347965,7.012315],[-60.346696,7.012269],[-60.345841,7.012061],[-60.345472,7.012084],[-60.345218,7.012154],[-60.344964,7.012315],[-60.344664,7.012615],[-60.344341,7.0128],[-60.343879,7.012939],[-60.343533,7.013146],[-60.343048,7.013285],[-60.342263,7.013308],[-60.342032,7.01347],[-60.341824,7.013816],[-60.341571,7.013931],[-60.34134,7.013885],[-60.341132,7.013654],[-60.340716,7.013377],[-60.340324,7.013331],[-60.339493,7.013631],[-60.339146,7.013654],[-60.338408,7.013308],[-60.337969,7.013285],[-60.337553,7.013423],[-60.337022,7.013308],[-60.336399,7.0131],[-60.335914,7.013054],[-60.335568,7.013146],[-60.335106,7.01347],[-60.334622,7.013908],[-60.334552,7.014301],[-60.334322,7.015039],[-60.333952,7.015801],[-60.333906,7.016217],[-60.333814,7.016563],[-60.33349,7.017025],[-60.333052,7.017209],[-60.332498,7.017302],[-60.331805,7.017394],[-60.33109,7.017417],[-60.330559,7.017279],[-60.329889,7.017371],[-60.329427,7.017348],[-60.329035,7.017256],[-60.328134,7.016886],[-60.326819,7.016979],[-60.326611,7.017256],[-60.326565,7.017625],[-60.326588,7.018133],[-60.326449,7.018364],[-60.325849,7.018572],[-60.325641,7.018733],[-60.325618,7.019056],[-60.325918,7.019795],[-60.325872,7.020049],[-60.325641,7.02028],[-60.325272,7.020511],[-60.324926,7.020811],[-60.324372,7.02118],[-60.324071,7.021111],[-60.323702,7.020926],[-60.322802,7.020857],[-60.322317,7.020949],[-60.32174,7.021319],[-60.320355,7.02155],[-60.320008,7.021665],[-60.319685,7.021942],[-60.319477,7.022288],[-60.319293,7.022473],[-60.318969,7.022588],[-60.318715,7.022773],[-60.318185,7.023327],[-60.317861,7.023396],[-60.317654,7.023627],[-60.31763,7.023858],[-60.317723,7.024089],[-60.317931,7.024251],[-60.318277,7.024643],[-60.318346,7.024966],[-60.318554,7.025336],[-60.319524,7.025936],[-60.3198,7.026236],[-60.319824,7.026628],[-60.319662,7.027552],[-60.3198,7.028429],[-60.319893,7.028706],[-60.320147,7.029006],[-60.320147,7.02926],[-60.320031,7.02963],[-60.3198,7.030022],[-60.319454,7.030438],[-60.3192,7.030899],[-60.319016,7.03113],[-60.318854,7.031176],[-60.318023,7.030899],[-60.317607,7.030876],[-60.317446,7.030992],[-60.31733,7.031476],[-60.317123,7.0318],[-60.316707,7.032031],[-60.316407,7.032261],[-60.31613,7.032654],[-60.315922,7.032746],[-60.315484,7.032677],[-60.315252,7.032585],[-60.31486,7.032631],[-60.314445,7.032723],[-60.313914,7.032931],[-60.313221,7.033277],[-60.311559,7.033162],[-60.311282,7.033069],[-60.311074,7.033092],[-60.310866,7.033323],[-60.310774,7.0336],[-60.310751,7.033947],[-60.310589,7.034339],[-60.310428,7.035355],[-60.310151,7.03584],[-60.309897,7.035955],[-60.309435,7.036001],[-60.309273,7.036094],[-60.309227,7.036278],[-60.30925,7.036625],[-60.309158,7.036948],[-60.30895,7.037156],[-60.308627,7.037363],[-60.308027,7.037594],[-60.307865,7.037779],[-60.30775,7.038079],[-60.307519,7.038333],[-60.307242,7.038402],[-60.306849,7.038402],[-60.306661,7.038475],[-60.306542,7.038832],[-60.306494,7.03926],[-60.306399,7.039594],[-60.306209,7.039831],[-60.305876,7.039998],[-60.305709,7.040141],[-60.305685,7.040569],[-60.305733,7.041116],[-60.305852,7.041426],[-60.306161,7.041711],[-60.306756,7.042116],[-60.30697,7.042354],[-60.307089,7.043329],[-60.307494,7.044638],[-60.307565,7.045114],[-60.307875,7.04559],[-60.307898,7.045828],[-60.307637,7.045994],[-60.307161,7.045923],[-60.306828,7.04597],[-60.306637,7.046089],[-60.306423,7.046423],[-60.306328,7.046661],[-60.306328,7.046946],[-60.306471,7.047327],[-60.306471,7.04766],[-60.306328,7.047874],[-60.306042,7.048136],[-60.305804,7.048445],[-60.305614,7.048802],[-60.30559,7.049183],[-60.305757,7.049492],[-60.306209,7.04992],[-60.306494,7.050468],[-60.306614,7.051205],[-60.306614,7.051705],[-60.306318,7.051954],[-60.305695,7.052046],[-60.305441,7.052231],[-60.305303,7.052669],[-60.305187,7.053362],[-60.30491,7.053985],[-60.304218,7.055024],[-60.304218,7.055416],[-60.304425,7.055947],[-60.304472,7.056525],[-60.30431,7.057102],[-60.303918,7.057587],[-60.30371,7.058118],[-60.303663,7.058487],[-60.303802,7.058926],[-60.303733,7.059757],[-60.30364,7.060288],[-60.303387,7.060588],[-60.30244,7.061211],[-60.302094,7.061696],[-60.301701,7.06345],[-60.301493,7.063681],[-60.301055,7.063889],[-60.300385,7.063935],[-60.299947,7.064074],[-60.299646,7.064305],[-60.299646,7.064651],[-60.299785,7.065274],[-60.299693,7.065643],[-60.299324,7.066059],[-60.298931,7.06629],[-60.298285,7.066405],[-60.296184,7.066198],[-60.295564,7.066338],[-60.295335,7.066553],[-60.295161,7.066773],[-60.29523,7.067868],[-60.295153,7.068827],[-60.295539,7.069472],[-60.295562,7.069708],[-60.295326,7.069857],[-60.293996,7.069779],[-60.293343,7.069252],[-60.292903,7.067796],[-60.292745,7.067655],[-60.292604,7.067812],[-60.292503,7.068337],[-60.292075,7.068885],[-60.291789,7.069146],[-60.290885,7.069408],[-60.29029,7.070098],[-60.289862,7.07036],[-60.289386,7.071217],[-60.289315,7.071502],[-60.28941,7.071788],[-60.289957,7.072597],[-60.290243,7.072644],[-60.290695,7.072573],[-60.291123,7.072597],[-60.291456,7.072739],[-60.291647,7.072906],[-60.29198,7.074072],[-60.29198,7.074334],[-60.291861,7.0745],[-60.291528,7.074691],[-60.291147,7.075048],[-60.291028,7.075666],[-60.291099,7.07619],[-60.291318,7.076671],[-60.291407,7.07705],[-60.291385,7.077296],[-60.291206,7.07743],[-60.289956,7.077764],[-60.289733,7.078144],[-60.289532,7.078635],[-60.289041,7.07935],[-60.288594,7.07964],[-60.287947,7.080332],[-60.28788,7.080756],[-60.288014,7.081247],[-60.288215,7.081403],[-60.288639,7.08147],[-60.288862,7.081694],[-60.288952,7.08223],[-60.288885,7.082698],[-60.289019,7.083167],[-60.289086,7.083636],[-60.289353,7.084105],[-60.289376,7.084417],[-60.289242,7.084864],[-60.289019,7.08531],[-60.288885,7.085735],[-60.288684,7.086047],[-60.288282,7.086293],[-60.28788,7.086605],[-60.287657,7.087007],[-60.28759,7.087275],[-60.287746,7.08761],[-60.288058,7.0879],[-60.288706,7.088815],[-60.288907,7.089284],[-60.289219,7.089641],[-60.289644,7.090021],[-60.289934,7.090445],[-60.290157,7.091003],[-60.29047,7.091249],[-60.290871,7.091293],[-60.291363,7.091115],[-60.2923,7.090914],[-60.292769,7.091048],[-60.293238,7.09136],[-60.293818,7.091829],[-60.293863,7.092276],[-60.293841,7.092901],[-60.294086,7.09337],[-60.294533,7.093727],[-60.295627,7.094129],[-60.295828,7.09433],[-60.295984,7.094709],[-60.295917,7.095156],[-60.295761,7.09529],[-60.295314,7.095379],[-60.294845,7.095401],[-60.294533,7.095535],[-60.294332,7.095893],[-60.294042,7.09616],[-60.293573,7.096205],[-60.29335,7.096339],[-60.293126,7.09683],[-60.29297,7.097589],[-60.293193,7.097835],[-60.293461,7.098304],[-60.293618,7.098728],[-60.293841,7.098884],[-60.294265,7.099018],[-60.294533,7.099174],[-60.294667,7.099465],[-60.294845,7.100045],[-60.295136,7.100514],[-60.295493,7.100849],[-60.296118,7.101005],[-60.29643,7.101451],[-60.296565,7.101719],[-60.29643,7.102032],[-60.296162,7.10221],[-60.295671,7.102411],[-60.29518,7.102411],[-60.294555,7.102478],[-60.294131,7.102657],[-60.293818,7.103081],[-60.293104,7.103796],[-60.293059,7.104086],[-60.293171,7.104421],[-60.293796,7.104956],[-60.293885,7.105135],[-60.293662,7.105582],[-60.293439,7.105939],[-60.293126,7.10614],[-60.292412,7.106251],[-60.292211,7.10643],[-60.292144,7.106609],[-60.2923,7.106943],[-60.292613,7.107122],[-60.293037,7.107055],[-60.293282,7.107077],[-60.293372,7.107323],[-60.293417,7.107836],[-60.293685,7.108238],[-60.293952,7.108752],[-60.29422,7.109087],[-60.294376,7.109578],[-60.294131,7.109846],[-60.293885,7.110248],[-60.293707,7.110783],[-60.293662,7.111185],[-60.293729,7.111408],[-60.293885,7.111498],[-60.294622,7.111609],[-60.294801,7.111833],[-60.294778,7.112167],[-60.2946,7.112502],[-60.294399,7.112726],[-60.293863,7.113127],[-60.293461,7.113775],[-60.293171,7.113998],[-60.292702,7.114087],[-60.292546,7.114221],[-60.292635,7.114489],[-60.292881,7.11469],[-60.293394,7.114802],[-60.294421,7.114869],[-60.294644,7.115092],[-60.294778,7.115494],[-60.295292,7.116007],[-60.295359,7.116454],[-60.295314,7.117347],[-60.295203,7.117726],[-60.294935,7.118084],[-60.294176,7.118619],[-60.293952,7.119155],[-60.293885,7.119468],[-60.293193,7.120026],[-60.292858,7.120204],[-60.292791,7.120472],[-60.292881,7.120763],[-60.293595,7.121298],[-60.293729,7.121656],[-60.293573,7.121946],[-60.29335,7.122214],[-60.293417,7.122638],[-60.293729,7.123084],[-60.294198,7.123375],[-60.294577,7.123799],[-60.294935,7.124424],[-60.29527,7.124893],[-60.295805,7.125272],[-60.296453,7.125942],[-60.296676,7.126411],[-60.296654,7.127103],[-60.29652,7.127482],[-60.295805,7.128175],[-60.295716,7.128532],[-60.295694,7.129135],[-60.29556,7.129514],[-60.294867,7.13034],[-60.294577,7.130876],[-60.294443,7.131345],[-60.294399,7.131724],[-60.294466,7.132059],[-60.294399,7.132439],[-60.294198,7.132707],[-60.293796,7.133019],[-60.293595,7.133287],[-60.293551,7.133533],[-60.293774,7.133823],[-60.294354,7.134359],[-60.294644,7.134693],[-60.295002,7.134984],[-60.295359,7.134984],[-60.295761,7.134872],[-60.296252,7.134961],[-60.296609,7.135408],[-60.297033,7.13572],[-60.297569,7.135832],[-60.297859,7.135743],[-60.298172,7.135475],[-60.29844,7.135162],[-60.299601,7.135542],[-60.299913,7.135877],[-60.299891,7.136167],[-60.299333,7.13668],[-60.299243,7.13706],[-60.299444,7.137439],[-60.299712,7.137752],[-60.29998,7.138288],[-60.299936,7.138489],[-60.29969,7.139002],[-60.299779,7.139226],[-60.300114,7.139516],[-60.300382,7.139605],[-60.300739,7.139493],[-60.30161,7.139092],[-60.302079,7.138958],[-60.303061,7.139002],[-60.303441,7.139203],[-60.303664,7.139627],[-60.303775,7.13994],[-60.303753,7.140141],[-60.303418,7.140565],[-60.30324,7.141257],[-60.303329,7.141637],[-60.303708,7.141994],[-60.303999,7.142083],[-60.304579,7.142083],[-60.305026,7.142217],[-60.30536,7.142418],[-60.305651,7.142909],[-60.305874,7.142976],[-60.306164,7.142909],[-60.307124,7.142306],[-60.307593,7.14215],[-60.307928,7.142351],[-60.30795,7.142686],[-60.307526,7.144159],[-60.307615,7.144606],[-60.308709,7.145253],[-60.308932,7.145052],[-60.309111,7.144695],[-60.309513,7.144204],[-60.309825,7.144003],[-60.310183,7.144048],[-60.31045,7.144182],[-60.311009,7.145008],[-60.310964,7.145566],[-60.311031,7.145878],[-60.311254,7.146102],[-60.311723,7.14637],[-60.312259,7.146593],[-60.312572,7.146861],[-60.31304,7.147039],[-60.313911,7.147084],[-60.314224,7.147218],[-60.314424,7.147575],[-60.314581,7.148401],[-60.314737,7.148669],[-60.315116,7.148848],[-60.315429,7.148892],[-60.316054,7.149696],[-60.316434,7.149808],[-60.31688,7.149808],[-60.317238,7.15012],[-60.317483,7.150388],[-60.317706,7.151147],[-60.317952,7.151728],[-60.318264,7.151951],[-60.318689,7.151928],[-60.319046,7.151772],[-60.319425,7.151527],[-60.319827,7.151549],[-60.320095,7.151616],[-60.320609,7.151504],[-60.321367,7.151437],[-60.321948,7.151638],[-60.322328,7.151906],[-60.322595,7.151884],[-60.32293,7.151772],[-60.323466,7.151795],[-60.323801,7.152062],[-60.324203,7.152844],[-60.324471,7.153089],[-60.324828,7.153156],[-60.325185,7.153134],[-60.325587,7.153268],[-60.325766,7.153536],[-60.325833,7.154228],[-60.325922,7.154451],[-60.32648,7.154518],[-60.327016,7.154518],[-60.32744,7.154608],[-60.327775,7.155166],[-60.328199,7.156036],[-60.328422,7.156371],[-60.328846,7.156461],[-60.329673,7.156215],[-60.330141,7.156304],[-60.330498,7.156572],[-60.331124,7.156706],[-60.331369,7.15684],[-60.331481,7.157376],[-60.331682,7.157599],[-60.332173,7.157666],[-60.332687,7.157912],[-60.333378,7.157599],[-60.333602,7.157242],[-60.334651,7.156461],[-60.334696,7.156215],[-60.334539,7.155545],[-60.334629,7.155344],[-60.334874,7.155344],[-60.33579,7.15559],[-60.336392,7.155612],[-60.336995,7.155322],[-60.337442,7.154853],[-60.338044,7.154407],[-60.338357,7.154362],[-60.338602,7.154563],[-60.338848,7.154563],[-60.339384,7.153804],[-60.339674,7.153603],[-60.340143,7.153603],[-60.340545,7.153692],[-60.341192,7.153938],[-60.34175,7.15396],[-60.342085,7.153826],[-60.342443,7.153424],[-60.342621,7.152509],[-60.343001,7.152241],[-60.34338,7.152353],[-60.343492,7.152665],[-60.343402,7.153156],[-60.343045,7.154161],[-60.343023,7.154786],[-60.343157,7.155054],[-60.343425,7.155233],[-60.343827,7.155143],[-60.344095,7.154831],[-60.344401,7.154673],[-60.345044,7.154721],[-60.345305,7.155054],[-60.345234,7.155458],[-60.344829,7.155863],[-60.344781,7.156243],[-60.344781,7.15691],[-60.344639,7.157314],[-60.344806,7.157576],[-60.345282,7.157338],[-60.345924,7.15729],[-60.346566,7.157386],[-60.347304,7.157386],[-60.347589,7.157552],[-60.347566,7.158123],[-60.347185,7.158861],[-60.346638,7.159289],[-60.346614,7.159598],[-60.347042,7.159932],[-60.347542,7.160407],[-60.347589,7.160836],[-60.34747,7.161169],[-60.346947,7.161669],[-60.347019,7.162025],[-60.348398,7.163287],[-60.34866,7.163834],[-60.348779,7.164643],[-60.348375,7.165476],[-60.348351,7.166332],[-60.348089,7.166737],[-60.347399,7.16726],[-60.347304,7.167665],[-60.34728,7.168402],[-60.34747,7.169021],[-60.347851,7.169426],[-60.348208,7.169973],[-60.348803,7.170377],[-60.349517,7.170663],[-60.350231,7.170639],[-60.351301,7.170377],[-60.352158,7.17002],[-60.352896,7.169521],[-60.353538,7.169283],[-60.353967,7.169259],[-60.354395,7.169426],[-60.354775,7.169735],[-60.355727,7.171829],[-60.356155,7.172447],[-60.356965,7.173304],[-60.35706,7.173994],[-60.35706,7.175065],[-60.357012,7.175731],[-60.356917,7.176231],[-60.357083,7.176516],[-60.35794,7.177183],[-60.358107,7.177492],[-60.358702,7.1793],[-60.358963,7.179538],[-60.359558,7.179943],[-60.360034,7.180395],[-60.360677,7.181632],[-60.361081,7.18187],[-60.361581,7.181965],[-60.362247,7.182203],[-60.363389,7.182727],[-60.363913,7.18287],[-60.364198,7.182703],[-60.36465,7.181918],[-60.364936,7.181727],[-60.365221,7.181775],[-60.365459,7.182013],[-60.365745,7.182608],[-60.366047,7.183504],[-60.366497,7.183976],[-60.3671472,7.1847621],[-60.367724,7.184851],[-60.368118,7.184772],[-60.368433,7.184569],[-60.368726,7.184186],[-60.36894,7.184028],[-60.369177,7.183983],[-60.369515,7.184006],[-60.369774,7.184084],[-60.370236,7.184344],[-60.370416,7.184355],[-60.371678,7.183701],[-60.372005,7.183645],[-60.372433,7.183746],[-60.372613,7.183949],[-60.372872,7.183994],[-60.37321,7.183701],[-60.373289,7.18333],[-60.373357,7.182451],[-60.373524,7.181892],[-60.374006,7.182215],[-60.374522,7.182421],[-60.37522,7.18281],[-60.375421,7.182849],[-60.375659,7.182825],[-60.376113,7.182631],[-60.376857,7.182534],[-60.378055,7.182663],[-60.378573,7.182469],[-60.379123,7.182372],[-60.38003,7.182081],[-60.380515,7.181757],[-60.380904,7.181919],[-60.383138,7.179976],[-60.384077,7.180462],[-60.384821,7.180689],[-60.385533,7.181304],[-60.386116,7.18098],[-60.387119,7.181012],[-60.388382,7.180462],[-60.388965,7.17975],[-60.389256,7.179556],[-60.390486,7.179556],[-60.39149,7.179329],[-60.392202,7.179102],[-60.393044,7.178099],[-60.394339,7.177289],[-60.39518,7.17703],[-60.395957,7.176966],[-60.396475,7.177063],[-60.397187,7.177548],[-60.397576,7.177225],[-60.397997,7.176707],[-60.398547,7.17648],[-60.399098,7.17648],[-60.400587,7.176933],[-60.401623,7.176771],[-60.402464,7.176771],[-60.403338,7.17716],[-60.403792,7.176642],[-60.404601,7.176124],[-60.405734,7.176059],[-60.406317,7.175897],[-60.4073264,7.1750554],[-60.407676,7.174764],[-60.408291,7.174052],[-60.408744,7.173308],[-60.409003,7.173275],[-60.409424,7.173308],[-60.412532,7.177095],[-60.413018,7.177322],[-60.413568,7.177419],[-60.415284,7.177581],[-60.416158,7.177419],[-60.418003,7.177289],[-60.418683,7.177128],[-60.42001,7.176577],[-60.420658,7.176448],[-60.420658,7.177289],[-60.420755,7.177743],[-60.42082,7.17839],[-60.420722,7.179005],[-60.421499,7.180559],[-60.421564,7.181401],[-60.421467,7.181789],[-60.421402,7.182437],[-60.421467,7.182728],[-60.421694,7.182922],[-60.422017,7.183343],[-60.422244,7.184023],[-60.4226,7.185447],[-60.422729,7.186613],[-60.422891,7.187422],[-60.423345,7.188393],[-60.42396,7.188976],[-60.424769,7.190044],[-60.424737,7.190368],[-60.42451,7.191015],[-60.424381,7.191825],[-60.424898,7.192537],[-60.425028,7.192958],[-60.42519,7.194091],[-60.425514,7.19435],[-60.426032,7.194577],[-60.428039,7.194933],[-60.428265,7.195256],[-60.428848,7.196422],[-60.429431,7.196486],[-60.429592,7.198591],[-60.429981,7.199335],[-60.430272,7.199594],[-60.431017,7.199756],[-60.431276,7.200112],[-60.431794,7.200565],[-60.432539,7.200954],[-60.433121,7.200954],[-60.433574,7.200695],[-60.433963,7.200177],[-60.434805,7.199659],[-60.435193,7.199562],[-60.435743,7.199562],[-60.436456,7.199853],[-60.437459,7.200371],[-60.438463,7.200663],[-60.438657,7.200242],[-60.438624,7.199044],[-60.438657,7.198623],[-60.439045,7.198235],[-60.439207,7.197814],[-60.439661,7.197781],[-60.440211,7.197814],[-60.440858,7.197652],[-60.441312,7.197911],[-60.44183,7.197943],[-60.442477,7.198202],[-60.442898,7.198882],[-60.443804,7.200048],[-60.443999,7.200986],[-60.444452,7.20131],[-60.444937,7.201537],[-60.445164,7.201763],[-60.445812,7.202249],[-60.446491,7.202378],[-60.44688,7.203252],[-60.447592,7.203706],[-60.448887,7.204321],[-60.449502,7.204806],[-60.450894,7.203867],[-60.452221,7.2039],[-60.45371,7.204709],[-60.454131,7.204612],[-60.454714,7.204321],[-60.455782,7.20322],[-60.456527,7.202864],[-60.456948,7.202767],[-60.457401,7.202832],[-60.45834,7.203738],[-60.458631,7.204321],[-60.45902,7.204483],[-60.459505,7.204774],[-60.459894,7.204321],[-60.460347,7.2039],[-60.460897,7.202767],[-60.461286,7.202249],[-60.461803,7.20186],[-60.461707,7.200533],[-60.461771,7.20008],[-60.461998,7.199724],[-60.462678,7.199432],[-60.463358,7.199271],[-60.463422,7.199141],[-60.463293,7.19872],[-60.462969,7.198364],[-60.463196,7.198267],[-60.463972,7.197555],[-60.464199,7.197425],[-60.464652,7.197393],[-60.464847,7.197199],[-60.464911,7.196972],[-60.464782,7.196551],[-60.464232,7.195386],[-60.464588,7.194997],[-60.464976,7.194836],[-60.466012,7.194577],[-60.466239,7.195094],[-60.466562,7.195548],[-60.467048,7.196001],[-60.467598,7.196033],[-60.467987,7.195807],[-60.468181,7.195515],[-60.468343,7.195127],[-60.46912,7.194803],[-60.469703,7.194317],[-60.469961,7.194285],[-60.470739,7.194577],[-60.470965,7.194577],[-60.471159,7.194479],[-60.471062,7.193023],[-60.471354,7.192764],[-60.471969,7.191663],[-60.472357,7.191307],[-60.473004,7.191145],[-60.474526,7.190951],[-60.474688,7.190077],[-60.475303,7.189397],[-60.475756,7.189332],[-60.476404,7.18917],[-60.477278,7.189203],[-60.477666,7.189008],[-60.477828,7.188685],[-60.477893,7.188199],[-60.478055,7.187908],[-60.478379,7.187843],[-60.479415,7.188388],[-60.479975,7.188276],[-60.480611,7.187603],[-60.481619,7.187454],[-60.482666,7.187192],[-60.482815,7.186706],[-60.482815,7.186034],[-60.482666,7.185511],[-60.482591,7.185062],[-60.483899,7.184128],[-60.484459,7.184576],[-60.485244,7.185398],[-60.486066,7.18566],[-60.487187,7.185772],[-60.48771,7.185922],[-60.488271,7.185884],[-60.488757,7.185511],[-60.489093,7.184651],[-60.489429,7.184016],[-60.490102,7.184091],[-60.490737,7.184278],[-60.491036,7.184651],[-60.491484,7.185436],[-60.491821,7.185922],[-60.492307,7.186445],[-60.49339,7.186706],[-60.494063,7.18637],[-60.494773,7.186258],[-60.495969,7.184576],[-60.496903,7.184502],[-60.497239,7.184614],[-60.497762,7.1851],[-60.498061,7.18566],[-60.498323,7.18637],[-60.498509,7.187902],[-60.49907,7.188874],[-60.499855,7.189546],[-60.500228,7.189621],[-60.501536,7.188799],[-60.501947,7.188238],[-60.502059,7.187678],[-60.502284,7.187043],[-60.502321,7.185959],[-60.502508,7.184838],[-60.502956,7.184464],[-60.502882,7.184091],[-60.503143,7.183754],[-60.503517,7.183119],[-60.503816,7.182745],[-60.504451,7.18211],[-60.50475,7.181587],[-60.50475,7.181064],[-60.504675,7.180653],[-60.504414,7.180167],[-60.503741,7.179457],[-60.504488,7.178448],[-60.505273,7.177252],[-60.50475,7.176505],[-60.504526,7.17587],[-60.504152,7.175347],[-60.503293,7.17374],[-60.502919,7.172469],[-60.504601,7.172021],[-60.505722,7.172357],[-60.506207,7.17232],[-60.507179,7.171909],[-60.507889,7.171909],[-60.509272,7.172021],[-60.509608,7.1709],[-60.509982,7.170489],[-60.510916,7.170003],[-60.511738,7.169667],[-60.512037,7.169443],[-60.512149,7.169144],[-60.512186,7.168583],[-60.512074,7.16806],[-60.511924,7.167612],[-60.51185,7.167088],[-60.511663,7.166341],[-60.511338,7.165618],[-60.511934,7.165022],[-60.512769,7.164933],[-60.513514,7.165171],[-60.513931,7.164486],[-60.514467,7.16386],[-60.515481,7.163681],[-60.516196,7.163651],[-60.516852,7.164545],[-60.518521,7.165916],[-60.519296,7.166781],[-60.519862,7.167019],[-60.520488,7.166274],[-60.520995,7.165946],[-60.521502,7.165827],[-60.521829,7.16544],[-60.521978,7.164784],[-60.521889,7.164188],[-60.521948,7.163592],[-60.52177,7.162996],[-60.52174,7.161774],[-60.521352,7.161207],[-60.521621,7.160462],[-60.521889,7.159866],[-60.522038,7.159151],[-60.521919,7.158793],[-60.521591,7.158585],[-60.520846,7.158257],[-60.520071,7.157661],[-60.520041,7.157005],[-60.52022,7.156468],[-60.520786,7.155962],[-60.522008,7.155157],[-60.522574,7.155127],[-60.522843,7.153309],[-60.5232,7.152326],[-60.523796,7.151521],[-60.524511,7.151163],[-60.52478,7.150478],[-60.525167,7.15018],[-60.527462,7.149733],[-60.528029,7.149405],[-60.528565,7.148719],[-60.528595,7.147915],[-60.528297,7.146991],[-60.52779,7.146544],[-60.527701,7.146126],[-60.528356,7.145083],[-60.529161,7.144338],[-60.529549,7.143563],[-60.52928,7.143384],[-60.528654,7.143354],[-60.528178,7.142967],[-60.52788,7.142431],[-60.527134,7.141417],[-60.526866,7.140761],[-60.526657,7.140076],[-60.526836,7.13948],[-60.527403,7.138019],[-60.528813,7.137564],[-60.530137,7.136991],[-60.530468,7.136941],[-60.531982,7.137119],[-60.532046,7.136902],[-60.531969,7.13661],[-60.531931,7.136177],[-60.532198,7.136012],[-60.532695,7.135923],[-60.533471,7.135884],[-60.533815,7.135808],[-60.534603,7.135197],[-60.535278,7.135019],[-60.5358,7.134815],[-60.536398,7.134026],[-60.537709,7.132932],[-60.539694,7.130489],[-60.53799,7.128685],[-60.537635,7.127944],[-60.53716,7.126729],[-60.537487,7.126196],[-60.537961,7.125692],[-60.538672,7.125455],[-60.539087,7.12504],[-60.539591,7.123736],[-60.540272,7.123736],[-60.540717,7.123855],[-60.541339,7.124625],[-60.541843,7.124833],[-60.542614,7.124744],[-60.543414,7.124536],[-60.545074,7.124388],[-60.546022,7.125336],[-60.546525,7.125722],[-60.546822,7.126522],[-60.547207,7.127085],[-60.547652,7.127381],[-60.547919,7.128181],[-60.548008,7.128685],[-60.547919,7.129723],[-60.54783,7.130048],[-60.547919,7.130701],[-60.548126,7.131412],[-60.548393,7.132093],[-60.549341,7.134286],[-60.550023,7.13482],[-60.551001,7.135294],[-60.551623,7.135916],[-60.551682,7.136717],[-60.55186,7.137398],[-60.552216,7.137813],[-60.552838,7.138021],[-60.553253,7.138436],[-60.553431,7.138999],[-60.553312,7.140599],[-60.553609,7.141103],[-60.553964,7.141547],[-60.5540545,7.1419844],[-60.554142,7.142407],[-60.554379,7.143237],[-60.554764,7.144037],[-60.555416,7.144926],[-60.556306,7.145519],[-60.556987,7.146082],[-60.557936,7.147741],[-60.557461,7.149312],[-60.557373,7.150083],[-60.557995,7.150883],[-60.558884,7.152335],[-60.558677,7.152868],[-60.558558,7.153431],[-60.558677,7.15435],[-60.559121,7.154647],[-60.559803,7.154913],[-60.560781,7.155091],[-60.561551,7.15515],[-60.561936,7.155299],[-60.562529,7.155773],[-60.563774,7.156395],[-60.564515,7.156988],[-60.565137,7.157551],[-60.566234,7.158084],[-60.568456,7.162204],[-60.568871,7.162767],[-60.569405,7.163419],[-60.570175,7.163656],[-60.570798,7.164841],[-60.571628,7.165997],[-60.572191,7.166679],[-60.574206,7.167894],[-60.574532,7.168338],[-60.574739,7.16982],[-60.576043,7.170206],[-60.576191,7.170502],[-60.576458,7.171539],[-60.576933,7.172606],[-60.57711,7.173347],[-60.577436,7.174088],[-60.57794,7.174532],[-60.578622,7.174651],[-60.579807,7.174651],[-60.581704,7.175036],[-60.582297,7.175392],[-60.583364,7.175718],[-60.583482,7.176192],[-60.583808,7.176518],[-60.584163,7.176488],[-60.585794,7.175955],[-60.586772,7.175688],[-60.587542,7.175599],[-60.588579,7.175718],[-60.588994,7.175985],[-60.589468,7.176399],[-60.589943,7.176488],[-60.590476,7.176666],[-60.591276,7.177437],[-60.591869,7.177674],[-60.592373,7.178178],[-60.593351,7.178267],[-60.5935607,7.1783961],[-60.593736,7.178504],[-60.59418,7.179363],[-60.594507,7.180667],[-60.594862,7.181112],[-60.595603,7.181675],[-60.59584,7.182267],[-60.596048,7.182623],[-60.596522,7.18286],[-60.597618,7.18366],[-60.598093,7.183957],[-60.5988455,7.1841913],[-60.599426,7.184372],[-60.599397,7.185676],[-60.59913,7.18772],[-60.598952,7.188343],[-60.598922,7.188965],[-60.598922,7.189765],[-60.599136,7.191273],[-60.599061,7.191645],[-60.598853,7.19215],[-60.597977,7.193041],[-60.598022,7.19368],[-60.598319,7.195091],[-60.598215,7.195358],[-60.598155,7.195715],[-60.598809,7.197081],[-60.599087,7.200388],[-60.599412,7.201366],[-60.59965,7.201514],[-60.600242,7.201692],[-60.600716,7.201899],[-60.601102,7.202166],[-60.601263,7.202786],[-60.603783,7.205038],[-60.604849,7.205483],[-60.605442,7.205601],[-60.606302,7.205868],[-60.607369,7.205186],[-60.608347,7.204623],[-60.608791,7.204475],[-60.609266,7.204475],[-60.610036,7.204653],[-60.610717,7.204505],[-60.611162,7.20406],[-60.611844,7.203112],[-60.612288,7.202845],[-60.613533,7.202934],[-60.613829,7.203052],[-60.614333,7.203378],[-60.615222,7.203734],[-60.617267,7.204386],[-60.618245,7.204564],[-60.618423,7.204742],[-60.618512,7.205216],[-60.619016,7.20572],[-60.619697,7.207024],[-60.620201,7.207853],[-60.620498,7.208565],[-60.620883,7.209098],[-60.622187,7.209543],[-60.623016,7.209928],[-60.624054,7.210521],[-60.624469,7.210965],[-60.624718,7.21241],[-60.624731,7.21322],[-60.62488,7.214566],[-60.625005,7.215226],[-60.625042,7.215862],[-60.625447,7.217337],[-60.625862,7.217989],[-60.626395,7.218967],[-60.626721,7.219767],[-60.627195,7.220627],[-60.627432,7.221397],[-60.627403,7.222197],[-60.627873,7.222688],[-60.628304,7.22303],[-60.628469,7.223397],[-60.62857,7.224297],[-60.62876,7.224918],[-60.627962,7.226629],[-60.627772,7.227237],[-60.627708,7.227668],[-60.627772,7.228098],[-60.62805,7.228479],[-60.628747,7.228973],[-60.628709,7.229961],[-60.628621,7.230861],[-60.628618,7.231148],[-60.628677,7.231503],[-60.629566,7.232274],[-60.629922,7.232985],[-60.630544,7.23343],[-60.631137,7.233696],[-60.632145,7.234882],[-60.632056,7.235267],[-60.632234,7.235949],[-60.632648,7.236423],[-60.633449,7.237075],[-60.634249,7.237934],[-60.635168,7.238823],[-60.635464,7.239446],[-60.635138,7.240898],[-60.63499,7.242083],[-60.635197,7.243209],[-60.635464,7.243565],[-60.636175,7.243773],[-60.636768,7.244069],[-60.637301,7.24478],[-60.637953,7.245995],[-60.636975,7.247062],[-60.636679,7.247625],[-60.6366476,7.2477822],[-60.63659,7.24807],[-60.63659,7.248781],[-60.636768,7.249552],[-60.636827,7.250322],[-60.636708,7.251063],[-60.636294,7.251685],[-60.635938,7.25213],[-60.635256,7.252515],[-60.634782,7.25296],[-60.634427,7.253523],[-60.634338,7.254293],[-60.634367,7.254738],[-60.634516,7.25539],[-60.634575,7.256575],[-60.634664,7.257079],[-60.635168,7.257968],[-60.635256,7.259213],[-60.635523,7.259539],[-60.635879,7.260161],[-60.636175,7.261732],[-60.635049,7.263184],[-60.633715,7.264636],[-60.633271,7.265377],[-60.632915,7.266118],[-60.632263,7.266948],[-60.631759,7.268252],[-60.631493,7.268637],[-60.630929,7.269793],[-60.630366,7.271127],[-60.628796,7.271216],[-60.628292,7.271186],[-60.627818,7.271245],[-60.627462,7.271601],[-60.627165,7.272194],[-60.627136,7.272698],[-60.627195,7.273142],[-60.626543,7.273557],[-60.62598,7.274061],[-60.625387,7.274446],[-60.624854,7.27492],[-60.624172,7.275217],[-60.62272,7.276402],[-60.620675,7.276817],[-60.619964,7.277024],[-60.618482,7.277558],[-60.617919,7.277676],[-60.616793,7.277558],[-60.616437,7.277706],[-60.616171,7.277913],[-60.616022,7.278299],[-60.616022,7.27898],[-60.615667,7.279217],[-60.615786,7.280818],[-60.615993,7.281381],[-60.616349,7.281707],[-60.616971,7.282033],[-60.616526,7.283189],[-60.616319,7.283544],[-60.61581,7.283937],[-60.615305,7.284189],[-60.614975,7.284481],[-60.614518,7.284733],[-60.614042,7.285132],[-60.614126,7.285411],[-60.614185,7.285974],[-60.613622,7.286508],[-60.613059,7.286893],[-60.612911,7.287278],[-60.612911,7.288079],[-60.613148,7.28876],[-60.6136202,7.2894982],[-60.614096,7.290242],[-60.614926,7.292435],[-60.614985,7.293146],[-60.614837,7.293739],[-60.614778,7.294273],[-60.614956,7.294865],[-60.615015,7.295636],[-60.614867,7.296347],[-60.614896,7.297058],[-60.61543,7.298688],[-60.615133,7.298837],[-60.614718,7.299251],[-60.613948,7.2994],[-60.613148,7.299459],[-60.612436,7.299637],[-60.612022,7.299933],[-60.610481,7.302778],[-60.609888,7.302571],[-60.608969,7.302126],[-60.608584,7.302185],[-60.608169,7.302334],[-60.608021,7.304201],[-60.60805,7.304882],[-60.607487,7.306572],[-60.606954,7.307313],[-60.604524,7.308053],[-60.603575,7.308231],[-60.601412,7.308528],[-60.600938,7.308409],[-60.600197,7.308142],[-60.599723,7.307787],[-60.59913,7.30752],[-60.598448,7.307461],[-60.597766,7.307609],[-60.597322,7.307787],[-60.596729,7.307757],[-60.595544,7.307876],[-60.593973,7.308202],[-60.593469,7.308142],[-60.592432,7.307905],[-60.59175,7.309357],[-60.591424,7.310928],[-60.591158,7.311254],[-60.590358,7.311639],[-60.589972,7.311936],[-60.589557,7.312351],[-60.588876,7.313684],[-60.588135,7.314277],[-60.588046,7.314899],[-60.588194,7.315611],[-60.588046,7.316411],[-60.588876,7.317033],[-60.589824,7.317389],[-60.59018,7.31813],[-60.590654,7.318811],[-60.590861,7.319612],[-60.590891,7.320323],[-60.591187,7.320856],[-60.593054,7.322753],[-60.59341,7.323346],[-60.593381,7.323938],[-60.593114,7.325628],[-60.592728,7.326487],[-60.592432,7.327347],[-60.592343,7.327969],[-60.592343,7.328621],[-60.592402,7.329065],[-60.592373,7.32948],[-60.592165,7.329925],[-60.59181,7.330429],[-60.591632,7.330933],[-60.591454,7.331733],[-60.592373,7.332503],[-60.592639,7.332918],[-60.592906,7.33357],[-60.593143,7.333896],[-60.593884,7.334548],[-60.594536,7.334904],[-60.594921,7.3352],[-60.594981,7.335941],[-60.595218,7.336563],[-60.595692,7.337156],[-60.596285,7.33763],[-60.597144,7.338134],[-60.598033,7.338875],[-60.597411,7.339616],[-60.597055,7.340179],[-60.596848,7.340713],[-60.596729,7.341602],[-60.596581,7.342165],[-60.596166,7.342698],[-60.595455,7.343083],[-60.594981,7.343706],[-60.594773,7.344417],[-60.594536,7.345039],[-60.593973,7.345751],[-60.593647,7.346847],[-60.59341,7.347381],[-60.593351,7.34821],[-60.593232,7.348892],[-60.593203,7.349959],[-60.59341,7.350848],[-60.593736,7.351796],[-60.59418,7.351915],[-60.594773,7.351826],[-60.594981,7.352034],[-60.595307,7.352715],[-60.595514,7.353515],[-60.59584,7.354493],[-60.59747,7.354819],[-60.597855,7.355145],[-60.598804,7.356331],[-60.599426,7.356568],[-60.599989,7.356686],[-60.600878,7.356479],[-60.60153,7.356568],[-60.601767,7.356953],[-60.6023201,7.357564],[-60.6025377,7.3578044],[-60.602894,7.358198],[-60.603723,7.358494],[-60.604257,7.35885],[-60.604701,7.359413],[-60.605116,7.360184],[-60.605709,7.360835],[-60.60642,7.361458],[-60.606657,7.362288],[-60.60728,7.363117],[-60.608139,7.365607],[-60.608791,7.366852],[-60.609502,7.367326],[-60.610214,7.367711],[-60.61054,7.368245],[-60.61134,7.369104],[-60.610925,7.37023],[-60.610332,7.371149],[-60.60968,7.371771],[-60.609414,7.372275],[-60.609295,7.372601],[-60.609206,7.373312],[-60.609028,7.373786],[-60.608258,7.374409],[-60.607724,7.374616],[-60.607576,7.375091],[-60.607309,7.375683],[-60.607932,7.378143],[-60.60888,7.380069],[-60.609295,7.380662],[-60.609829,7.381196],[-60.610421,7.381433],[-60.610925,7.381907],[-60.611399,7.382618],[-60.611577,7.383003],[-60.611577,7.3833],[-60.611369,7.383744],[-60.610925,7.384307],[-60.610806,7.384663],[-60.610925,7.385967],[-60.611014,7.386412],[-60.611014,7.387775],[-60.611192,7.388427],[-60.611518,7.388931],[-60.612555,7.390324],[-60.612316,7.39055],[-60.611555,7.390807],[-60.611248,7.391074],[-60.61114,7.391252],[-60.611031,7.391667],[-60.610843,7.391964],[-60.610507,7.392151],[-60.609933,7.3923],[-60.609429,7.392329],[-60.60845,7.392231],[-60.607847,7.392043],[-60.607787,7.39229],[-60.607362,7.393012],[-60.607224,7.393565],[-60.607481,7.393734],[-60.607906,7.393852],[-60.608376,7.394295],[-60.609177,7.395895],[-60.609799,7.396695],[-60.611518,7.396221],[-60.611903,7.395925],[-60.612763,7.395777],[-60.613978,7.395184],[-60.61457,7.39551],[-60.615637,7.39628],[-60.616111,7.396784],[-60.616882,7.397051],[-60.617297,7.397495],[-60.617682,7.398088],[-60.617949,7.398681],[-60.618216,7.399066],[-60.618275,7.399511],[-60.618245,7.399985],[-60.61869,7.400726],[-60.619431,7.401556],[-60.62115,7.401496],[-60.622661,7.4012],[-60.623135,7.401259],[-60.623757,7.401763],[-60.62438,7.402059],[-60.625328,7.402622],[-60.62518,7.403275],[-60.625002,7.403719],[-60.624765,7.404015],[-60.624558,7.40443],[-60.624469,7.404756],[-60.624647,7.40529],[-60.625062,7.405705],[-60.625506,7.405971],[-60.625693,7.406673],[-60.626025,7.407065],[-60.626484,7.407983],[-60.627442,7.409493],[-60.627901,7.40936],[-60.628713,7.408901],[-60.629359,7.409261],[-60.63004,7.409943],[-60.630574,7.410239],[-60.631196,7.410269],[-60.631522,7.410387],[-60.632026,7.410743],[-60.632589,7.411513],[-60.633033,7.411839],[-60.633478,7.412047],[-60.634041,7.412165],[-60.635375,7.412877],[-60.635908,7.413351],[-60.636768,7.413973],[-60.637212,7.41504],[-60.637479,7.415544],[-60.638102,7.416463],[-60.639109,7.416996],[-60.639702,7.417055],[-60.640532,7.416907],[-60.641539,7.416611],[-60.641835,7.417055],[-60.642576,7.417737],[-60.64311,7.418389],[-60.643021,7.418567],[-60.642221,7.419663],[-60.641865,7.420493],[-60.641658,7.421293],[-60.641332,7.422153],[-60.641213,7.422686],[-60.641302,7.423071],[-60.641599,7.42319],[-60.641895,7.423575],[-60.641984,7.424168],[-60.641865,7.424701],[-60.641924,7.425294],[-60.64228,7.426213],[-60.642191,7.426924],[-60.64228,7.427547],[-60.642399,7.427961],[-60.64145,7.428762],[-60.640858,7.428939],[-60.639642,7.429591],[-60.639813,7.430662],[-60.639768,7.432031],[-60.638845,7.432523],[-60.63819,7.432806],[-60.637833,7.433088],[-60.637134,7.433922],[-60.6373116,7.4342699],[-60.637476,7.434592],[-60.637595,7.435455],[-60.637952,7.436006],[-60.638101,7.436944],[-60.638235,7.437227],[-60.638562,7.437614],[-60.638682,7.437927],[-60.638771,7.438879],[-60.638964,7.4394],[-60.639098,7.439966],[-60.639039,7.440174],[-60.638003,7.440946],[-60.638107,7.441292],[-60.6379,7.441811],[-60.637865,7.442226],[-60.6379,7.442607],[-60.638003,7.443022],[-60.638418,7.443195],[-60.639145,7.443229],[-60.639733,7.443368],[-60.640148,7.443887],[-60.640563,7.444302],[-60.640597,7.444648],[-60.640356,7.444994],[-60.639767,7.445409],[-60.639525,7.445685],[-60.639214,7.44655],[-60.639006,7.446896],[-60.639214,7.447242],[-60.641151,7.447726],[-60.642846,7.448695],[-60.644229,7.449248],[-60.645094,7.449975],[-60.645406,7.450321],[-60.645924,7.451254],[-60.646513,7.451635],[-60.646928,7.451773],[-60.647481,7.452119],[-60.647931,7.452638],[-60.64838,7.452915],[-60.649072,7.453019],[-60.64966,7.452915],[-60.650456,7.452915],[-60.651355,7.452396],[-60.651909,7.452154],[-60.652808,7.452258],[-60.653534,7.4525],[-60.654122,7.453019],[-60.654711,7.453088],[-60.655333,7.453503],[-60.655644,7.453987],[-60.655541,7.454368],[-60.65561,7.455647],[-60.656405,7.455993],[-60.657616,7.456201],[-60.658446,7.456547],[-60.659968,7.45838],[-60.66111,7.458449],[-60.66239,7.458761],[-60.66488,7.459902],[-60.665295,7.459971],[-60.665814,7.459556],[-60.666264,7.458691],[-60.666713,7.456893],[-60.668097,7.456443],[-60.669896,7.455509],[-60.671106,7.455405],[-60.672282,7.453745],[-60.673562,7.455129],[-60.674566,7.455924],[-60.675569,7.456927],[-60.676433,7.457688],[-60.677402,7.459279],[-60.677955,7.459764],[-60.678543,7.460144],[-60.679373,7.460386],[-60.680031,7.460663],[-60.681207,7.461632],[-60.681691,7.462531],[-60.682348,7.462912],[-60.683282,7.462739],[-60.683563,7.46319],[-60.683647,7.463733],[-60.68372,7.465835],[-60.683647,7.466269],[-60.683273,7.466861],[-60.682838,7.467284],[-60.683285,7.46796],[-60.683647,7.468322],[-60.683901,7.468757],[-60.683973,7.469252],[-60.683309,7.469687],[-60.682971,7.469856],[-60.682693,7.470086],[-60.682488,7.470363],[-60.682404,7.470762],[-60.682415,7.471342],[-60.682548,7.471849],[-60.682729,7.47232],[-60.683179,7.472424],[-60.683905,7.473254],[-60.684251,7.47405],[-60.685254,7.475087],[-60.6856,7.475848],[-60.686153,7.475779],[-60.686949,7.475503],[-60.687779,7.475503],[-60.688575,7.474914],[-60.689336,7.474534],[-60.690477,7.474603],[-60.692829,7.474534],[-60.692968,7.474845],[-60.693245,7.475191],[-60.693383,7.475503],[-60.693383,7.476125],[-60.695009,7.477751],[-60.696288,7.478201],[-60.697291,7.478719],[-60.697637,7.479065],[-60.697672,7.480899],[-60.6966,7.481487],[-60.696461,7.481833],[-60.696531,7.482559],[-60.696807,7.483182],[-60.697153,7.483804],[-60.697291,7.484669],[-60.697637,7.484946],[-60.697776,7.485845],[-60.698606,7.486087],[-60.699194,7.486399],[-60.700439,7.487229],[-60.701027,7.488024],[-60.701546,7.489027],[-60.701823,7.489823],[-60.703137,7.492037],[-60.703622,7.493144],[-60.704106,7.493836],[-60.705662,7.495565],[-60.705905,7.496257],[-60.705662,7.496568],[-60.705351,7.497329],[-60.704625,7.499681],[-60.704383,7.50065],[-60.704313,7.501584],[-60.704521,7.502552],[-60.704832,7.503175],[-60.704901,7.504005],[-60.704659,7.505043],[-60.704555,7.506184],[-60.704313,7.506772],[-60.704625,7.507568],[-60.705005,7.508018],[-60.70542,7.508709],[-60.705628,7.509367],[-60.706043,7.510024],[-60.706389,7.510716],[-60.706839,7.51075],[-60.708326,7.510647],[-60.708568,7.51075],[-60.708948,7.511373],[-60.709986,7.512653],[-60.710194,7.513172],[-60.710297,7.513863],[-60.709502,7.514728],[-60.709191,7.515282],[-60.709018,7.515801],[-60.708741,7.516181],[-60.708672,7.516631],[-60.70843,7.51708],[-60.708084,7.517219],[-60.707496,7.51715],[-60.706977,7.517323],[-60.706804,7.517668],[-60.706873,7.518395],[-60.707081,7.518983],[-60.707634,7.519917],[-60.7081659,7.521108],[-60.708499,7.521854],[-60.708672,7.52303],[-60.709087,7.523272],[-60.709917,7.523272],[-60.710297,7.523376],[-60.710782,7.523895],[-60.711266,7.524552],[-60.711612,7.524794],[-60.712269,7.52476],[-60.712961,7.524621],[-60.7131945,7.5250332],[-60.713549,7.525659],[-60.713376,7.526178],[-60.713065,7.527803],[-60.712892,7.528184],[-60.712442,7.52808],[-60.711612,7.527976],[-60.711335,7.529187],[-60.711439,7.529706],[-60.712235,7.530156],[-60.713722,7.531366],[-60.713757,7.532473],[-60.713999,7.53441],[-60.714172,7.534618],[-60.714725,7.535033],[-60.715417,7.53531],[-60.716178,7.535517],[-60.717043,7.535483],[-60.717942,7.534964],[-60.718288,7.535656],[-60.71853,7.536486],[-60.71898,7.537316],[-60.719741,7.538215],[-60.720191,7.538354],[-60.720363,7.538838],[-60.719499,7.539391],[-60.71898,7.539806],[-60.718253,7.540187],[-60.71815,7.54074],[-60.717769,7.541155],[-60.71725,7.541363],[-60.716282,7.541363],[-60.71559,7.541432],[-60.715071,7.541259],[-60.714414,7.540775],[-60.714137,7.540844],[-60.713791,7.54119],[-60.713099,7.542574],[-60.712304,7.54285],[-60.712027,7.543127],[-60.711819,7.543611],[-60.711819,7.544269],[-60.710817,7.545375],[-60.71092,7.545825],[-60.711474,7.546379],[-60.7122,7.547001],[-60.711578,7.547416],[-60.710471,7.548558],[-60.710021,7.548835],[-60.709571,7.549319],[-60.709675,7.549872],[-60.710609,7.550564],[-60.710886,7.551325],[-60.711024,7.551982],[-60.711335,7.552432],[-60.711647,7.553124],[-60.711578,7.553573],[-60.71137,7.554023],[-60.710574,7.554646],[-60.710021,7.55558],[-60.709156,7.554992],[-60.708464,7.55468],[-60.707461,7.555234],[-60.706562,7.556306],[-60.706769,7.557067],[-60.707426,7.558382],[-60.706769,7.559039],[-60.706251,7.559661],[-60.705801,7.560111],[-60.705005,7.560249],[-60.704694,7.560249],[-60.703898,7.559869],[-60.703345,7.559869],[-60.702826,7.559696],[-60.702134,7.559039],[-60.701442,7.559488],[-60.700681,7.559592],[-60.700059,7.559385],[-60.699505,7.559073],[-60.698883,7.558555],[-60.698364,7.558451],[-60.697672,7.558624],[-60.697188,7.558658],[-60.696738,7.558624],[-60.69615,7.558312],[-60.695735,7.557932],[-60.695181,7.557759],[-60.69449,7.557897],[-60.693798,7.557794],[-60.693383,7.557275],[-60.692622,7.555753],[-60.691964,7.556168],[-60.691549,7.556272],[-60.691134,7.556444],[-60.690789,7.556929],[-60.690408,7.557205],[-60.689267,7.557275],[-60.688782,7.557517],[-60.68816,7.557966],[-60.687675,7.558105],[-60.68771,7.558416],[-60.688194,7.559281],[-60.688851,7.560042],[-60.68937,7.560526],[-60.690097,7.560872],[-60.689405,7.562083],[-60.688851,7.56274],[-60.689093,7.563224],[-60.689163,7.56357],[-60.689128,7.564089],[-60.689059,7.564469],[-60.688921,7.564815],[-60.688609,7.565196],[-60.688678,7.565784],[-60.688575,7.566545],[-60.688886,7.566718],[-60.689785,7.567721],[-60.689647,7.568205],[-60.689751,7.568447],[-60.690789,7.569554],[-60.690823,7.570108],[-60.690443,7.571422],[-60.690823,7.57201],[-60.691031,7.572529],[-60.691411,7.573048],[-60.69193,7.573428],[-60.691549,7.574397],[-60.691757,7.574674],[-60.692172,7.57502],[-60.692345,7.575573],[-60.691792,7.576057],[-60.691411,7.576507],[-60.690789,7.576818],[-60.690166,7.57751],[-60.689439,7.578202],[-60.688921,7.57796],[-60.688367,7.577787],[-60.687468,7.577994],[-60.686983,7.578237],[-60.68643,7.578375],[-60.685738,7.578098],[-60.685461,7.577579],[-60.685358,7.577095],[-60.685289,7.576334],[-60.685392,7.575677],[-60.6856,7.57502],[-60.685116,7.574397],[-60.684735,7.574017],[-60.684043,7.573463],[-60.68349,7.572806],[-60.68349,7.571284],[-60.683386,7.570834],[-60.683005,7.569969],[-60.683144,7.56952],[-60.682902,7.568862],[-60.682521,7.568102],[-60.681968,7.568171],[-60.681726,7.568032],[-60.681345,7.567479],[-60.680999,7.567098],[-60.679962,7.566925],[-60.679719,7.566303],[-60.679235,7.565991],[-60.67837,7.566234],[-60.677817,7.566337],[-60.67716,7.566268],[-60.676676,7.565403],[-60.67633,7.564885],[-60.675603,7.564885],[-60.674773,7.565507],[-60.673805,7.565853],[-60.673355,7.566337],[-60.673216,7.566718],[-60.673113,7.567237],[-60.672421,7.568759],[-60.671418,7.568793],[-60.670795,7.568966],[-60.670276,7.569208],[-60.669792,7.569451],[-60.669446,7.569762],[-60.669135,7.569866],[-60.668235,7.569727],[-60.667613,7.5699],[-60.667025,7.570142],[-60.666679,7.570454],[-60.665572,7.570627],[-60.665122,7.570142],[-60.664776,7.569624],[-60.6645,7.568828],[-60.663635,7.568966],[-60.66239,7.569001],[-60.662251,7.568828],[-60.662078,7.568344],[-60.662182,7.566891],[-60.662009,7.566753],[-60.661455,7.56658],[-60.661179,7.566199],[-60.660937,7.565542],[-60.660349,7.564573],[-60.659346,7.564573],[-60.658792,7.564988],[-60.658412,7.565196],[-60.657858,7.566095],[-60.657512,7.566372],[-60.657097,7.566372],[-60.656578,7.566303],[-60.656094,7.56651],[-60.654711,7.566683],[-60.653984,7.567168],[-60.653362,7.567721],[-60.652912,7.567963],[-60.652289,7.568102],[-60.651632,7.56869],[-60.651044,7.569554],[-60.650525,7.569658],[-60.649626,7.569693],[-60.648657,7.569866],[-60.648484,7.570384],[-60.648,7.570973],[-60.64755,7.570869],[-60.646928,7.5708],[-60.646236,7.570973],[-60.646132,7.571249],[-60.646098,7.572529],[-60.64627,7.573325],[-60.646201,7.574051],[-60.645993,7.575227],[-60.645613,7.575435],[-60.644921,7.575608],[-60.64461,7.57502],[-60.644091,7.574605],[-60.643157,7.574397],[-60.642673,7.575158],[-60.64205,7.57585],[-60.641774,7.576023],[-60.641255,7.575884],[-60.640736,7.576127],[-60.63949,7.577233],[-60.638868,7.577579],[-60.63873,7.577821],[-60.63873,7.578375],[-60.638038,7.579378],[-60.637173,7.581038],[-60.637,7.581765],[-60.636896,7.582526],[-60.637944,7.582679],[-60.639144,7.583202],[-60.639956,7.584084],[-60.640358,7.584825],[-60.640205,7.585233],[-60.639873,7.585757],[-60.639783,7.586083],[-60.639803,7.586351],[-60.640307,7.58761],[-60.640449,7.588133],[-60.640782,7.588657],[-60.641258,7.588847],[-60.641711,7.589156],[-60.641932,7.589875],[-60.642009,7.590587],[-60.642268,7.59153],[-60.642297,7.592801],[-60.641941,7.593676],[-60.6417,7.593965],[-60.641306,7.594312],[-60.641181,7.594571],[-60.641133,7.595428],[-60.640873,7.596025],[-60.640411,7.596342],[-60.639651,7.596554],[-60.638967,7.596968],[-60.638548,7.597097],[-60.638453,7.597192],[-60.63828,7.597677],[-60.638315,7.598195],[-60.638453,7.598472],[-60.638937,7.59868],[-60.639387,7.598783],[-60.639664,7.598956],[-60.639664,7.599683],[-60.639594,7.600721],[-60.6379,7.601101],[-60.637242,7.600893],[-60.636066,7.601239],[-60.635547,7.601585],[-60.635201,7.601931],[-60.634786,7.602173],[-60.632365,7.602588],[-60.631708,7.602761],[-60.631258,7.602969],[-60.630808,7.603107],[-60.629701,7.603246],[-60.62856,7.603834],[-60.628076,7.604283],[-60.627834,7.604698],[-60.627937,7.604975],[-60.628352,7.605563],[-60.62856,7.606047],[-60.628456,7.606566],[-60.628249,7.606981],[-60.627937,7.607431],[-60.627834,7.60795],[-60.627972,7.608953],[-60.62773,7.609368],[-60.62728,7.609714],[-60.626588,7.609679],[-60.626,7.609818],[-60.625551,7.61006],[-60.625101,7.609818],[-60.624513,7.609749],[-60.623994,7.609991],[-60.622922,7.610025],[-60.622576,7.610475],[-60.622334,7.611063],[-60.622714,7.611513],[-60.622472,7.612343],[-60.620916,7.614557],[-60.621157,7.615041],[-60.621054,7.615421],[-60.620466,7.615664],[-60.619982,7.616044],[-60.619636,7.616528],[-60.619532,7.616943],[-60.619774,7.617635],[-60.62012,7.61812],[-60.620189,7.618569],[-60.6205,7.618984],[-60.621538,7.619745],[-60.622023,7.619987],[-60.622818,7.620126],[-60.623475,7.621336],[-60.623787,7.621233],[-60.624305,7.620921],[-60.625274,7.622305],[-60.626104,7.623308],[-60.625896,7.623896],[-60.62562,7.624968],[-60.62517,7.625833],[-60.625101,7.626352],[-60.625378,7.627044],[-60.625862,7.627736],[-60.625758,7.627978],[-60.624997,7.629154],[-60.625205,7.630226],[-60.625239,7.631506],[-60.625205,7.633097],[-60.625032,7.633443],[-60.624582,7.633997],[-60.624167,7.634758],[-60.623683,7.635899],[-60.623198,7.636625],[-60.622057,7.636937],[-60.621918,7.637352],[-60.621918,7.637732],[-60.622023,7.638251],[-60.621607,7.638597],[-60.621088,7.639116],[-60.620742,7.639635],[-60.620397,7.639808],[-60.619774,7.639808],[-60.618252,7.641503],[-60.617837,7.642679],[-60.616765,7.642748],[-60.615865,7.642886],[-60.615277,7.643025],[-60.61463,7.643383],[-60.612897,7.643383],[-60.61236,7.643466],[-60.611287,7.642476],[-60.610689,7.641753],[-60.610008,7.641052],[-60.609307,7.640763],[-60.608481,7.640515],[-60.607697,7.640392],[-60.607511,7.640247],[-60.607264,7.639938],[-60.606913,7.639319],[-60.606397,7.638782],[-60.605695,7.638411],[-60.605056,7.637874],[-60.604664,7.638225],[-60.6039,7.63872],[-60.60293,7.638658],[-60.602373,7.638741],[-60.601961,7.638988],[-60.601238,7.639649],[-60.600991,7.639566],[-60.600021,7.639628],[-60.599443,7.639463],[-60.598989,7.639153],[-60.598638,7.6387],[-60.59835,7.637957],[-60.598102,7.637874],[-60.597792,7.637358],[-60.597524,7.636162],[-60.597524,7.635419],[-60.597277,7.635047],[-60.597277,7.634696],[-60.597174,7.634201],[-60.59705,7.634036],[-60.596492,7.633562],[-60.596039,7.633046],[-60.595482,7.632509],[-60.594966,7.632674],[-60.594594,7.632303],[-60.5935,7.631601],[-60.59284,7.631271],[-60.592551,7.631601],[-60.5922,7.631849],[-60.59185,7.631849],[-60.591478,7.631725],[-60.590983,7.631436],[-60.590674,7.631395],[-60.590323,7.631478],[-60.589828,7.632943],[-60.589044,7.634077],[-60.588734,7.634346],[-60.588466,7.634717],[-60.588383,7.635295],[-60.588528,7.635501],[-60.589044,7.635831],[-60.589456,7.636182],[-60.589683,7.63645],[-60.589869,7.63676],[-60.590426,7.636801],[-60.590818,7.636946],[-60.59088,7.63742],[-60.590715,7.637771],[-60.590756,7.63808],[-60.59119,7.638926],[-60.591231,7.639277],[-60.591066,7.640041],[-60.591169,7.64068],[-60.591231,7.641691],[-60.590426,7.642187],[-60.589952,7.642579],[-60.589807,7.642909],[-60.589807,7.64328],[-60.589848,7.643652],[-60.590096,7.644147],[-60.590508,7.64458],[-60.591416,7.646272],[-60.591416,7.646767],[-60.591334,7.647407],[-60.591602,7.648521],[-60.59187,7.648913],[-60.592221,7.649698],[-60.591932,7.650791],[-60.591602,7.651266],[-60.59119,7.651699],[-60.590818,7.65174],[-60.59055,7.651864],[-60.59022,7.652194],[-60.590344,7.653102],[-60.59024,7.653763],[-60.58991,7.653928],[-60.589312,7.654093],[-60.589456,7.654485],[-60.589766,7.655021],[-60.589869,7.655393],[-60.590116,7.655805],[-60.591561,7.656053],[-60.591767,7.656259],[-60.591747,7.656734],[-60.591582,7.657208],[-60.591169,7.657415],[-60.59088,7.657621],[-60.590632,7.657993],[-60.590302,7.658343],[-60.589724,7.658632],[-60.589229,7.659272],[-60.589209,7.659602],[-60.588652,7.659994],[-60.587868,7.660427],[-60.587723,7.660654],[-60.587888,7.661335],[-60.588156,7.661913],[-60.588672,7.66245],[-60.58991,7.663502],[-60.590467,7.664203],[-60.590385,7.664575],[-60.590158,7.665214],[-60.589807,7.665751],[-60.590137,7.665916],[-60.591313,7.66637],[-60.591767,7.666762],[-60.592283,7.667299],[-60.592778,7.667526],[-60.592778,7.667753],[-60.592675,7.668227],[-60.592572,7.669218],[-60.592572,7.66996],[-60.592448,7.670744],[-60.592469,7.671116],[-60.592428,7.671838],[-60.592531,7.672911],[-60.592778,7.673344],[-60.593377,7.673901],[-60.593212,7.674273],[-60.592778,7.674562],[-60.59218,7.674747],[-60.591602,7.67514],[-60.590777,7.676522],[-60.590261,7.677141],[-60.590034,7.677616],[-60.590034,7.67807],[-60.589669,7.679529],[-60.589112,7.679529],[-60.588758,7.679428],[-60.58832,7.679158],[-60.587746,7.678939],[-60.586937,7.678855],[-60.58601,7.678652],[-60.585183,7.678231],[-60.585049,7.678383],[-60.584728,7.67845],[-60.583919,7.678399],[-60.583497,7.678484],[-60.58316,7.678416],[-60.582772,7.678467],[-60.582115,7.678703],[-60.582199,7.680001],[-60.582351,7.680389],[-60.582621,7.680827],[-60.582165,7.681114],[-60.582233,7.681637],[-60.582233,7.682126],[-60.582132,7.682378],[-60.58193,7.682665],[-60.581927,7.68303],[-60.58219,7.683865],[-60.580785,7.684655],[-60.580961,7.685182],[-60.581312,7.685665],[-60.581883,7.68606],[-60.581883,7.686543],[-60.581268,7.687553],[-60.580302,7.688476],[-60.579863,7.688432],[-60.579336,7.688124],[-60.578765,7.688124],[-60.57837,7.688256],[-60.577887,7.688651],[-60.577448,7.688915],[-60.577843,7.689354],[-60.578414,7.690759],[-60.579029,7.691418],[-60.579424,7.692208],[-60.579424,7.692735],[-60.579161,7.693306],[-60.579512,7.693613],[-60.57938,7.695194],[-60.579424,7.696248],[-60.578546,7.696512],[-60.578634,7.697302],[-60.578502,7.697566],[-60.578063,7.697961],[-60.577141,7.69818],[-60.576657,7.698663],[-60.576174,7.698795],[-60.57534,7.698883],[-60.575296,7.699498],[-60.575077,7.700069],[-60.574418,7.701254],[-60.573935,7.701298],[-60.573364,7.701913],[-60.573012,7.70244],[-60.572486,7.702791],[-60.572003,7.702967],[-60.571739,7.703011],[-60.570861,7.702308],[-60.570378,7.702791],[-60.570246,7.703318],[-60.570071,7.703713],[-60.569236,7.70424],[-60.568138,7.705602],[-60.568402,7.705777],[-60.568929,7.705997],[-60.569412,7.706128],[-60.569807,7.706524],[-60.569939,7.706963],[-60.569544,7.70727],[-60.56928,7.707578],[-60.569148,7.708588],[-60.568665,7.709115],[-60.569324,7.709554],[-60.569719,7.709685],[-60.570027,7.709993],[-60.570071,7.710739],[-60.57029,7.711178],[-60.570949,7.711574],[-60.57108,7.713286],[-60.570817,7.713769],[-60.570685,7.714165],[-60.570685,7.714823],[-60.570773,7.714999],[-60.571124,7.715175],[-60.571695,7.715306],[-60.572047,7.716492],[-60.572354,7.716668],[-60.573188,7.716712],[-60.57354,7.717063],[-60.574067,7.717985],[-60.575384,7.718556],[-60.575736,7.719455],[-60.576133,7.720015],[-60.576386,7.720521],[-60.576422,7.72081],[-60.57588,7.721172],[-60.575465,7.721551],[-60.575085,7.722473],[-60.574706,7.72296],[-60.575067,7.723484],[-60.576025,7.724551],[-60.575917,7.724785],[-60.575899,7.725129],[-60.576133,7.725743],[-60.57617,7.726267],[-60.576477,7.726412],[-60.576766,7.726394],[-60.577127,7.726177],[-60.577561,7.726068],[-60.578049,7.726177],[-60.578338,7.726339],[-60.578609,7.726737],[-60.578645,7.726972],[-60.578428,7.727261],[-60.578645,7.727568],[-60.578934,7.727839],[-60.579693,7.728327],[-60.579892,7.728237],[-60.580163,7.72802],[-60.580362,7.72764],[-60.581048,7.727857],[-60.581609,7.727875],[-60.582114,7.728056],[-60.582548,7.72811],[-60.582675,7.728219],[-60.58347,7.72952],[-60.584301,7.730279],[-60.58417,7.730754],[-60.583918,7.731038],[-60.583477,7.731195],[-60.583068,7.731668],[-60.582753,7.73214],[-60.582784,7.73277],[-60.583635,7.733117],[-60.583666,7.733747],[-60.583635,7.734219],[-60.583257,7.734975],[-60.582942,7.73529],[-60.582847,7.735731],[-60.582627,7.736235],[-60.582154,7.736235],[-60.581745,7.736298],[-60.581493,7.736519],[-60.581524,7.736771],[-60.582218,7.737533],[-60.582075,7.737892],[-60.581799,7.738263],[-60.581428,7.738383],[-60.580961,7.737665],[-60.580662,7.737341],[-60.580315,7.73721],[-60.579644,7.736515],[-60.579464,7.736455],[-60.579141,7.736515],[-60.57883,7.736683],[-60.578088,7.737246],[-60.577633,7.737737],[-60.577272,7.737873],[-60.576736,7.738377],[-60.577083,7.738787],[-60.576957,7.739448],[-60.576642,7.739889],[-60.576264,7.740141],[-60.575476,7.740834],[-60.575823,7.74137],[-60.575445,7.741716],[-60.575004,7.741968],[-60.574153,7.741023],[-60.573586,7.740834],[-60.573051,7.740519],[-60.572547,7.740299],[-60.57198,7.740141],[-60.57157,7.740267],[-60.571003,7.740614],[-60.570436,7.740803],[-60.570153,7.741496],[-60.569869,7.741874],[-60.569491,7.742157],[-60.56883,7.742315],[-60.568452,7.742598],[-60.568011,7.74285],[-60.567822,7.743165],[-60.567507,7.744047],[-60.567066,7.744362],[-60.567286,7.744992],[-60.567255,7.745465],[-60.567318,7.74578],[-60.567759,7.746252],[-60.567664,7.746788],[-60.567696,7.747166],[-60.567475,7.747607],[-60.567192,7.747859],[-60.566908,7.748237],[-60.566656,7.748741],[-60.566373,7.749119],[-60.566026,7.749276],[-60.5659,7.749812],[-60.565743,7.750158],[-60.565365,7.750631],[-60.565176,7.751072],[-60.564735,7.751639],[-60.564546,7.752174],[-60.564136,7.752552],[-60.563821,7.753025],[-60.563758,7.753403],[-60.563726,7.754789],[-60.563884,7.755167],[-60.564167,7.755671],[-60.563915,7.756112],[-60.563632,7.75649],[-60.563159,7.756774],[-60.562939,7.757246],[-60.563191,7.757782],[-60.563285,7.758128],[-60.563159,7.759483],[-60.563474,7.759829],[-60.563821,7.760932],[-60.563222,7.761215],[-60.562907,7.761908],[-60.562498,7.762318],[-60.56171,7.763483],[-60.56171,7.76383],[-60.561836,7.764145],[-60.562372,7.764586],[-60.562466,7.764964],[-60.562403,7.765499],[-60.562025,7.766161],[-60.561553,7.766696],[-60.560482,7.766791],[-60.560167,7.766948],[-60.560041,7.767169],[-60.560072,7.767704],[-60.559946,7.768208],[-60.559694,7.768586],[-60.559285,7.768775],[-60.559064,7.769216],[-60.558907,7.770193],[-60.557836,7.770067],[-60.557363,7.77013],[-60.556891,7.770319],[-60.555977,7.770476],[-60.555851,7.769405],[-60.555599,7.769185],[-60.555032,7.769027],[-60.55415,7.769027],[-60.553394,7.768901],[-60.552827,7.769657],[-60.552512,7.769752],[-60.551756,7.769752],[-60.551473,7.769909],[-60.551252,7.770319],[-60.551221,7.770697],[-60.551441,7.771264],[-60.551158,7.772398],[-60.551347,7.77287],[-60.551252,7.773406],[-60.551158,7.774603],[-60.551158,7.775201],[-60.552008,7.776776],[-60.552197,7.777501],[-60.552071,7.778068],[-60.551756,7.778446],[-60.551315,7.778792],[-60.550717,7.779359],[-60.55037,7.779832],[-60.549951,7.780187],[-60.549643,7.780538],[-60.54938,7.780977],[-60.549292,7.782514],[-60.548765,7.782646],[-60.548107,7.78269],[-60.547711,7.782602],[-60.547404,7.782207],[-60.547009,7.782075],[-60.546087,7.782031],[-60.545735,7.782251],[-60.545516,7.782602],[-60.545252,7.782778],[-60.544637,7.782909],[-60.543979,7.782778],[-60.543715,7.782997],[-60.543671,7.783173],[-60.543891,7.783963],[-60.543935,7.784622],[-60.543715,7.785281],[-60.542837,7.785149],[-60.542793,7.785412],[-60.542749,7.786686],[-60.542573,7.787037],[-60.542266,7.787257],[-60.541871,7.787433],[-60.541432,7.78774],[-60.540861,7.787872],[-60.540202,7.787828],[-60.538468,7.787931],[-60.538287,7.788213],[-60.538186,7.788515],[-60.538407,7.789883],[-60.538407,7.790325],[-60.538226,7.790647],[-60.538206,7.79109],[-60.537784,7.791814],[-60.537321,7.792237],[-60.536456,7.792337],[-60.536053,7.792317],[-60.535832,7.792377],[-60.535731,7.792639],[-60.535631,7.793343],[-60.535289,7.793504],[-60.533277,7.793726],[-60.533136,7.793826],[-60.532894,7.794772],[-60.532653,7.794973],[-60.532231,7.795094],[-60.532251,7.797387],[-60.532351,7.798031],[-60.532734,7.798554],[-60.533236,7.798796],[-60.533518,7.798594],[-60.53388,7.798494],[-60.534222,7.798635],[-60.534504,7.798997],[-60.534605,7.799419],[-60.534725,7.800506],[-60.534725,7.801331],[-60.535088,7.801552],[-60.53551,7.801733],[-60.536717,7.802457],[-60.5371,7.80298],[-60.536083,7.803415],[-60.535662,7.804027],[-60.535394,7.804906],[-60.535853,7.80525],[-60.536771,7.806512],[-60.537344,7.806971],[-60.538262,7.807392],[-60.539218,7.807583],[-60.539256,7.808463],[-60.539333,7.80896],[-60.539601,7.809457],[-60.540213,7.81003],[-60.541512,7.811025],[-60.54113,7.812172],[-60.541207,7.812822],[-60.541168,7.813816],[-60.540671,7.815002],[-60.540174,7.815728],[-60.539715,7.816073],[-60.539065,7.816302],[-60.538262,7.816493],[-60.537727,7.816531],[-60.537383,7.816723],[-60.537191,7.81722],[-60.536847,7.817564],[-60.536044,7.817908],[-60.535585,7.81829],[-60.535165,7.818941],[-60.53417,7.819514],[-60.532755,7.819973],[-60.532373,7.819782],[-60.531914,7.819705],[-60.531417,7.819744],[-60.531035,7.819973],[-60.530691,7.820279],[-60.530652,7.820738],[-60.530844,7.82112],[-60.531226,7.821579],[-60.530576,7.821809],[-60.530079,7.821923],[-60.52962,7.821923],[-60.529123,7.821809],[-60.52874,7.821962],[-60.528358,7.822191],[-60.527975,7.822306],[-60.527669,7.822191],[-60.527478,7.821923],[-60.527249,7.821962],[-60.526675,7.822114],[-60.526331,7.822535],[-60.525719,7.823071],[-60.525413,7.823032],[-60.523692,7.822612],[-60.523004,7.822573],[-60.522622,7.822497],[-60.522278,7.822191],[-60.521819,7.822306],[-60.521092,7.822382],[-60.520786,7.822306],[-60.520213,7.822918],[-60.519295,7.824256],[-60.518415,7.824256],[-60.517689,7.824332],[-60.517039,7.824562],[-60.516465,7.825021],[-60.516312,7.82613],[-60.516159,7.826589],[-60.515777,7.826818],[-60.515624,7.827124],[-60.516006,7.829227],[-60.515203,7.829457],[-60.514591,7.829877],[-60.514056,7.830068],[-60.513559,7.829877],[-60.512871,7.829418],[-60.512679,7.828921],[-60.512526,7.828233],[-60.511953,7.828462],[-60.511226,7.828539],[-60.510729,7.828424],[-60.510461,7.827965],[-60.510347,7.8272],[-60.509773,7.827353],[-60.509046,7.827812],[-60.508702,7.828118],[-60.507976,7.829342],[-60.507937,7.831025],[-60.507861,7.831522],[-60.507899,7.831904],[-60.507784,7.832134],[-60.507287,7.832439],[-60.506523,7.833013],[-60.505987,7.833319],[-60.505337,7.833319],[-60.503463,7.833051],[-60.503043,7.833587],[-60.501704,7.834543],[-60.501173,7.835025],[-60.500308,7.834567],[-60.49982,7.834221],[-60.499342,7.833774],[-60.4992,7.833459],[-60.498824,7.832228],[-60.498834,7.831943],[-60.498976,7.831628],[-60.49919,7.831333],[-60.499363,7.830997],[-60.499444,7.830753],[-60.4992,7.830265],[-60.499078,7.829807],[-60.498447,7.830072],[-60.497044,7.830041],[-60.49682,7.830153],[-60.496779,7.830509],[-60.496657,7.830896],[-60.49635,7.831139],[-60.4957,7.831407],[-60.495662,7.830795],[-60.495777,7.830183],[-60.495509,7.829533],[-60.495012,7.829151],[-60.493941,7.829533],[-60.493368,7.829801],[-60.493024,7.830068],[-60.492718,7.830604],[-60.492412,7.830872],[-60.492244,7.831617],[-60.4914,7.831647],[-60.490749,7.83181],[-60.490327,7.831394],[-60.490013,7.831219],[-60.489645,7.831171],[-60.489284,7.831039],[-60.48923,7.830912],[-60.489314,7.830707],[-60.48897,7.830145],[-60.488358,7.829801],[-60.488052,7.829763],[-60.487632,7.829839],[-60.487249,7.830145],[-60.486522,7.830183],[-60.48572,7.830604],[-60.485299,7.830604],[-60.484725,7.830336],[-60.484495,7.830702],[-60.484247,7.830951],[-60.483798,7.831598],[-60.48325,7.831498],[-60.482516,7.831453],[-60.481692,7.831184],[-60.481481,7.831261],[-60.481175,7.831491],[-60.480197,7.832871],[-60.480024,7.833331],[-60.479469,7.833024],[-60.478491,7.832641],[-60.477015,7.831472],[-60.476728,7.831395],[-60.476229,7.831107],[-60.476057,7.831127],[-60.475865,7.831242],[-60.475788,7.83151],[-60.475807,7.832507],[-60.475903,7.83312],[-60.47588,7.833988],[-60.475183,7.834138],[-60.474635,7.834735],[-60.474137,7.834984],[-60.472942,7.835084],[-60.472693,7.834835],[-60.471896,7.834237],[-60.47105,7.834088],[-60.470551,7.834686],[-60.469854,7.835333],[-60.469307,7.83608],[-60.468161,7.837076],[-60.467265,7.838172],[-60.466966,7.838321],[-60.465074,7.838371],[-60.465123,7.837176],[-60.465322,7.836478],[-60.465223,7.835981],[-60.464825,7.835682],[-60.464327,7.835582],[-60.46353,7.835582],[-60.462733,7.83608],[-60.462235,7.83613],[-60.461538,7.83603],[-60.46089,7.835831],[-60.460094,7.835482],[-60.459496,7.835383],[-60.458201,7.835482],[-60.457305,7.835333],[-60.456558,7.835582],[-60.455761,7.836528],[-60.455114,7.836678],[-60.454367,7.836528],[-60.45367,7.835881],[-60.453371,7.835383],[-60.452574,7.835433],[-60.452176,7.835632],[-60.451628,7.83608],[-60.45103,7.836976],[-60.449586,7.836927],[-60.449387,7.837126],[-60.448989,7.837723],[-60.44854,7.83852],[-60.448191,7.839566],[-60.44782,7.83938],[-60.447024,7.838565],[-60.446462,7.838113],[-60.446046,7.838095],[-60.445448,7.838692],[-60.445013,7.838602],[-60.444507,7.838294],[-60.444108,7.838185],[-60.442388,7.838113],[-60.441808,7.838004],[-60.440957,7.83737],[-60.44007,7.837008],[-60.439726,7.836927],[-60.439178,7.836528],[-60.437634,7.83613],[-60.437634,7.835084],[-60.437584,7.834337],[-60.437684,7.83354],[-60.437534,7.832993],[-60.437385,7.832146],[-60.437136,7.831598],[-60.437186,7.830851],[-60.437037,7.830453],[-60.436688,7.830004],[-60.43604,7.828959],[-60.435891,7.828162],[-60.435692,7.827664],[-60.434497,7.827116],[-60.434098,7.827415],[-60.43375,7.827863],[-60.433551,7.828262],[-60.432804,7.82851],[-60.432106,7.828809],[-60.431857,7.829108],[-60.431061,7.829756],[-60.430513,7.830054],[-60.429915,7.830204],[-60.429168,7.830751],[-60.42862,7.830702],[-60.428172,7.830503],[-60.427873,7.830104],[-60.427923,7.828809],[-60.427326,7.82856],[-60.426877,7.82856],[-60.425832,7.829407],[-60.425035,7.829258],[-60.424437,7.829457],[-60.42374,7.829457],[-60.423441,7.829307],[-60.423142,7.829009],[-60.422744,7.827913],[-60.422445,7.827465],[-60.422246,7.827266],[-60.421947,7.826668],[-60.421748,7.825921],[-60.42135,7.825074],[-60.419806,7.825224],[-60.419258,7.825473],[-60.41866,7.826021],[-60.418063,7.826419],[-60.417515,7.826469],[-60.416519,7.826369],[-60.415424,7.826369],[-60.414776,7.826021],[-60.414427,7.825722],[-60.413581,7.824825],[-60.413232,7.825025],[-60.412834,7.825124],[-60.412236,7.825174],[-60.411589,7.825423],[-60.410493,7.825323],[-60.410195,7.825124],[-60.409945,7.824825],[-60.409896,7.824228],[-60.409149,7.824228],[-60.408551,7.824427],[-60.407207,7.825473],[-60.406559,7.824576],[-60.406509,7.824278],[-60.406808,7.82373],[-60.406858,7.822883],[-60.405962,7.822086],[-60.404816,7.820792],[-60.404517,7.820991],[-60.403173,7.821439],[-60.402625,7.821837],[-60.402476,7.822286],[-60.402426,7.822833],[-60.402625,7.823531],[-60.402525,7.82358],[-60.40138,7.82358],[-60.40133,7.823879],[-60.40148,7.824676],[-60.401978,7.825224],[-60.402077,7.825572],[-60.402177,7.82627],[-60.401679,7.826618],[-60.401181,7.826618],[-60.400782,7.826718],[-60.400135,7.827415],[-60.399687,7.827664],[-60.399139,7.827714],[-60.398541,7.827614],[-60.397396,7.827266],[-60.396898,7.827266],[-60.394906,7.828411],[-60.394458,7.829009],[-60.393213,7.829706],[-60.392167,7.830004],[-60.391221,7.830104],[-60.390823,7.829606],[-60.389528,7.829009],[-60.38893,7.828859],[-60.388482,7.829058],[-60.388084,7.829357],[-60.387785,7.829756],[-60.387585,7.830254],[-60.387187,7.830851],[-60.386689,7.831249],[-60.386042,7.831648],[-60.385544,7.831847],[-60.384597,7.832445],[-60.383054,7.832544],[-60.382536,7.832853],[-60.382177,7.833184],[-60.382011,7.833681],[-60.381901,7.834537],[-60.381321,7.835311],[-60.380962,7.835697],[-60.380327,7.836167],[-60.379885,7.836691],[-60.379802,7.837106],[-60.379912,7.838624],[-60.380106,7.839315],[-60.3794754,7.8398402],[-60.379183,7.8396356],[-60.379132,7.8395798],[-60.3790784,7.8395054],[-60.3790301,7.8394231],[-60.3789738,7.8392875],[-60.3789818,7.8391308],[-60.3789309,7.8388624],[-60.3789336,7.8387614],[-60.3789014,7.8385462],[-60.378896,7.8383735],[-60.3788826,7.838315],[-60.3788504,7.8382619],[-60.3787512,7.8381848],[-60.3786948,7.8381529],[-60.3785178,7.8381237],[-60.3784078,7.8380706],[-60.3783488,7.8380546],[-60.3781423,7.8379138],[-60.3780296,7.8377995],[-60.3779331,7.8377278],[-60.3778929,7.8376826],[-60.3778607,7.8376268],[-60.3778419,7.8375684],[-60.3778204,7.8373956],[-60.3777829,7.8372761],[-60.3777427,7.8372336],[-60.3776836,7.8371937],[-60.3775978,7.8371087],[-60.3774932,7.8370236],[-60.3774476,7.8369971],[-60.377233,7.8369466],[-60.3771874,7.836912],[-60.3771579,7.8368616],[-60.377115,7.8367287],[-60.377107,7.8366676],[-60.3770748,7.8366118],[-60.3770426,7.8363886],[-60.376997,7.8362106],[-60.3769782,7.8361521],[-60.3769434,7.8360936],[-60.3769031,7.8360485],[-60.376887,7.8359953],[-60.376887,7.8359422],[-60.3768978,7.8358864],[-60.3769648,7.8357615],[-60.3770694,7.8356154],[-60.3771096,7.835525],[-60.3771231,7.8354081],[-60.3771499,7.8352912],[-60.3771713,7.8351902],[-60.3772169,7.8351211],[-60.3772491,7.8350733],[-60.3772706,7.8350175],[-60.3772867,7.8349617],[-60.377292,7.8348713],[-60.3773135,7.8348209],[-60.3773484,7.8347704],[-60.3773859,7.8347332],[-60.3774315,7.8347039],[-60.3774583,7.8346535],[-60.3774744,7.8345897],[-60.3774771,7.8345339],[-60.3774637,7.8344781],[-60.3774262,7.8344276],[-60.3773725,7.8343957],[-60.3771955,7.8343585],[-60.3771418,7.8343213],[-60.3769997,7.834114],[-60.3769541,7.8340795],[-60.3768978,7.8340503],[-60.3767797,7.8340157],[-60.3767207,7.8339892],[-60.3766671,7.833952],[-60.3766295,7.8338988],[-60.3766,7.8338404],[-60.3765222,7.8337022],[-60.3764498,7.8336304],[-60.3763962,7.8336145],[-60.3761226,7.8335853],[-60.3760609,7.8335667],[-60.3760126,7.8335401],[-60.3759134,7.833463],[-60.3758812,7.8334126],[-60.3758463,7.8332903],[-60.3758168,7.8332398],[-60.3757793,7.8332],[-60.3757256,7.8331681],[-60.3755432,7.8331203],[-60.3752992,7.8331149],[-60.3751221,7.8330645],[-60.3750739,7.8330273],[-60.3749451,7.83282],[-60.3748673,7.8325809],[-60.3748351,7.832533],[-60.3747413,7.8324613],[-60.3746715,7.8324294],[-60.374524,7.8323258],[-60.3744704,7.8322965],[-60.3742933,7.8322965],[-60.3742343,7.8322912],[-60.374178,7.8322726],[-60.3740653,7.8321929],[-60.3740224,7.832153],[-60.3738883,7.8319484],[-60.3738508,7.8319006],[-60.3737998,7.8318687],[-60.3737408,7.8318554],[-60.3735611,7.8318342],[-60.373435,7.8318342],[-60.3733143,7.831805],[-60.3730971,7.8316907],[-60.3730381,7.8316721],[-60.372912,7.8316668],[-60.3728583,7.8316774],[-60.372802,7.8317093],[-60.3727591,7.8317492],[-60.3727242,7.8318023],[-60.3726786,7.8318501],[-60.3725687,7.8319086],[-60.3725177,7.8319484],[-60.3724533,7.8320521],[-60.3724104,7.8320946],[-60.3723621,7.8321238],[-60.3723112,7.8321424],[-60.3722495,7.832153],[-60.3721797,7.832153],[-60.372,7.8321212],[-60.3719464,7.8321265],[-60.3718954,7.832161],[-60.3718552,7.8322009],[-60.3718311,7.832254],[-60.3718498,7.8323656],[-60.3718498,7.8324214],[-60.3718391,7.8324825],[-60.3718096,7.8325304],[-60.3717533,7.8325702],[-60.3716326,7.8326181],[-60.3715253,7.8326871],[-60.3714797,7.8327323],[-60.3713805,7.8328705],[-60.3713563,7.8329183],[-60.3713241,7.8330326],[-60.3712893,7.8330751],[-60.3712356,7.833107],[-60.371182,7.8331256],[-60.3710666,7.8331282],[-60.3710076,7.8331043],[-60.3709137,7.8330379],[-60.3708708,7.832998],[-60.3707743,7.8329369],[-60.3707206,7.8329316],[-60.3706643,7.8329369],[-60.3706133,7.8329608],[-60.3705597,7.8329715],[-60.3705007,7.8329661],[-60.3704497,7.8329396],[-60.3703612,7.8328731],[-60.3702566,7.8327111],[-60.370203,7.8326659],[-60.3700474,7.8325676],[-60.3700206,7.8325144],[-60.3700206,7.8323949],[-60.370042,7.8323391],[-60.3701815,7.8321876],[-60.3702083,7.8321371],[-60.3702217,7.8320813],[-60.3702164,7.8320282],[-60.3701896,7.831975],[-60.3701547,7.8319272],[-60.3700984,7.8318794],[-60.3700635,7.8318368],[-60.3700554,7.831781],[-60.3700662,7.8317279],[-60.3700957,7.8316827],[-60.3701386,7.8316402],[-60.3702325,7.8315738],[-60.3702727,7.8315339],[-60.3703049,7.8314808],[-60.3702995,7.8314223],[-60.37027,7.8313718],[-60.3701788,7.8312948],[-60.3701144,7.8312629],[-60.3700581,7.8312549],[-60.3699991,7.8312709],[-60.3699428,7.8312974],[-60.3697926,7.8314011],[-60.3697363,7.8314117],[-60.3695726,7.8314037],[-60.3695217,7.8313718],[-60.3694707,7.831324],[-60.3693983,7.8312337],[-60.3691945,7.8310955],[-60.3691435,7.8310503],[-60.3691167,7.8309945],[-60.3691354,7.8308856],[-60.3691703,7.8307687],[-60.3692642,7.8306172],[-60.3693795,7.8304923],[-60.3694037,7.8304445],[-60.3694171,7.8303887],[-60.3694198,7.8303276],[-60.3693956,7.8302213],[-60.3693259,7.8300672],[-60.3692561,7.8299768],[-60.3692132,7.8298493],[-60.3691381,7.8297589],[-60.3690255,7.8297377],[-60.3689128,7.8296898],[-60.3688163,7.8296261],[-60.3687304,7.8295118],[-60.3686795,7.8294055],[-60.3686419,7.8292833],[-60.3686392,7.8292248],[-60.36865,7.8291664],[-60.3687009,7.8290654],[-60.3687921,7.8289139],[-60.3688136,7.8288581],[-60.3688028,7.8287412],[-60.3688109,7.8286827],[-60.368878,7.8285897],[-60.3689209,7.8285499],[-60.368945,7.8284994],[-60.3689396,7.8284436],[-60.3689128,7.8283931],[-60.3688619,7.8283639],[-60.3687438,7.8283745],[-60.3686875,7.8283665],[-60.3686366,7.828332],[-60.3686017,7.8282762],[-60.3685883,7.8282177],[-60.3685802,7.8281061],[-60.3685883,7.8279972],[-60.3685454,7.8278909],[-60.3685319,7.8278378],[-60.3685373,7.8277846],[-60.3685695,7.8277421],[-60.3685802,7.8276889],[-60.3685641,7.8276358],[-60.3685212,7.8275986],[-60.3684166,7.8275694],[-60.3683603,7.8275375],[-60.3682584,7.8274578],[-60.3682289,7.8274099],[-60.3681886,7.8272851],[-60.3681564,7.8272346],[-60.3681055,7.8271947],[-60.3680465,7.8271681],[-60.3679875,7.8271628],[-60.3679311,7.8271841],[-60.3676227,7.827402],[-60.3675503,7.8274976],[-60.367443,7.827588],[-60.367392,7.8276199],[-60.3672123,7.8276624],[-60.367164,7.8276969],[-60.3671426,7.8277527],[-60.367156,7.827867],[-60.3671747,7.8279175],[-60.3672391,7.8280131],[-60.3672177,7.8281274],[-60.3671882,7.8281779],[-60.3671345,7.8282018],[-60.3670406,7.8281938],[-60.3669253,7.8281672],[-60.3667617,7.8280928],[-60.3665283,7.8280264],[-60.3664613,7.8280184],[-60.3663889,7.8280184],[-60.3663352,7.8280264],[-60.3661421,7.8280716],[-60.3660268,7.8280716],[-60.3659731,7.828061],[-60.3659114,7.8280344],[-60.36578,7.8279972],[-60.3656781,7.8279547],[-60.3656137,7.8279361],[-60.3654984,7.8279201],[-60.3654447,7.8278989],[-60.3654045,7.8278537],[-60.3653428,7.8277527],[-60.3652999,7.8277102],[-60.3652811,7.8276571],[-60.3652838,7.8276039],[-60.3653348,7.8275056],[-60.3653401,7.8274525],[-60.3653267,7.827394],[-60.3652999,7.8273355],[-60.365257,7.8272957],[-60.3652006,7.8272851],[-60.3650853,7.8272983],[-60.3649646,7.827301],[-60.3648976,7.8273169],[-60.3648466,7.8273409],[-60.3647876,7.8274365],[-60.3647125,7.8275295],[-60.3646025,7.8276039],[-60.3645623,7.8276438],[-60.3645086,7.8277421],[-60.3644604,7.8277793],[-60.3644067,7.8278059],[-60.3643477,7.8278192],[-60.3641868,7.8278032],[-60.3640607,7.8278032],[-60.3640044,7.8278112],[-60.3638917,7.8278085],[-60.3637335,7.827875],[-60.3636315,7.8279414],[-60.3635162,7.8279467],[-60.3634653,7.8279228],[-60.363417,7.8278856],[-60.363315,7.8277315],[-60.3632292,7.8276624],[-60.3631085,7.8276385],[-60.3630039,7.8276863],[-60.3629369,7.8276916],[-60.3628832,7.827665],[-60.3628457,7.8276225],[-60.362843,7.8275136],[-60.3628618,7.8274551],[-60.3628886,7.8274099],[-60.362961,7.8273276],[-60.362969,7.8272718],[-60.3629556,7.8272186],[-60.3629234,7.8271734],[-60.3628832,7.8271336],[-60.3628027,7.8270778],[-60.3627491,7.8270539],[-60.3625801,7.8269556],[-60.3624594,7.8269263],[-60.3624111,7.8268918],[-60.3623924,7.8268413],[-60.3623951,7.8267855],[-60.3624514,7.8266154],[-60.3624621,7.8265065],[-60.3624809,7.8264533],[-60.3625077,7.8264055],[-60.3625131,7.8263444],[-60.362497,7.8262886],[-60.3624541,7.8262487],[-60.3624031,7.8262168],[-60.3623468,7.8262062],[-60.3622797,7.8262062],[-60.3622207,7.8261929],[-60.3621081,7.8261478],[-60.3620598,7.8261132],[-60.362033,7.8260787],[-60.3620061,7.8260255],[-60.3619766,7.8259086],[-60.3620008,7.8257917],[-60.3620249,7.8257385],[-60.3620866,7.8256376],[-60.3620987,7.8255698],[-60.3620812,7.8254011],[-60.3620866,7.8252284],[-60.3620732,7.8251726],[-60.3620464,7.8251194],[-60.3619981,7.8250822],[-60.3618774,7.825045],[-60.3618157,7.8250477],[-60.3617594,7.8250822],[-60.3616923,7.8251752],[-60.3615984,7.8252602],[-60.3615662,7.8253081],[-60.3615099,7.8255313],[-60.3614885,7.8255818],[-60.3614214,7.8256801],[-60.3614268,7.8257359],[-60.3614616,7.8258448],[-60.3614455,7.8259006],[-60.361408,7.8259432],[-60.3613597,7.8259724],[-60.3613007,7.825983],[-60.3612444,7.8259804],[-60.361062,7.8259246],[-60.3609467,7.8259033],[-60.3608903,7.825882],[-60.3608528,7.8258395],[-60.3607589,7.8256854],[-60.3607214,7.8256376],[-60.3606677,7.8256137],[-60.3606033,7.8256137],[-60.360547,7.825619],[-60.3604907,7.8256429],[-60.3604478,7.8256827],[-60.3603914,7.8257864],[-60.3603485,7.8258262],[-60.3602386,7.8258661],[-60.360091,7.8259644],[-60.3600347,7.825983],[-60.3599596,7.825983],[-60.3598389,7.8260122],[-60.3597665,7.8260122],[-60.3597155,7.825991],[-60.3595626,7.8258953],[-60.35945,7.8258608],[-60.3593588,7.8257757],[-60.3593373,7.8257226],[-60.3592461,7.8255711],[-60.3591952,7.8255393],[-60.3591362,7.825518],[-60.3590745,7.82551],[-60.3590155,7.8255127],[-60.3588948,7.8255393],[-60.3588384,7.8255658],[-60.3586775,7.8256641],[-60.3584924,7.825704],[-60.3584307,7.8257253],[-60.3583771,7.8257651],[-60.3583047,7.8258634],[-60.3582805,7.8259166],[-60.358251,7.8260335],[-60.3582269,7.8260813],[-60.358184,7.8261159],[-60.3581786,7.8261664],[-60.358184,7.8262195],[-60.3581974,7.8262726],[-60.3582215,7.8263205],[-60.3582242,7.8263789],[-60.3581813,7.8264161],[-60.3581277,7.8264188],[-60.3581008,7.8264321],[-60.3580633,7.8264693],[-60.3580311,7.8265198],[-60.3580096,7.8265729],[-60.358007,7.8266261],[-60.3580257,7.8266872],[-60.3580633,7.8267297],[-60.3581598,7.8267935],[-60.3582028,7.8268307],[-60.3582323,7.8268785],[-60.3582376,7.8269343],[-60.3582108,7.8269928],[-60.3581706,7.82703],[-60.3581223,7.8270592],[-60.3580686,7.8270778],[-60.3579533,7.8270831],[-60.357897,7.8270937],[-60.3578433,7.8271176],[-60.3576449,7.8272532],[-60.3576127,7.8272957],[-60.3575859,7.8273409],[-60.3575751,7.827402],[-60.3575832,7.8274551],[-60.3577119,7.8276677],[-60.35772,7.8277793],[-60.3576985,7.8278351],[-60.3576502,7.8278696],[-60.3575429,7.8279015],[-60.3574276,7.8279228],[-60.3572425,7.828053],[-60.357087,7.8280875],[-60.3569958,7.828146],[-60.3569582,7.8281832],[-60.3569287,7.8282337],[-60.3569153,7.8282895],[-60.3569743,7.8283905],[-60.3570172,7.8284994],[-60.3570145,7.8286083],[-60.3570414,7.8287173],[-60.357044,7.8287731],[-60.3570092,7.8288316],[-60.3569341,7.8289139],[-60.3568456,7.8289724],[-60.3567892,7.8289777],[-60.3567356,7.8289564],[-60.3565371,7.8288475],[-60.3564781,7.8288369],[-60.3564191,7.8288369],[-60.3562313,7.8288661],[-60.3560221,7.8289192],[-60.35588,7.8290255],[-60.3558317,7.8290441],[-60.3557754,7.8290548],[-60.3557244,7.8290521],[-60.3556278,7.8289936],[-60.3555581,7.8289963],[-60.3554401,7.8290255],[-60.355196,7.8290388],[-60.3551424,7.8290176],[-60.3550968,7.8289883],[-60.3549734,7.8289564],[-60.3547427,7.8290096],[-60.3546354,7.8290255],[-60.3545818,7.8290149],[-60.3544745,7.8289458],[-60.3544396,7.828906],[-60.3544021,7.828789],[-60.3543779,7.8287412],[-60.3543109,7.8286402],[-60.3542599,7.8285446],[-60.354225,7.8285021],[-60.3541741,7.8284755],[-60.3541204,7.8284649],[-60.3540614,7.8284728],[-60.3540024,7.8284914],[-60.3539488,7.8285207],[-60.3539112,7.8285632],[-60.3538817,7.8286137],[-60.3537959,7.8287013],[-60.3537449,7.8287359],[-60.3537127,7.8287837],[-60.3536913,7.8288395],[-60.3536886,7.8289564],[-60.3536752,7.8290654],[-60.3536537,7.8291185],[-60.3536162,7.829161],[-60.3535652,7.8291823],[-60.3534418,7.8291823],[-60.3532729,7.8291637],[-60.3532138,7.8291717],[-60.3531602,7.8291903],[-60.3529805,7.8293258],[-60.352951,7.8293736],[-60.3529376,7.8294294],[-60.3529108,7.8294773],[-60.3528625,7.8295065],[-60.3528142,7.8295277],[-60.3524333,7.8295995],[-60.3523716,7.8296181],[-60.3523153,7.8296473],[-60.3522617,7.8296872],[-60.3522268,7.8297297],[-60.3520954,7.8299396],[-60.3520578,7.8299874],[-60.3520149,7.8300273],[-60.3519666,7.8300565],[-60.351913,7.8300778],[-60.3518057,7.8300911],[-60.3517494,7.8300884],[-60.3517011,7.8300565],[-60.3516582,7.8300167],[-60.3515992,7.8297988],[-60.3515428,7.8297031],[-60.3514302,7.8296526],[-60.3512827,7.8295649],[-60.3512237,7.8295463],[-60.3510949,7.829541],[-60.3508616,7.8295995],[-60.3506336,7.8295862],[-60.3505665,7.8296021],[-60.3505129,7.8296234],[-60.3504673,7.8296553],[-60.3503412,7.8297855],[-60.3502473,7.8298466],[-60.35014,7.8298918],[-60.3500113,7.8299157],[-60.3498477,7.8299662],[-60.3498048,7.8300007],[-60.3497672,7.8300459],[-60.3497431,7.8300964],[-60.3497484,7.8303249],[-60.3497323,7.830378],[-60.3497055,7.8304259],[-60.3496063,7.8305056],[-60.3495017,7.830572],[-60.3494239,7.8306597],[-60.3493273,7.8307182],[-60.3492898,7.830758],[-60.3492281,7.8308537],[-60.3491905,7.8309626],[-60.349161,7.8310078],[-60.3491235,7.8310477],[-60.3490323,7.8311088],[-60.3489813,7.8311353],[-60.3489223,7.8311539],[-60.348807,7.8311619],[-60.3487453,7.8311513],[-60.348689,7.8311327],[-60.3486353,7.83113],[-60.3485844,7.8311433],[-60.3485361,7.8311805],[-60.3485039,7.8312257],[-60.3484905,7.8312788],[-60.3484985,7.831332],[-60.3485629,7.8314329],[-60.3486273,7.8316004],[-60.348646,7.8316748],[-60.3486487,7.8318475],[-60.3486192,7.831898],[-60.348579,7.8319352],[-60.3484771,7.8319883],[-60.3483537,7.8320946],[-60.3483027,7.8321265],[-60.3482437,7.8321424],[-60.3479996,7.8321371],[-60.3479487,7.8321557],[-60.3479031,7.8321929],[-60.3478682,7.8322434],[-60.3478307,7.8324055],[-60.3478038,7.8324533],[-60.3476939,7.8325941],[-60.3476509,7.8326978],[-60.3476456,7.8327536],[-60.3476483,7.8328067],[-60.3476644,7.8328652],[-60.3476697,7.8330963],[-60.3476912,7.8332053],[-60.347726,7.8332797],[-60.3477421,7.8333328],[-60.3477824,7.8333754],[-60.3478333,7.833394],[-60.3478897,7.8334019],[-60.3479433,7.8334258],[-60.3479862,7.8334604],[-60.3480211,7.8335109],[-60.3480345,7.8335667],[-60.3480238,7.8336198],[-60.3479916,7.833665],[-60.347895,7.8337341],[-60.347828,7.8338218],[-60.3478012,7.8338696],[-60.3477207,7.8340901],[-60.3477073,7.8341512],[-60.3476992,7.8342602],[-60.3477153,7.8343213],[-60.3477207,7.8343745],[-60.3477046,7.8344329],[-60.3475973,7.8345791],[-60.347549,7.8346163],[-60.3474927,7.8346322],[-60.3474364,7.8346349],[-60.34738,7.8346056],[-60.3473371,7.8345658],[-60.3472674,7.8344675],[-60.3472245,7.8344356],[-60.3471708,7.8344117],[-60.3471118,7.8344143],[-60.3470045,7.8344329],[-60.3469428,7.8344276],[-60.3468302,7.8343691],[-60.3467323,7.8343054],[-60.3466921,7.8342615],[-60.3466424,7.8342256],[-60.3465848,7.8342097],[-60.3465298,7.8342057],[-60.3464761,7.8342243],[-60.3464547,7.8342442],[-60.3464118,7.8343293],[-60.3463286,7.8344542],[-60.3463085,7.8345432],[-60.3463273,7.8346614],[-60.3463259,7.8346907],[-60.3462924,7.8347425],[-60.3462683,7.8347544],[-60.3462066,7.8347571],[-60.3461261,7.8347265],[-60.3460309,7.8347279],[-60.3459786,7.8347172],[-60.3459317,7.83468],[-60.3458405,7.8345525],[-60.3458136,7.8345047],[-60.3457975,7.8344542],[-60.345768,7.8344063],[-60.3457251,7.8343718],[-60.3456205,7.8343479],[-60.34554,7.8342974],[-60.3454462,7.8342177],[-60.3453925,7.8341911],[-60.3452879,7.8341645],[-60.3452409,7.8341656],[-60.3451753,7.8341672],[-60.3450894,7.8342203],[-60.3450304,7.8342336],[-60.3449151,7.8342336],[-60.3448641,7.8342496],[-60.3448239,7.8342894],[-60.3447917,7.8343346],[-60.3447756,7.8343931],[-60.3448051,7.8344382],[-60.3448507,7.8344728],[-60.3449017,7.8344993],[-60.3449768,7.8345844],[-60.3449848,7.8346375],[-60.3449728,7.8347026],[-60.344954,7.8347225],[-60.344895,7.8347292],[-60.34484,7.8347132],[-60.3447635,7.8346787],[-60.3447367,7.8346747],[-60.3446308,7.8347225],[-60.344561,7.834777],[-60.3445436,7.8348036],[-60.3445369,7.8348302],[-60.3445503,7.8349803],[-60.3445409,7.8350095],[-60.3444672,7.8350932],[-60.344435,7.8351543],[-60.3444269,7.8352394],[-60.3444417,7.8353549],[-60.3444095,7.8354081],[-60.3443679,7.8354519],[-60.3442888,7.8354971],[-60.3440139,7.8356154],[-60.3439173,7.8356712],[-60.3438771,7.8357057],[-60.3438315,7.8358093],[-60.3438234,7.8358625],[-60.3438261,7.8359183],[-60.343861,7.8359634],[-60.3439093,7.8360006],[-60.3439602,7.8360246],[-60.3440756,7.8360272],[-60.3441963,7.8360564],[-60.3442499,7.8360857],[-60.3442901,7.8361229],[-60.3443894,7.836261],[-60.3444135,7.8363142],[-60.3444216,7.8363673],[-60.3444055,7.8364178],[-60.3443652,7.836463],[-60.344317,7.8364896],[-60.3442633,7.8364975],[-60.3442124,7.8364869],[-60.3441399,7.8363966],[-60.3440943,7.8363673],[-60.3439871,7.836362],[-60.3439334,7.8363833],[-60.3438342,7.836447],[-60.343692,7.8365533],[-60.3436491,7.8365985],[-60.3436196,7.8367632],[-60.3436357,7.8368164],[-60.3437108,7.8368988],[-60.3437322,7.8369492],[-60.343743,7.8370024],[-60.3437376,7.8370608],[-60.3437135,7.8371113],[-60.3436223,7.8371884],[-60.3435016,7.8373053],[-60.3434023,7.8373638],[-60.3432333,7.8374886],[-60.3431556,7.8375763],[-60.3431261,7.8376242],[-60.3431073,7.8376879],[-60.3430992,7.8377464],[-60.3431019,7.8378048],[-60.3431475,7.8379855],[-60.3431529,7.8381078],[-60.3431422,7.8381609],[-60.3430992,7.8382699],[-60.3430671,7.838315],[-60.3430268,7.8383549],[-60.3429785,7.8383815],[-60.3429195,7.8383815],[-60.3428069,7.8383549],[-60.3426915,7.8383522],[-60.3426379,7.8383735],[-60.3425843,7.8384107],[-60.3425038,7.8384851],[-60.3424019,7.8386259],[-60.3423724,7.8387109],[-60.3423429,7.8387614],[-60.342316,7.838881],[-60.3423214,7.8389395],[-60.3423375,7.8389953],[-60.3423348,7.8390484],[-60.3423134,7.8390989],[-60.3422812,7.8391441],[-60.3422329,7.8391706],[-60.3421229,7.8391759],[-60.342072,7.8391919],[-60.3419781,7.8392477],[-60.3418091,7.8392875],[-60.3417608,7.8393141],[-60.3417152,7.8393513],[-60.3416777,7.8393938],[-60.3415784,7.839532],[-60.3415328,7.8395639],[-60.3414792,7.8395745],[-60.3414202,7.8395665],[-60.3413692,7.8395479],[-60.341278,7.8394842],[-60.3411841,7.8394496],[-60.3410956,7.8393859],[-60.3410044,7.8392477],[-60.3409562,7.8392158],[-60.3409052,7.8391945],[-60.3408676,7.8391573],[-60.3408328,7.8391069],[-60.3408113,7.8390564],[-60.3408167,7.8390006],[-60.3408569,7.8389554],[-60.340924,7.8388544],[-60.3409427,7.8387986],[-60.3409696,7.8387481],[-60.3411627,7.8386073],[-60.3412324,7.838594],[-60.3412995,7.8385967],[-60.3414229,7.8386259],[-60.3414872,7.8386286],[-60.3415409,7.8386179],[-60.3416482,7.8385542],[-60.3416804,7.8385063],[-60.3416884,7.8384532],[-60.3416589,7.8384027],[-60.3416508,7.8383416],[-60.3416535,7.8382831],[-60.3416804,7.83823],[-60.3416938,7.8381795],[-60.3416911,7.8381264],[-60.3416616,7.8380785],[-60.341624,7.8380413],[-60.3415731,7.8380121],[-60.3414631,7.8380041],[-60.3412834,7.8380493],[-60.3412244,7.8380546],[-60.3411627,7.8380467],[-60.3411144,7.8380227],[-60.340932,7.8378899],[-60.3407362,7.8377676],[-60.3406772,7.837749],[-60.3404841,7.8377251],[-60.3404224,7.8377251],[-60.3403607,7.8377384],[-60.34024,7.8377437],[-60.3400522,7.8377437],[-60.3398323,7.8377836],[-60.3397679,7.8378022],[-60.3396633,7.8378553],[-60.3393441,7.8379377],[-60.3392422,7.8379749],[-60.3391457,7.8380281],[-60.3387487,7.8383044],[-60.3385556,7.8384107],[-60.3384429,7.8384638],[-60.3382069,7.8385063],[-60.3380889,7.8384957],[-60.3379816,7.8384691],[-60.3378743,7.8384532],[-60.3377616,7.8384638],[-60.3376544,7.8384904],[-60.3374505,7.8385754],[-60.3372306,7.8386339],[-60.3370053,7.8386605],[-60.3368685,7.8387083],[-60.3367344,7.8387561],[-60.3365734,7.8388571],[-60.3364608,7.8389395],[-60.3363964,7.8389687],[-60.3362086,7.8390059],[-60.336147,7.8390298],[-60.336096,7.8390617],[-60.3360289,7.8391573],[-60.3359699,7.8392663],[-60.3359297,7.8393247],[-60.3358305,7.8393991],[-60.335817,7.8394523],[-60.3358412,7.8396197],[-60.3358868,7.8398004],[-60.3359109,7.8399784],[-60.335927,7.8400342],[-60.3359538,7.840082],[-60.3359994,7.8401113],[-60.3360826,7.8401405],[-60.3362113,7.8402282],[-60.336206,7.8402866],[-60.3361791,7.8403371],[-60.3360879,7.8404248],[-60.3360531,7.84047],[-60.3360155,7.8405789],[-60.335986,7.8406347],[-60.3359431,7.8406719],[-60.3358841,7.8407064],[-60.3357714,7.840733],[-60.3357098,7.840733],[-60.3356534,7.8407091],[-60.3355086,7.8406188],[-60.3354549,7.8406081],[-60.335412,7.8405683],[-60.3354013,7.8405151],[-60.3354228,7.840462],[-60.3354603,7.8404221],[-60.3355488,7.8403504],[-60.3355837,7.8403079],[-60.3356454,7.8402069],[-60.3356507,7.8401511],[-60.3356427,7.840098],[-60.3355783,7.8399917],[-60.3355542,7.8399359],[-60.33553,7.8398269],[-60.3354576,7.8397313],[-60.3353557,7.8396595],[-60.3352994,7.8396436],[-60.3351867,7.8396463],[-60.3351572,7.8396702],[-60.3351036,7.8396835],[-60.3350526,7.83971],[-60.3350097,7.8397446],[-60.3349319,7.8398296],[-60.3348836,7.8398615],[-60.33483,7.8398854],[-60.334661,7.8399226],[-60.3346074,7.8399412],[-60.3345537,7.8399757],[-60.3344867,7.8400794],[-60.3344464,7.8401245],[-60.3343391,7.840191],[-60.3342721,7.8402122],[-60.3340629,7.8402415],[-60.333961,7.8402999],[-60.3338134,7.8404912],[-60.3337303,7.8405576],[-60.3336793,7.8405789],[-60.3336284,7.8405895],[-60.333513,7.8405895],[-60.3334594,7.8405762],[-60.333344,7.8405736],[-60.3332877,7.8405975],[-60.3332421,7.8406347],[-60.3332099,7.8406825],[-60.3331938,7.840733],[-60.3331992,7.8409642],[-60.3331751,7.8411236],[-60.3331563,7.8411874],[-60.3330892,7.841299],[-60.333049,7.8413442],[-60.332998,7.8413707],[-60.3329444,7.8413787],[-60.3328237,7.8413814],[-60.3327647,7.8413973],[-60.3326601,7.8414611],[-60.3326198,7.8415009],[-60.3325528,7.8416046],[-60.3324857,7.8416922],[-60.3324562,7.8417454],[-60.3324536,7.8418065],[-60.3324643,7.8418596],[-60.3324991,7.8419128],[-60.3325421,7.8419473],[-60.3326976,7.8420058],[-60.3327405,7.8420403],[-60.3327727,7.8420882],[-60.3327781,7.8421466],[-60.3327674,7.8422024],[-60.3327057,7.8422981],[-60.3326735,7.8424203],[-60.332652,7.8424708],[-60.3326038,7.8424974],[-60.3323758,7.8425611],[-60.3322712,7.8426276],[-60.3321075,7.8427578],[-60.3320566,7.8427843],[-60.3320029,7.8427896],[-60.3319493,7.842779],[-60.3318983,7.8427418],[-60.3317884,7.8425957],[-60.3317454,7.8425558],[-60.3316918,7.8425292],[-60.3315228,7.8424867],[-60.3314745,7.8424495],[-60.3313968,7.8423672],[-60.3313458,7.8423326],[-60.3312841,7.842306],[-60.3311607,7.8422821],[-60.33104,7.8422821],[-60.3309864,7.8423007],[-60.3309676,7.8423512],[-60.3309247,7.8425239],[-60.3308871,7.8425771],[-60.3308442,7.8426196],[-60.3307396,7.842686],[-60.3307021,7.8427312],[-60.3306833,7.8427843],[-60.3306726,7.8428508],[-60.3306726,7.8429756],[-60.3307155,7.8431563],[-60.3307959,7.8432493],[-60.3308496,7.8432706],[-60.3309649,7.8432839],[-60.3310186,7.8432971],[-60.3310776,7.8433237],[-60.3311205,7.8433636],[-60.3311822,7.8434592],[-60.3312278,7.8436187],[-60.3312841,7.8437223],[-60.3313056,7.8437861],[-60.3313002,7.8438445],[-60.3312787,7.843895],[-60.331158,7.8440279],[-60.3310829,7.8441235],[-60.3309757,7.8443255],[-60.3308979,7.8445513],[-60.3308845,7.8446151],[-60.3308469,7.844724],[-60.3308255,7.8448436],[-60.3308362,7.844902],[-60.3308979,7.8450057],[-60.3309462,7.8450429],[-60.3310481,7.845104],[-60.3310964,7.8451465],[-60.3311607,7.8452501],[-60.3311795,7.8453112],[-60.3311741,7.8453723],[-60.3311554,7.8454255],[-60.3311178,7.8454839],[-60.3310776,7.8455265],[-60.3310347,7.845561],[-60.3309783,7.8455876],[-60.330914,7.8455982],[-60.3308576,7.8455955],[-60.3308067,7.8455796],[-60.3307611,7.8455557],[-60.3306377,7.8455211],[-60.330458,7.8455158],[-60.3302702,7.8456593],[-60.330171,7.8458108],[-60.3300959,7.8458958],[-60.3299913,7.8459596],[-60.3299323,7.8459702],[-60.3297901,7.8459729],[-60.3297311,7.8459835],[-60.3296721,7.8459835],[-60.3296077,7.8459675],[-60.3293985,7.8458586],[-60.3293341,7.8458453],[-60.3292725,7.8458453],[-60.3292215,7.8458666],[-60.3291464,7.8459675],[-60.3291276,7.8460233],[-60.3291196,7.8460765],[-60.3291705,7.8461854],[-60.3292161,7.8462306],[-60.32931,7.846305],[-60.3293985,7.8464538],[-60.3294468,7.8464936],[-60.3295112,7.8465149],[-60.3295729,7.8465176],[-60.3298089,7.8464671],[-60.3298652,7.8464697],[-60.3299242,7.846483],[-60.3301039,7.8465415],[-60.33023,7.8466106],[-60.3303641,7.8466371],[-60.3304982,7.8466371],[-60.3305572,7.8466451],[-60.3306645,7.8466743],[-60.3307718,7.8467301],[-60.3308174,7.8467673],[-60.3308523,7.8468178],[-60.3308871,7.8469294],[-60.3308925,7.8470437],[-60.3308737,7.8471685],[-60.3308308,7.8473359],[-60.3308308,7.8474449],[-60.3308469,7.8475591],[-60.3308389,7.8476123],[-60.330804,7.8477319],[-60.3307799,7.847785],[-60.3307477,7.8479046],[-60.330745,7.8482686],[-60.3306967,7.8484466],[-60.3306618,7.8484997],[-60.3305519,7.8486539],[-60.330399,7.8487761],[-60.3303641,7.8488239],[-60.3303427,7.8488771],[-60.3303507,7.8489329],[-60.3303802,7.8489807],[-60.3304929,7.8490338],[-60.3305411,7.8490657],[-60.3305921,7.8491029],[-60.3306323,7.8491481],[-60.3307584,7.8493474],[-60.330855,7.8494669],[-60.3309032,7.8495679],[-60.330914,7.849629],[-60.3309032,7.8496875],[-60.330871,7.8497379],[-60.3308201,7.8497751],[-60.3306645,7.8498363],[-60.3304794,7.8499877],[-60.3303212,7.8500701],[-60.3302702,7.8501046],[-60.330238,7.8501471],[-60.3302246,7.8502056],[-60.3302246,7.850264],[-60.3302434,7.8503198],[-60.3303131,7.8504713],[-60.3303212,7.8505298],[-60.3303131,7.8505856],[-60.3302944,7.8506467],[-60.3302059,7.8508087],[-60.3300932,7.8508938],[-60.3300422,7.8509097],[-60.3299886,7.8509124],[-60.3299323,7.8508911],[-60.3298411,7.8508167],[-60.3297552,7.8506732],[-60.329715,7.8506334],[-60.3296641,7.8506148],[-60.3296104,7.8506121],[-60.3295541,7.8506201],[-60.3295058,7.8506546],[-60.3294656,7.8506945],[-60.3294092,7.8508672],[-60.3293663,7.8509124],[-60.329318,7.8509363],[-60.3292644,7.8509416],[-60.3291571,7.8509177],[-60.3291062,7.850915],[-60.3290525,7.8509257],[-60.3289157,7.8510373],[-60.3288433,7.8511276],[-60.3288031,7.8511621],[-60.3285456,7.8513295],[-60.3284356,7.8513853],[-60.3283793,7.8514013],[-60.3283229,7.8514013],[-60.3279796,7.8513162],[-60.3279233,7.8513269],[-60.3278857,7.8513694],[-60.327867,7.8514199],[-60.327875,7.8514836],[-60.3278965,7.8515421],[-60.3279555,7.8516431],[-60.3279662,7.8517015],[-60.3279635,7.8517547],[-60.3279448,7.8518184],[-60.3278536,7.8519646],[-60.3278294,7.8520151],[-60.3277946,7.8521851],[-60.3277892,7.8523525],[-60.3278106,7.8524136],[-60.3278723,7.8525119],[-60.3279206,7.8525571],[-60.3280306,7.8526342],[-60.3281137,7.8527271],[-60.3281406,7.8527803],[-60.3281647,7.8528919],[-60.328154,7.8529503],[-60.3281245,7.8530008],[-60.328036,7.8530779],[-60.3279796,7.8531071],[-60.3279233,7.8531177],[-60.3277999,7.8530938],[-60.3277409,7.8531018],[-60.3275371,7.8531762],[-60.3273091,7.8532958],[-60.3271857,7.8533409],[-60.3270757,7.8533648],[-60.3270248,7.8533888],[-60.3269765,7.8534233],[-60.3269416,7.8534658],[-60.3269067,7.8535827],[-60.3268799,7.8536359],[-60.3268424,7.853681],[-60.3267887,7.8537049],[-60.3267378,7.8537129],[-60.3266868,7.8537049],[-60.3265822,7.8536545],[-60.3265232,7.8536438],[-60.3264695,7.8536571],[-60.3264266,7.8536917],[-60.3264079,7.8537448],[-60.3264132,7.8538033],[-60.3264535,7.8539095],[-60.3264642,7.853968],[-60.3264588,7.8540504],[-60.32644,7.8540743],[-60.3264186,7.8540876],[-60.3263864,7.8540929],[-60.3262737,7.8540955],[-60.3261504,7.8540889],[-60.3261021,7.8541075],[-60.326082,7.8541301],[-60.3260753,7.8541593],[-60.3260739,7.8542523],[-60.32609,7.8543413],[-60.3260793,7.8544263],[-60.3260511,7.8544728],[-60.3260042,7.8545074],[-60.3259505,7.854526],[-60.3258902,7.854526],[-60.3258298,7.8545419],[-60.3256984,7.8546203],[-60.3256166,7.8546429],[-60.3255603,7.8546416],[-60.3255066,7.8546243],[-60.325449,7.8545897],[-60.3254101,7.8545499],[-60.3253296,7.8544356],[-60.325276,7.8543692],[-60.3251767,7.8543054],[-60.3251365,7.8542682],[-60.3250721,7.8541726],[-60.3249621,7.853976],[-60.3249246,7.8539255],[-60.324879,7.8538777],[-60.324828,7.8538484],[-60.3247663,7.8538298],[-60.3246456,7.8538298],[-60.3245249,7.8538617],[-60.324364,7.8539627],[-60.3242326,7.8540078],[-60.3239536,7.8539946],[-60.3237417,7.8539946],[-60.3236318,7.8539627],[-60.3235835,7.8539334],[-60.3235245,7.8539122],[-60.3234655,7.8538963],[-60.3233957,7.8538883],[-60.323267,7.8538883],[-60.3231517,7.8539122],[-60.3230953,7.8539388],[-60.322988,7.8540078],[-60.3229478,7.8540504],[-60.3228325,7.854255],[-60.32276,7.8543586],[-60.3227091,7.8543958],[-60.3226474,7.854417],[-60.3225884,7.8544277],[-60.3225294,7.8544197],[-60.3224757,7.8543825],[-60.3223926,7.8542868],[-60.322288,7.8542045],[-60.3220895,7.8540982],[-60.3219876,7.854061],[-60.3218722,7.8540344],[-60.3216764,7.8540318],[-60.3216174,7.8540477],[-60.3215611,7.8540743],[-60.3215128,7.8541115],[-60.3214806,7.8541673],[-60.3214726,7.8542257],[-60.3214806,7.8542789],[-60.3215396,7.8543798],[-60.3215906,7.8544967],[-60.3216147,7.8546641],[-60.3216174,7.8547996],[-60.3216094,7.8548554],[-60.3215718,7.8549644],[-60.3215423,7.8550202],[-60.3214484,7.8551583],[-60.3213975,7.8552673],[-60.3213626,7.8553125],[-60.3213412,7.8553656],[-60.3213304,7.8554214],[-60.3213358,7.8555463],[-60.3213573,7.8556021],[-60.3213921,7.8556472],[-60.3214431,7.8556738],[-60.3215665,7.8556924],[-60.3217971,7.8556924],[-60.3219876,7.8557216],[-60.3221029,7.8557456],[-60.3221592,7.8557721],[-60.3222048,7.855804],[-60.3222263,7.8558571],[-60.3222209,7.8559103],[-60.3221807,7.8559501],[-60.3221217,7.8559687],[-60.3220198,7.8559794],[-60.3219205,7.8560192],[-60.3218696,7.8560485],[-60.3218159,7.8560936],[-60.3217408,7.8561919],[-60.3217167,7.8562504],[-60.3217086,7.8563646],[-60.3216898,7.8564178],[-60.3216523,7.8564576],[-60.321596,7.8564816],[-60.3215343,7.8564869],[-60.3214726,7.8564762],[-60.3214243,7.8564523],[-60.3213894,7.8564098],[-60.3213465,7.8563753],[-60.3212929,7.8563673],[-60.3212339,7.85637],[-60.3211829,7.8563912],[-60.3211427,7.8564337],[-60.3210434,7.8565081],[-60.3209844,7.8565241],[-60.3209281,7.8565108],[-60.3208798,7.8564762],[-60.3208154,7.8563859],[-60.3207698,7.8562796],[-60.3207323,7.8562371],[-60.3206867,7.8562026],[-60.3206304,7.856184],[-60.3205204,7.856176],[-60.3204721,7.8561521],[-60.3204319,7.8561069],[-60.3204078,7.8560511],[-60.3203943,7.8559953],[-60.3203943,7.8559315],[-60.3204078,7.8558784],[-60.3204802,7.8557137],[-60.3204802,7.8556499],[-60.3204614,7.8555994],[-60.3204292,7.8555516],[-60.320389,7.8555038],[-60.320338,7.8554639],[-60.3202817,7.8554692],[-60.3202307,7.8555011],[-60.320102,7.8556207],[-60.3200644,7.8556685],[-60.3199679,7.8557402],[-60.3198499,7.855812],[-60.3197265,7.8558439],[-60.3195253,7.8558651],[-60.3194743,7.8558943],[-60.3194422,7.8559395],[-60.3194368,7.855998],[-60.3194475,7.8560538],[-60.3194663,7.8561043],[-60.3194958,7.8561521],[-60.3195441,7.8561919],[-60.3195924,7.8562132],[-60.3197184,7.8562451],[-60.3198177,7.8563062],[-60.3198686,7.856354],[-60.3199518,7.8564975],[-60.3200376,7.8565586],[-60.3200966,7.8565825],[-60.3202039,7.8565613],[-60.3202602,7.8565586],[-60.3203166,7.8565666],[-60.3204131,7.8566171],[-60.3204426,7.8566649],[-60.3204721,7.8567924],[-60.3205848,7.8569412],[-60.3205848,7.8569944],[-60.320566,7.8570448],[-60.3205043,7.8571432],[-60.3204963,7.8572574],[-60.3204855,7.8573132],[-60.3204614,7.857369],[-60.3204185,7.8574168],[-60.3203648,7.8574461],[-60.3203058,7.857462],[-60.3202495,7.8574567],[-60.3201932,7.8574328],[-60.3201449,7.8574009],[-60.320102,7.8573531],[-60.3200188,7.8572069],[-60.3199437,7.8571139],[-60.3197935,7.857005],[-60.3197372,7.8569944],[-60.3196836,7.8570183],[-60.3195843,7.8570847],[-60.3195253,7.8571033],[-60.3194556,7.8571033],[-60.3193992,7.8570927],[-60.3193402,7.8570688],[-60.3191873,7.8569651],[-60.319131,7.8569651],[-60.3190291,7.8570369],[-60.3189996,7.8570874],[-60.3189808,7.8571936],[-60.3189459,7.8572388],[-60.318895,7.8572787],[-60.3188413,7.8573132],[-60.318785,7.8573291],[-60.3187233,7.8573291],[-60.318667,7.8573105],[-60.3186187,7.8572707],[-60.3185222,7.8571219],[-60.3184819,7.8570794],[-60.3184739,7.8570209],[-60.3184685,7.8567685],[-60.3184202,7.8566543],[-60.31838,7.8566091],[-60.3183237,7.8565692],[-60.318262,7.8565506],[-60.3181386,7.8565533],[-60.3180608,7.8565719],[-60.317924,7.8566702],[-60.3178275,7.8567287],[-60.3177685,7.8567579],[-60.3176612,7.8567898],[-60.3176075,7.8568004],[-60.3174359,7.8568031],[-60.3172669,7.8567765],[-60.3172106,7.8567765],[-60.3171542,7.8567924],[-60.3171086,7.8568243],[-60.3170818,7.8568721],[-60.3170845,7.8569279],[-60.3171086,7.8569837],[-60.3171811,7.8570688],[-60.3172803,7.8571352],[-60.3173178,7.8571777],[-60.3173715,7.8572866],[-60.3173849,7.8573477],[-60.3174332,7.857454],[-60.3174761,7.8574965],[-60.3175861,7.857563],[-60.317755,7.8576055],[-60.317806,7.85764],[-60.3178516,7.8576852],[-60.3178811,7.857733],[-60.3178918,7.8577968],[-60.3178865,7.8579721],[-60.3179052,7.8582591],[-60.3179213,7.8583149],[-60.3179777,7.8584185],[-60.3180206,7.8584664],[-60.3181198,7.8585354],[-60.3181735,7.8585514],[-60.3182244,7.8585833],[-60.3182539,7.8586284],[-60.3182754,7.8586789],[-60.3182861,7.8587374],[-60.3182834,7.8587985],[-60.3182405,7.8589101],[-60.318211,7.8590296],[-60.3182244,7.8590881],[-60.3182647,7.8591333],[-60.318439,7.8591731],[-60.3184927,7.8591944],[-60.3185409,7.8592289],[-60.318659,7.8593777],[-60.3186911,7.8594893],[-60.3186965,7.8595451],[-60.3186911,7.8595982],[-60.3186616,7.8596434],[-60.3186241,7.8596806],[-60.3185758,7.8597098],[-60.3185222,7.8597205],[-60.3184712,7.8597072],[-60.3183693,7.8596434],[-60.3183183,7.8596195],[-60.318262,7.8596036],[-60.318152,7.8595504],[-60.3180367,7.8595424],[-60.3179884,7.8595717],[-60.3179508,7.8596089],[-60.3179213,7.8596594],[-60.3179106,7.8597125],[-60.317916,7.8597656],[-60.3179482,7.8598108],[-60.3180286,7.8598958],[-60.3180581,7.859941],[-60.3180769,7.8599994],[-60.3180796,7.8600606],[-60.3180608,7.860111],[-60.317975,7.8601828],[-60.3179348,7.860228],[-60.3178382,7.8603741],[-60.317747,7.8604458],[-60.3176531,7.8604937],[-60.3176022,7.8604751],[-60.3175861,7.8604219],[-60.3175914,7.8603661],[-60.3176585,7.8602094],[-60.3176853,7.8599835],[-60.3176799,7.8599197],[-60.3176424,7.8598081],[-60.3176129,7.8597656],[-60.3175753,7.859662],[-60.3175512,7.8595557],[-60.3174868,7.8594627],[-60.3174359,7.8594335],[-60.3173715,7.8594176],[-60.3173178,7.8593883],[-60.3172025,7.8593485],[-60.3171435,7.8593325],[-60.3170925,7.8593325],[-60.317055,7.859375],[-60.3170335,7.8594255],[-60.3170228,7.8594787],[-60.3170174,7.8595982],[-60.3169826,7.8597125],[-60.3169236,7.8598374],[-60.3168216,7.8599835],[-60.3167975,7.8600473],[-60.3167653,7.8601536],[-60.3167492,7.8602625],[-60.3167546,7.8603183],[-60.316776,7.8603688],[-60.3168109,7.8604193],[-60.3169209,7.8605494],[-60.3170201,7.8606318],[-60.3170604,7.8606743],[-60.3171247,7.8607726],[-60.317165,7.8608763],[-60.3171743,7.8609294],[-60.3171717,7.8609852],[-60.3171609,7.8610118],[-60.317122,7.8610543],[-60.3170952,7.8610662],[-60.3170671,7.8610689],[-60.3170094,7.8610609],[-60.3169879,7.8610463],[-60.3169611,7.8610437],[-60.3169329,7.861029],[-60.316835,7.8609586],[-60.3167948,7.8609121],[-60.3167532,7.8608391],[-60.3167291,7.8607222],[-60.3166822,7.8606464],[-60.3166392,7.8606066],[-60.3165896,7.8605747],[-60.3165306,7.8605627],[-60.3165038,7.8605654],[-60.316481,7.86058],[-60.3164649,7.8606066],[-60.3164622,7.8606677],[-60.3164689,7.8606969],[-60.3165856,7.8608749],[-60.3166245,7.8609706],[-60.3166956,7.8610649],[-60.3167197,7.8612071],[-60.3167479,7.8612602],[-60.3167854,7.8613094],[-60.3167921,7.8613399],[-60.3167814,7.8613957],[-60.3167452,7.8614528],[-60.3167211,7.8614714],[-60.3166942,7.8614754],[-60.3166661,7.8614674],[-60.3165695,7.8613997],[-60.3164931,7.8612921],[-60.3163603,7.8611473],[-60.3163254,7.8610968],[-60.3162771,7.8609254],[-60.3162946,7.8607168],[-60.3162839,7.860661],[-60.316249,7.8606172],[-60.3161886,7.8606106],[-60.3161618,7.8606252],[-60.3161283,7.8606743],[-60.3161122,7.8607328],[-60.3161068,7.8609174],[-60.3160894,7.8610383],[-60.3160733,7.8610941],[-60.3160277,7.8612004],[-60.316017,7.8612536],[-60.3160143,7.8613625],[-60.3160304,7.8614156],[-60.3160813,7.8615166],[-60.3160867,7.8615777],[-60.316076,7.8616388],[-60.3160062,7.8617929],[-60.3159928,7.861854],[-60.3159794,7.8619125],[-60.3159848,7.8619736],[-60.3160036,7.8620267],[-60.3160331,7.8620799],[-60.3161109,7.8621729],[-60.3161323,7.8622287],[-60.316135,7.8622818],[-60.3161243,7.8623376],[-60.316084,7.8623854],[-60.3159902,7.8624412],[-60.3159338,7.8624412],[-60.3157273,7.8623296],[-60.3156629,7.8623137],[-60.3154242,7.8623084],[-60.3151801,7.8622632],[-60.3150621,7.8622792],[-60.3149468,7.8623057],[-60.3148395,7.8623403],[-60.3147912,7.8623748],[-60.314759,7.8624173],[-60.3147134,7.8625236],[-60.3147107,7.8625767],[-60.3147215,7.8626325],[-60.3147563,7.8626857],[-60.3148904,7.8628052],[-60.3149146,7.862861],[-60.3149495,7.8629779],[-60.3150004,7.8631932],[-60.3150246,7.8632436],[-60.3150567,7.8632888],[-60.3152365,7.8634403],[-60.315274,7.8634854],[-60.3153357,7.8635864],[-60.3153572,7.8636369],[-60.3153679,7.8636953],[-60.3153572,7.8637538],[-60.3152338,7.8639584],[-60.3151962,7.8640753],[-60.3151184,7.8642613],[-60.3150889,7.8644924],[-60.3150594,7.864604],[-60.3150138,7.8646997],[-60.3149816,7.8647448],[-60.3149387,7.8647767],[-60.3148904,7.8648006],[-60.3147805,7.8648192],[-60.3146088,7.8648086],[-60.3145525,7.8648166],[-60.3144613,7.8648803],[-60.3144291,7.8649308],[-60.314413,7.8649866],[-60.3143996,7.8650398],[-60.3143808,7.8652231],[-60.3143406,7.8653267],[-60.3143084,7.8653719],[-60.3142253,7.8654543],[-60.3141314,7.865518],[-60.3140643,7.8655977],[-60.3139678,7.8657386],[-60.3139383,7.8657917],[-60.3139222,7.8658422],[-60.3139141,7.8659564],[-60.3139222,7.8660096],[-60.3139436,7.8660654],[-60.3139544,7.8661212],[-60.3139517,7.8661796],[-60.31389,7.8663683],[-60.3138471,7.8664161],[-60.3137451,7.8664798],[-60.3136888,7.8665064],[-60.3135359,7.86661],[-60.3134742,7.866703],[-60.3133777,7.8669103],[-60.313367,7.8669634],[-60.3133723,7.8670192],[-60.3133911,7.867075],[-60.3134286,7.8671149],[-60.3135279,7.8671813],[-60.3135762,7.8672079],[-60.3136379,7.8672238],[-60.3136942,7.8672291],[-60.3137478,7.8672079],[-60.3138497,7.8671361],[-60.3138793,7.8670777],[-60.3139222,7.8669528],[-60.313949,7.866905],[-60.3139865,7.8668624],[-60.3141126,7.8668385],[-60.3141743,7.8668492],[-60.3142306,7.8668704],[-60.3142762,7.8668996],[-60.3143165,7.8669422],[-60.314346,7.8670006],[-60.3143647,7.8670537],[-60.3143701,7.8671733],[-60.3143835,7.8672265],[-60.3144103,7.8672769],[-60.3144237,7.8673327],[-60.3144264,7.8673859],[-60.314413,7.867447],[-60.3143781,7.8674975],[-60.3143352,7.867532],[-60.3142762,7.8675453],[-60.3140992,7.8675479],[-60.3140456,7.8675665],[-60.3139973,7.8676091],[-60.3139409,7.8677074],[-60.3139088,7.8677499],[-60.3138149,7.8678243],[-60.3137478,7.8678429],[-60.3136915,7.8678429],[-60.3135708,7.8677977],[-60.3135252,7.8677711],[-60.3134716,7.8677605],[-60.313434,7.867811],[-60.313426,7.8678641],[-60.3134313,7.8679199],[-60.3134608,7.8679731],[-60.3135037,7.8680262],[-60.3135547,7.8680687],[-60.3136084,7.8680953],[-60.3136754,7.8681139],[-60.3137183,7.8681484],[-60.3138605,7.868345],[-60.3138766,7.8684008],[-60.3138632,7.868454],[-60.3138283,7.8684965],[-60.3137881,7.868531],[-60.3136942,7.8685842],[-60.3136298,7.8686107],[-60.3135628,7.8686745],[-60.313493,7.8687755],[-60.3134555,7.8688977],[-60.3134608,7.8690093],[-60.3134823,7.8691262],[-60.3134877,7.8692431],[-60.3134769,7.86936],[-60.3134286,7.8694663],[-60.3133535,7.8695672],[-60.3131604,7.8697107],[-60.3130639,7.8697638],[-60.3129512,7.8698064],[-60.3128439,7.8698648],[-60.3128064,7.8699711],[-60.3128064,7.8700561],[-60.3128225,7.8701624],[-60.3128654,7.8702846],[-60.3129298,7.8703909],[-60.3129351,7.8705078],[-60.3129137,7.8706141],[-60.312801,7.8708107],[-60.3126723,7.8709754],[-60.3126481,7.8710259],[-60.3126133,7.8710737],[-60.3125355,7.8711587],[-60.3124845,7.8711959],[-60.3123638,7.8712305],[-60.3122431,7.8712278],[-60.3120661,7.87118],[-60.3119615,7.8711375],[-60.3118596,7.8710684],[-60.3117657,7.8709807],[-60.3116584,7.8709116],[-60.3116021,7.870893],[-60.3115404,7.8708824],[-60.3114706,7.8708824],[-60.3114143,7.870901],[-60.3113607,7.8709409],[-60.3113204,7.8709887],[-60.3112587,7.8710923],[-60.3112212,7.8711401],[-60.3111327,7.8712066],[-60.3110737,7.8712278],[-60.3109503,7.8712278],[-60.3108886,7.8712172],[-60.3107867,7.871172],[-60.3106606,7.8711508],[-60.3105426,7.8711401],[-60.3101832,7.8711401],[-60.3100759,7.8711773],[-60.3099847,7.8712358],[-60.3098935,7.8713155],[-60.3098238,7.8714112],[-60.3097755,7.8715281],[-60.3097165,7.871629],[-60.3096467,7.871714],[-60.3095555,7.8717778],[-60.309459,7.8718256],[-60.3092337,7.8718681],[-60.3089923,7.8717725],[-60.3088796,7.8717406],[-60.308767,7.8717247],[-60.3085309,7.8717194],[-60.3084183,7.8716981],[-60.3083164,7.8716343],[-60.3082413,7.871544],[-60.3081822,7.8714537],[-60.3080428,7.8712836],[-60.3079462,7.8712252],[-60.3078443,7.8711933],[-60.3077209,7.8711933],[-60.3075975,7.8711667],[-60.3075063,7.8711029],[-60.3074151,7.8710179],[-60.3073561,7.8709223],[-60.3073454,7.870816],[-60.3073454,7.8707097],[-60.3074098,7.8704919],[-60.3074205,7.8703138],[-60.3074151,7.8702527],[-60.307399,7.8701996],[-60.3073293,7.8701066],[-60.3072247,7.8700508],[-60.307112,7.8700216],[-60.3069779,7.8700242],[-60.3068733,7.87008],[-60.3068304,7.8701225],[-60.3066936,7.8703218],[-60.3065944,7.8704919],[-60.3065515,7.8705875],[-60.3064764,7.870816],[-60.3064281,7.8709223],[-60.3063798,7.8710179],[-60.3063208,7.8711083],[-60.3062296,7.8711773],[-60.3060418,7.8712942],[-60.3057897,7.8714218],[-60.3057039,7.8714909],[-60.3056449,7.8715865],[-60.305602,7.8716928],[-60.3055966,7.8718097],[-60.3056449,7.871916],[-60.3056663,7.8720222],[-60.3056663,7.8721445],[-60.3056288,7.8722507],[-60.3055698,7.8723411],[-60.3054893,7.8724208],[-60.3053069,7.872543],[-60.3052157,7.8726174],[-60.3050226,7.8727449],[-60.3048751,7.8728353],[-60.3047437,7.8728778],[-60.304631,7.872915],[-60.3045237,7.8729628],[-60.3044111,7.8729787],[-60.3041482,7.8729787],[-60.3040355,7.8729522],[-60.3039229,7.8729043],[-60.3038102,7.8728618],[-60.3036976,7.8728459],[-60.3035849,7.8728246],[-60.3034911,7.8728167],[-60.3033114,7.8728671],[-60.3030324,7.8730505],[-60.3029707,7.8730797],[-60.3028527,7.8731063],[-60.3027266,7.8731063],[-60.3026596,7.873093],[-60.3025469,7.8730266],[-60.3024611,7.8729575],[-60.3024343,7.8729123],[-60.3023914,7.8728645],[-60.3023511,7.87283],[-60.3023055,7.8728034],[-60.3022438,7.8727928],[-60.3021204,7.8727928],[-60.3019729,7.8728246],[-60.3018388,7.8728379],[-60.3017852,7.8728353],[-60.3017423,7.872806],[-60.3016832,7.872713],[-60.3016618,7.8726599],[-60.3016591,7.8724208],[-60.3016645,7.8723251],[-60.301635,7.8722189],[-60.3016135,7.8721684],[-60.3016081,7.8721126],[-60.3016403,7.8720648],[-60.3016913,7.8720329],[-60.3018683,7.8719797],[-60.3019246,7.8719532],[-60.3020185,7.8718894],[-60.3020614,7.8718442],[-60.3020856,7.8717964],[-60.3021017,7.8716901],[-60.3021231,7.8716317],[-60.3022009,7.871536],[-60.3022438,7.8714988],[-60.3022787,7.871451],[-60.3023002,7.8714005],[-60.3023055,7.8713474],[-60.3022867,7.8712942],[-60.3022251,7.8712013],[-60.3021821,7.8711694],[-60.3021312,7.8711481],[-60.3020266,7.8711348],[-60.3017664,7.8711375],[-60.301694,7.8711189],[-60.3016323,7.8711003],[-60.301584,7.8710711],[-60.301407,7.8710232],[-60.3011227,7.8708213],[-60.30101,7.8707841],[-60.3008974,7.8707788],[-60.3007901,7.8708266],[-60.3006882,7.8708904],[-60.3004736,7.8709648],[-60.3003556,7.8709754],[-60.299921,7.8709754],[-60.2995777,7.8710711],[-60.2994651,7.8711136],[-60.2993792,7.8711827],[-60.2993041,7.871273],[-60.2992451,7.8713686],[-60.299229,7.8714749],[-60.2992773,7.8715759],[-60.2993739,7.871645],[-60.2994704,7.87173],[-60.2996635,7.8718522],[-60.2998459,7.8719904],[-60.29998,7.8721817],[-60.3000498,7.8723889],[-60.3000391,7.8725005],[-60.29998,7.8725908],[-60.2998996,7.8726652],[-60.2998084,7.8727237],[-60.2996099,7.872806],[-60.2992854,7.8730319],[-60.2991968,7.8731275],[-60.2991566,7.873186],[-60.2991137,7.873279],[-60.2990896,7.8733879],[-60.2990627,7.8735101],[-60.2990332,7.8736191],[-60.2989984,7.8737041],[-60.2989635,7.8737705],[-60.2989098,7.8738635],[-60.2988187,7.8740362],[-60.2987596,7.8741584],[-60.2987409,7.8742434],[-60.2987194,7.8743922],[-60.2987114,7.8745702],[-60.2986872,7.874735],[-60.2986443,7.8748333],[-60.2985799,7.8749395],[-60.2985156,7.8750299],[-60.2984217,7.8751122],[-60.2981856,7.8752903],[-60.2981025,7.8753221],[-60.2980086,7.8753301],[-60.2979469,7.8753275],[-60.2979067,7.8753115],[-60.2978423,7.875261],[-60.2977887,7.875176],[-60.2977297,7.8750724],[-60.297668,7.8749449],[-60.2975634,7.874812],[-60.2974534,7.8747429],[-60.2973568,7.8747217],[-60.2972603,7.8747376],[-60.2971932,7.8747881],[-60.2971342,7.8748678],[-60.2970833,7.8749555],[-60.2969733,7.8751973],[-60.2969465,7.8752903],[-60.2969331,7.8753859],[-60.2969116,7.8754816],[-60.2968553,7.8755666],[-60.2968016,7.8756144],[-60.2967426,7.875641],[-60.2966541,7.8756915],[-60.2965736,7.8757658],[-60.2964905,7.8758615],[-60.2963913,7.875997],[-60.2962679,7.8762521],[-60.2961847,7.8764194],[-60.296123,7.8765868],[-60.2960908,7.8767622],[-60.2960533,7.8769429],[-60.2960211,7.877073],[-60.2959836,7.8771953],[-60.2959192,7.8773175],[-60.2958709,7.8773759],[-60.2958173,7.8774105],[-60.2957636,7.8774238],[-60.2956751,7.8774291],[-60.2956161,7.8774184],[-60.2955732,7.8773945],[-60.2955142,7.8773414],[-60.2954739,7.8772697],[-60.2954471,7.8771979],[-60.2954042,7.8771076],[-60.2952781,7.8768897],[-60.2951306,7.8766214],[-60.2950233,7.8764141],[-60.2949885,7.8763397],[-60.2949697,7.8762653],[-60.294967,7.8761777],[-60.2949831,7.8761059],[-60.2950206,7.8760183],[-60.2951092,7.8758881],[-60.2951789,7.8757951],[-60.2952781,7.8756622],[-60.2953264,7.8755878],[-60.2953827,7.8754975],[-60.2954203,7.8754204],[-60.2954364,7.8753301],[-60.2954417,7.8752398],[-60.2954015,7.8751494],[-60.2953237,7.8750671],[-60.2952245,7.8750139],[-60.2951145,7.874998],[-60.2950233,7.874998],[-60.2949134,7.8750379],[-60.2948329,7.875099],[-60.2947095,7.8752212],[-60.2946076,7.8752956],[-60.2944708,7.8753753],[-60.2942213,7.8755533],[-60.2939183,7.8757738],[-60.2936715,7.876005],[-60.2935857,7.8761086],[-60.2935508,7.8761883],[-60.2935347,7.8762574],[-60.293532,7.8763451],[-60.2935562,7.8764354],[-60.2936018,7.8765656],[-60.2936903,7.8768206],[-60.2938458,7.8773148],[-60.293937,7.8775965],[-60.2940121,7.8778037],[-60.294106,7.8780136],[-60.2941865,7.8781358],[-60.2942562,7.8782368],[-60.2943206,7.8783484],[-60.2943689,7.8784413],[-60.294393,7.8785397],[-60.294393,7.8785981],[-60.2943635,7.8786725],[-60.294326,7.8787309],[-60.2942777,7.8787735],[-60.2942053,7.8788213],[-60.2941006,7.8788797],[-60.2939209,7.8789435],[-60.293355,7.879156],[-60.2929902,7.8793101],[-60.2928132,7.8794111],[-60.2927139,7.8794828],[-60.2926067,7.8795705],[-60.2925423,7.8796582],[-60.2925047,7.879791],[-60.2925208,7.8799319],[-60.292545,7.8800674],[-60.2925718,7.8803277],[-60.2925798,7.8804287],[-60.2925745,7.8805323],[-60.2925745,7.8806572],[-60.2925959,7.8807927],[-60.2926254,7.8809069],[-60.2926415,7.880984],[-60.2926415,7.8810531],[-60.2926281,7.8811487],[-60.292604,7.8812311],[-60.2925664,7.8813055],[-60.2925155,7.8813852],[-60.2924538,7.881425],[-60.2923706,7.8814303],[-60.2922982,7.8814011],[-60.2922311,7.8813559],[-60.2921614,7.8812895],[-60.2920595,7.8812072],[-60.2919737,7.8811461],[-60.2918905,7.8810717],[-60.2918288,7.8810026],[-60.2917403,7.8809069],[-60.2916491,7.8808166],[-60.2915499,7.8807396],[-60.2914855,7.8806784],[-60.2914694,7.8806359],[-60.2914748,7.8805934],[-60.2915043,7.880519],[-60.2915365,7.8804579],[-60.2915579,7.8803809],[-60.2915606,7.8802959],[-60.2915418,7.8802241],[-60.291523,7.8801604],[-60.2915123,7.8800966],[-60.291515,7.8800009],[-60.2915338,7.8799292],[-60.2915311,7.8798575],[-60.291515,7.8798043],[-60.2914855,7.8797592],[-60.2914318,7.8797167],[-60.2913782,7.8796901],[-60.2912736,7.8796741],[-60.2911663,7.8796582],[-60.2906835,7.8795519],[-60.2905601,7.8795147],[-60.290249,7.8793394],[-60.2900612,7.8792172],[-60.2899593,7.8791375],[-60.2898628,7.8790737],[-60.2897823,7.8789993],[-60.2896965,7.8789408],[-60.2895999,7.8788824],[-60.2895033,7.8788346],[-60.2892834,7.8787814],[-60.2891654,7.8787655],[-60.289042,7.8787655],[-60.2889079,7.8787921],[-60.288806,7.8788452],[-60.2887255,7.8789196],[-60.2886719,7.8790152],[-60.2886075,7.8793394],[-60.2885592,7.879435],[-60.288409,7.8796316],[-60.2883285,7.8797113],[-60.2881461,7.8798389],[-60.2880549,7.8799133],[-60.2879798,7.8799983],[-60.2878887,7.880078],[-60.2878135,7.8801736],[-60.2876902,7.8803596],[-60.2876151,7.8805669],[-60.2875614,7.88079],[-60.2875346,7.8810185],[-60.28754,7.8816296],[-60.2876419,7.8822513],[-60.2876419,7.8823629],[-60.2876365,7.8824957],[-60.2876204,7.882602],[-60.2875882,7.8827083],[-60.28754,7.8829208],[-60.2875239,7.8830271],[-60.2875185,7.8831387],[-60.2874917,7.8833884],[-60.2874917,7.883694],[-60.2875131,7.8838135],[-60.2875346,7.883872],[-60.2875695,7.8839251],[-60.2876499,7.8840102],[-60.2876928,7.8840447],[-60.2878538,7.884151],[-60.2878967,7.8841961],[-60.2879986,7.8843369],[-60.2880308,7.8844459],[-60.2880281,7.884499],[-60.2879772,7.8845947],[-60.2879369,7.8846345],[-60.2878833,7.8846691],[-60.2877304,7.8847434],[-60.2875078,7.8847966],[-60.2874488,7.8847966],[-60.2873361,7.8847674],[-60.2872825,7.8847381],[-60.2872074,7.8846398],[-60.287143,7.8845336],[-60.2871001,7.8844193],[-60.2870598,7.8842519],[-60.2870008,7.8841536],[-60.286915,7.8840899],[-60.2868587,7.8840845],[-60.2868077,7.8841005],[-60.2867621,7.8841297],[-60.2867299,7.8841749],[-60.2867246,7.8842307],[-60.2867997,7.884515],[-60.2867728,7.8845601],[-60.2867299,7.884592],[-60.2866763,7.8846026],[-60.2866253,7.884592],[-60.286577,7.8845522],[-60.2865502,7.8844964],[-60.2865449,7.8844432],[-60.2864912,7.8842865],[-60.2863973,7.8841457],[-60.2863625,7.8841005],[-60.2863196,7.8840633],[-60.286274,7.8840341],[-60.2862203,7.8840181],[-60.2860513,7.8840155],[-60.2859521,7.8840248],[-60.2858502,7.8840872],[-60.2858193,7.8841364],[-60.2858099,7.8841669],[-60.2858086,7.8842506],[-60.2858542,7.8843582],[-60.2858797,7.8844419],[-60.285881,7.8845043],[-60.285873,7.8845336],[-60.2858569,7.8845575],[-60.2858032,7.8845933],[-60.2857201,7.8846159],[-60.2856021,7.8846159],[-60.2855404,7.8846252],[-60.2855149,7.8846212],[-60.2854934,7.8846053],[-60.2854854,7.88458],[-60.2854988,7.8845508],[-60.2855846,7.8844273],[-60.2856021,7.8843369],[-60.2855726,7.8842772],[-60.2854773,7.8841536],[-60.285413,7.8840155],[-60.2853969,7.8839623],[-60.2853942,7.8838534],[-60.2854076,7.8838003],[-60.2854049,7.8837418],[-60.2853754,7.8836302],[-60.2853781,7.883516],[-60.2854022,7.8834655],[-60.2854988,7.8833087],[-60.285531,7.8831334],[-60.285531,7.8830803],[-60.2855055,7.8829673],[-60.2855055,7.8829115],[-60.2855377,7.8828597],[-60.2856289,7.8827814],[-60.2856463,7.8827548],[-60.2856664,7.8826751],[-60.2856624,7.8826113],[-60.285653,7.8825834],[-60.2856128,7.8825422],[-60.2855887,7.8825303],[-60.285535,7.8825197],[-60.2855095,7.8825236],[-60.2854599,7.8825568],[-60.2854009,7.8826299],[-60.2853566,7.8826684],[-60.2852587,7.8827295],[-60.2852078,7.8827468],[-60.285181,7.8827481],[-60.2851287,7.8827269],[-60.2851059,7.8827109],[-60.2850871,7.8826857],[-60.285079,7.8826578],[-60.2850817,7.8826286],[-60.2851233,7.8825542],[-60.2851327,7.8825276],[-60.2851327,7.8824984],[-60.2851246,7.8824705],[-60.2850777,7.8824346],[-60.284965,7.8824267],[-60.2849087,7.8824373],[-60.2848068,7.8824931],[-60.2847558,7.8825064],[-60.2846995,7.8825037],[-60.2846539,7.8824745],[-60.2846271,7.8824267],[-60.284619,7.8823709],[-60.28467,7.8822088],[-60.2846807,7.882153],[-60.2846807,7.8820972],[-60.2846593,7.8819883],[-60.2846271,7.8819298],[-60.2845198,7.8817917],[-60.2844259,7.8817279],[-60.2843723,7.8817067],[-60.2843159,7.8816934],[-60.2841416,7.8816907],[-60.284029,7.8817199],[-60.2837849,7.8818129],[-60.2836373,7.8818847],[-60.2835971,7.8819245],[-60.2835703,7.8819777],[-60.2835435,7.8820892],[-60.2835435,7.8822061],[-60.2835247,7.8822752],[-60.2834711,7.8823709],[-60.2833369,7.8824878],[-60.2832645,7.8825861],[-60.283235,7.8826339],[-60.2831894,7.8827402],[-60.2831572,7.8828518],[-60.2831545,7.8829049],[-60.2831036,7.8831254],[-60.2830701,7.8834177],[-60.2830593,7.8835704],[-60.2831063,7.8838109],[-60.2831076,7.8838507],[-60.2830996,7.8838773],[-60.2830781,7.8839052],[-60.2830419,7.8839265],[-60.2830097,7.8839331],[-60.2829789,7.8839304],[-60.2828756,7.8838693],[-60.282838,7.8838561],[-60.2827925,7.8838547],[-60.2827536,7.8838667],[-60.2827348,7.8838866],[-60.2827133,7.8839437],[-60.282708,7.8839836],[-60.2827281,7.8840646],[-60.2828193,7.8842333],[-60.2828515,7.884313],[-60.2828555,7.8843888],[-60.2828434,7.8844392],[-60.282822,7.8844844],[-60.2827938,7.8845269],[-60.2827495,7.8845721],[-60.2826905,7.8846106],[-60.2826181,7.8846358],[-60.2824934,7.8846598],[-60.2824344,7.8846784],[-60.2823807,7.8847235],[-60.2823673,7.8847581],[-60.2823687,7.8848617],[-60.2824022,7.8850131],[-60.2824384,7.8851114],[-60.2825122,7.8852336],[-60.2825457,7.8853293],[-60.2825564,7.8854913],[-60.2825497,7.8856215],[-60.2825202,7.88568],[-60.2824853,7.8857132],[-60.2824344,7.8857411],[-60.2823767,7.8857544],[-60.2822989,7.8857557],[-60.2822654,7.8857464],[-60.2822332,7.8857225],[-60.2822185,7.8856986],[-60.2821635,7.8855671],[-60.2820924,7.8854515],[-60.2820602,7.8854196],[-60.28202,7.885405],[-60.2819248,7.8854037],[-60.281855,7.8854183],[-60.2818161,7.8854395],[-60.2817477,7.8855073],[-60.2816981,7.8855378],[-60.2815801,7.8855724],[-60.2815218,7.8855983],[-60.2815003,7.8856003],[-60.2814567,7.8855804],[-60.2813602,7.885506],[-60.2812368,7.8853784],[-60.2811375,7.8852987],[-60.2810356,7.8852562],[-60.2807781,7.8851925],[-60.2806681,7.8851553],[-60.2806065,7.8851446],[-60.2804831,7.8851526],[-60.2804321,7.8851739],[-60.2803892,7.8852111],[-60.2803543,7.8852562],[-60.2802417,7.8854502],[-60.2801558,7.8855299],[-60.2801102,7.8855618],[-60.2800083,7.8856122],[-60.2799439,7.8856255],[-60.279783,7.8856388],[-60.2796704,7.8857212],[-60.2795631,7.8857637],[-60.2794504,7.8857796],[-60.279327,7.8858168],[-60.279091,7.8859443],[-60.2788657,7.8860984],[-60.2787852,7.8861728],[-60.2787209,7.8862738],[-60.278694,7.8863801],[-60.2787101,7.8865926],[-60.2788281,7.8867839],[-60.2788925,7.8868742],[-60.2789408,7.8869699],[-60.2789408,7.8870815],[-60.278914,7.8871931],[-60.2788711,7.8872993],[-60.2788764,7.8874056],[-60.2789301,7.8875013],[-60.2790159,7.8875597],[-60.2791178,7.8875969],[-60.2792305,7.8876182],[-60.2793431,7.88765],[-60.2794397,7.8877032],[-60.2795255,7.8877722],[-60.2795738,7.8878785],[-60.2795631,7.8879795],[-60.2795148,7.8880804],[-60.279429,7.8881601],[-60.279319,7.8882345],[-60.2792493,7.8883328],[-60.2792224,7.888386],[-60.2791983,7.8885029],[-60.2791661,7.8886145],[-60.2791044,7.8887154],[-60.2790535,7.8887526],[-60.2789515,7.8888111],[-60.278914,7.8888483],[-60.2788818,7.8888961],[-60.278855,7.8889466],[-60.2788228,7.8890635],[-60.2788174,7.8892335],[-60.2787933,7.8892893],[-60.278753,7.8893371],[-60.2787074,7.889369],[-60.2786484,7.8893796],[-60.2785921,7.8893637],[-60.2785438,7.8893371],[-60.2785009,7.8892973],[-60.2784607,7.8892468],[-60.2784044,7.8891458],[-60.2783641,7.8890475],[-60.2783185,7.8890183],[-60.2782649,7.8890156],[-60.2782032,7.8890236],[-60.2781495,7.8890396],[-60.2780986,7.8890581],[-60.2779135,7.8891804],[-60.2778518,7.8891936],[-60.2777901,7.8891963],[-60.2777392,7.8891804],[-60.2776909,7.8891511],[-60.2776212,7.8890635],[-60.2775943,7.8890156],[-60.2775809,7.8889652],[-60.2775809,7.888912],[-60.2776238,7.8886915],[-60.2776131,7.8884179],[-60.2776238,7.888192],[-60.2776936,7.8878041],[-60.2776453,7.8876102],[-60.2776426,7.8874481],[-60.2776694,7.8873551],[-60.2777633,7.8871771],[-60.2777848,7.8870921],[-60.2777794,7.8870097],[-60.2777445,7.886938],[-60.2776802,7.8868902],[-60.2776104,7.8868556],[-60.2775407,7.8868875],[-60.2774522,7.8869646],[-60.2773958,7.8870602],[-60.2772671,7.8874295],[-60.2772,7.8875703],[-60.2769774,7.8879503],[-60.2767682,7.8882797],[-60.2765214,7.8886889],[-60.2764088,7.8888589],[-60.2762613,7.8890183],[-60.2759743,7.8892787],[-60.2758428,7.8893903],[-60.2756605,7.8895151],[-60.275521,7.8895975],[-60.2753466,7.8896453],[-60.2752394,7.8896612],[-60.2750409,7.8896772],[-60.2749577,7.8896984],[-60.2749121,7.8897224],[-60.2748799,7.8897649],[-60.2748665,7.8898233],[-60.2748665,7.8898897],[-60.2748933,7.8900412],[-60.2749845,7.8903998],[-60.2749872,7.8904902],[-60.2749443,7.8908196],[-60.2749658,7.890902],[-60.2750087,7.8909843],[-60.2750704,7.891064],[-60.2753305,7.8913058],[-60.275352,7.891343],[-60.2753574,7.891428],[-60.2753413,7.8915343],[-60.2752823,7.8916299],[-60.2752072,7.8917309],[-60.2749229,7.8919275],[-60.2748424,7.8920072],[-60.2747726,7.8922304],[-60.2747458,7.8924536],[-60.2746815,7.8926767],[-60.2745044,7.8929902],[-60.2744401,7.8930912],[-60.2743006,7.8932719],[-60.2741504,7.8934366],[-60.2739948,7.8935428],[-60.2739251,7.8936332],[-60.2737427,7.8937926],[-60.2736515,7.8938563],[-60.2735066,7.8940476],[-60.2733189,7.8943505],[-60.2732384,7.8944249],[-60.2731419,7.8944993],[-60.2730399,7.8945524],[-60.2729327,7.8945737],[-60.2728146,7.8945843],[-60.2726913,7.894579],[-60.2725732,7.8945577],[-60.2723479,7.8944993],[-60.272246,7.8944462],[-60.2720153,7.8943611],[-60.2719081,7.8943718],[-60.2717954,7.8944036],[-60.2716881,7.8944355],[-60.2715808,7.8944887],[-60.2714789,7.8945577],[-60.2713823,7.8946374],[-60.2713072,7.8947118],[-60.2711678,7.8949031],[-60.2711088,7.8949881],[-60.2710202,7.8952379],[-60.270988,7.8953521],[-60.2709371,7.8954478],[-60.2707976,7.8956337],[-60.2706662,7.8957533],[-60.2706152,7.8957905],[-60.2705777,7.8958357],[-60.2705455,7.8958861],[-60.2705053,7.8959977],[-60.2704489,7.8961173],[-60.2704194,7.8962209],[-60.2703229,7.8963723],[-60.2702129,7.8964467],[-60.2701512,7.8964733],[-60.2700922,7.8964866],[-60.2699018,7.8964839],[-60.2697086,7.8964361],[-60.2693653,7.896375],[-60.2691293,7.8963644],[-60.2690166,7.896375],[-60.2688932,7.896375],[-60.2686465,7.8963165],[-60.26833,7.8962049],[-60.2681154,7.8961996],[-60.2680028,7.8962049],[-60.2677828,7.8962581],[-60.2675843,7.8963803],[-60.26752,7.8964813],[-60.2675092,7.8966991],[-60.2675146,7.8968213],[-60.2675414,7.8969276],[-60.267536,7.8970339],[-60.2674717,7.8971242],[-60.2673912,7.8971933],[-60.2672786,7.8972358],[-60.2671605,7.8972623],[-60.2670479,7.8972677],[-60.2667046,7.8973739],[-60.2665168,7.897443],[-60.2663693,7.8975307],[-60.2663183,7.8975519],[-60.2662566,7.8975626],[-60.2662003,7.8975626],[-60.2661467,7.8975519],[-60.2660903,7.8975254],[-60.2660072,7.897451],[-60.2659428,7.897358],[-60.2659026,7.8973234],[-60.2658543,7.8973022],[-60.2658033,7.8972969],[-60.2657497,7.8973048],[-60.2656961,7.8973314],[-60.2656531,7.8973739],[-60.265637,7.8974297],[-60.2656263,7.8975386],[-60.2656022,7.8975997],[-60.2655727,7.8976476],[-60.2654868,7.8977166],[-60.2654117,7.8978017],[-60.2653849,7.8978521],[-60.2653554,7.8980248],[-60.2653259,7.898078],[-60.2652749,7.8981178],[-60.2650711,7.8982108],[-60.2648807,7.898256],[-60.2646554,7.898256],[-60.2644649,7.8982028],[-60.2642852,7.8981656],[-60.2641726,7.8981656],[-60.2639902,7.8982028],[-60.2639231,7.8982241],[-60.2638266,7.8982772],[-60.2636603,7.8984127],[-60.2634805,7.8984605],[-60.2633786,7.898519],[-60.2632821,7.8985854],[-60.2632123,7.8986864],[-60.2631909,7.8987395],[-60.2631748,7.8987926],[-60.2631694,7.8988484],[-60.2631775,7.8989042],[-60.263207,7.8989574],[-60.263333,7.8990929],[-60.2634323,7.899239],[-60.2634859,7.8993506],[-60.2634913,7.8994648],[-60.2634671,7.8996641],[-60.263392,7.9000254],[-60.263266,7.9005195],[-60.2632552,7.9005806],[-60.2632552,7.9006338],[-60.2632821,7.9007533],[-60.2634001,7.9009579],[-60.2634645,7.9011173],[-60.2635047,7.9013431],[-60.2635007,7.9014972],[-60.2635208,7.9020033],[-60.2635288,7.9023009],[-60.2635463,7.902617],[-60.2635382,7.9027379],[-60.2635275,7.9028535],[-60.2635221,7.9029451],[-60.2635248,7.9030368],[-60.2635328,7.9031231],[-60.2635463,7.9031909],[-60.2636106,7.9033775],[-60.2636348,7.9034473],[-60.2636502,7.9035044],[-60.2636556,7.9035502],[-60.2636502,7.9035881],[-60.2636361,7.9036352],[-60.2636113,7.9036771],[-60.2635617,7.9037402],[-60.2635228,7.903776],[-60.2634598,7.9038179],[-60.2633712,7.9038723],[-60.2632412,7.9039328],[-60.2631124,7.9039872],[-60.262645,7.9041765],[-60.2623889,7.9042509],[-60.2622682,7.9042775],[-60.2621649,7.9042855],[-60.2620617,7.9042669],[-60.262004,7.9042363],[-60.2619611,7.9042004],[-60.2619302,7.9041526],[-60.2619155,7.9041048],[-60.2619101,7.904041],[-60.2619195,7.9039706],[-60.261945,7.9038883],[-60.2619933,7.9038099],[-60.2620791,7.903685],[-60.2623071,7.9033277],[-60.2624479,7.903066],[-60.2624828,7.9029518],[-60.2625096,7.9028508],[-60.2625096,7.9027831],[-60.2624962,7.9027313],[-60.2624626,7.9026848],[-60.2624103,7.9026516],[-60.2623366,7.902629],[-60.2622454,7.902613],[-60.2618645,7.9026064],[-60.2613187,7.9026144],[-60.2603209,7.9026051],[-60.2601828,7.9026144],[-60.260113,7.9026383],[-60.2600661,7.9026702],[-60.2600379,7.90271],[-60.2600192,7.9027751],[-60.2600192,7.9028296],[-60.2600446,7.9028814],[-60.260101,7.9029358],[-60.2601519,7.9029783],[-60.2602217,7.9030527],[-60.2602659,7.9031178],[-60.2603035,7.9031882],[-60.260459,7.9034433],[-60.2605288,7.903527],[-60.2606213,7.9036106],[-60.2608064,7.9037554],[-60.2609351,7.9038577],[-60.2609673,7.9039016],[-60.2609874,7.903948],[-60.2609874,7.9040105],[-60.260962,7.9040663],[-60.2609177,7.9041247],[-60.2608573,7.9041672],[-60.260824,7.9041762],[-60.260793,7.9041845],[-60.2607232,7.9041925],[-60.2606079,7.9041951],[-60.2603129,7.9041938],[-60.2601318,7.9042124],[-60.2600205,7.9042429],[-60.2599145,7.9042934],[-60.2598354,7.9043466],[-60.2597912,7.904401],[-60.259763,7.9044555],[-60.2596235,7.9049124],[-60.2595672,7.9050214],[-60.2594894,7.9051276],[-60.259425,7.9051808],[-60.2593406,7.905218],[-60.2592601,7.9052326],[-60.2591461,7.9052419],[-60.258949,7.9052684],[-60.2588618,7.9052924],[-60.2588148,7.9053216],[-60.2587773,7.9053721],[-60.2587612,7.9054146],[-60.2587491,7.9054863],[-60.2586848,7.9056988],[-60.2586338,7.9057945],[-60.2585319,7.9059459],[-60.258387,7.9061],[-60.2582958,7.9061784],[-60.2581564,7.9062714],[-60.2580357,7.9063404],[-60.2577004,7.9065105],[-60.2575741,7.9065871],[-60.2574134,7.9066845],[-60.2572967,7.9067814],[-60.2572323,7.9068651],[-60.2571867,7.9069541],[-60.2571666,7.9070484],[-60.2571546,7.907176],[-60.2571613,7.9073433],[-60.25718,7.9074762],[-60.2572082,7.9076117],[-60.2572779,7.9077923],[-60.2573168,7.9079066],[-60.2573356,7.9079849],[-60.2573356,7.9080527],[-60.2573074,7.9081337],[-60.2572458,7.9082772],[-60.2571385,7.9085309],[-60.2569802,7.9089427],[-60.2569091,7.9090914],[-60.2567764,7.9093545],[-60.2567312,7.9094485],[-60.2566583,7.9096002],[-60.2565591,7.9098234],[-60.2565376,7.909911],[-60.2565256,7.9100133],[-60.2565296,7.9100797],[-60.256547,7.9101475],[-60.2565578,7.9102073],[-60.2565658,7.9102723],[-60.2565564,7.9103188],[-60.2565336,7.9103653],[-60.2564867,7.9104331],[-60.256366,7.9105965],[-60.2563043,7.9106961],[-60.2562185,7.9108688],[-60.2561836,7.9109817],[-60.2561648,7.9110933],[-60.2561635,7.9112155],[-60.2561675,7.9114174],[-60.2561916,7.9117627],[-60.2562225,7.9119846],[-60.2562574,7.9122768],[-60.2562634,7.912409],[-60.2562627,7.9124668],[-60.256256,7.9125066],[-60.2562446,7.9125411],[-60.2562185,7.9125803],[-60.2561849,7.9126069],[-60.2561145,7.9126527],[-60.2559764,7.912757],[-60.2559067,7.9128174],[-60.2558349,7.9128958],[-60.2557565,7.9130087],[-60.2556834,7.9131309],[-60.2555995,7.9132764],[-60.2555204,7.9134205],[-60.2553675,7.9136662],[-60.2552301,7.9138608],[-60.255159,7.9139571],[-60.2550866,7.9140588],[-60.2550014,7.914173],[-60.2549149,7.9142859],[-60.2548311,7.9143902],[-60.2547828,7.9144433],[-60.2547178,7.9145104],[-60.2546413,7.9145921],[-60.2545669,7.9146937],[-60.2544301,7.9148903],[-60.2543221,7.9150756],[-60.2542457,7.915243],[-60.2541921,7.9153453],[-60.2541357,7.9154369],[-60.2539359,7.915684],[-60.2538434,7.9157809],[-60.2537723,7.9158354],[-60.2537119,7.9158673],[-60.2536543,7.9158819],[-60.2535939,7.9158899],[-60.2535041,7.9158925],[-60.2533981,7.9158859],[-60.2529301,7.9158341],[-60.252623,7.9157756],[-60.252513,7.9157438],[-60.2524513,7.9156999],[-60.2524231,7.9156587],[-60.252391,7.9156056],[-60.2523775,7.9155591],[-60.2523668,7.9154728],[-60.2522957,7.9146107],[-60.2522501,7.9142095],[-60.25223,7.9141179],[-60.2521978,7.9140475],[-60.252163,7.9139983],[-60.2521133,7.9139678],[-60.2520543,7.9139545],[-60.251998,7.9139625],[-60.2519524,7.913989],[-60.2518679,7.9140448],[-60.2517539,7.9141378],[-60.2516748,7.9142334],[-60.2515621,7.9143676],[-60.2514911,7.9144247],[-60.2513865,7.9144858],[-60.2512564,7.9145496],[-60.2510981,7.9146346],[-60.2509908,7.9147037],[-60.2507924,7.9148764],[-60.2506703,7.914964],[-60.2505791,7.9150092],[-60.2504906,7.9150331],[-60.2503847,7.9150384],[-60.2502733,7.9150411],[-60.2500561,7.9150225],[-60.24993,7.9149959],[-60.2498469,7.9149707],[-60.2498107,7.9149468],[-60.2497852,7.9149189],[-60.249761,7.9148644],[-60.249761,7.9148166],[-60.2497758,7.9147409],[-60.2498831,7.9142613],[-60.2499501,7.9139824],[-60.2499568,7.9139],[-60.2499555,7.9138349],[-60.249926,7.9137685],[-60.2498858,7.9137127],[-60.2498254,7.913653],[-60.2497557,7.9135985],[-60.249466,7.9134457],[-60.2493131,7.9133621],[-60.2492581,7.9133063],[-60.2492233,7.9132398],[-60.2491964,7.9131442],[-60.2491643,7.9129622],[-60.2491535,7.9127616],[-60.2491803,7.9126182],[-60.2492031,7.9124774],[-60.2492246,7.9123353],[-60.2492353,7.9122223],[-60.2492206,7.9121373],[-60.2491507,7.9118941],[-60.2491187,7.9117827],[-60.2490865,7.9117162],[-60.2490342,7.9116751],[-60.2489819,7.9116565],[-60.2489269,7.9116551],[-60.248829,7.9116698],[-60.2486768,7.9116957],[-60.2485963,7.9117069],[-60.2485105,7.9117056],[-60.2484454,7.9116943],[-60.2484092,7.9116704],[-60.2483844,7.9116365],[-60.2483764,7.9116027],[-60.248375,7.9115529],[-60.2483931,7.9114864],[-60.2484313,7.9114247],[-60.2484749,7.9113875],[-60.2485225,7.9113636],[-60.2485903,7.911345],[-60.2487157,7.9113197],[-60.2488471,7.9112706],[-60.2489041,7.9112281],[-60.2489349,7.9111776],[-60.2489483,7.9111311],[-60.2489537,7.9110846],[-60.2489457,7.9110348],[-60.2489309,7.9110082],[-60.2489061,7.910987],[-60.2488585,7.9109671],[-60.2487794,7.9109498],[-60.2486674,7.9109345],[-60.2485447,7.9109232],[-60.2484555,7.9109179],[-60.2483656,7.9109173],[-60.2481866,7.9109246],[-60.2480525,7.9109418],[-60.2479398,7.9109737],[-60.2477185,7.9110707],[-60.2476113,7.9111318],[-60.2475563,7.9111809],[-60.2475107,7.9112394],[-60.2473068,7.9115754],[-60.2472425,7.9116817],[-60.2472049,7.9117322],[-60.2471499,7.9117694],[-60.247099,7.911788],[-60.2470467,7.9117933],[-60.2469729,7.9117906],[-60.2468897,7.9117601],[-60.2468428,7.9117242],[-60.2467677,7.9116551],[-60.2466068,7.9114532],[-60.2465652,7.91142],[-60.2465323,7.9114034],[-60.2464874,7.9113935],[-60.2464438,7.9113968],[-60.2463935,7.911418],[-60.2463674,7.9114419],[-60.2463473,7.9114791],[-60.2463466,7.9115197],[-60.246354,7.9115555],[-60.2463821,7.9116253],[-60.2464827,7.9119002],[-60.2465343,7.9120543],[-60.2465585,7.9121367],[-60.2465672,7.9121858],[-60.2465665,7.9122363],[-60.2465545,7.9122901],[-60.2464941,7.9124648],[-60.2464405,7.9126009],[-60.2463077,7.9129357],[-60.2462621,7.9130765],[-60.2461991,7.9132744],[-60.2461649,7.9133474],[-60.2461347,7.9133873],[-60.2460931,7.9134218],[-60.2460435,7.9134491],[-60.2459952,7.9134683],[-60.2458531,7.9135055],[-60.245609,7.913552],[-60.2455299,7.913554],[-60.2454715,7.9135387],[-60.2454273,7.9135201],[-60.2453951,7.9135002],[-60.2453602,7.9134597],[-60.2453381,7.9134305],[-60.2452878,7.9133288],[-60.2452187,7.9131509],[-60.2451993,7.913121],[-60.2451671,7.9130951],[-60.2451148,7.9130851],[-60.2450591,7.9130917],[-60.2449907,7.913107],[-60.2448546,7.9131628],[-60.244807,7.913192],[-60.2447601,7.9132306],[-60.2447366,7.9132671],[-60.2447245,7.9133096],[-60.2447252,7.9133461],[-60.2447353,7.913384],[-60.2447594,7.9134205],[-60.2448151,7.9134716],[-60.2448788,7.9135374],[-60.2449311,7.9136091],[-60.2449907,7.9137021],[-60.2450544,7.913825],[-60.2451114,7.9139432],[-60.245155,7.9140535],[-60.2451892,7.914165],[-60.2451999,7.9142162],[-60.2452134,7.9142706],[-60.2452134,7.9143151],[-60.245206,7.9143563],[-60.2451906,7.9144094],[-60.2451416,7.9144798],[-60.2450933,7.9145243],[-60.2450511,7.9145509],[-60.244986,7.9145702],[-60.2449344,7.9145735],[-60.2448868,7.9145715],[-60.2448298,7.9145609],[-60.2447876,7.9145396],[-60.2447406,7.9145031],[-60.2447064,7.9144573],[-60.2446575,7.914349],[-60.2446213,7.914266],[-60.2445924,7.9142188],[-60.2445522,7.914183],[-60.2445026,7.9141677],[-60.2444523,7.9141684],[-60.2444033,7.9141909],[-60.2443691,7.9142175],[-60.244341,7.9142593],[-60.2443215,7.9143078],[-60.2443135,7.914357],[-60.2443155,7.9144347],[-60.2443249,7.9144978],[-60.2443423,7.9145529],[-60.2443738,7.9146207],[-60.2444201,7.9146917],[-60.2444657,7.9147541],[-60.2445274,7.9148126],[-60.2446011,7.9148677],[-60.2447051,7.9149607],[-60.2447232,7.9149833],[-60.2447299,7.9150039],[-60.2447252,7.9150311],[-60.2447098,7.9150524],[-60.244687,7.9150656],[-60.2446541,7.9150743],[-60.2445971,7.9150849],[-60.2443772,7.9151128],[-60.2442967,7.9151307],[-60.244229,7.9151606],[-60.2441881,7.9151878],[-60.2441391,7.9152397],[-60.244115,7.9152828],[-60.2440996,7.9153306],[-60.2440902,7.9153971],[-60.2440909,7.9154648],[-60.2441029,7.9155292],[-60.2441277,7.9155937],[-60.244168,7.9156707],[-60.2442364,7.915779],[-60.2443993,7.9160068],[-60.2444905,7.9161223],[-60.2445871,7.9162193],[-60.2447306,7.9163468],[-60.2448419,7.9164185],[-60.2450725,7.9165049],[-60.2452496,7.9165673],[-60.2453488,7.9166085],[-60.2454172,7.9166483],[-60.2454561,7.9166935],[-60.2454963,7.9167559],[-60.2455097,7.9168051],[-60.2455071,7.9168662],[-60.2454869,7.9169711],[-60.2454521,7.9170668],[-60.2454025,7.9171398],[-60.24533,7.9172195],[-60.2451932,7.917363],[-60.2449438,7.9176765],[-60.244862,7.9177867],[-60.2448043,7.9178837],[-60.2447668,7.9179833],[-60.2447024,7.9182304],[-60.2445696,7.9187125],[-60.2444945,7.9189291],[-60.2443725,7.9192452],[-60.2443323,7.9193913],[-60.2443041,7.9195202],[-60.2442893,7.9196424],[-60.244292,7.9197274],[-60.2443041,7.9198137],[-60.2443363,7.9199346],[-60.244402,7.9201949],[-60.2444342,7.9203822],[-60.2444945,7.9208923],[-60.2445643,7.9213612],[-60.244571,7.9214422],[-60.2445737,7.921506],[-60.2445669,7.9215591],[-60.2445441,7.9216521],[-60.2444918,7.9217557],[-60.2444234,7.9218658],[-60.2443416,7.9219975],[-60.2442746,7.9220891],[-60.2442102,7.9221409],[-60.2441311,7.9221821],[-60.2440493,7.922206],[-60.2438763,7.9222312],[-60.2436644,7.9222578],[-60.2434981,7.9222724],[-60.24336,7.9222724],[-60.2432419,7.9222618],[-60.2430756,7.9222379],[-60.2426291,7.9221781],[-60.2424947,7.9221753],[-60.2424359,7.9221741],[-60.2422991,7.9221781],[-60.2422093,7.9221954],[-60.242153,7.9222326],[-60.2421261,7.9222844],[-60.2421194,7.9223269],[-60.2421355,7.9223867],[-60.2421704,7.9224318],[-60.2422093,7.922473],[-60.242279,7.9225182],[-60.2424158,7.9225739],[-60.2425432,7.9226244],[-60.2426223,7.9226643],[-60.2426706,7.9227001],[-60.2427243,7.9227666],[-60.2427484,7.922825],[-60.2427645,7.92291],[-60.2428101,7.9232075],[-60.2428409,7.9233563],[-60.2428946,7.9235263],[-60.2429871,7.9237455],[-60.2430609,7.9239421],[-60.2431011,7.9240709],[-60.2431266,7.9242064],[-60.2431387,7.9243765],[-60.2431306,7.9245173],[-60.2431051,7.9246806],[-60.2430555,7.9248507],[-60.2430019,7.925034],[-60.2429375,7.9251973],[-60.2428785,7.9253156],[-60.242727,7.92556],[-60.2426519,7.9256994],[-60.2425928,7.9258442],[-60.2425633,7.9259731],[-60.2425553,7.9260647],[-60.242558,7.9261896],[-60.2425754,7.9262985],[-60.2426317,7.9264446],[-60.2426693,7.9265177],[-60.242735,7.9266053],[-60.2427726,7.9266651],[-60.2427953,7.9267328],[-60.2428181,7.9268112],[-60.2428222,7.9268843],[-60.2428141,7.926944],[-60.2428007,7.9270237],[-60.2427726,7.9270902],[-60.2427028,7.9271778],[-60.2425848,7.92732],[-60.2425459,7.9273837],[-60.2425325,7.9274335],[-60.2425271,7.927472],[-60.2425278,7.9275252],[-60.2425372,7.927565],[-60.2425607,7.9276009],[-60.242678,7.9277291],[-60.2428,7.927832],[-60.2428785,7.9278738],[-60.2429724,7.9279004],[-60.2430542,7.927911],[-60.2431367,7.9279057],[-60.243201,7.9278818],[-60.243256,7.9278433],[-60.2432956,7.9277995],[-60.2433204,7.9277523],[-60.2433573,7.9276653],[-60.2434076,7.9275099],[-60.2434404,7.9274295],[-60.2434753,7.9273784],[-60.2435155,7.9273379],[-60.2435504,7.9273199],[-60.2435866,7.92731],[-60.2436329,7.9273027],[-60.2436664,7.927304],[-60.2437073,7.9273107],[-60.2437522,7.9273346],[-60.2437925,7.9273704],[-60.2438139,7.927395],[-60.2438273,7.9274156],[-60.243836,7.9274402],[-60.2438401,7.9274807],[-60.2438374,7.9275192],[-60.243824,7.9275843],[-60.2437603,7.927824],[-60.2437207,7.9279555],[-60.2437019,7.928002],[-60.2436691,7.9280585],[-60.2436262,7.9281236],[-60.2435625,7.9282072],[-60.2435155,7.9282743],[-60.2434599,7.9283514],[-60.243433,7.9283985],[-60.2434237,7.9284277],[-60.2434203,7.9284656],[-60.243423,7.9284995],[-60.2434424,7.9287279],[-60.2434418,7.928793],[-60.243431,7.9288508],[-60.2434042,7.9288933],[-60.2433754,7.9289219],[-60.243317,7.9289537],[-60.2432513,7.9289777],[-60.24314,7.9290002],[-60.2430414,7.9290308],[-60.2430119,7.929048],[-60.2429865,7.929066],[-60.242967,7.9290972],[-60.242957,7.9291258],[-60.2429596,7.9291696],[-60.2429704,7.9292121],[-60.2430394,7.9294386],[-60.2430904,7.9295594],[-60.2431507,7.9296684],[-60.2432641,7.9298762],[-60.2433506,7.9300416],[-60.2434056,7.9301851],[-60.2434364,7.9302794],[-60.2434686,7.9303697],[-60.2435195,7.930472],[-60.2435812,7.9305928],[-60.2436107,7.9306832],[-60.2436409,7.9307562],[-60.243651,7.93081],[-60.2436537,7.9308525],[-60.2436483,7.930911],[-60.2436349,7.9309515],[-60.243595,7.9310272],[-60.2435638,7.9310863],[-60.2434679,7.9312092],[-60.2434123,7.931259],[-60.2433553,7.9312948],[-60.2433036,7.9313114],[-60.243254,7.9313121],[-60.243203,7.9312968],[-60.2431635,7.9312689],[-60.2431152,7.9312151],[-60.2430039,7.9310611],[-60.2428959,7.9309342],[-60.2427605,7.9307602],[-60.2427042,7.9307044],[-60.2426559,7.9306546],[-60.2425338,7.9305928],[-60.2424561,7.9305955],[-60.242393,7.9306141],[-60.2423233,7.9306553],[-60.242271,7.9307137],[-60.2422307,7.930824],[-60.2422133,7.930893],[-60.2421892,7.9310033],[-60.2421717,7.9310803],[-60.2421463,7.931152],[-60.2420872,7.9312596],[-60.2420336,7.9313207],[-60.2419786,7.9314004],[-60.241937,7.9314841],[-60.2419142,7.9315612],[-60.2418901,7.9317259],[-60.2418673,7.931856],[-60.2418338,7.9319264],[-60.2418002,7.9319756],[-60.2417547,7.9320048],[-60.2416836,7.9320207],[-60.2416098,7.9320141],[-60.2415669,7.9319915],[-60.241528,7.9319477],[-60.2415039,7.9318972],[-60.2414918,7.9318242],[-60.2414905,7.9317352],[-60.2414931,7.9316183],[-60.2414918,7.9315532],[-60.2414797,7.9315107],[-60.2414489,7.9314668],[-60.2414073,7.9314483],[-60.2413563,7.9314562],[-60.2413161,7.9314828],[-60.2412625,7.9315346],[-60.2412249,7.9316037],[-60.2411793,7.9317139],[-60.2411056,7.931945],[-60.2410707,7.9320858],[-60.2410385,7.93221],[-60.2410345,7.9322545],[-60.2410351,7.9323023],[-60.2410405,7.9324252],[-60.2410392,7.9324836],[-60.2410318,7.9325215],[-60.241009,7.9325514],[-60.2409768,7.9325693],[-60.2409265,7.9325746],[-60.2408621,7.9325667],[-60.2408112,7.9325494],[-60.2407656,7.9325195],[-60.2407321,7.9324896],[-60.2407046,7.9324498],[-60.2406784,7.9323907],[-60.2406556,7.9323083],[-60.2406355,7.9322113],[-60.2406295,7.9321609],[-60.2406335,7.9321117],[-60.2406489,7.9320599],[-60.240724,7.9318979],[-60.2407381,7.9318427],[-60.2407408,7.931783],[-60.2407354,7.9317272],[-60.2407233,7.9316648],[-60.2406979,7.931597],[-60.2406684,7.9315625],[-60.2406308,7.9315465],[-60.2405866,7.9315439],[-60.2405356,7.9315558],[-60.2404591,7.9315877],[-60.2402419,7.9317272],[-60.2401641,7.9317723],[-60.2400662,7.9318016],[-60.2399804,7.9318188],[-60.2398704,7.9318202],[-60.2397349,7.9318135],[-60.2395807,7.9317989],[-60.2392951,7.9317631],[-60.239114,7.9317431],[-60.238988,7.9317391],[-60.2388981,7.9317391],[-60.2388029,7.9317511],[-60.2387157,7.931779],[-60.238654,7.9318149],[-60.2386004,7.931864],[-60.2384985,7.9320101],[-60.2383778,7.9321947],[-60.2381632,7.932471],[-60.2380572,7.9325693],[-60.2379218,7.9326902],[-60.2377595,7.9328177],[-60.2375624,7.9329505],[-60.2372606,7.9331445],[-60.2370983,7.9332281],[-60.2369133,7.9333078],[-60.2367684,7.933349],[-60.2366517,7.933361],[-60.2365538,7.9333517],[-60.236468,7.9333264],[-60.2364158,7.9333001],[-60.2363232,7.9332534],[-60.2360295,7.933078],[-60.2358699,7.9329837],[-60.2357814,7.9329253],[-60.2357237,7.9328761],[-60.2356808,7.9328111],[-60.2356647,7.9327619],[-60.2356553,7.9327035],[-60.2356298,7.9325587],[-60.2356178,7.9324498],[-60.2356131,7.9324066],[-60.2356003,7.9323727],[-60.2355507,7.9323302],[-60.2354984,7.932309],[-60.2354608,7.932309],[-60.2354153,7.9323302],[-60.2353844,7.9323714],[-60.2353589,7.9324325],[-60.2353529,7.9324816],[-60.2353536,7.9325308],[-60.235375,7.9326198],[-60.2354059,7.9327433],[-60.2354501,7.9329133],[-60.2354769,7.9330143],[-60.2354883,7.9330774],[-60.235488,7.9331112],[-60.2354816,7.9331478],[-60.2354649,7.9331949],[-60.2354387,7.9332434],[-60.2353871,7.9332992],[-60.235312,7.9333537],[-60.2351242,7.9334579],[-60.2350733,7.9334792],[-60.2349988,7.9334958],[-60.2349325,7.9334978],[-60.2348822,7.9334898],[-60.2348185,7.9334659],[-60.2347615,7.9334347],[-60.2346575,7.9333623],[-60.2345482,7.9332985],[-60.2344745,7.9332726],[-60.2343699,7.9332447],[-60.2341392,7.9331684],[-60.234054,7.9331391],[-60.2339481,7.9330834],[-60.2338046,7.9329837],[-60.2333245,7.9326384],[-60.233008,7.9324073],[-60.2329396,7.9323674],[-60.2328846,7.9323501],[-60.232835,7.9323515],[-60.2328001,7.9323687],[-60.2327719,7.9324033],[-60.2327183,7.932467],[-60.2326606,7.9325255],[-60.2325627,7.9326543],[-60.2325305,7.9327168],[-60.2325225,7.9327699],[-60.2325225,7.9328483],[-60.2325439,7.9329253],[-60.2325802,7.9330262],[-60.2326338,7.9331418],[-60.2327049,7.9332746],[-60.232902,7.9336359],[-60.2329409,7.9337315],[-60.2329583,7.9338179],[-60.2329704,7.9339361],[-60.2329704,7.9340703],[-60.232961,7.934215],[-60.2329436,7.9343173],[-60.2329154,7.9344156],[-60.2328564,7.9345285],[-60.2327518,7.9347105],[-60.2326888,7.9348433],[-60.2326244,7.9350093],[-60.2324742,7.9353507],[-60.2324259,7.9354397],[-60.2323844,7.9354809],[-60.2323227,7.9355154],[-60.2322623,7.9355274],[-60.2321899,7.93553],[-60.2320853,7.9355247],[-60.2319177,7.9354981],[-60.2317809,7.9354716],[-60.2316333,7.9354291],[-60.231526,7.935368],[-60.2314442,7.9353109],[-60.2313772,7.9352418],[-60.2312833,7.9351435],[-60.2311546,7.9349907],[-60.2310178,7.9348566],[-60.2309279,7.9347663],[-60.2308615,7.9347178],[-60.2308206,7.9346972],[-60.2307663,7.9346846],[-60.2307221,7.9346833],[-60.2306852,7.9346912],[-60.2306396,7.9347085],[-60.2306007,7.9347377],[-60.2305759,7.9347703],[-60.2305591,7.9348101],[-60.230545,7.9348586],[-60.2305155,7.9349994],[-60.2305081,7.9350452],[-60.2304921,7.9350817],[-60.2304639,7.9351203],[-60.230429,7.9351481],[-60.2302775,7.9352391],[-60.2302017,7.9352803],[-60.2301439,7.9353044],[-60.2301253,7.9353122],[-60.2300368,7.9353368],[-60.2299556,7.93535],[-60.2298161,7.9353693],[-60.2296861,7.9353899],[-60.2296203,7.9354025],[-60.229562,7.9354258],[-60.2295003,7.9354623],[-60.229324,7.9355971],[-60.2291717,7.9357166],[-60.2289914,7.9358674],[-60.228925,7.9359331],[-60.2288821,7.9359956],[-60.2288552,7.9360547],[-60.2288304,7.936147],[-60.2288049,7.9363283],[-60.2287789,7.9364776],[-60.2287406,7.9366976],[-60.2286977,7.9369393],[-60.2286762,7.9371452],[-60.2286682,7.9372873],[-60.2286749,7.9374347],[-60.2286856,7.9375038],[-60.2287017,7.9375476],[-60.2287379,7.9375941],[-60.2287728,7.9376234],[-60.2288237,7.9376512],[-60.2289189,7.9376964],[-60.2293119,7.9378425],[-60.2294514,7.9378704],[-60.2295707,7.937881],[-60.2296767,7.9378771],[-60.2297531,7.9378651],[-60.2298336,7.9378385],[-60.2301367,7.9377137],[-60.2302024,7.9376951],[-60.2302426,7.9376871],[-60.2302936,7.9376964],[-60.2303405,7.9377243],[-60.2303727,7.9377655],[-60.2303942,7.9378186],[-60.2304263,7.9379142],[-60.2305122,7.9381254],[-60.2305752,7.9382383],[-60.2306396,7.938334],[-60.230704,7.9383977],[-60.2307992,7.9384655],[-60.2308756,7.9385013],[-60.2309252,7.9385133],[-60.231066,7.9385425],[-60.2311814,7.9385877],[-60.2313007,7.9386634],[-60.2313745,7.9387258],[-60.2314375,7.9388042],[-60.2314898,7.9388972],[-60.2315569,7.9390047],[-60.2316293,7.9391721],[-60.2316776,7.9392545],[-60.2317393,7.9393341],[-60.2318379,7.9394258],[-60.2319974,7.9395599],[-60.2320518,7.9395932],[-60.232088,7.9396011],[-60.2321269,7.9395998],[-60.2321698,7.9395865],[-60.2322067,7.9395646],[-60.2322536,7.9395161],[-60.2322811,7.9394696],[-60.2323046,7.9393959],[-60.2323093,7.9393415],[-60.2323019,7.9392843],[-60.2322824,7.9392093],[-60.2322643,7.9391435],[-60.2322543,7.9390904],[-60.232259,7.9390406],[-60.2322797,7.9389908],[-60.2323119,7.9389483],[-60.2323562,7.9389084],[-60.2326794,7.9387012],[-60.2327941,7.9386534],[-60.2328269,7.9386454],[-60.2328739,7.9386388],[-60.2329228,7.9386415],[-60.2329604,7.9386561],[-60.2329925,7.9386959],[-60.2330321,7.9387484],[-60.2331086,7.9388686],[-60.2331676,7.9389981],[-60.2332044,7.9390984],[-60.2332427,7.9392412],[-60.2332514,7.9393076],[-60.2332514,7.9393853],[-60.233238,7.9394557],[-60.2331917,7.9395852],[-60.2331669,7.9396868],[-60.2331602,7.9397479],[-60.2331635,7.9398097],[-60.233189,7.9398774],[-60.2332319,7.9399412],[-60.2334479,7.9401377],[-60.2336356,7.9403263],[-60.2337322,7.9404565],[-60.2339467,7.9407169],[-60.2340071,7.9407647],[-60.2341037,7.9408112],[-60.234223,7.940847],[-60.2343638,7.9408696],[-60.234502,7.9409001],[-60.2345583,7.9409161],[-60.2346247,7.9409559],[-60.2346991,7.9410104],[-60.2347682,7.9410888],[-60.234854,7.9412176],[-60.2349076,7.9413285],[-60.2349518,7.9414289],[-60.2349626,7.9414534],[-60.2349921,7.9415324],[-60.235021,7.94164],[-60.2350639,7.9418485],[-60.2351055,7.9420371],[-60.2351564,7.9422324],[-60.2352101,7.9423772],[-60.2353174,7.9426534],[-60.2353401,7.9427491],[-60.2353455,7.942842],[-60.2353388,7.9429483],[-60.2353133,7.9430492],[-60.2352637,7.9431675],[-60.235139,7.9434756],[-60.2351055,7.9435991],[-60.2350599,7.9438223],[-60.2349901,7.9441278],[-60.2349499,7.944234],[-60.2348909,7.9443257],[-60.2348332,7.944412],[-60.2347796,7.9444665],[-60.2346843,7.9445289],[-60.233928,7.9449672],[-60.2333017,7.9453245],[-60.233264,7.9453439],[-60.2331573,7.9453986],[-60.2327532,7.9456061],[-60.2319257,7.9460643],[-60.2310902,7.946593],[-60.2307469,7.9468081],[-60.2305537,7.9469649],[-60.2304304,7.9470738],[-60.2302748,7.9472332],[-60.2297142,7.9479212],[-60.2295184,7.9481151],[-60.229395,7.9482054],[-60.2292891,7.9482692],[-60.2291724,7.9483343],[-60.2290933,7.9484007],[-60.2289712,7.9485401],[-60.228868,7.948665],[-60.2288164,7.9487229],[-60.2287768,7.9487673],[-60.228695,7.9488456],[-60.2285582,7.9489665],[-60.2283637,7.9490993],[-60.228074,7.9493158],[-60.2278233,7.9495244],[-60.2276784,7.9496784],[-60.2272828,7.9501274],[-60.227138,7.9502788],[-60.2270092,7.950393],[-60.2267195,7.950644],[-60.2263816,7.950923],[-60.2262005,7.9510584],[-60.2258639,7.9513201],[-60.2257003,7.9514423],[-60.2252309,7.9517797],[-60.225011,7.9519537],[-60.2248393,7.9521064],[-60.2246918,7.9522605],[-60.2245228,7.9524677],[-60.2243941,7.9526364],[-60.224162,7.9529339],[-60.2240843,7.9530083],[-60.2239957,7.9530773],[-60.2238791,7.9531663],[-60.2237302,7.9532646],[-60.2236068,7.9533297],[-60.22347,7.9533881],[-60.2232125,7.9534771],[-60.2228907,7.953594],[-60.2224535,7.9537653],[-60.2220981,7.9538995],[-60.2216998,7.9540549],[-60.2212894,7.9542342],[-60.2209072,7.9544122],[-60.2204901,7.9546207],[-60.2202889,7.9547362],[-60.2201977,7.9548027],[-60.2201575,7.9548624],[-60.2201454,7.9549355],[-60.2201422,7.9550562],[-60.2201387,7.9551892],[-60.2201213,7.9554163],[-60.2201136,7.9554628],[-60.2200931,7.9555863],[-60.2200542,7.9557072],[-60.2200006,7.9558108],[-60.2199456,7.9558825],[-60.2198638,7.9559422],[-60.2196291,7.9560804],[-60.2192871,7.9562584],[-60.2189599,7.9564762],[-60.2188781,7.9565532],[-60.2188191,7.9566449],[-60.2187386,7.9568122],[-60.2183792,7.9576144],[-60.2183618,7.9576928],[-60.2183551,7.9578163],[-60.2183604,7.95824],[-60.2183497,7.9583436],[-60.2183282,7.9584339],[-60.2182853,7.9585057],[-60.2182008,7.9585734],[-60.2180922,7.9586239],[-60.2179997,7.9586425],[-60.2178924,7.9586491],[-60.2177623,7.9586411],[-60.2175839,7.9585814],[-60.2174176,7.9585442],[-60.2172808,7.9585322],[-60.2171628,7.9585495],[-60.2170394,7.958592],[-60.2169279,7.9586472],[-60.2168758,7.958673],[-60.2161168,7.9590741],[-60.2160041,7.9591047],[-60.2158633,7.9591259],[-60.2157547,7.9591339],[-60.2156326,7.9591233],[-60.2154918,7.9591047],[-60.2151981,7.9590356],[-60.2150779,7.9590048],[-60.2150063,7.9589865],[-60.2148025,7.9589267],[-60.2145785,7.9588497],[-60.2140233,7.9586398],[-60.2137953,7.9585654],[-60.2134681,7.958491],[-60.2131838,7.9584326],[-60.2129585,7.9584114],[-60.2127117,7.9583981],[-60.2125347,7.9583981],[-60.2122664,7.9584273],[-60.2119392,7.9584459],[-60.2118561,7.9584423],[-60.2116334,7.9584326],[-60.2111962,7.9583689],[-60.2106813,7.9582971],[-60.2103701,7.9582679],[-60.2101421,7.9582493],[-60.2099624,7.9582493],[-60.2096915,7.9582679],[-60.2090639,7.9583529],[-60.2087018,7.9583954],[-60.2084389,7.958406],[-60.2082217,7.9583848],[-60.2080366,7.9583423],[-60.2078623,7.9582971],[-60.2076557,7.958236],[-60.2075613,7.9581978],[-60.2073929,7.9581298],[-60.2071555,7.9580023],[-60.2068242,7.9578084],[-60.2061604,7.9574391],[-60.2060048,7.95739],[-60.2058974,7.957365],[-60.2058734,7.9573594],[-60.2057379,7.9573528],[-60.2055877,7.9573647],[-60.2054201,7.9573993],[-60.2050728,7.9575122],[-60.204992,7.9575458],[-60.2049226,7.9575746],[-60.2046624,7.9576994],[-60.2043164,7.9578761],[-60.2041005,7.9579704],[-60.2039824,7.9580049],[-60.2038617,7.9580249],[-60.2037397,7.9580341],[-60.2034326,7.9580408],[-60.2030329,7.9580395],[-60.2028103,7.9580647],[-60.2025957,7.9581205],[-60.2024442,7.9581962],[-60.2021639,7.9583556],[-60.2019534,7.9584605],[-60.2017374,7.9585521],[-60.2014169,7.9586704],[-60.2011929,7.9587275],[-60.2000664,7.9589772],[-60.1996292,7.9590635],[-60.1992658,7.9591153],[-60.1988876,7.9591578],[-60.1985952,7.9591764],[-60.19839,7.9592123],[-60.1982707,7.9592508],[-60.1981929,7.9592893],[-60.1981486,7.9593318],[-60.1981352,7.9593783],[-60.1981232,7.9594473],[-60.1981272,7.959523],[-60.1981567,7.95962],[-60.198217,7.9597568],[-60.1982559,7.9598724],[-60.1982667,7.9599613],[-60.1982667,7.9600264],[-60.1982465,7.9601207],[-60.1980963,7.9604461],[-60.1978321,7.9608698],[-60.1977088,7.9610345],[-60.1974392,7.9613347],[-60.1973265,7.9614303],[-60.1971897,7.9615193],[-60.1969436,7.9616744],[-60.19688,7.9617145],[-60.1964468,7.9619921],[-60.1960941,7.9622299],[-60.1959841,7.9623361],[-60.1959157,7.9624238],[-60.1958379,7.9625486],[-60.1956086,7.9629962],[-60.1954879,7.9632167],[-60.1953886,7.9634213],[-60.195343,7.9635793],[-60.1953216,7.9637227],[-60.1953176,7.9638263],[-60.1953296,7.9638768],[-60.1953645,7.9639406],[-60.1954316,7.9640256],[-60.1955013,7.96408],[-60.1956864,7.9641982],[-60.196141,7.9644971],[-60.1963207,7.9646232],[-60.1964803,7.9647587],[-60.1967727,7.9650164],[-60.1969162,7.9651439],[-60.1970905,7.9653219],[-60.1972193,7.9654626],[-60.1973319,7.9656273],[-60.1973628,7.9657004],[-60.1973963,7.9658066],[-60.1974177,7.9659488],[-60.1974472,7.9662343],[-60.1974647,7.966581],[-60.197458,7.9668665],[-60.1974379,7.9670139],[-60.1973882,7.9671454],[-60.1973051,7.9672663],[-60.1972058,7.9673473],[-60.1970972,7.9673951],[-60.1969792,7.9674217],[-60.1968598,7.967423],[-60.1968132,7.9674109],[-60.1967525,7.9673951],[-60.1966627,7.967346],[-60.196605,7.9672982],[-60.1965742,7.9672424],[-60.1965608,7.9671653],[-60.1965635,7.9670936],[-60.1965836,7.9669714],[-60.1966842,7.9665624],[-60.1967163,7.9663804],[-60.1967472,7.966047],[-60.1967418,7.9658664],[-60.1967271,7.9657323],[-60.1967029,7.9655809],[-60.1966654,7.9655012],[-60.1966158,7.9654334],[-60.1965608,7.9653976],[-60.1964602,7.965367],[-60.1963314,7.9653644],[-60.1958004,7.9653936],[-60.1954517,7.9653896],[-60.1952773,7.9653683],[-60.1951486,7.9653285],[-60.1950105,7.9652435],[-60.1949112,7.9651545],[-60.1948375,7.9650602],[-60.1947221,7.9648583],[-60.1946202,7.9646007],[-60.1945183,7.9644214],[-60.1944418,7.9643324],[-60.1943801,7.9642939],[-60.1942836,7.9642686],[-60.1941843,7.9642646],[-60.1940972,7.9642806],[-60.1939671,7.9643125],[-60.1937994,7.9643735],[-60.1936036,7.9644678],[-60.1935299,7.964517],[-60.1934762,7.9645661],[-60.1934226,7.9646379],[-60.193377,7.9647388],[-60.193318,7.9649141],[-60.1932912,7.9649965],[-60.1932717,7.9650248],[-60.1932536,7.9650509],[-60.1932053,7.9650974],[-60.1931262,7.9651572],[-60.1930551,7.9652063],[-60.1929881,7.9652541],[-60.1929505,7.9652887],[-60.1929277,7.9653312],[-60.1929009,7.9653896],[-60.1928674,7.9654945],[-60.1928365,7.9655888],[-60.1927869,7.9656659],[-60.192748,7.9657163],[-60.1927038,7.9657389],[-60.1926488,7.9657522],[-60.1925817,7.9657615],[-60.1924141,7.9657681],[-60.1922277,7.9657801],[-60.1920265,7.9657655],[-60.1919299,7.9657734],[-60.1918575,7.9658],[-60.1917905,7.9658478],[-60.1917502,7.9658996],[-60.1916295,7.966055],[-60.1915531,7.9661294],[-60.191482,7.9661679],[-60.1914243,7.9661812],[-60.1913492,7.9661825],[-60.191313,7.9661759],[-60.1912875,7.9661573],[-60.1912513,7.9661214],[-60.1912245,7.9660723],[-60.1912004,7.9660218],[-60.1911964,7.9659594],[-60.1912031,7.9659155],[-60.1912379,7.9657641],[-60.1912835,7.9655822],[-60.1912916,7.9655065],[-60.1912875,7.9654308],[-60.1912674,7.9653458],[-60.1912245,7.9652714],[-60.1911615,7.9651837],[-60.191085,7.96512],[-60.1910287,7.9650934],[-60.1909751,7.9650801],[-60.1908799,7.9650761],[-60.1907457,7.9651147],[-60.1906398,7.9651585],[-60.1905593,7.9651797],[-60.1904842,7.9651837],[-60.1904105,7.9651638],[-60.1903474,7.9651293],[-60.1903045,7.9650735],[-60.1902884,7.9650151],[-60.1902965,7.964954],[-60.1903179,7.9648756],[-60.190393,7.9646737],[-60.1904199,7.9645794],[-60.1904266,7.9645117],[-60.1904252,7.9644386],[-60.1904078,7.9643696],[-60.1903796,7.9643005],[-60.190322,7.9641916],[-60.1899894,7.9637692],[-60.1897949,7.9635063],[-60.1896715,7.963315],[-60.1896581,7.9632592],[-60.1896581,7.9631928],[-60.1896615,7.963135],[-60.1896688,7.9630958],[-60.1896997,7.9629909],[-60.1897855,7.9628581],[-60.1899102,7.9626031],[-60.1899585,7.9624583],[-60.1899773,7.962364],[-60.1899773,7.9622657],[-60.1899558,7.9620599],[-60.1899169,7.9619244],[-60.1898687,7.9617876],[-60.1898164,7.9617132],[-60.1897547,7.9616614],[-60.1897077,7.9616349],[-60.1896393,7.9616229],[-60.1895656,7.9616242],[-60.1894408,7.9616548],[-60.1890506,7.961781],[-60.1889366,7.9618102],[-60.1888213,7.9618288],[-60.1886255,7.9618487],[-60.18849,7.9618699],[-60.1884055,7.9618952],[-60.1883371,7.9619403],[-60.1882821,7.9620054],[-60.1882352,7.9620692],[-60.1881185,7.962295],[-60.187912,7.9626828],[-60.1877967,7.9628236],[-60.1876733,7.9629192],[-60.1874828,7.9630201],[-60.1869115,7.9632778],[-60.1866621,7.9633522],[-60.1865038,7.9633575],[-60.1863536,7.9633442],[-60.1861578,7.9633017],[-60.1859728,7.9632672],[-60.1858494,7.9632725],[-60.1857662,7.9632991],[-60.1856965,7.9633469],[-60.1855972,7.9634372],[-60.1852949,7.9637862],[-60.1852244,7.9638675],[-60.185123,7.9639442],[-60.1850769,7.9639791],[-60.1849133,7.9640667],[-60.1847041,7.9641889],[-60.184291,7.9644014],[-60.1840282,7.9645555],[-60.1837304,7.9647547],[-60.182384,7.9656473],[-60.1819655,7.9659023],[-60.1812172,7.9663326],[-60.1807585,7.9665956],[-60.1803589,7.9668506],[-60.1801854,7.9669741],[-60.1799673,7.9671295],[-60.1796588,7.9673553],[-60.1792726,7.967605],[-60.1789078,7.9677936],[-60.1785216,7.9680061],[-60.1782919,7.9681296],[-60.1781461,7.968208],[-60.1778752,7.9683089],[-60.1777525,7.9683418],[-60.1775587,7.9683939],[-60.1772824,7.9684603],[-60.1771215,7.9685001],[-60.177041,7.9685533],[-60.1769981,7.9685931],[-60.1769659,7.9686516],[-60.1769337,7.9687419],[-60.1769149,7.9691164],[-60.1768827,7.9694006],[-60.1768264,7.9696477],[-60.1767513,7.9698894],[-60.1767111,7.9699571],[-60.1766709,7.9700249],[-60.1765877,7.9701258],[-60.1764697,7.9702082],[-60.1762685,7.9702905],[-60.176113,7.9703383],[-60.1756141,7.9704791],[-60.1754102,7.9705668],[-60.175193,7.970681],[-60.1749381,7.9708457],[-60.1747021,7.9709997],[-60.1742837,7.9712946],[-60.1739565,7.9715443],[-60.1735106,7.9719186],[-60.1734281,7.9719879],[-60.1731491,7.9722376],[-60.1729587,7.9723837],[-60.1729033,7.9724181],[-60.1727361,7.9725218],[-60.1725054,7.9726493],[-60.1722613,7.9727582],[-60.1720548,7.9728273],[-60.1717624,7.9729202],[-60.1713225,7.9730305],[-60.1711924,7.9730716],[-60.1711401,7.9730982],[-60.1711039,7.9731341],[-60.1710865,7.9731712],[-60.1710825,7.9732164],[-60.1710919,7.9732908],[-60.1711307,7.9733744],[-60.1711898,7.9735498],[-60.171234,7.9737344],[-60.1712756,7.9739376],[-60.1712769,7.9740398],[-60.1712675,7.9741076],[-60.1712126,7.9741766],[-60.1711589,7.9742125],[-60.1710945,7.9742391],[-60.1710516,7.9742417],[-60.170994,7.9742351],[-60.1709095,7.9742045],[-60.170833,7.9741488],[-60.1707472,7.9740664],[-60.1703998,7.973753],[-60.1702201,7.9736175],[-60.1700002,7.9734634],[-60.1697655,7.9733067],[-60.1693457,7.9731168],[-60.1692277,7.9730743],[-60.169107,7.9730451],[-60.1689555,7.9730331],[-60.1688039,7.9730477],[-60.1686671,7.9730889],[-60.1682997,7.973223],[-60.1680891,7.9732748],[-60.1678544,7.9733041],[-60.1675849,7.973308],[-60.1673596,7.9732961],[-60.1672442,7.9732602],[-60.1671705,7.9732098],[-60.1671289,7.973158],[-60.1670726,7.9730703],[-60.167039,7.972968],[-60.1669492,7.972628],[-60.1669072,7.97256],[-60.1668714,7.9725019],[-60.166803,7.9724208],[-60.1667239,7.9723584],[-60.1666394,7.9723093],[-60.1665147,7.9722708],[-60.1663832,7.9722588],[-60.1660292,7.9722548],[-60.1656429,7.9722469],[-60.1651226,7.9722522],[-60.1648973,7.9722668],[-60.1647779,7.9722947],[-60.16468,7.9723465],[-60.1646157,7.9724102],[-60.1645741,7.9724899],[-60.1645567,7.972559],[-60.1645634,7.9726333],[-60.1645835,7.972713],[-60.1646264,7.9727781],[-60.1647002,7.9728512],[-60.1649228,7.9729747],[-60.1652487,7.9731048],[-60.1653385,7.973154],[-60.1654324,7.9732337],[-60.165482,7.9733041],[-60.1655062,7.9733625],[-60.1655397,7.9735099],[-60.1655464,7.9736374],[-60.1655249,7.9737596],[-60.165486,7.9738871],[-60.1654337,7.9739602],[-60.1653895,7.974],[-60.1653358,7.9740319],[-60.1652661,7.9740505],[-60.1651883,7.9740505],[-60.1650569,7.9740292],[-60.1645929,7.9739044],[-60.1643689,7.9738446],[-60.1642321,7.9738234],[-60.1641275,7.9738273],[-60.1640081,7.9738592],[-60.1639116,7.9739017],[-60.1638472,7.9739469],[-60.1637627,7.9740385],[-60.1636983,7.9741434],[-60.1636286,7.9743254],[-60.1636139,7.974429],[-60.1636098,7.9745499],[-60.1636179,7.9746402],[-60.1636957,7.9749948],[-60.1638231,7.9755287],[-60.1638311,7.9756137],[-60.1638097,7.9757067],[-60.1637667,7.9757903],[-60.163697,7.9758713],[-60.1636192,7.9759324],[-60.1633671,7.9761224],[-60.1632129,7.9762386],[-60.163013,7.9763893],[-60.1626121,7.9767054],[-60.1620609,7.9770892],[-60.1618731,7.9771822],[-60.1616357,7.9773217],[-60.1615177,7.9773974],[-60.1614413,7.9774624],[-60.1613836,7.9775488],[-60.1613541,7.9776324],[-60.1613353,7.9777321],[-60.161338,7.9778104],[-60.1613648,7.9778742],[-60.161397,7.9779074],[-60.1614748,7.9779578],[-60.1616143,7.9780083],[-60.1618758,7.9780654],[-60.162148,7.9780867],[-60.1624967,7.9781106],[-60.1627247,7.9781478],[-60.1628615,7.9781929],[-60.1630224,7.9782699],[-60.1631914,7.9783735],[-60.1635803,7.9786763],[-60.1636742,7.9787547],[-60.1637225,7.9788317],[-60.163756,7.9789234],[-60.1637667,7.9790084],[-60.1637614,7.9790735],[-60.1637346,7.979201],[-60.1636675,7.979347],[-60.1636139,7.979432],[-60.1635401,7.979537],[-60.1634811,7.9795914],[-60.1633738,7.9796525],[-60.1632182,7.9797123],[-60.1629809,7.9797628],[-60.1629228,7.9797663],[-60.1628025,7.9797734],[-60.1626791,7.9797535],[-60.1625383,7.979699],[-60.1624645,7.9796499],[-60.1622486,7.9794825],[-60.1621145,7.9794028],[-60.1620032,7.9793723],[-60.16192,7.9793749],[-60.1618342,7.9794148],[-60.1617859,7.9794546],[-60.1616934,7.9795662],[-60.1614212,7.9798823],[-60.1612656,7.9800138],[-60.1611073,7.9801027],[-60.1609625,7.9801532],[-60.1608123,7.9801904],[-60.1600546,7.9802927],[-60.1595584,7.9803644],[-60.1594084,7.9803967],[-60.1593424,7.9804109],[-60.15892,7.9805503],[-60.1581167,7.9808186],[-60.1576822,7.9809674],[-60.1573455,7.9811174],[-60.157198,7.9812011],[-60.1571462,7.9812334],[-60.156616,7.9815637],[-60.1564832,7.9816102],[-60.1563236,7.9816407],[-60.1554086,7.9818061],[-60.1548833,7.981901],[-60.1547129,7.9819541],[-60.1545936,7.9820112],[-60.1544702,7.9821135],[-60.1543924,7.9822131],[-60.1542798,7.982403],[-60.1536977,7.9833433],[-60.1535824,7.9834735],[-60.1534027,7.9835983],[-60.1529869,7.983864],[-60.1521421,7.9843155],[-60.1519221,7.9844032],[-60.1516834,7.9844802],[-60.1514366,7.984528],[-60.1511201,7.9845679],[-60.150758,7.9845811],[-60.1503233,7.9845656],[-60.1502377,7.9845625],[-60.1495001,7.9845227],[-60.1488858,7.9845227],[-60.1486525,7.984544],[-60.1484862,7.9846157],[-60.1483735,7.984698],[-60.1482582,7.9848229],[-60.1479632,7.9853461],[-60.1478612,7.9855825],[-60.1477969,7.9857817],[-60.1477432,7.9860686],[-60.1476413,7.9868123],[-60.1476038,7.9869877],[-60.1475501,7.9870886],[-60.1474965,7.9871364],[-60.1474384,7.9871638],[-60.1473892,7.9871869],[-60.1472417,7.9872187],[-60.1468259,7.9872639],[-60.1463431,7.9873144],[-60.1461688,7.9873701],[-60.1460776,7.9874392],[-60.1459998,7.9875614],[-60.1458254,7.9878987],[-60.1457182,7.9880368],[-60.1455975,7.9881139],[-60.1454392,7.9881936],[-60.1452729,7.988244],[-60.1449206,7.9883343],[-60.1442778,7.988499],[-60.1436582,7.9886026],[-60.1432452,7.9886982],[-60.1428187,7.988831],[-60.1423846,7.9890001],[-60.1420274,7.9891392],[-60.1418035,7.989264],[-60.141723,7.9893251],[-60.1416425,7.9894127],[-60.141609,7.9894725],[-60.1415889,7.9895788],[-60.1415554,7.9902959],[-60.1415393,7.9904221],[-60.1415151,7.9904845],[-60.1414695,7.9905562],[-60.1414132,7.9905921],[-60.1413314,7.9906213],[-60.1412094,7.9906359],[-60.1410887,7.9906333],[-60.140634,7.9906054],[-60.1403832,7.9905562],[-60.1401995,7.9904951],[-60.14006,7.9904247],[-60.1399474,7.9903557],[-60.1398683,7.9902919],[-60.1398012,7.9902123],[-60.1397623,7.9901485],[-60.1397382,7.9900675],[-60.1397207,7.9899466],[-60.1397114,7.9898763],[-60.1396953,7.9898112],[-60.139655,7.9897594],[-60.1395772,7.9897129],[-60.1395021,7.9896956],[-60.1394364,7.9897076],[-60.1393586,7.9897514],[-60.1392835,7.9898152],[-60.1392098,7.9899174],[-60.1391655,7.9900117],[-60.1391467,7.9900861],[-60.13914,7.9901658],[-60.1391575,7.9902388],[-60.139183,7.9903145],[-60.139246,7.9904062],[-60.1392996,7.9904659],[-60.1394539,7.9906107],[-60.139588,7.9907183],[-60.1396362,7.9907807],[-60.1396658,7.9908311],[-60.1396872,7.9908922],[-60.1396939,7.990956],[-60.1396778,7.991037],[-60.1396094,7.9912296],[-60.1395504,7.9913345],[-60.1394807,7.9914062],[-60.1394002,7.9914633],[-60.139309,7.9915058],[-60.1391682,7.9915908],[-60.1390904,7.9916492],[-60.1390408,7.991717],[-60.1390193,7.9917701],[-60.1390113,7.9918392],[-60.1390247,7.9919162],[-60.1390784,7.9921061],[-60.1390904,7.9921871],[-60.139077,7.9922668],[-60.1390421,7.9923239],[-60.1389965,7.9923624],[-60.1389362,7.9924023],[-60.1387176,7.9925364],[-60.1385902,7.9926227],[-60.1385272,7.9926851],[-60.1384829,7.9927515],[-60.138448,7.9928578],[-60.1384373,7.9929654],[-60.1384427,7.9930451],[-60.1384494,7.9931274],[-60.1384816,7.9931911],[-60.1385231,7.9932336],[-60.1385969,7.9932814],[-60.1386572,7.9933027],[-60.1387323,7.9933027],[-60.1388222,7.9932761],[-60.1389147,7.9932336],[-60.1391199,7.9931035],[-60.139191,7.9930663],[-60.1392554,7.9930371],[-60.1393184,7.9930251],[-60.1393667,7.9930358],[-60.1393949,7.9930636],[-60.1394096,7.9931393],[-60.1394029,7.9932363],[-60.1393895,7.9933386],[-60.1393653,7.9934488],[-60.1393385,7.9935311],[-60.1392674,7.9936573],[-60.1391642,7.9938007],[-60.1389335,7.9940743],[-60.1387967,7.9941872],[-60.1386957,7.9942438],[-60.1386733,7.9942563],[-60.1385741,7.9942841],[-60.1384534,7.9943107],[-60.13833,7.9943173],[-60.1381181,7.9943094],[-60.13798,7.9942815],[-60.1378258,7.994231],[-60.1375817,7.9941288],[-60.1372893,7.9939827],[-60.1369795,7.993826],[-60.13684,7.9937914],[-60.1367086,7.9937715],[-60.1365678,7.9937689],[-60.1364431,7.9937874],[-60.1363599,7.993818],[-60.1363157,7.9938565],[-60.1362956,7.9939123],[-60.1362902,7.9939641],[-60.1363076,7.9940238],[-60.1363961,7.9942098],[-60.1364766,7.9943386],[-60.1366147,7.9945099],[-60.1367542,7.9946733],[-60.1368226,7.9947782],[-60.1368414,7.9948353],[-60.1368669,7.9949588],[-60.1368615,7.995077],[-60.1368266,7.9951753],[-60.136781,7.995239],[-60.136722,7.9952815],[-60.136655,7.9953014],[-60.1365584,7.9953134],[-60.136022,7.9953532],[-60.1358449,7.9953519],[-60.135684,7.9953214],[-60.1355539,7.9952895],[-60.1352602,7.9951925],[-60.1350617,7.9951407],[-60.1349343,7.9951328],[-60.1348472,7.9951421],[-60.1347493,7.9951753],[-60.1346862,7.9952138],[-60.1346447,7.9952643],[-60.1346205,7.9953187],[-60.1346098,7.9953957],[-60.1346219,7.9955339],[-60.1346447,7.9957875],[-60.1346514,7.9960332],[-60.1346406,7.9961315],[-60.1346138,7.996243],[-60.1345736,7.9963134],[-60.134536,7.996348],[-60.1344837,7.9963759],[-60.1344261,7.9963865],[-60.1343429,7.9963944],[-60.1341109,7.9963931],[-60.1339741,7.9964077],[-60.1338655,7.9964529],[-60.1337823,7.996514],[-60.1337461,7.9965751],[-60.133734,7.9966348],[-60.1337367,7.9967105],[-60.1337542,7.9967783],[-60.1337904,7.9968526],[-60.1338574,7.9969018],[-60.1339433,7.9969389],[-60.1341136,7.9969668],[-60.1342973,7.9969668],[-60.1344314,7.9969429],[-60.1346862,7.9968752],[-60.1348203,7.9968234],[-60.1349679,7.9967809],[-60.1350349,7.9967783],[-60.1350698,7.9968008],[-60.1350872,7.99683],[-60.1350993,7.9968818],[-60.135102,7.9969562],[-60.1350819,7.9970293],[-60.134937,7.997348],[-60.1348807,7.9974489],[-60.134827,7.9975034],[-60.1347613,7.9975406],[-60.1346876,7.9975645],[-60.1342879,7.9976694],[-60.1337019,7.9978009],[-60.1335463,7.997858],[-60.1334578,7.9979098],[-60.1333572,7.9979828],[-60.1332955,7.9980545],[-60.1332258,7.9981807],[-60.1332003,7.9982856],[-60.1332016,7.9984197],[-60.1332137,7.9985061],[-60.1332365,7.9985871],[-60.1332968,7.9986933],[-60.1334752,7.9989443],[-60.1335718,7.999101],[-60.1336133,7.9991767],[-60.1336321,7.9992445],[-60.1336361,7.9993414],[-60.1336147,7.9995685],[-60.1335825,7.9996787],[-60.1335329,7.9998049],[-60.1334672,7.9999151],[-60.1331869,8.000441],[-60.1330782,8.0006057],[-60.1329146,8.0008209],[-60.1327577,8.0009962],[-60.1326209,8.0011436],[-60.1325136,8.0012591],[-60.1324037,8.0013866],[-60.1323594,8.0014716],[-60.1323353,8.0015433],[-60.1323245,8.0016031],[-60.1323406,8.0016894],[-60.1323621,8.0017903],[-60.1325244,8.002295],[-60.1325619,8.0024411],[-60.1325633,8.0025115],[-60.1325431,8.0025699],[-60.1325203,8.0026204],[-60.1324694,8.0026854],[-60.1324077,8.0027465],[-60.1323178,8.002805],[-60.1322213,8.0028607],[-60.1318806,8.0029896],[-60.1316969,8.0030639],[-60.1315494,8.0031224],[-60.1314636,8.0031768],[-60.1313831,8.0032313],[-60.1313227,8.0032924],[-60.1312597,8.0033787],[-60.1312007,8.0034796],[-60.1311725,8.0035872],[-60.1311524,8.0036987],[-60.1311417,8.0039245],[-60.1311471,8.0040759],[-60.1311645,8.0042525],[-60.1311953,8.0045022],[-60.131304,8.005295],[-60.1313321,8.005461],[-60.1313657,8.0055593],[-60.1313992,8.0056058],[-60.1314716,8.0056722],[-60.1316097,8.0057731],[-60.1318511,8.0059697],[-60.1319343,8.00606],[-60.1320027,8.0061476],[-60.1320282,8.0062061],[-60.1320349,8.0062778],[-60.1320241,8.0063814],[-60.1319906,8.006465],[-60.1318243,8.0067944],[-60.1316594,8.0071078],[-60.1316299,8.0071955],[-60.1316097,8.007303],[-60.1316138,8.0073986],[-60.1316419,8.0075182],[-60.1317385,8.0077559],[-60.1317653,8.0078302],[-60.131776,8.007886],[-60.1317693,8.0079631],[-60.1317371,8.0080387],[-60.1316795,8.0081065],[-60.1316057,8.0081543],[-60.1315185,8.0081822],[-60.1312141,8.0082658],[-60.1310197,8.0082951],[-60.1308681,8.0083044],[-60.1307045,8.0083044],[-60.1302418,8.0083137],[-60.1301681,8.0083283],[-60.1301064,8.0083455],[-60.1300648,8.0083708],[-60.1300272,8.0084159],[-60.1300165,8.0084664],[-60.1300205,8.0085115],[-60.1300353,8.0085567],[-60.1300795,8.0087107],[-60.130097,8.0087944],[-60.130097,8.0088502],[-60.1300903,8.0088887],[-60.1300648,8.0089352],[-60.1299897,8.0090799],[-60.1299159,8.0091862],[-60.1298113,8.0092937],[-60.1297174,8.0093721],[-60.1295887,8.0094491],[-60.1294747,8.0094943],[-60.1293889,8.0095129],[-60.1293272,8.0095182],[-60.1292413,8.0095102],[-60.129181,8.0094876],[-60.129126,8.0094518],[-60.1290965,8.0094199],[-60.1290603,8.0093575],[-60.1289691,8.0092353],[-60.1289168,8.0091809],[-60.1288377,8.0091224],[-60.1287545,8.0090919],[-60.1287103,8.0090866],[-60.1286607,8.0090972],[-60.1286164,8.0091291],[-60.1285869,8.0091729],[-60.1285627,8.0092233],[-60.1284796,8.0095022],[-60.1284112,8.0096058],[-60.1283482,8.0096842],[-60.1282328,8.0097612],[-60.1280196,8.0099312],[-60.127974,8.0099963],[-60.1279391,8.0100693],[-60.1279137,8.0101583],[-60.1278895,8.0102433],[-60.1278801,8.0103044],[-60.1278855,8.0103376],[-60.1278989,8.0103615],[-60.1279244,8.0103854],[-60.1279968,8.0104146],[-60.1280558,8.0104225],[-60.1281068,8.0104159],[-60.1281658,8.0103973],[-60.1282355,8.0103628],[-60.1282999,8.0103216],[-60.1284313,8.0102419],[-60.1287036,8.0100693],[-60.1288511,8.0100016],[-60.1289208,8.0099816],[-60.1290174,8.0099777],[-60.1291059,8.0099883],[-60.1291367,8.0100122],[-60.1291515,8.0100414],[-60.1291609,8.0100879],[-60.1291502,8.0101304],[-60.1291113,8.0102725],[-60.1290952,8.010384],[-60.1290965,8.0104863],[-60.1291193,8.0107346],[-60.1291314,8.0108276],[-60.1291233,8.0108874],[-60.1291005,8.0109365],[-60.1290523,8.0109909],[-60.1288685,8.0111928],[-60.1287921,8.0112791],[-60.1287679,8.0113415],[-60.1287599,8.0114186],[-60.1287612,8.0114717],[-60.128776,8.0115447],[-60.128835,8.0116496],[-60.1290737,8.0119777],[-60.1292387,8.0122194],[-60.1292937,8.0123176],[-60.1293352,8.0124],[-60.129354,8.0124783],[-60.1293392,8.0125354],[-60.1292641,8.0126629],[-60.1291958,8.0127678],[-60.1291086,8.0128701],[-60.1288269,8.0131795],[-60.1285844,8.0133806],[-60.1283605,8.0135227],[-60.1280736,8.0136992],[-60.1277605,8.0138886],[-60.1275823,8.0139725],[-60.1273997,8.0140307],[-60.1271976,8.0140931],[-60.127091,8.014162],[-60.1270302,8.0142373],[-60.1269932,8.0142997],[-60.1269824,8.0143578],[-60.1269954,8.0144289],[-60.1270476,8.0145064],[-60.127141,8.0146269],[-60.1272084,8.014713],[-60.1272454,8.0147797],[-60.1272541,8.0148357],[-60.1272432,8.014883],[-60.1271997,8.0149519],[-60.127128,8.0150079],[-60.1270171,8.0150402],[-60.1269019,8.0150617],[-60.1266715,8.0150811],[-60.1264998,8.0151327],[-60.1263585,8.0152081],[-60.1262498,8.0152812],[-60.1261107,8.0153889],[-60.1260064,8.0154707],[-60.1259172,8.015518],[-60.1258042,8.0155352],[-60.1257281,8.0155288],[-60.1256651,8.0155008],[-60.1256303,8.0154621],[-60.1255651,8.0153846],[-60.1254694,8.0152769],[-60.1253738,8.0151456],[-60.1253216,8.0151112],[-60.1252586,8.0150832],[-60.1251738,8.0150832],[-60.1251064,8.0151069],[-60.1250521,8.0151543],[-60.1249804,8.0152274],[-60.1248738,8.0153071],[-60.1247956,8.0153544],[-60.124676,8.0154039],[-60.124526,8.0154943],[-60.1244739,8.0155611],[-60.1244434,8.0156429],[-60.1244391,8.015729],[-60.1244717,8.015983],[-60.1244587,8.0160648],[-60.1244326,8.0161358],[-60.1243652,8.0162628],[-60.124037,8.0168633],[-60.1239109,8.0170377],[-60.1238087,8.0171388],[-60.1236979,8.0172206],[-60.1233218,8.0174682],[-60.1232066,8.0175586],[-60.123161,8.0176188],[-60.1231414,8.0176813],[-60.1231414,8.0177523],[-60.1231653,8.0178362],[-60.1232001,8.0179245],[-60.1233175,8.0182603],[-60.1233348,8.0183701],[-60.1233414,8.0184927],[-60.1233262,8.0186025],[-60.1232783,8.0187101],[-60.1231631,8.0189491],[-60.123024,8.0191492],[-60.1228718,8.0193559],[-60.1227001,8.0195905],[-60.1225893,8.0197369],[-60.1225175,8.0198596],[-60.1224893,8.0199521],[-60.1224588,8.0201157],[-60.1223893,8.020501],[-60.1223545,8.0206947],[-60.1223393,8.0208411],[-60.1223436,8.0209853],[-60.1223795,8.021277],[-60.1224012,8.021362],[-60.1224295,8.0214039],[-60.1224806,8.0214459],[-60.1225523,8.0214857],[-60.1226306,8.0215073],[-60.1227056,8.0215062],[-60.1227751,8.02149],[-60.1228621,8.0214513],[-60.1229229,8.021405],[-60.1230023,8.0213275],[-60.1231294,8.0211596],[-60.1232599,8.0209961],[-60.1233414,8.0209326],[-60.1234305,8.0208734],[-60.1235403,8.0208411],[-60.1236272,8.0208292],[-60.123712,8.0208411],[-60.123762,8.0208701],[-60.1238185,8.0209229],[-60.1238707,8.0209853],[-60.1239381,8.0211015],[-60.1239859,8.0212264],[-60.1240098,8.0213695],[-60.1240228,8.0214588],[-60.1240228,8.0215277],[-60.1240065,8.0216181],[-60.12395,8.0217839],[-60.1238641,8.0219722],[-60.1236761,8.0223392],[-60.1235153,8.0227105],[-60.1234229,8.0229526],[-60.1233979,8.023043],[-60.1233827,8.0231453],[-60.1233805,8.0232551],[-60.1233935,8.0233562],[-60.1234968,8.0236619],[-60.1236066,8.0240073],[-60.1236968,8.0243625],[-60.1237522,8.0246638],[-60.12375,8.0247392],[-60.1237283,8.024793],[-60.1236924,8.0248382],[-60.1236566,8.0248597],[-60.1236153,8.0248683],[-60.1235729,8.0248683],[-60.1235044,8.0248414],[-60.1234446,8.0248005],[-60.1233892,8.0247542],[-60.1232707,8.0246541],[-60.1231903,8.0246154],[-60.1231305,8.0246057],[-60.1230653,8.0246079],[-60.1229979,8.0246262],[-60.1229512,8.0246477],[-60.1229197,8.0246735],[-60.1228979,8.0247112],[-60.122886,8.0247521],[-60.1228773,8.0248543],[-60.1228501,8.0251331],[-60.1228186,8.0252181],[-60.1227708,8.0252923],[-60.1227132,8.025358],[-60.1226099,8.0254441],[-60.1224838,8.0255517],[-60.1224099,8.0256206],[-60.1223599,8.0256841],[-60.1223241,8.0257454],[-60.1223012,8.0258143],[-60.1222991,8.0258918],[-60.1223056,8.0259467],[-60.1223154,8.0260016],[-60.1224197,8.0264267],[-60.1224654,8.026629],[-60.1224838,8.0267786],[-60.122498,8.026883],[-60.1225088,8.0269831],[-60.1225295,8.0270487],[-60.1225643,8.027095],[-60.1226175,8.0271467],[-60.1228642,8.0274362],[-60.1229381,8.0275427],[-60.1229838,8.0276245],[-60.1230023,8.0276912],[-60.1230175,8.0277762],[-60.1230262,8.0278731],[-60.1230142,8.0282422],[-60.122974,8.0285662],[-60.1229414,8.0287276],[-60.1229034,8.0288697],[-60.1228588,8.0289418],[-60.1228045,8.029001],[-60.1227577,8.0290311],[-60.1227066,8.0290515],[-60.1226458,8.0290634],[-60.1225762,8.0290682],[-60.1216915,8.0290698],[-60.1214546,8.0290483],[-60.1211894,8.0290053],[-60.1209133,8.0289428],[-60.1204329,8.0288094],[-60.1199765,8.0286609],[-60.1199138,8.0286382],[-60.1191874,8.0283746],[-60.1187679,8.0282734],[-60.1185614,8.0282455],[-60.1183092,8.0282412],[-60.1180114,8.0282498],[-60.117831,8.0282455],[-60.1177027,8.0282153],[-60.1175767,8.028168],[-60.117468,8.0280969],[-60.1171528,8.0279097],[-60.1169441,8.0278085],[-60.1168006,8.0277676],[-60.1166354,8.0277353],[-60.116492,8.0277353],[-60.1164115,8.0277526],[-60.1163224,8.027787],[-60.1160442,8.0279011],[-60.1159029,8.0279441],[-60.1157442,8.0279592],[-60.1155486,8.0279592],[-60.1144856,8.027942],[-60.1142291,8.0279463],[-60.1140422,8.0279743],[-60.1139074,8.0280173],[-60.1137574,8.0280862],[-60.1132336,8.0283595],[-60.1130271,8.0284629],[-60.1129032,8.0285188],[-60.1127858,8.0285576],[-60.1126445,8.0285855],[-60.1122771,8.028635],[-60.1120576,8.0286587],[-60.1118706,8.0286932],[-60.1117381,8.0287168],[-60.1116489,8.0287513],[-60.1115728,8.0288288],[-60.1115207,8.0289084],[-60.1114663,8.029001],[-60.111399,8.0291064],[-60.1113185,8.0292313],[-60.1109577,8.0296779],[-60.1108533,8.0297877],[-60.1107914,8.0298447],[-60.1107623,8.0298603],[-60.1107442,8.0298648],[-60.1107294,8.0298684],[-60.1106794,8.0298662],[-60.1106327,8.0298447],[-60.1105958,8.0298135],[-60.1105621,8.0297521],[-60.1105392,8.0296887],[-60.1104936,8.0295638],[-60.1104556,8.0294971],[-60.1104164,8.0294487],[-60.1103632,8.0294045],[-60.1103153,8.0293895],[-60.1102436,8.0293862],[-60.1101523,8.0293873],[-60.1097078,8.0294519],[-60.1088883,8.02958],[-60.1087079,8.0296338],[-60.108547,8.0297026],[-60.1084123,8.0297844],[-60.1083036,8.029849],[-60.1081797,8.0299071],[-60.1080797,8.0299351],[-60.1079764,8.0299394],[-60.1078362,8.0299286],[-60.1076449,8.0298985],[-60.107446,8.0298587],[-60.1070396,8.029806],[-60.1066918,8.029764],[-60.1065287,8.0297295],[-60.1064516,8.0297037],[-60.106394,8.0296661],[-60.106282,8.0295907],[-60.1062081,8.0295487],[-60.106132,8.0295122],[-60.106044,8.029496],[-60.1059733,8.029496],[-60.1059244,8.0295014],[-60.1057766,8.0295251],[-60.1055592,8.0295455],[-60.1054658,8.0295487],[-60.1053234,8.0295412],[-60.1049484,8.0295057],[-60.104705,8.0294939],[-60.1044996,8.0294917],[-60.1043126,8.0295057],[-60.1041963,8.0295283],[-60.104092,8.0295595],[-60.1038822,8.0296456],[-60.1036116,8.0297801],[-60.1033094,8.0299588],[-60.1031486,8.0300653],[-60.102954,8.03023],[-60.1028464,8.0303096],[-60.1027497,8.0303688],[-60.1026562,8.0304194],[-60.1025639,8.0304571],[-60.1022911,8.0305647],[-60.1022009,8.030611],[-60.1021324,8.0306594],[-60.1020715,8.0307143],[-60.1019585,8.0308639],[-60.1018965,8.0309758],[-60.1016313,8.0314805],[-60.1015824,8.0315354],[-60.1015085,8.0316032],[-60.1014498,8.0316484],[-60.1013694,8.0316958],[-60.1012368,8.031755],[-60.1010564,8.0318314],[-60.1009086,8.0318992],[-60.1007249,8.0320089],[-60.1006227,8.032081],[-60.1005597,8.0321435],[-60.1005238,8.0322156],[-60.1005108,8.0323006],[-60.1005173,8.0323899],[-60.1005434,8.0325363],[-60.1006293,8.0328581],[-60.1006629,8.0330313],[-60.1006836,8.0332111],[-60.1007075,8.0333886],[-60.1007412,8.033478],[-60.1007955,8.0335673],[-60.1008542,8.0336577],[-60.1010347,8.033902],[-60.1011759,8.0340699],[-60.1012542,8.0341818],[-60.1012977,8.0342722],[-60.1013194,8.0343561],[-60.1013194,8.0344422],[-60.1013022,8.0345105],[-60.1012911,8.0345541],[-60.1012259,8.0346618],[-60.1010933,8.0348426],[-60.1009868,8.0349653],[-60.1008499,8.0350492],[-60.1006977,8.0351073],[-60.1005543,8.0351482],[-60.1003673,8.035174],[-60.1002434,8.035174],[-60.1000847,8.0351611],[-60.0998695,8.035131],[-60.0997043,8.0351288],[-60.0995783,8.0351396],[-60.099437,8.0351719],[-60.0993802,8.0351888],[-60.0992783,8.0352192],[-60.0991544,8.0352429],[-60.09905,8.0352429],[-60.0989348,8.03523],[-60.0988392,8.0352063],[-60.0985762,8.0351417],[-60.0982958,8.0350557],[-60.0980936,8.0349782],[-60.0978784,8.0348802],[-60.0978034,8.0348609],[-60.0977447,8.0348609],[-60.097686,8.0348716],[-60.0975752,8.0349233],[-60.0974621,8.0349997],[-60.0972665,8.0351116],[-60.0970796,8.0352257],[-60.0969241,8.035343],[-60.0968502,8.0354119],[-60.0967905,8.0354764],[-60.0967546,8.0355281],[-60.0967176,8.0356099],[-60.0966883,8.0357143],[-60.0966459,8.0358133],[-60.0966111,8.0358854],[-60.0965535,8.0359661],[-60.0964753,8.036063],[-60.0963861,8.0361329],[-60.0962949,8.0361856],[-60.0962014,8.0362158],[-60.0960775,8.0362319],[-60.0959677,8.0362362],[-60.0958927,8.0362298],[-60.0958014,8.0362093],[-60.0957243,8.0361856],[-60.0956699,8.0361523],[-60.0956319,8.03612],[-60.0955906,8.0360759],[-60.0955395,8.0359866],[-60.0954656,8.0358187],[-60.0953645,8.0354807],[-60.0953112,8.035386],[-60.0952656,8.0353355],[-60.0952113,8.035301],[-60.095171,8.0352913],[-60.0951297,8.0352913],[-60.0950841,8.0352999],[-60.0950341,8.0353172],[-60.0949743,8.0353484],[-60.0948232,8.0354291],[-60.0946276,8.0355023],[-60.0945124,8.0355324],[-60.0944211,8.0355464],[-60.0942679,8.035555],[-60.09412,8.0355518],[-60.0939309,8.0355389],[-60.0937114,8.035541],[-60.093569,8.0355615],[-60.0934821,8.0355873],[-60.0934027,8.0356185],[-60.0933408,8.0356605],[-60.0931375,8.0357799],[-60.0929375,8.0358736],[-60.0928039,8.0359252],[-60.0926908,8.0359532],[-60.0925832,8.0359683],[-60.0924582,8.0359736],[-60.0923289,8.0359672],[-60.0920724,8.0359661],[-60.0918057,8.0359689],[-60.0917659,8.0359693],[-60.0916235,8.0359596],[-60.0914561,8.035937],[-60.0913192,8.0359058],[-60.0911018,8.0358423],[-60.0910018,8.035824],[-60.0909203,8.0358208],[-60.0908595,8.0358305],[-60.0905573,8.0358908],[-60.0901476,8.035964],[-60.0897509,8.0360231],[-60.0894759,8.0360533],[-60.0893379,8.0360554],[-60.0891835,8.0360457],[-60.0890727,8.036035],[-60.0888846,8.0360016],[-60.0884825,8.0359252],[-60.0882282,8.0358628],[-60.0878891,8.0357767],[-60.0877771,8.0357293],[-60.0876837,8.0356766],[-60.0876124,8.0356315],[-60.0874217,8.0355109],[-60.0873435,8.0354495],[-60.087288,8.0353882],[-60.0872424,8.0353258],[-60.0872076,8.0352569],[-60.0871837,8.0351923],[-60.0871696,8.0351234],[-60.0871674,8.0350567],[-60.0871663,8.0349287],[-60.0871772,8.0345111],[-60.0871685,8.0343992],[-60.0871533,8.0342808],[-60.087125,8.0342055],[-60.087025,8.034016],[-60.0867598,8.033478],[-60.0866881,8.0332885],[-60.0866403,8.0331443],[-60.0865381,8.0328387],[-60.0864468,8.0326342],[-60.086249,8.0323243],[-60.0860295,8.032038],[-60.0857469,8.0316635],[-60.0856628,8.0315692],[-60.0855665,8.0314612],[-60.0853382,8.0312545],[-60.0851556,8.0311146],[-60.08496,8.0309941],[-60.084773,8.0309015],[-60.0840101,8.0306217],[-60.0838579,8.0305378],[-60.0836949,8.0304237],[-60.0835101,8.0302838],[-60.0834376,8.0302488],[-60.0833406,8.030202],[-60.0831688,8.0301482],[-60.0829971,8.0301267],[-60.0829015,8.0301224],[-60.0828037,8.0301417],[-60.0827037,8.0301869],[-60.0825885,8.0302623],[-60.082458,8.0303893],[-60.082358,8.0305098],[-60.0822863,8.0306131],[-60.0822407,8.0307186],[-60.0822081,8.0308649],[-60.0821907,8.0311082],[-60.0821755,8.0314999],[-60.0821602,8.0316592],[-60.0821276,8.0318034],[-60.0820755,8.0319196],[-60.0819646,8.0320584],[-60.0817842,8.0322091],[-60.0817368,8.0322312],[-60.0816711,8.0322619],[-60.0815396,8.0323081],[-60.0814494,8.0323286],[-60.081294,8.0323436],[-60.0811429,8.0323415],[-60.0809288,8.0323157],[-60.0807419,8.0322952],[-60.0806288,8.0322974],[-60.0803973,8.0323167],[-60.0800876,8.0323716],[-60.0795648,8.0324685],[-60.0792953,8.0325051],[-60.0788779,8.0325201],[-60.0785432,8.0325115],[-60.0782736,8.03249],[-60.0780497,8.0324534],[-60.0776628,8.0323329],[-60.0773367,8.032221],[-60.0770389,8.0320832],[-60.0769616,8.0320373],[-60.0767672,8.0319218],[-60.076526,8.0317603],[-60.0763499,8.0315925],[-60.0762238,8.0314439],[-60.0760238,8.03119],[-60.0758891,8.031035],[-60.0757825,8.0309338],[-60.0755739,8.030781],[-60.0747609,8.0301848],[-60.0742892,8.0298361],[-60.073761,8.0295369],[-60.0734219,8.0293346],[-60.0732675,8.0292205],[-60.0731371,8.0290978],[-60.0730045,8.0289321],[-60.0728111,8.0286609],[-60.0726426,8.0284747],[-60.0725122,8.0283671],[-60.0723241,8.0282379],[-60.072009,8.0280517],[-60.0717286,8.0279269],[-60.0713851,8.0277891],[-60.0710916,8.0276535],[-60.0708286,8.0274964],[-60.0706591,8.0273823],[-60.0702309,8.0270745],[-60.0698352,8.0267861],[-60.0694483,8.0265085],[-60.0690071,8.0261985],[-60.0687093,8.0259854],[-60.0685593,8.0258606],[-60.0682636,8.0255808],[-60.0679332,8.0252385],[-60.0677941,8.0251244],[-60.0676746,8.0250491],[-60.0674398,8.0249458],[-60.0669833,8.0247176],[-60.0666638,8.0245196],[-60.0663355,8.0243087],[-60.0660247,8.0241171],[-60.0658834,8.0240568],[-60.0656573,8.0239858],[-60.0653726,8.0239169],[-60.0651357,8.0238803],[-60.0643857,8.0237942],[-60.0637241,8.0237338],[-60.0633967,8.0237038],[-60.0622055,8.0235876],[-60.0617577,8.0235661],[-60.0612077,8.0235618],[-60.0603752,8.0235855],[-60.0597709,8.023635],[-60.058784,8.0237792],[-60.0583645,8.0238287],[-60.0581189,8.0238308],[-60.057895,8.0238179],[-60.0574298,8.023777],[-60.0571798,8.0237813],[-60.0569994,8.0238072],[-60.0568386,8.0238567],[-60.056506,8.0240568],[-60.0561821,8.0242419],[-60.0560473,8.0242893],[-60.0559191,8.024313],[-60.0557626,8.0243194],[-60.0555039,8.0243065],[-60.0551713,8.0242936],[-60.0549583,8.0242958],[-60.0547648,8.0243194],[-60.0546018,8.0243797],[-60.054391,8.0244593],[-60.054041,8.0246272],[-60.0536302,8.0247887],[-60.053165,8.0249415],[-60.0522694,8.0252859],[-60.0519803,8.0254215],[-60.0516369,8.0256152],[-60.0511869,8.0258886],[-60.050926,8.0260199],[-60.0507261,8.026106],[-60.0504891,8.0262136],[-60.0501631,8.0263922],[-60.0495327,8.0268615],[-60.0485306,8.027759],[-60.0482328,8.0280324],[-60.048085,8.028196],[-60.0478915,8.0284392],[-60.0472612,8.0294939],[-60.0467547,8.0303807],[-60.0461286,8.0314784],[-60.0458265,8.0319777],[-60.0453309,8.0329614],[-60.0450092,8.0335834],[-60.0448853,8.0337664],[-60.0447027,8.0340053],[-60.044481,8.0342421],[-60.0441527,8.0345714],[-60.0437506,8.0349782],[-60.0434811,8.0352235],[-60.0432441,8.0354259],[-60.0427985,8.0357401],[-60.0426904,8.0358032],[-60.0423377,8.0360092],[-60.0420464,8.0361125],[-60.041779,8.0361555],[-60.041603,8.0361641],[-60.0413899,8.0361426],[-60.0412313,8.0360931],[-60.041164,8.0360535],[-60.040953,8.0359295],[-60.0405204,8.035682],[-60.0400031,8.0354302],[-60.039501,8.0351654],[-60.0391901,8.0349911],[-60.0388902,8.0347651],[-60.0382663,8.0342399],[-60.0377729,8.0338396],[-60.0375316,8.0336738],[-60.0373468,8.0335963],[-60.0371142,8.0335296],[-60.0367403,8.0334306],[-60.0361839,8.0332972],[-60.0356752,8.0332412],[-60.0352013,8.0332541],[-60.0344862,8.0333359],[-60.0331254,8.0334823],[-60.032795,8.0335597],[-60.0326385,8.0336308],[-60.032532,8.0337169],[-60.0323951,8.0338568],[-60.0321147,8.0342248],[-60.0316908,8.0347479],[-60.0312082,8.0353333],[-60.0307583,8.03588],[-60.0302409,8.0365903],[-60.0298844,8.0371348],[-60.0296018,8.0375438],[-60.0293866,8.0378236],[-60.0290584,8.038211],[-60.0286324,8.0386437],[-60.0282911,8.0389622],[-60.0277368,8.0394465],[-60.0274542,8.0397263],[-60.0273455,8.0398834],[-60.0272607,8.0400599],[-60.0271347,8.040372],[-60.0269934,8.0409424],[-60.0267065,8.0421262],[-60.0265804,8.0424921],[-60.0263847,8.0428537],[-60.0260196,8.0434047],[-60.025437,8.0441494],[-60.0248631,8.0448984],[-60.0241154,8.0458023],[-60.0235459,8.0463792],[-60.0230981,8.0468398],[-60.0220243,8.0477825],[-60.0211635,8.04851],[-60.0202331,8.0492762],[-60.0196245,8.0496765],[-60.0190376,8.0500596],[-60.017742,8.0507656],[-60.0167117,8.0512778],[-60.0160857,8.0516566],[-60.0152422,8.0522119],[-60.0137563,8.0531881],[-60.0134207,8.0534086],[-60.0130816,8.053598],[-60.0125468,8.0538003],[-60.0119425,8.0540543],[-60.0114469,8.0543341],[-60.011147,8.0545536],[-60.01076,8.0548377],[-60.010347,8.0552983],[-60.0087298,8.0572525],[-60.007756,8.058333],[-60.0074734,8.0587419],[-60.0072169,8.0592197],[-60.007056,8.059676],[-60.0069386,8.0600849],[-60.006643,8.0617809],[-60.0065343,8.0625987],[-60.0064909,8.0632831],[-60.0064604,8.063903],[-60.0064474,8.0650178],[-60.0064707,8.0652335],[-60.0064995,8.0654999],[-60.0065952,8.0660251],[-60.006756,8.0665287],[-60.0070647,8.067381],[-60.0074342,8.0684786],[-60.0076647,8.0694772],[-60.0077777,8.0701057],[-60.0078038,8.0704974],[-60.007782,8.0707814],[-60.007656,8.0711172],[-60.0074386,8.0715562],[-60.0073245,8.0716991],[-60.0072908,8.0717413],[-60.0070212,8.0719738],[-60.0067126,8.0721631],[-60.0054083,8.0728734],[-60.0047214,8.0732306],[-60.0040954,8.0734846],[-60.0029825,8.0739538],[-60.0021738,8.0744229],[-60.0015217,8.074862],[-60.0007522,8.0754517],[-60.0005044,8.0756884],[-60.0003088,8.0760198],[-60.0001914,8.0763254],[-60.0001218,8.0766224],[-60.0001175,8.0769582],[-60.0001914,8.0777545],[-60.0004479,8.079756],[-60.0004479,8.0802897],[-60.0003827,8.0812496],[-60.0002436,8.0819899],[-60.0000262,8.0828551],[-59.9996784,8.0843529],[-59.9994871,8.0853773],[-59.9993697,8.0861564],[-59.9992524,8.0872109],[-59.999235,8.0877619],[-59.9992393,8.0889154],[-59.9992784,8.0899441],[-59.9993654,8.0905811],[-59.9994654,8.0911105],[-59.9996654,8.0917561],[-59.999974,8.0925266],[-60.0001653,8.0930474],[-60.0002784,8.0933616],[-60.0003783,8.0937877],[-60.0005305,8.0944161],[-60.0006044,8.0948551],[-60.0006566,8.0956127],[-60.0007261,8.0968264],[-60.0007261,8.0975237],[-60.0006827,8.0981263],[-60.0005305,8.0990645],[-60.000261,8.1002137],[-59.9997132,8.1021893],[-59.9994089,8.1028349],[-59.999048,8.1037086],[-59.9982003,8.1058434],[-59.9977568,8.106984],[-59.9971439,8.1086281],[-59.9966787,8.1098633],[-59.996483,8.1105735],[-59.9963004,8.1113826],[-59.9959005,8.1135518],[-59.9955049,8.1155488],[-59.9952701,8.1167711],[-59.9948484,8.1186347],[-59.9945745,8.1195084],[-59.9943528,8.1200249],[-59.9940615,8.1205715],[-59.9936398,8.1213203],[-59.9931486,8.1221553],[-59.9927182,8.1227449],[-59.9922791,8.1233087],[-59.9919269,8.1236616],[-59.9914922,8.1241049],[-59.9910748,8.1245008],[-59.9904488,8.1250173],[-59.9898923,8.125409],[-59.9886576,8.1261621],[-59.987636,8.1268077],[-59.9863535,8.127591],[-59.9853884,8.1282451],[-59.9846493,8.1287702],[-59.9841233,8.1292092],[-59.9833972,8.1299322],[-59.9823973,8.1309995],[-59.9818669,8.1315978],[-59.9815278,8.132054],[-59.981267,8.1325403],[-59.9811105,8.1330008],[-59.9809844,8.1334699],[-59.9809366,8.1338744],[-59.9809105,8.1342919],[-59.9809062,8.1348126],[-59.9809801,8.1353979],[-59.9811061,8.1362845],[-59.9812844,8.1370764],[-59.9814496,8.1376402],[-59.9817713,8.1384406],[-59.9820365,8.1390604],[-59.9822321,8.1394606],[-59.9825365,8.1398565],[-59.9833668,8.1407775],[-59.9843232,8.1417975],[-59.9862752,8.1436609],[-59.9876969,8.14515],[-59.9883652,8.1458162],[-59.9889402,8.1463894],[-59.9909183,8.1483303],[-59.991753,8.1491824],[-59.992553,8.1500001],[-59.9931355,8.1506887],[-59.9936181,8.1513041],[-59.993892,8.1516871],[-59.9944876,8.1527027],[-59.9947701,8.1533138],[-59.9949832,8.1539378],[-59.9950701,8.1544542],[-59.9950527,8.1548674],[-59.9949962,8.1553278],[-59.9947919,8.1563607],[-59.9946136,8.1568986],[-59.9943658,8.1573591],[-59.9941441,8.157712],[-59.9939094,8.1580648],[-59.9936398,8.1583876],[-59.9932877,8.1587362],[-59.9927008,8.1591837],[-59.9900619,8.1610342],[-59.9893054,8.1616883],[-59.9887707,8.1621961],[-59.9871926,8.1638314],[-59.9864274,8.1646964],[-59.9853014,8.1660433],[-59.9845102,8.1669858],[-59.9841276,8.1675409],[-59.9835059,8.1685135],[-59.9829886,8.1694086],[-59.9827756,8.1700411],[-59.982606,8.1706823],[-59.9821061,8.1723778],[-59.9815844,8.1746242],[-59.981367,8.1755967],[-59.9811148,8.1773352],[-59.9808018,8.1790135],[-59.9806366,8.1797794],[-59.9803323,8.1808294],[-59.9798391,8.1822528],[-59.9796106,8.1829122],[-59.9792715,8.1837212],[-59.9786977,8.1848572],[-59.9780629,8.1860277],[-59.9777369,8.1866129],[-59.9773804,8.187069],[-59.9771674,8.1872885],[-59.9768891,8.1875337],[-59.9766065,8.1877403],[-59.9765096,8.1878056],[-59.9764022,8.187878],[-59.976124,8.1880114],[-59.9757675,8.1880975],[-59.9752806,8.1881663],[-59.9749524,8.1882],[-59.9743589,8.188261],[-59.9734764,8.1883987],[-59.9727938,8.1885536],[-59.9721461,8.1887601],[-59.9716005,8.1890087],[-59.9708897,8.1893325],[-59.9698419,8.1897886],[-59.967403,8.1907955],[-59.9669378,8.1909762],[-59.9668365,8.1910092],[-59.9666393,8.1910733],[-59.9663422,8.1911699],[-59.9642294,8.1917809],[-59.963199,8.1920434],[-59.9623948,8.1922069],[-59.961747,8.1923102],[-59.9603775,8.192534],[-59.9579085,8.1929074],[-59.9578169,8.1929212],[-59.9553954,8.1932526],[-59.9542433,8.1934763],[-59.9534825,8.1936312],[-59.951487,8.1940831],[-59.9506262,8.1943326],[-59.9497176,8.1947156],[-59.9490959,8.1950814],[-59.9480917,8.1958],[-59.9475309,8.1962991],[-59.9471918,8.1966993],[-59.9468005,8.1973577],[-59.9465092,8.1981279],[-59.9462571,8.1991047],[-59.9459353,8.2005634],[-59.9456658,8.2018973],[-59.9455528,8.2027493],[-59.9455248,8.2031439],[-59.9451734,8.2030987],[-59.9450701,8.2030655],[-59.9450138,8.2030376],[-59.9449427,8.2029792],[-59.9448851,8.2029208],[-59.9447939,8.2028027],[-59.9446329,8.2025213],[-59.9444278,8.202212],[-59.9443473,8.202131],[-59.9442655,8.2020793],[-59.9441931,8.2020647],[-59.9441247,8.2020647],[-59.9440375,8.2020952],[-59.9439892,8.202147],[-59.9439248,8.2022478],[-59.9439041,8.2023295],[-59.9438947,8.2023892],[-59.943898,8.2024655],[-59.9439061,8.2025492],[-59.9439436,8.2026965],[-59.9440026,8.2028067],[-59.9440603,8.2028983],[-59.9441622,8.2030522],[-59.9441864,8.2031252],[-59.9441931,8.2032168],[-59.9441797,8.2034292],[-59.9441542,8.2035474],[-59.9441247,8.2036283],[-59.9440643,8.2037146],[-59.9440107,8.2037465],[-59.9439543,8.2037571],[-59.94389,8.2037531],[-59.9438377,8.2037292],[-59.9437813,8.2036841],[-59.9437103,8.2036283],[-59.9436244,8.2035898],[-59.9435547,8.2035766],[-59.9434447,8.2035805],[-59.9432972,8.2035991],[-59.9431993,8.2036084],[-59.9431229,8.2035832],[-59.9430759,8.203554],[-59.9430276,8.2034996],[-59.9429901,8.2034345],[-59.9428949,8.2033151],[-59.9428144,8.2032726],[-59.9427447,8.2032606],[-59.94251,8.2032513],[-59.9421935,8.2032633],[-59.9420111,8.2032912],[-59.941716,8.2033443],[-59.9416074,8.2033615],[-59.9415404,8.2033668],[-59.9414988,8.2033589],[-59.9414545,8.2033416],[-59.9414264,8.2033151],[-59.9413982,8.2032805],[-59.941358,8.2032235],[-59.9413164,8.2031677],[-59.9412681,8.2031053],[-59.9412252,8.2030801],[-59.9411742,8.2030682],[-59.9411206,8.2030682],[-59.9410656,8.2030894],[-59.941012,8.2031266],[-59.9409637,8.2031677],[-59.940898,8.2032261],[-59.940839,8.2032673],[-59.9407867,8.2032965],[-59.9406928,8.2033204],[-59.9405828,8.2033257],[-59.9404956,8.2033151],[-59.9404219,8.2032885],[-59.9403186,8.2032606],[-59.9402355,8.2032513],[-59.9401362,8.20325],[-59.9400504,8.203258],[-59.9399592,8.2032752],[-59.9398546,8.2033376],[-59.9397795,8.2034],[-59.9397205,8.2034584],[-59.9396896,8.2035155],[-59.9396507,8.2036177],[-59.9395596,8.2039482],[-59.9394965,8.2041792],[-59.9394616,8.2043557],[-59.9394389,8.204442],[-59.9394067,8.2044991],[-59.9393691,8.2045429],[-59.9393195,8.2045708],[-59.939235,8.2045907],[-59.9390982,8.2046132],[-59.9388139,8.2046491],[-59.9386463,8.2046969],[-59.9385537,8.2047314],[-59.9384411,8.2047659],[-59.9383512,8.2047805],[-59.9382815,8.2047778],[-59.9381755,8.2047685],[-59.9380937,8.2047685],[-59.9380226,8.2047845],[-59.9379516,8.204811],[-59.9379019,8.2048455],[-59.9378456,8.2049013],[-59.9378201,8.2049438],[-59.9378121,8.2049915],[-59.9378134,8.2050433],[-59.9378376,8.2052318],[-59.9378523,8.2053486],[-59.9378429,8.2054468],[-59.9378175,8.2055132],[-59.9377772,8.205557],[-59.9377236,8.2055809],[-59.9376592,8.2055942],[-59.9375935,8.2055889],[-59.9375385,8.2055716],[-59.9373454,8.2055132],[-59.9372569,8.2055052],[-59.9371751,8.2055079],[-59.9370463,8.2055331],[-59.9368398,8.2055942],[-59.9367405,8.205622],[-59.936652,8.2056366],[-59.9366024,8.2056393],[-59.9365394,8.2056313],[-59.936475,8.2055982],[-59.9364468,8.2055636],[-59.9364093,8.2055079],[-59.9363409,8.2054362],[-59.936298,8.205407],[-59.936251,8.2053977],[-59.9362095,8.2053977],[-59.9361652,8.2054057],[-59.9361035,8.2054389],[-59.9360351,8.205484],[-59.935952,8.2055358],[-59.9358608,8.2055769],[-59.9357682,8.2056234],[-59.9356341,8.2056751],[-59.9355792,8.2057083],[-59.935551,8.2057455],[-59.9355403,8.2058039],[-59.9355429,8.205853],[-59.9355912,8.2060295],[-59.9356087,8.2061132],[-59.9356194,8.2061822],[-59.9356167,8.206218],[-59.9356006,8.2062579],[-59.9355671,8.2062884],[-59.9355228,8.206307],[-59.9354692,8.2063123],[-59.9354035,8.2063123],[-59.9352345,8.2063189],[-59.935158,8.2063375],[-59.9351205,8.2063667],[-59.9351031,8.2063959],[-59.9350964,8.2064291],[-59.9351004,8.2064955],[-59.9351218,8.2068286],[-59.9351165,8.206887],[-59.9351031,8.2069269],[-59.9350789,8.2069521],[-59.9350427,8.2069733],[-59.9349917,8.2069866],[-59.9349421,8.2069866],[-59.9348992,8.2069693],[-59.9348509,8.2069361],[-59.9347852,8.2068857],[-59.9347061,8.2068273],[-59.9346592,8.2068074],[-59.9346028,8.2067981],[-59.9345626,8.2068087],[-59.9345116,8.2068353],[-59.934458,8.2068817],[-59.9343024,8.2070476],[-59.9342327,8.207106],[-59.934171,8.2071339],[-59.9341106,8.2071419],[-59.9340382,8.2071299],[-59.9339739,8.2071021],[-59.9339055,8.2070662],[-59.9338169,8.2070158],[-59.9337325,8.2069839],[-59.93365,8.2069707],[-59.9336044,8.2069733],[-59.933542,8.2069859],[-59.9333335,8.2070662],[-59.9332269,8.2071253],[-59.9330887,8.2072255],[-59.9330337,8.207264],[-59.9329667,8.2072932],[-59.9329184,8.2073052],[-59.9328353,8.2073118],[-59.9327548,8.2073065],[-59.9326797,8.2073025],[-59.9326327,8.2073091],[-59.9325871,8.2073344],[-59.9325684,8.2073622],[-59.9325617,8.2073994],[-59.932559,8.2074538],[-59.9325657,8.2075268],[-59.9325831,8.2076078],[-59.9326374,8.207795],[-59.9326502,8.2078401],[-59.9326515,8.2078713],[-59.9326488,8.2078932],[-59.9326361,8.2079171],[-59.9326093,8.2079469],[-59.9325704,8.2079702],[-59.9325255,8.2079848],[-59.9323478,8.2080173],[-59.9321352,8.2080578],[-59.9320031,8.2080896],[-59.9319206,8.2081228],[-59.9318254,8.2081845],[-59.9317013,8.2082761],[-59.9315169,8.2084148],[-59.9313936,8.2084945],[-59.9312353,8.2085834],[-59.9310274,8.2087241],[-59.9309376,8.2087878],[-59.9308826,8.208829],[-59.930837,8.2088927],[-59.9308062,8.2089524],[-59.9307364,8.2091024],[-59.9307056,8.2091515],[-59.9306479,8.2091927],[-59.930601,8.2092073],[-59.9305621,8.2092059],[-59.9305232,8.2091927],[-59.9304923,8.2091635],[-59.9304535,8.2091077],[-59.9304172,8.2090281],[-59.9303542,8.2089126],[-59.9303153,8.2088595],[-59.9302791,8.2088356],[-59.9302255,8.2088184],[-59.9301839,8.2088184],[-59.9301463,8.2088369],[-59.9301101,8.2088714],[-59.9300914,8.2089179],[-59.930023,8.2090772],[-59.9299908,8.2091303],[-59.9299492,8.2091728],[-59.9298929,8.2092073],[-59.9298285,8.2092272],[-59.9297561,8.2092351],[-59.9296649,8.2092351],[-59.9295858,8.2092179],[-59.9295093,8.2091966],[-59.9294275,8.209194],[-59.9293698,8.209202],[-59.9293229,8.2092219],[-59.9292921,8.209259],[-59.9292585,8.2093121],[-59.9292317,8.2093745],[-59.9292022,8.2094236],[-59.929172,8.2094508],[-59.9291412,8.2094681],[-59.9290942,8.2094814],[-59.9290507,8.2094834],[-59.9290151,8.2094727],[-59.9289843,8.2094515],[-59.9289494,8.209407],[-59.9289139,8.2093579],[-59.9288495,8.2092989],[-59.9288086,8.2092716],[-59.9287724,8.2092624],[-59.9287335,8.209259],[-59.9286899,8.2092703],[-59.9286403,8.2093028],[-59.9286007,8.2093367],[-59.9284264,8.2095033],[-59.9283452,8.2095696],[-59.9282862,8.2096055],[-59.928195,8.2096626],[-59.9281568,8.2097004],[-59.9281327,8.2097429],[-59.928124,8.2097747],[-59.9280884,8.209944],[-59.9280737,8.2099811],[-59.9280502,8.210009],[-59.928012,8.2100296],[-59.9279684,8.2100395],[-59.9279188,8.2100395],[-59.9278685,8.2100262],[-59.9278175,8.210001],[-59.9277739,8.2099771],[-59.9276546,8.2099201],[-59.9275748,8.2098909],[-59.9275191,8.2098822],[-59.9274668,8.2098822],[-59.9274219,8.2098909],[-59.9273716,8.2099134],[-59.9273334,8.2099499],[-59.9272891,8.210005],[-59.9271389,8.2101709],[-59.9270202,8.2102904],[-59.9268968,8.2103953],[-59.9268157,8.210457],[-59.9266977,8.2105552],[-59.9266461,8.2106149],[-59.9266058,8.2106707],[-59.9265716,8.2107331],[-59.926471,8.2109474],[-59.9264335,8.2110032],[-59.9263906,8.211043],[-59.9263336,8.2110715],[-59.9262632,8.2110855],[-59.9262015,8.2110848],[-59.9261592,8.2110742],[-59.9261136,8.2110516],[-59.9260835,8.2110178],[-59.9260499,8.2109766],[-59.9259494,8.2108592],[-59.9259038,8.2108247],[-59.9258568,8.2108034],[-59.9258119,8.2108014],[-59.9257763,8.2108101],[-59.9257361,8.2108313],[-59.9255651,8.2109322],[-59.9254967,8.2109687],[-59.9254391,8.2109892],[-59.9253921,8.2109972],[-59.9253204,8.2109979],[-59.9252547,8.2109979],[-59.9252138,8.2110038],[-59.9251769,8.2110198],[-59.9251534,8.211045],[-59.9251306,8.2110835],[-59.9251112,8.2111366],[-59.9251071,8.2111804],[-59.9251071,8.2112395],[-59.9251112,8.2112872],[-59.9251212,8.2113224],[-59.9251467,8.2113576],[-59.9251977,8.2114558],[-59.9252205,8.2114963],[-59.9252325,8.2115335],[-59.9252339,8.2115786],[-59.9252211,8.2116138],[-59.9252044,8.2116363],[-59.9251688,8.2116589],[-59.9251078,8.2116835],[-59.9250716,8.2117047],[-59.9250226,8.2117425],[-59.9248201,8.2119144],[-59.9246673,8.2120571],[-59.9246082,8.2120983],[-59.9245526,8.2121215],[-59.9245043,8.2121321],[-59.9244426,8.2121321],[-59.9243823,8.2121221],[-59.9243246,8.2121215],[-59.924281,8.2121321],[-59.9242575,8.212152],[-59.9242408,8.2121812],[-59.9242247,8.2122343],[-59.9242173,8.2123372],[-59.924222,8.2124221],[-59.9242187,8.2125038],[-59.9242012,8.2125588],[-59.9241798,8.2125894],[-59.9241368,8.2126212],[-59.9240805,8.2126531],[-59.9239732,8.2127002],[-59.9238753,8.2127513],[-59.9237982,8.2128077],[-59.9236333,8.212959],[-59.9235756,8.2130048],[-59.9235085,8.2130513],[-59.9234569,8.2130805],[-59.9231739,8.2130871],[-59.9230438,8.2130977],[-59.9229379,8.2131216],[-59.9228065,8.2131787],[-59.9224779,8.2133845],[-59.9223854,8.213411],[-59.9222955,8.2134243],[-59.922215,8.2134216],[-59.9216719,8.2132743],[-59.9213728,8.2132384],[-59.9207331,8.2132292],[-59.9206004,8.2132026],[-59.9202812,8.213111],[-59.9202128,8.213107],[-59.91997,8.2131416],[-59.9198788,8.2131469],[-59.9197903,8.2131389],[-59.9195865,8.2130898],[-59.9194913,8.2130831],[-59.9194068,8.2130845],[-59.9191426,8.2131157],[-59.9190554,8.213119],[-59.9189682,8.2131097],[-59.9188965,8.2130885],[-59.9187999,8.213048],[-59.9182534,8.212754],[-59.9180348,8.2126093],[-59.9176539,8.2123],[-59.9174649,8.2121659],[-59.9173401,8.212089],[-59.9172395,8.2120438],[-59.9171014,8.2120027],[-59.9165529,8.2119191],[-59.9163584,8.2118779],[-59.9162485,8.2118235],[-59.9161439,8.2117531],[-59.9158998,8.2115275],[-59.9158193,8.2114717],[-59.9157254,8.2114253],[-59.9156477,8.2114001],[-59.9155672,8.2113868],[-59.9154706,8.2113921],[-59.9153835,8.2114147],[-59.9153164,8.2114439],[-59.9152266,8.2115023],[-59.9143723,8.2121832],[-59.914277,8.2122416],[-59.9141724,8.2122788],[-59.9140343,8.2123159],[-59.9139243,8.2123345],[-59.9138184,8.2123398],[-59.913636,8.212312],[-59.9132591,8.2121898],[-59.9131478,8.2121792],[-59.9130808,8.2121912],[-59.912999,8.212227],[-59.9129105,8.2122801],[-59.912838,8.2123425],[-59.9127442,8.2124686],[-59.9126262,8.2127115],[-59.9125028,8.2129239],[-59.9121648,8.2134283],[-59.9119932,8.2136035],[-59.9117839,8.2137521],[-59.9115533,8.2138902],[-59.9111456,8.2140548],[-59.9109525,8.2141503],[-59.9106681,8.2143255],[-59.9104214,8.2144901],[-59.9101585,8.2146813],[-59.9098474,8.2149308],[-59.9095577,8.2151379],[-59.9093485,8.2153131],[-59.9092144,8.2154458],[-59.9090105,8.2156954],[-59.9087477,8.216144],[-59.9086645,8.2162183],[-59.9085706,8.2162794],[-59.9084473,8.2163405],[-59.9083239,8.2164281],[-59.9082595,8.2165104],[-59.9081656,8.2166564],[-59.908053,8.2167599],[-59.907884,8.21689],[-59.9077553,8.2169696],[-59.9075085,8.2170917],[-59.9072886,8.2172404],[-59.9071384,8.2173997],[-59.9068648,8.2177926],[-59.9067521,8.2178881],[-59.9066609,8.2179571],[-59.9064785,8.218074],[-59.9061808,8.2182439],[-59.9059072,8.2183872],[-59.9057999,8.2184562],[-59.9056041,8.21865],[-59.9054861,8.2187854],[-59.9053279,8.2189234],[-59.9052098,8.2190456],[-59.9050167,8.2191836],[-59.9049148,8.219234],[-59.9048236,8.219242],[-59.904719,8.2192367],[-59.90455,8.2191517],[-59.9041718,8.2188783],[-59.9040458,8.2188173],[-59.9038795,8.2187642],[-59.9035361,8.2186898],[-59.9034101,8.2186872],[-59.9032894,8.2187005],[-59.9030694,8.2187589],[-59.9029514,8.2187987],[-59.9023989,8.2190217],[-59.902301,8.2190376],[-59.9022527,8.2190349],[-59.9022044,8.219015],[-59.9021186,8.218958],[-59.9020757,8.218938],[-59.9020153,8.2189301],[-59.9019657,8.2189301],[-59.901782,8.2189699],[-59.9016626,8.2189845],[-59.901605,8.2189792],[-59.9015634,8.2189633],[-59.9015352,8.2189434],[-59.9013783,8.2187735],[-59.9013287,8.2187376],[-59.9012817,8.218723],[-59.9011704,8.2187243],[-59.9011034,8.2187482],[-59.9010041,8.2188053],[-59.9006957,8.2190615],[-59.9004945,8.2192155],[-59.9003577,8.2193084],[-59.9002209,8.219388],[-59.9000922,8.2194438],[-59.8998991,8.2194915],[-59.8997435,8.2195128],[-59.8994753,8.2195367],[-59.8993546,8.2195579],[-59.8992312,8.2196004],[-59.8991373,8.2196455],[-59.89903,8.2196774],[-59.8988798,8.2196986],[-59.8985124,8.2197092],[-59.8982924,8.2197358],[-59.8979706,8.219826],[-59.8974261,8.2200251],[-59.897005,8.220134],[-59.8968628,8.220195],[-59.8966429,8.2203171],[-59.8965383,8.2204154],[-59.8964685,8.2205056],[-59.896313,8.2207286],[-59.8962593,8.2208242],[-59.8961708,8.2209012],[-59.8960769,8.2209197],[-59.8959535,8.2209197],[-59.8958409,8.2209038],[-59.8954815,8.2208295],[-59.8953688,8.2207923],[-59.8951167,8.2207392],[-59.8949826,8.2207286],[-59.8947519,8.2207286],[-59.8946339,8.2207392],[-59.8945212,8.2207392],[-59.8942906,8.2207817],[-59.8939419,8.2208613],[-59.8938185,8.2208826],[-59.8936898,8.2208826],[-59.8935664,8.220872],[-59.8934376,8.2208454],[-59.8931748,8.2207552],[-59.8929548,8.2207074],[-59.8928368,8.2206702],[-59.8924345,8.2206596],[-59.8921877,8.2206171],[-59.8919517,8.2205587],[-59.8918176,8.2205162],[-59.8917157,8.2204631],[-59.8913938,8.2202614],[-59.8911685,8.2201021],[-59.8909485,8.2199588],[-59.890691,8.2197995],[-59.8905623,8.2197729],[-59.890455,8.2197782],[-59.8903209,8.2198207],[-59.8901707,8.2198526],[-59.8899025,8.2199694],[-59.8896718,8.2200862],[-59.8894036,8.2201711],[-59.8891515,8.2202295],[-59.8890227,8.2202667],[-59.8888779,8.2202773],[-59.8882234,8.220272],[-59.887746,8.2203304],[-59.8873866,8.2203357],[-59.8872739,8.220357],[-59.887172,8.2203994],[-59.8870593,8.2204631],[-59.8867804,8.2206968],[-59.8866838,8.2207605],[-59.8864585,8.2208348],[-59.8863351,8.2208401],[-59.8862171,8.2208242],[-59.8861045,8.2207923],[-59.8858845,8.2206702],[-59.8857719,8.2206437],[-59.8856592,8.2206755],[-59.8854607,8.2207976],[-59.8853749,8.2208826],[-59.8852354,8.2210631],[-59.8851335,8.2211374],[-59.8850155,8.2211905],[-59.8846453,8.2212649],[-59.8845434,8.2213179],[-59.8844469,8.221387],[-59.8842537,8.2214878],[-59.8839051,8.2215834],[-59.8837817,8.2215834],[-59.8836583,8.2215622],[-59.8833311,8.2214347],[-59.8832023,8.2213923],[-59.8830736,8.2213657],[-59.8829502,8.2213657],[-59.8826015,8.2214507],[-59.8824889,8.2214613],[-59.8820168,8.221456],[-59.8819041,8.2214347],[-59.8817647,8.2214188],[-59.8816413,8.2214401],[-59.8814106,8.2215144],[-59.8813033,8.2215781],[-59.8812094,8.2216285],[-59.8810941,8.2216684],[-59.8809922,8.221679],[-59.8808849,8.221663],[-59.8806596,8.221594],[-59.8804182,8.2215887],[-59.8802948,8.22161],[-59.8800588,8.221679],[-59.8799515,8.221748],[-59.8797745,8.2219073],[-59.8792863,8.2222418],[-59.8790932,8.2223851],[-59.8788679,8.2225125],[-59.8787338,8.2225603],[-59.8783314,8.2226612],[-59.8782241,8.2227143],[-59.8781061,8.2227833],[-59.8779988,8.2228576],[-59.8778111,8.2230222],[-59.8776072,8.2231656],[-59.8774785,8.2232187],[-59.8772103,8.2232877],[-59.8770493,8.2232983],[-59.8766524,8.2232983],[-59.8760569,8.2233514],[-59.8758423,8.2234045],[-59.8756063,8.223447],[-59.8748767,8.2236275],[-59.8746407,8.22367],[-59.874394,8.2236912],[-59.8741794,8.2236912],[-59.8738897,8.22367],[-59.8736751,8.2236381],[-59.8731494,8.2235107],[-59.8729348,8.2234682],[-59.8722053,8.2232877],[-59.8717654,8.2232452],[-59.8712826,8.223224],[-59.8710787,8.2233195],[-59.8706389,8.2235001],[-59.8704243,8.2235638],[-59.8699737,8.2236487],[-59.8691797,8.2238292],[-59.868815,8.2240841],[-59.8684073,8.2243389],[-59.8681605,8.2244239],[-59.8677421,8.2245301],[-59.867506,8.224615],[-59.8670125,8.2247318],[-59.8667765,8.2247955],[-59.8665512,8.2248168],[-59.8662937,8.2248274],[-59.866004,8.2248168],[-59.8657572,8.2247424],[-59.8654783,8.2246893],[-59.865253,8.2246256],[-59.8649311,8.2245885],[-59.8646468,8.2245194],[-59.8644805,8.2244982],[-59.8637617,8.2243283],[-59.8635417,8.224238],[-59.8634237,8.2241796],[-59.8633218,8.2241425],[-59.8630858,8.2240204],[-59.8628819,8.2239089],[-59.8626888,8.2237708],[-59.8620016,8.2235811],[-59.8609185,8.2236487],[-59.8601997,8.2240097],[-59.8596682,8.2241684],[-59.8580978,8.2242394],[-59.8569334,8.2244698],[-59.8552973,8.2243162],[-59.8545091,8.2244107],[-59.8539538,8.2247831],[-59.8532313,8.2247771],[-59.8525387,8.2247121],[-59.8514579,8.2246944],[-59.8485917,8.2249308],[-59.8367175,8.2331666],[-59.8352151,8.2346535],[-59.8338786,8.2374421],[-59.8331623,8.2389366],[-59.8321532,8.2415249],[-59.8311254,8.2424265],[-59.8306957,8.2430735],[-59.8303688,8.2436836],[-59.8300606,8.244192],[-59.8291266,8.2457449],[-59.8270579,8.2491821],[-59.8261844,8.2506334],[-59.8249744,8.2517628],[-59.8226392,8.2539424],[-59.8190693,8.2585536],[-59.8188871,8.2592894],[-59.8186892,8.2604555],[-59.8183202,8.261805],[-59.8177973,8.2626006],[-59.8174465,8.2629853],[-59.8154799,8.2642542],[-59.8152116,8.2643547],[-59.8149718,8.264737],[-59.8147522,8.2650146],[-59.8145774,8.2651996],[-59.8145774,8.2655416],[-59.8143904,8.2657749],[-59.8141546,8.2660606],[-59.8141099,8.2663382],[-59.8138782,8.2666198],[-59.8135651,8.2669417],[-59.8134635,8.2671428],[-59.8133537,8.2673641],[-59.8132074,8.2675251],[-59.8129878,8.2676538],[-59.8127358,8.26769],[-59.81231,8.2676217],[-59.8118428,8.2675132],[-59.8116623,8.2675132],[-59.8113049,8.2676357],[-59.8111385,8.2676463],[-59.8109368,8.2678004],[-59.810682,8.2678984],[-59.8103811,8.2680946],[-59.8102927,8.2682452],[-59.8101122,8.2685078],[-59.8098255,8.2688126],[-59.8094893,8.2691838],[-59.809199,8.2695901],[-59.8090822,8.2699018],[-59.8087496,8.270168],[-59.8084027,8.2703291],[-59.8079528,8.2703733],[-59.8076633,8.2704195],[-59.8065845,8.2707152],[-59.8059383,8.2711379],[-59.8055852,8.2715979],[-59.8055058,8.2718244],[-59.8055478,8.2719954],[-59.8057066,8.2724113],[-59.8061923,8.2730259],[-59.8067386,8.2740057],[-59.8071916,8.2753736],[-59.8073535,8.2761493],[-59.8073452,8.2761864],[-59.807319,8.2762203],[-59.807285,8.2762697],[-59.8072542,8.2764191],[-59.8072844,8.2765718],[-59.8073437,8.2767986],[-59.8073497,8.2769405],[-59.8073312,8.2770929],[-59.807237,8.2773981],[-59.8071805,8.2775991],[-59.8070796,8.2781741],[-59.8067386,8.2786964],[-59.8066359,8.2792925],[-59.8068974,8.2799996],[-59.8074765,8.2807621],[-59.808672,8.2819636],[-59.8094332,8.2829664],[-59.8101477,8.2838722],[-59.8112376,8.2849513],[-59.8123631,8.2862121],[-59.8130198,8.2868899],[-59.8133747,8.2882347],[-59.8137331,8.2893506],[-59.8138884,8.2901109],[-59.8144908,8.291525],[-59.8152474,8.2928143],[-59.8160366,8.2941452],[-59.8171339,8.2954789],[-59.8177391,8.2967012]]]}}]}
