{"type":"FeatureCollection","features":[{"type":"Feature","properties":{"place":"guantanamo-bay","region":"area/guantanamo-bay","donors":"CU","rank":2,"whose_line":"the 1903 lease boundary as drawn by the US Department of State (LSIB 'Special Line', note 'US Naval Base Guantanamo Bay')","publisher":"US Department of State, Office of the Geographer and Global Issues (World Polygons, high-resolution layer DoS_WP_11_4)","source_url":"https://data.geodata.state.gov/WorldPolygons.zip","version_or_date":"World Polygons 11.4 BETA, 2025-02-24; read 2026-10-04","feature_id":"DoS_WP_11_4 fid 300","licence":"US government work, not subject to US copyright (17 U.S.C. § 105)","notes":"The United States is the lessee, so DoS is also a party here; ranked 2 rather than 1 because the dataset disclaims being the US view ('should not be relied upon as a representation of the views of the United States'), and D062 names a DoS lease boundary as its rank-2 example. Cuba's line not found (HDX COD-AB Cuba is from GADM).","input_sha256":"55fab422ef09e35eb48d68141b9ece0ace86d4276dfe332a04dfd401c0bfc80c","operation":"none (the source feature's geometry as published)","crs":"WGS84 longitude/latitude, as in the source (no reprojection)","source_features":[{"id":"DoS_WP_11_4 fid 300","WP_Name":"U.S. Naval Base Guantanamo Bay","WP_ID":"110ae8ac-bd0f-40e3-a7a5-0586f7e6d939","Map_Label":"U.S. Naval Base Guantanamo Bay","NOTES":null,"US_Recog":null,"Show_Disp":null,"GENC_3":"AX2"}]},"geometry":{"type":"MultiPolygon","coordinates":[[[[-75.15770509999999,19.973856600000033],[-75.15729929999998,19.973858200000052],[-75.15698619999995,19.973847800000044],[-75.15684479999999,19.973827500000027],[-75.15672589999997,19.973784700000067],[-75.15657209999995,19.97366900000003],[-75.15638829999995,19.973615100000075],[-75.15624299999996,19.97360180000004],[-75.15569969999996,19.97359030000007],[-75.15555359999996,19.973577900000066],[-75.15542469999997,19.97354820000004],[-75.15533309999995,19.973493200000064],[-75.15513209999995,19.973289900000054],[-75.15507679999996,19.973197000000027],[-75.15504519999996,19.97306690000005],[-75.15500919999994,19.97277950000006],[-75.15497849999997,19.972648500000048],[-75.15473359999999,19.97215790000007],[-75.15456529999994,19.971902300000067],[-75.15450979999997,19.97171780000002],[-75.15449559999996,19.97157180000005],[-75.15448749999996,19.971258400000067],[-75.15448669999995,19.97061320000006],[-75.15449499999994,19.970219400000076],[-75.15451009999998,19.970073800000023],[-75.15454259999996,19.969945800000062],[-75.15459989999994,19.969855000000052],[-75.15479499999998,19.969642500000077],[-75.15493159999994,19.969507400000055],[-75.15498859999997,19.969416500000023],[-75.15502549999997,19.969219000000066],[-75.15502509999999,19.96907600000003],[-75.15500659999998,19.968938500000036],[-75.15496319999994,19.96882050000005],[-75.15484459999993,19.96866600000004],[-75.15480069999995,19.968548800000065],[-75.15476819999998,19.968259700000033],[-75.15475079999999,19.967792700000075],[-75.15473469999995,19.967646100000024],[-75.15467679999995,19.96745960000004],[-75.15455979999996,19.967305200000055],[-75.15452359999995,19.96719790000003],[-75.15451909999996,19.96708090000004],[-75.15457749999996,19.96693220000003],[-75.15467909999995,19.966878500000064],[-75.15481189999997,19.966857400000038],[-75.15495549999997,19.966857600000026],[-75.15509479999997,19.966876900000045],[-75.15521469999999,19.966921400000047],[-75.15537099999995,19.967041900000027],[-75.15555849999998,19.967100500000072],[-75.15570569999994,19.967116300000043],[-75.15610059999995,19.967126200000052],[-75.15819609999994,19.967119600000046],[-75.15859339999997,19.967123800000024],[-75.15888379999996,19.96715450000005],[-75.15990029999995,19.96741970000005],[-75.16028869999997,19.967618900000048],[-75.16048879999994,19.967654800000048],[-75.16063209999999,19.967655000000036],[-75.16082979999999,19.967617800000028],[-75.16092099999997,19.967560500000047],[-75.16113449999995,19.96736450000003],[-75.16127069999999,19.96722710000006],[-75.16135999999995,19.967170100000033],[-75.16155129999999,19.967128900000034],[-75.16169479999996,19.967120400000056],[-75.16198559999998,19.96713120000004],[-75.16211939999994,19.96715400000005],[-75.16223289999994,19.96719790000003],[-75.16238769999995,19.967317300000047],[-75.16250579999996,19.967360600000063],[-75.16264349999994,19.96737840000003],[-75.16278699999998,19.967378000000053],[-75.16292449999997,19.967359400000078],[-75.16304219999995,19.96731600000004],[-75.16319289999996,19.96719980000006],[-75.16335809999998,19.967155500000047],[-75.16353289999995,19.967173600000024],[-75.16433929999994,19.967435700000067],[-75.16443179999999,19.967492100000072],[-75.16463389999996,19.96769530000006],[-75.16468969999994,19.967787900000076],[-75.16473159999998,19.967988700000035],[-75.16475809999997,19.968204800000024],[-75.16478889999996,19.968335800000034],[-75.16503309999996,19.968827000000033],[-75.16519949999997,19.969084100000032],[-75.16525289999998,19.969268600000078],[-75.16526539999995,19.96941460000005],[-75.16527239999994,19.96988360000006],[-75.16527939999997,19.97003540000003],[-75.16531629999997,19.970237200000042],[-75.16537089999997,19.970330000000047],[-75.16557369999998,19.97053500000004],[-75.16566449999993,19.970590300000026],[-75.16585859999998,19.970629100000053],[-75.16600389999996,19.970636600000034],[-75.16629749999998,19.970625900000073],[-75.16643209999995,19.97060390000007],[-75.16654599999998,19.970560900000066],[-75.16698079999998,19.97033380000005],[-75.16725299999996,19.97011370000007],[-75.16746629999994,19.96992240000003],[-75.16755839999996,19.96986620000007],[-75.16776169999997,19.969826900000044],[-75.16791549999994,19.96981900000003],[-75.16848139999996,19.96981880000004],[-75.16878739999999,19.969801500000074],[-75.16891809999998,19.96977030000005],[-75.16901019999995,19.969714200000055],[-75.16922369999997,19.96952280000005],[-75.16949659999995,19.969303000000025],[-75.16993309999998,19.969080000000076],[-75.17005269999999,19.969039300000077],[-75.17019239999996,19.969024200000035],[-75.17033829999997,19.969027100000062],[-75.17047779999996,19.969047300000057],[-75.17059559999996,19.969090100000074],[-75.17070089999999,19.969171200000062],[-75.17076969999994,19.969203400000026],[-75.17084029999995,19.96919630000008],[-75.17089619999996,19.969137800000055],[-75.17093059999996,19.968958400000076],[-75.17092889999998,19.968817000000058],[-75.17090939999997,19.968678300000022],[-75.17086539999997,19.968558200000075],[-75.17074649999995,19.968400600000052],[-75.17070289999998,19.968282000000045],[-75.17067199999997,19.967991100000063],[-75.17066399999999,19.96760000000006],[-75.17065559999998,19.967449400000078],[-75.17061699999994,19.967249700000025],[-75.17056179999997,19.967158100000063],[-75.17033869999995,19.966909400000077],[-75.17015739999994,19.966753700000027],[-75.16968269999995,19.966285200000073],[-75.16856929999994,19.965175300000055],[-75.16841219999998,19.964995500000043],[-75.16814269999998,19.96472600000004],[-75.16789139999997,19.964505700000075],[-75.16778599999998,19.96445700000004],[-75.16760769999996,19.96440430000007],[-75.16750249999996,19.964355500000067],[-75.16726109999996,19.964125000000024],[-75.16720169999996,19.964039800000023],[-75.16693409999993,19.96349310000005],[-75.16690429999994,19.963363000000072],[-75.16688579999999,19.963062700000023],[-75.16689179999997,19.96274930000004],[-75.16692669999998,19.962460300000032],[-75.16696939999997,19.96234560000005],[-75.16705129999997,19.962241300000073],[-75.16708609999995,19.962171100000035],[-75.16708579999994,19.962094500000035],[-75.16704929999997,19.962027800000044],[-75.16627739999996,19.960997200000065],[-75.16602479999995,19.960704200000066],[-75.16577429999995,19.960478400000056],[-75.16568719999998,19.96042630000005],[-75.16551229999999,19.96040460000006],[-75.16539799999998,19.96042650000004],[-75.16531199999997,19.96047930000003],[-75.16511099999997,19.960685400000045],[-75.16503229999995,19.960831400000075],[-75.16498089999999,19.96101340000007],[-75.16490289999996,19.961158400000045],[-75.16470209999994,19.96136320000005],[-75.16460999999998,19.961419600000056],[-75.16447889999995,19.961450300000024],[-75.16417169999994,19.961466700000074],[-75.16360559999998,19.96146690000006],[-75.16330989999994,19.961494900000048],[-75.16319089999996,19.961538000000075],[-75.16275849999994,19.961763700000063],[-75.16250259999998,19.961934600000063],[-75.16238509999994,19.961977500000046],[-75.16224759999994,19.96199500000006],[-75.16210409999997,19.961994700000048],[-75.16196649999995,19.961976700000037],[-75.16087069999998,19.961705400000028],[-75.16071949999997,19.96163290000004],[-75.16051809999993,19.96143170000005],[-75.16046829999993,19.96134500000005],[-75.16044969999996,19.961229900000035],[-75.16045949999994,19.961109400000055],[-75.16049839999994,19.961001200000055],[-75.16061559999997,19.960849800000062],[-75.16065439999994,19.96074180000005],[-75.16066389999997,19.960621600000025],[-75.16064489999997,19.96050690000004],[-75.16059479999996,19.960420700000043],[-75.16039529999995,19.960217600000078],[-75.16030849999999,19.960158800000045],[-75.15985159999997,19.959946900000034],[-75.15962449999995,19.959862400000077],[-75.15894029999998,19.959624100000042],[-75.15873829999998,19.959591400000022],[-75.15859339999997,19.95959320000003],[-75.15845479999996,19.959612100000072],[-75.15833729999997,19.959654100000023],[-75.15823049999995,19.959735900000055],[-75.15815779999997,19.95977110000007],[-75.15807869999998,19.959771200000034],[-75.15801009999996,19.959735100000046],[-75.15782939999997,19.959555800000032],[-75.15779259999994,19.959487400000057],[-75.15779269999996,19.95940920000004],[-75.15782989999997,19.959339200000045],[-75.15804399999996,19.959091800000067],[-75.15829929999995,19.958865200000048],[-75.15838689999998,19.95881330000003],[-75.15856159999998,19.958792600000038],[-75.15867549999996,19.95881520000006],[-75.15876139999995,19.958868300000063],[-75.15897429999995,19.959063100000037],[-75.15911069999999,19.959200700000054],[-75.15920119999998,19.959258200000022],[-75.15932739999994,19.959291200000052],[-75.15947089999997,19.959306800000036],[-75.15985929999994,19.959316800000067],[-75.16025669999993,19.959316500000057],[-75.16056559999998,19.959307500000023],[-75.16070859999996,19.95929220000005],[-75.16083439999994,19.95925980000004],[-75.16092429999998,19.959202900000037],[-75.16113639999998,19.959008200000028],[-75.16127159999996,19.958871600000066],[-75.16136059999997,19.95881490000005],[-75.16155149999997,19.958774000000062],[-75.16169469999994,19.95876560000005],[-75.16198509999998,19.958776500000056],[-75.16211859999999,19.958799300000067],[-75.16223199999996,19.958843400000035],[-75.16238739999994,19.95896440000007],[-75.16250099999996,19.959008700000027],[-75.16263489999994,19.959031700000025],[-75.16292679999998,19.95904340000004],[-75.16307139999998,19.959035700000072],[-75.16326529999998,19.95899620000006],[-75.16335689999994,19.958940700000028],[-75.16361229999995,19.95871530000005],[-75.16382309999995,19.958474700000068],[-75.16385909999997,19.958407000000022],[-75.16385799999995,19.958330800000056],[-75.16381989999996,19.958263600000066],[-75.16363799999993,19.958059800000058],[-75.16350269999998,19.957922000000053],[-75.16344499999997,19.95782920000005],[-75.16339989999994,19.957628700000043],[-75.16337089999996,19.957413200000076],[-75.16333799999995,19.95728360000004],[-75.16328209999995,19.957190900000057],[-75.16305999999997,19.956940600000053],[-75.16287869999996,19.956784800000037],[-75.16260619999997,19.956518300000027],[-75.16241319999995,19.95630710000006],[-75.16235449999994,19.95622140000006],[-75.16208959999994,19.955673900000022],[-75.16205849999994,19.955543300000045],[-75.16202129999994,19.95525710000004],[-75.16199019999993,19.95512640000004],[-75.16172649999999,19.954576400000064],[-75.16166829999997,19.954489500000022],[-75.16144549999996,19.954237100000057],[-75.16119679999997,19.954015500000025],[-75.16111059999997,19.95396530000005],[-75.16099669999994,19.95394550000003],[-75.16087759999994,19.953953900000045],[-75.16077049999996,19.953991700000074],[-75.16061849999994,19.954109500000072],[-75.16049999999996,19.95415380000003],[-75.16036189999994,19.95417340000006],[-75.16021779999994,19.954174900000055],[-75.16007949999994,19.95415840000004],[-75.15898199999998,19.95388090000006],[-75.15888319999993,19.953826700000036],[-75.15882169999998,19.953676200000075],[-75.15883929999995,19.953502700000058],[-75.15889159999995,19.953414700000053],[-75.15909919999996,19.95320760000004],[-75.15919399999996,19.953150700000037],[-75.15939739999999,19.953115300000036],[-75.15954369999997,19.953116800000032],[-75.15968379999998,19.953136400000062],[-75.15980399999995,19.953180900000064],[-75.15996069999994,19.953300200000058],[-75.16008019999998,19.95334340000005],[-75.16021899999998,19.953361200000074],[-75.16036329999997,19.953360700000076],[-75.16050099999995,19.953342700000064],[-75.16061709999997,19.953301400000043],[-75.16072139999994,19.953220100000067],[-75.16079209999998,19.953185200000064],[-75.16086929999994,19.95318530000003],[-75.16093669999998,19.953221600000063],[-75.16117279999997,19.95343390000005],[-75.16140689999997,19.953682300000025],[-75.16156669999998,19.95387050000005],[-75.16180719999994,19.954087100000038],[-75.16187249999996,19.954121300000054],[-75.16194219999994,19.954113800000073],[-75.16199789999996,19.954055400000072],[-75.16203789999997,19.953880300000037],[-75.16204609999994,19.953737700000033],[-75.16203589999998,19.95344250000005],[-75.16199619999998,19.953245200000026],[-75.16172249999994,19.95243080000006],[-75.16145699999998,19.951883000000066],[-75.16139869999995,19.951796900000033],[-75.16113929999995,19.951517000000024],[-75.16088779999995,19.951295900000048],[-75.16007259999998,19.95075070000007],[-75.15996689999997,19.950711700000056],[-75.15984699999996,19.95070400000003],[-75.15973149999996,19.950725200000022],[-75.15964429999997,19.95077740000005],[-75.15944369999994,19.950981900000045],[-75.15939339999994,19.95107040000005],[-75.15937429999997,19.951187700000048],[-75.15938359999996,19.951310400000068],[-75.15942219999994,19.951420900000073],[-75.15953819999999,19.951576300000056],[-75.15957499999996,19.951685600000076],[-75.15958049999995,19.95180460000006],[-75.15955369999995,19.951912100000072],[-75.15948399999996,19.951983600000062],[-75.15937799999995,19.952012600000046],[-75.15920509999995,19.951995200000056],[-75.15911739999996,19.95194340000006],[-75.15891089999997,19.951736700000026],[-75.15885269999995,19.951641900000027],[-75.15857959999994,19.950824900000043],[-75.15855839999995,19.95064830000007],[-75.15857929999999,19.95053390000004],[-75.15863079999997,19.95044770000004],[-75.15883249999996,19.950244200000043],[-75.15891979999998,19.950184700000023],[-75.15941899999996,19.94993900000003],[-75.15953859999996,19.949896400000057],[-75.15967779999994,19.949878700000056],[-75.15982249999996,19.949878800000022],[-75.16002219999996,19.949915700000076],[-75.16011449999996,19.949972500000058],[-75.16036289999994,19.95020100000005],[-75.16048329999995,19.950352100000032],[-75.16073229999995,19.950576200000057],[-75.16082489999997,19.95063200000004],[-75.16102529999995,19.950674400000025],[-75.16124109999998,19.950701200000026],[-75.16137129999998,19.950732800000026],[-75.16146469999995,19.95078760000007],[-75.16171799999995,19.951006000000064],[-75.16193869999995,19.951256900000033],[-75.16199249999994,19.951347500000054],[-75.16202229999999,19.95147170000007],[-75.16203639999998,19.951611600000035],[-75.16211759999999,19.95222330000007],[-75.16234019999996,19.95319420000004],[-75.16241239999994,19.95334360000004],[-75.16263449999997,19.953593500000068],[-75.16317709999998,19.95413750000006],[-75.16342859999997,19.954363600000022],[-75.16351609999998,19.954415900000072],[-75.16369229999998,19.95443800000004],[-75.16380789999994,19.95441640000007],[-75.16389529999998,19.954363900000033],[-75.16409559999994,19.954158600000028],[-75.16414579999997,19.954069900000036],[-75.16416519999996,19.953952900000047],[-75.16415669999998,19.953831300000047],[-75.16412069999996,19.95372370000007],[-75.16404019999999,19.953617700000052],[-75.16400469999996,19.953544600000043],[-75.16400369999997,19.95346490000003],[-75.16403879999996,19.953395800000067],[-75.16421549999995,19.95321430000007],[-75.16428359999998,19.953176900000074],[-75.16440039999998,19.95318800000007],[-75.16488509999994,19.953414500000065],[-75.16497339999995,19.95347460000005],[-75.16518009999999,19.95368270000006],[-75.16523719999998,19.95377600000006],[-75.16527359999998,19.953977700000053],[-75.16527289999993,19.954123200000026],[-75.16523459999996,19.954324300000053],[-75.16517689999995,19.954417400000068],[-75.16494459999996,19.95466790000006],[-75.16479129999993,19.954788300000075],[-75.16457579999997,19.955021900000077],[-75.16453829999995,19.955088700000033],[-75.16453699999994,19.955165500000078],[-75.16476339999997,19.95615730000003],[-75.16483619999997,19.956307500000037],[-75.16502649999995,19.95652270000005],[-75.16536449999995,19.956859300000076],[-75.16557969999997,19.957049100000063],[-75.16567209999994,19.957105300000023],[-75.16648469999996,19.957379600000024],[-75.16668599999997,19.95741490000006],[-75.16683049999995,19.957415300000036],[-75.16696929999995,19.957398100000034],[-75.16708849999998,19.95735570000005],[-75.16758889999994,19.95710900000006],[-75.16767619999996,19.95704950000004],[-75.16786889999997,19.956855000000076],[-75.16790629999997,19.956787200000065],[-75.16790599999996,19.956710600000065],[-75.16786799999994,19.956643100000065],[-75.16763529999997,19.956420800000046],[-75.16752789999998,19.956371600000068],[-75.16734599999995,19.956318500000066],[-75.16723839999997,19.95626980000003],[-75.16694389999998,19.95601970000007],[-75.16671699999995,19.955769100000055],[-75.16666109999994,19.955678200000023],[-75.16662039999994,19.95548450000007],[-75.16661149999999,19.955339500000036],[-75.16661999999997,19.955045900000073],[-75.16665989999996,19.95485180000003],[-75.16671529999996,19.954760600000043],[-75.16693849999996,19.954507300000046],[-75.16719019999994,19.95428560000005],[-75.16728329999995,19.95423020000004],[-75.16741449999995,19.954199500000072],[-75.16756299999997,19.95418630000006],[-75.16788129999998,19.95418090000004],[-75.16959019999996,19.954184800000064],[-75.16991039999994,19.95419050000004],[-75.17020439999999,19.954223400000046],[-75.17032289999997,19.954267800000025],[-75.17047319999995,19.95438340000004],[-75.17063809999996,19.95442680000008],[-75.17081339999999,19.954408000000058],[-75.17156219999998,19.954151600000046],[-75.17166609999998,19.954094000000055],[-75.17171599999995,19.954000800000074],[-75.17172539999996,19.95388930000007],[-75.17166659999998,19.953742100000056],[-75.17156779999993,19.953688400000033],[-75.17143759999993,19.95366210000003],[-75.17129249999994,19.953649600000062],[-75.17074459999998,19.953571000000068],[-75.17011749999995,19.953359600000056],[-75.16989219999994,19.95327480000003],[-75.16959329999997,19.953129000000047],[-75.16891659999999,19.952893000000074],[-75.16879149999994,19.952864100000056],[-75.16835959999997,19.952833500000054],[-75.16822049999996,19.952818300000047],[-75.16809739999997,19.952786900000035],[-75.16800799999999,19.952731200000073],[-75.16779409999998,19.95253800000006],[-75.16765839999994,19.95240210000003],[-75.16756729999997,19.952345300000047],[-75.16736959999997,19.952308900000048],[-75.16722649999997,19.952309700000058],[-75.16708899999998,19.952328700000066],[-75.16697089999997,19.952372800000035],[-75.16681629999994,19.95249320000005],[-75.16663159999996,19.95255220000007],[-75.16633219999994,19.95257680000003],[-75.16601949999995,19.952577100000042],[-75.16586899999999,19.952568000000042],[-75.16566949999998,19.952527700000076],[-75.16557789999996,19.95247150000006],[-75.16532939999996,19.952246400000035],[-75.16517399999998,19.95206440000004],[-75.16463839999994,19.951520900000048],[-75.16438569999997,19.95130030000007],[-75.16427939999994,19.951251400000046],[-75.16409909999999,19.951198400000067],[-75.16399219999994,19.951149100000066],[-75.16374989999997,19.950916500000062],[-75.16369749999996,19.950830500000052],[-75.16367619999994,19.950716300000067],[-75.16369869999994,19.950542100000064],[-75.16375139999997,19.950455600000055],[-75.16397969999997,19.950207300000045],[-75.16413159999996,19.950085900000033],[-75.16435629999995,19.949835200000052],[-75.16441209999994,19.94974200000007],[-75.16445419999997,19.94954050000007],[-75.16448069999996,19.949323200000038],[-75.16451239999998,19.949192200000027],[-75.16456809999994,19.949098400000025],[-75.16477139999995,19.948893500000054],[-75.16486489999994,19.948838500000022],[-75.16506809999998,19.948806300000058],[-75.16521529999994,19.948809700000027],[-75.16535639999995,19.94883020000003],[-75.16547579999997,19.948873200000037],[-75.16561639999998,19.948974900000053],[-75.16568849999999,19.94898820000003],[-75.16577529999995,19.948926500000027],[-75.16579709999996,19.94882780000006],[-75.16577519999998,19.948659500000076],[-75.16572269999995,19.948572700000057],[-75.16551929999997,19.948364300000037],[-75.16543199999995,19.948303700000054],[-75.16493609999998,19.948058900000035],[-75.16481639999995,19.948016100000075],[-75.16452099999998,19.947986800000024],[-75.16419969999998,19.947983200000067],[-75.16330179999994,19.947982800000034],[-75.16290769999995,19.94799420000004],[-75.16276569999997,19.948014200000046],[-75.16264599999994,19.94805640000004],[-75.16216899999995,19.94831300000004],[-75.16212749999994,19.948349000000064],[-75.16207299999996,19.94845760000004],[-75.16204579999999,19.94859400000007],[-75.16201739999997,19.948812100000055],[-75.16198529999997,19.94894480000005],[-75.16192989999996,19.94903990000006],[-75.16173889999999,19.949237500000038],[-75.16167039999993,19.949275500000056],[-75.16159249999998,19.949275500000056],[-75.16152329999994,19.949237700000026],[-75.16132719999996,19.949040800000034],[-75.16127059999997,19.948946100000057],[-75.16123549999998,19.94874230000005],[-75.16123889999994,19.94859720000005],[-75.16126429999997,19.948461800000075],[-75.16132239999996,19.94835400000005],[-75.16141849999997,19.948290300000053],[-75.16158939999997,19.94822350000004],[-75.16168239999996,19.948163500000078],[-75.16174049999995,19.94801570000004],[-75.16173279999998,19.94790560000007],[-75.16168599999997,19.94781320000004],[-75.16159389999996,19.947755400000062],[-75.16141889999994,19.94769780000007],[-75.16131179999996,19.94764850000007],[-75.16106499999995,19.94741780000004],[-75.16100759999995,19.947327100000052],[-75.16097569999994,19.94719900000007],[-75.16096159999995,19.947053400000073],[-75.16095569999999,19.946660500000064],[-75.16096689999995,19.944658400000037],[-75.16096039999996,19.94434640000003],[-75.16094689999994,19.944200600000045],[-75.16091749999998,19.944070800000077],[-75.16065249999997,19.943524600000046],[-75.16059359999997,19.943439100000035],[-75.16038839999999,19.94324000000006],[-75.16029589999994,19.943184100000053],[-75.16016619999994,19.943151900000032],[-75.15943329999999,19.942891100000054],[-75.15900159999995,19.94267130000003],[-75.15889559999994,19.942636700000037],[-75.15877669999998,19.942631600000027],[-75.15861099999995,19.942676600000027],[-75.15845909999996,19.942794200000037],[-75.15834049999995,19.94283880000006],[-75.15820189999994,19.942858800000067],[-75.15805759999995,19.942860800000062],[-75.15785799999998,19.942826300000036],[-75.15776559999995,19.942770600000074],[-75.15751599999999,19.942543900000032],[-75.15728489999998,19.942297900000028],[-75.15712809999997,19.942112200000054],[-75.15687789999998,19.941884300000027],[-75.15679069999999,19.941831500000035],[-75.15661479999994,19.941808700000024],[-75.15649919999998,19.94182980000005],[-75.15641179999994,19.941881900000055],[-75.15620809999996,19.942088100000035],[-75.15615269999995,19.94218280000007],[-75.15611939999997,19.942386400000032],[-75.15612219999997,19.94253290000006],[-75.15614229999994,19.94267250000007],[-75.15618529999995,19.942790100000025],[-75.15626819999994,19.942895900000053],[-75.15630389999995,19.942967200000055],[-75.15630449999998,19.943044900000075],[-75.15626889999999,19.943112600000063],[-75.15606009999993,19.943349600000033],[-75.15574979999997,19.943650000000048],[-75.15549729999998,19.943871200000046],[-75.15441849999996,19.94468020000005],[-75.15436449999999,19.94470720000004],[-75.15355709999994,19.944980300000054],[-75.15336359999998,19.94501900000006],[-75.15307329999996,19.94502730000005],[-75.15279599999997,19.944997100000023],[-75.15170479999995,19.944717900000057],[-75.15160659999998,19.944664700000033],[-75.15154839999997,19.94451820000006],[-75.15155739999994,19.94440670000006],[-75.15160539999994,19.94431220000007],[-75.15169829999996,19.94425220000005],[-75.15187339999994,19.944191600000067],[-75.15198039999996,19.944140600000026],[-75.15223819999994,19.943918600000075],[-75.15309259999998,19.94308220000005],[-75.15331869999994,19.94283260000003],[-75.15337449999998,19.942742300000077],[-75.15341479999995,19.94254950000004],[-75.15342329999999,19.942405000000065],[-75.15341409999996,19.942112000000066],[-75.15339269999998,19.94197710000003],[-75.15335019999998,19.94186250000007],[-75.15310389999996,19.941362800000036],[-75.15304489999994,19.941276000000073],[-75.15285249999994,19.94108600000004],[-75.15278549999994,19.94104980000003],[-75.15270959999998,19.941051300000026],[-75.15264229999997,19.94109030000004],[-75.15243839999994,19.941276800000026],[-75.15230079999998,19.941415900000038],[-75.15220809999994,19.94147460000005],[-75.15200809999999,19.941514100000063],[-75.15186329999995,19.94151540000007],[-75.15172429999996,19.941498500000023],[-75.15160509999998,19.941456300000027],[-75.15110969999995,19.941210400000045],[-75.15102259999998,19.941151300000058],[-75.15076889999995,19.940926300000058],[-75.15054359999993,19.940674700000045],[-75.15049169999998,19.94058750000005],[-75.15046999999998,19.94041240000007],[-75.15049189999996,19.94029800000004],[-75.15054459999999,19.940211900000065],[-75.15078809999994,19.93997980000006],[-75.15089549999993,19.939930900000036],[-75.15107659999995,19.939878500000077],[-75.15118299999995,19.93982980000004],[-75.15142539999994,19.939598800000056],[-75.15148429999994,19.939513100000056],[-75.15169599999996,19.93906030000005],[-75.15184459999995,19.93867940000007],[-75.15190229999996,19.938592800000038],[-75.15209289999996,19.938379200000043],[-75.15237339999999,19.938120600000047],[-75.15245969999995,19.938062600000023],[-75.15348799999998,19.937550900000076],[-75.15367579999997,19.937496200000055],[-75.15398149999999,19.937478500000054],[-75.15454399999999,19.937475000000063],[-75.15483769999997,19.937445300000036],[-75.15495599999997,19.937401900000054],[-75.15510839999996,19.937284800000043],[-75.15522389999995,19.937241700000072],[-75.15550979999995,19.93721030000006],[-75.15582239999998,19.937205300000073],[-75.15701769999998,19.937205800000072],[-75.15732669999994,19.937214700000027],[-75.15747069999998,19.93722980000007],[-75.15765299999998,19.93728630000004],[-75.15780579999995,19.937404900000047],[-75.15792179999994,19.937449000000072],[-75.15820909999997,19.937482100000068],[-75.15851979999997,19.937485500000037],[-75.15881799999994,19.937464800000043],[-75.15900139999997,19.937408400000038],[-75.15925659999994,19.93723790000007],[-75.15974079999995,19.936988000000042],[-75.15986809999998,19.93695800000006],[-75.16001159999996,19.936944200000028],[-75.16031969999995,19.936937800000067],[-75.16094969999995,19.936939000000052],[-75.16124389999999,19.936918800000058],[-75.16142439999999,19.936863500000072],[-75.16157649999997,19.93674610000005],[-75.16169439999999,19.936702300000036],[-75.16198669999994,19.936671200000035],[-75.16230559999997,19.93666680000007],[-75.16368349999993,19.936670200000037],[-75.16918179999993,19.93667080000006],[-75.17039789999995,19.936674200000027],[-75.17079409999997,19.936666200000047],[-75.17094129999998,19.936651700000027],[-75.17112759999998,19.936595400000044],[-75.17128029999998,19.936478600000044],[-75.17139629999997,19.93643600000007],[-75.17168309999994,19.936405800000045],[-75.17214569999999,19.93639280000008],[-75.17229019999996,19.936378800000057],[-75.17247339999994,19.93632420000006],[-75.17262689999995,19.936208200000067],[-75.17274309999993,19.93616590000005],[-75.17303039999996,19.936136100000056],[-75.17349339999998,19.93612360000003],[-75.17363819999997,19.936109800000054],[-75.17376699999994,19.936080100000027],[-75.17415269999998,19.93588610000006],[-75.17720949999995,19.935131400000046],[-75.17781879999995,19.935047800000063],[-75.17795769999998,19.935032700000022],[-75.17808059999999,19.935001600000078],[-75.17816979999998,19.934946400000058],[-75.17830549999996,19.934812600000043],[-75.17851909999996,19.934622000000047],[-75.17860849999994,19.934567000000072],[-75.17873169999996,19.93453610000006],[-75.17887099999996,19.93452140000005],[-75.17930409999997,19.934492600000056],[-75.17942949999997,19.934464000000048],[-75.17991799999999,19.934221000000036],[-75.18019229999999,19.93400440000005],[-75.18044159999994,19.93378210000003],[-75.18049049999996,19.93375400000002],[-75.18205919999997,19.932974200000046],[-75.18224519999995,19.932917700000075],[-75.18245969999998,19.932889700000032],[-75.18265829999996,19.93284570000003],[-75.18274999999994,19.93278920000006],[-75.18296479999998,19.932599700000026],[-75.18310119999995,19.932466700000077],[-75.18319289999994,19.93241020000005],[-75.18339149999997,19.932366200000047],[-75.18495479999996,19.93180060000003],[-75.18579139999997,19.931384000000037],[-75.18593599999997,19.93130720000005],[-75.18690929999997,19.930817500000046],[-75.18709499999994,19.930760700000064],[-75.18738019999995,19.93072250000006],[-75.18756599999995,19.930665700000077],[-75.18854009999995,19.93017690000005],[-75.18881549999998,19.929961400000025],[-75.18906529999998,19.92973960000006],[-75.18956299999996,19.929496200000074],[-75.19003289999995,19.929292400000065],[-75.19048299999997,19.929078400000037],[-75.19056899999998,19.929020000000037],[-75.19084819999995,19.928760200000056],[-75.19153949999998,19.928094400000077],[-75.19204909999996,19.927805100000057],[-75.19268689999996,19.927432300000078],[-75.19293679999998,19.927210600000024],[-75.19320579999999,19.926940600000023],[-75.19366749999995,19.926459100000045],[-75.19440859999997,19.925718000000074],[-75.19489009999995,19.925256200000035],[-75.19515999999999,19.924987100000067],[-75.19538119999999,19.92473670000004],[-75.19543039999996,19.924631900000065],[-75.19548389999994,19.924454500000024],[-75.19553309999998,19.92434970000005],[-75.19575449999996,19.924099500000068],[-75.19605699999994,19.923795600000062],[-75.19623789999997,19.923639600000058],[-75.19650989999997,19.92337260000005],[-75.19670059999999,19.923159000000055],[-75.19675679999995,19.92306700000006],[-75.19702749999993,19.92225940000003],[-75.19705759999994,19.922127600000067],[-75.19707159999996,19.921979700000065],[-75.19707959999994,19.921581700000047],[-75.19708139999995,19.920683800000063],[-75.19707539999996,19.920365400000037],[-75.19706179999997,19.920217000000036],[-75.19703079999994,19.92008620000007],[-75.19697499999995,19.919993600000055],[-75.19675139999998,19.919745500000033],[-75.19646119999999,19.919496700000025],[-75.19635549999998,19.91944840000008],[-75.19617699999998,19.91939590000004],[-75.19607149999996,19.91934740000005],[-75.19581989999995,19.919127400000036],[-75.19575239999995,19.919060100000024],[-75.19553179999997,19.918809100000033],[-75.19497889999997,19.91801460000005],[-75.19435079999994,19.917093100000045],[-75.19367549999998,19.91615100000007],[-75.19360249999994,19.91600230000006],[-75.19332869999994,19.91491560000003],[-75.19331109999996,19.914778500000068],[-75.19331129999995,19.914635600000054],[-75.19332919999994,19.91449860000006],[-75.19337199999995,19.91438100000005],[-75.19348939999998,19.91422700000004],[-75.19354489999995,19.914042600000073],[-75.19355899999994,19.913897100000042],[-75.19356989999994,19.91343020000005],[-75.19357799999995,19.913279300000056],[-75.19361589999994,19.913078700000028],[-75.19367049999994,19.91298610000007],[-75.19389199999995,19.91273270000005],[-75.19414569999998,19.912508400000036],[-75.19423929999994,19.91245250000003],[-75.19444049999998,19.91241670000005],[-75.19458559999998,19.912417400000038],[-75.19478639999994,19.912455700000066],[-75.19487929999997,19.912513500000045],[-75.19513039999998,19.91274640000006],[-75.19525189999996,19.912900900000068],[-75.19548819999994,19.91311900000005],[-75.19555509999998,19.913156600000036],[-75.19563049999994,19.91315650000007],[-75.19569659999996,19.913118500000053],[-75.19591429999997,19.91288480000003],[-75.19596329999996,19.91277780000007],[-75.19602149999997,19.91260170000004],[-75.19608209999996,19.912506500000063],[-75.19618629999997,19.912450000000035],[-75.19631989999993,19.912423300000057],[-75.19646879999993,19.912412200000063],[-75.19678459999994,19.91240860000005],[-75.19878689999996,19.91241180000003],[-75.19909789999997,19.912419500000055],[-75.19924289999994,19.912433600000043],[-75.19937199999998,19.91246380000007],[-75.19976399999996,19.912663500000065],[-75.20038719999997,19.91287570000003],[-75.20098819999998,19.91300250000006],[-75.20108069999998,19.913058200000023],[-75.20133049999998,19.913280100000065],[-75.20157959999995,19.91357080000006],[-75.20162749999997,19.913677300000074],[-75.20167929999997,19.91385760000003],[-75.20172769999994,19.913964200000066],[-75.20196019999997,19.914207000000033],[-75.20205179999994,19.91426340000004],[-75.20225079999994,19.91429830000004],[-75.20239479999998,19.914296800000045],[-75.20253279999997,19.914277300000037],[-75.20265109999997,19.91423290000006],[-75.20280529999997,19.914113000000043],[-75.20299059999996,19.914054700000065],[-75.20313669999996,19.91403880000007],[-75.20344979999999,19.914028400000063],[-75.20417509999999,19.914025800000047],[-75.20448869999996,19.914033000000074],[-75.20463439999997,19.914047500000038],[-75.20476269999995,19.914079300000026],[-75.20485369999994,19.91413570000003],[-75.20506639999996,19.914327400000047],[-75.20519939999997,19.914464000000066],[-75.20528399999995,19.91452380000004],[-75.20577349999996,19.914766400000076],[-75.20595309999999,19.914818300000036],[-75.20639079999995,19.914845300000025],[-75.20653269999997,19.914859100000058],[-75.20665889999998,19.914889000000073],[-75.20675109999996,19.914943600000072],[-75.20695699999999,19.915145900000027],[-75.20700909999994,19.915233100000023],[-75.20703019999996,19.915409200000056],[-75.20700799999997,19.915524600000026],[-75.20695519999998,19.915611600000034],[-75.20675059999996,19.91581610000003],[-75.20666259999996,19.91587510000005],[-75.20562359999997,19.916383800000062],[-75.20544519999999,19.91643650000003],[-75.20487189999994,19.916479200000026],[-75.20474649999994,19.916507800000034],[-75.20420059999998,19.916770400000075],[-75.20411429999996,19.91682860000003],[-75.20386469999994,19.917050500000073],[-75.20364429999995,19.917301700000053],[-75.20359069999995,19.917392500000062],[-75.20356129999993,19.917517100000055],[-75.20353389999997,19.91795170000006],[-75.20351989999995,19.918091700000048],[-75.20348979999994,19.918215600000053],[-75.20343549999996,19.918305600000053],[-75.20324619999997,19.918520600000022],[-75.20311059999995,19.918654600000025],[-75.20305129999997,19.918739600000038],[-75.20278569999994,19.919286300000067],[-75.20275509999993,19.919417400000043],[-75.20272839999996,19.919633300000044],[-75.20268579999998,19.919833200000028],[-75.20262939999998,19.919925100000057],[-75.20242689999998,19.920127000000036],[-75.20228339999994,19.920205000000067],[-75.20210299999997,19.92025590000003],[-75.20195879999994,19.920333500000027],[-75.20175359999996,19.92053450000003],[-75.20169699999997,19.92062560000005],[-75.20165699999995,19.92082540000007],[-75.20164839999995,19.92097640000003],[-75.20164969999996,19.92129010000008],[-75.20167519999995,19.921590500000036],[-75.20173419999998,19.921775300000036],[-75.20185129999999,19.921926900000074],[-75.20188789999997,19.922033000000056],[-75.20189469999997,19.922151000000042],[-75.20187299999998,19.922263600000065],[-75.20182059999996,19.922348500000055],[-75.20162609999994,19.922560700000076],[-75.20148759999995,19.922697800000037],[-75.20142929999997,19.922790100000043],[-75.20139039999998,19.92298950000003],[-75.20138959999997,19.92313370000005],[-75.20142619999996,19.923333300000024],[-75.20148309999996,19.92342560000003],[-75.20171289999996,19.923673800000074],[-75.20186559999996,19.923793700000033],[-75.20209449999999,19.924041300000056],[-75.20215049999996,19.924131200000033],[-75.20218179999995,19.92425490000005],[-75.20219829999996,19.924541100000056],[-75.20219959999997,19.92643000000004],[-75.20219309999999,19.926752000000022],[-75.20215819999999,19.92704820000006],[-75.20211269999999,19.92716790000003],[-75.20199499999995,19.927319900000043],[-75.20195749999993,19.92742670000007],[-75.20194929999997,19.92754560000003],[-75.20196939999994,19.92765920000005],[-75.20202029999996,19.92774460000004],[-75.20222089999999,19.92794660000004],[-75.20230779999997,19.928005300000052],[-75.20276439999998,19.92821710000004],[-75.20305299999995,19.928305200000068],[-75.20400759999995,19.928556800000024],[-75.20414499999998,19.928573800000038],[-75.20428839999994,19.92857280000004],[-75.20442599999996,19.92855380000003],[-75.20454419999999,19.928509500000075],[-75.20469889999998,19.92838910000006],[-75.20481759999996,19.92834430000005],[-75.20495589999996,19.92832450000003],[-75.20509989999994,19.92832290000007],[-75.20529899999997,19.92835780000007],[-75.20539109999999,19.928413600000056],[-75.20563999999996,19.928640100000052],[-75.20579499999997,19.928823800000032],[-75.20602459999998,19.929066900000066],[-75.20627369999994,19.92928980000005],[-75.20636399999995,19.92934390000005],[-75.20648819999997,19.929373800000064],[-75.20662829999998,19.929387700000063],[-75.20699349999995,19.92940770000007],[-75.20718589999996,19.929446400000074],[-75.20727599999998,19.929501000000073],[-75.20749109999997,19.92969130000006],[-75.20776529999995,19.929911700000048],[-75.20819679999994,19.930135000000064],[-75.20836249999996,19.93017720000006],[-75.20848169999994,19.93017050000003],[-75.20858819999995,19.93013460000003],[-75.20961719999997,19.929617800000074],[-75.20970309999996,19.929559100000063],[-75.20991499999997,19.92936590000005],[-75.21018219999996,19.929091800000037],[-75.21033829999999,19.928908200000023],[-75.21058549999998,19.928685100000052],[-75.21067129999994,19.928634500000044],[-75.21078499999999,19.92861460000006],[-75.21090419999996,19.92862310000004],[-75.21101149999998,19.928661200000022],[-75.21116469999998,19.92878010000004],[-75.21128419999997,19.92882560000004],[-75.21142369999995,19.928846600000043],[-75.21156899999994,19.92884950000007],[-75.21176989999998,19.92881630000005],[-75.21186239999997,19.928760800000077],[-75.21206439999997,19.92855510000004],[-75.21211999999997,19.928461300000038],[-75.21215199999995,19.928330300000027],[-75.21217929999995,19.928113300000064],[-75.21222269999998,19.92791230000006],[-75.21227939999994,19.927819400000033],[-75.21247119999998,19.927603000000033],[-75.21260429999995,19.927468400000066],[-75.21265619999997,19.927383200000065],[-75.21267779999994,19.927270100000044],[-75.21265729999999,19.927095800000075],[-75.21241229999998,19.926420000000064],[-75.21221199999997,19.92602640000007],[-75.21219069999995,19.92584830000004],[-75.21221149999997,19.92573260000006],[-75.21226259999997,19.925645600000053],[-75.21245299999998,19.925455100000022],[-75.21252099999998,19.925418700000023],[-75.21259789999993,19.925419900000065],[-75.21266579999997,19.925458500000047],[-75.21287009999998,19.92564340000007],[-75.21300719999994,19.92578130000004],[-75.21309999999994,19.925840100000073],[-75.21323129999996,19.925873900000056],[-75.21338009999994,19.925889900000072],[-75.21369929999997,19.925898800000027],[-75.21402289999997,19.92589540000006],[-75.21432829999998,19.92587240000006],[-75.21451589999998,19.925814100000025],[-75.21466949999996,19.92569480000003],[-75.21478199999996,19.92565170000006],[-75.21491469999995,19.925629800000024],[-75.21520339999995,19.92562090000007],[-75.21547909999998,19.925652100000036],[-75.21559179999997,19.92569560000004],[-75.21574609999993,19.925815600000078],[-75.21586299999996,19.925860500000056],[-75.21615219999995,19.925895500000024],[-75.21646569999996,19.925901300000078],[-75.21676699999995,19.925883200000044],[-75.21689659999998,19.925852400000053],[-75.21698909999998,19.925796500000047],[-75.21719299999995,19.925591300000065],[-75.21724759999995,19.925499900000034],[-75.21728469999994,19.92530480000005],[-75.21729059999996,19.925159000000065],[-75.21727579999998,19.924864600000035],[-75.21725219999996,19.92473030000008],[-75.21720949999997,19.924618400000043],[-75.21712639999998,19.924512900000025],[-75.21709069999997,19.924441700000045],[-75.21709009999995,19.92436420000007],[-75.21712559999997,19.924296500000025],[-75.21733429999995,19.924059600000078],[-75.21758989999995,19.92384030000005],[-75.21768419999995,19.923785200000054],[-75.21781509999994,19.923753500000032],[-75.21810349999998,19.923717300000078],[-75.21823409999996,19.923685900000066],[-75.21832799999999,19.923631200000045],[-75.21858269999996,19.92341330000005],[-75.21880629999998,19.923163100000068],[-75.21886189999998,19.92307100000005],[-75.21890179999997,19.922871000000043],[-75.21891079999995,19.92272040000006],[-75.21891089999997,19.922407900000053],[-75.21888779999995,19.922109300000045],[-75.21883059999993,19.921925600000066],[-75.21871269999997,19.921771700000022],[-75.21865719999994,19.92158820000003],[-75.21864289999996,19.921443500000066],[-75.21862679999998,19.92090410000003],[-75.21861329999996,19.920759000000032],[-75.21858399999996,19.92062980000003],[-75.21834819999998,19.919950800000038],[-75.21826449999998,19.919724600000052],[-75.21805529999995,19.91926950000004],[-75.21799729999998,19.919183000000032],[-75.21779449999997,19.91898100000003],[-75.21770379999998,19.918925400000035],[-75.21757679999996,19.91889450000002],[-75.21743259999994,19.918880700000045],[-75.21712239999994,19.918874000000073],[-75.21664589999995,19.918876200000057],[-75.21633749999995,19.918886000000043],[-75.21619399999997,19.91890090000004],[-75.21606649999995,19.918931400000076],[-75.21567559999994,19.919132400000024],[-75.21500129999998,19.919375100000025],[-75.21479739999995,19.919414300000028],[-75.21448559999999,19.919427300000052],[-75.21341949999999,19.919431700000075],[-75.21309749999995,19.919424700000036],[-75.21295019999997,19.919408100000055],[-75.21282689999998,19.919369800000027],[-75.21275039999995,19.919294500000035],[-75.21272159999995,19.919187400000055],[-75.21274109999996,19.919015500000057],[-75.21279389999995,19.918928400000027],[-75.21302319999995,19.918676000000062],[-75.21326939999994,19.91844190000006],[-75.21348519999998,19.918250200000045],[-75.21376059999994,19.917983500000048],[-75.21395479999995,19.917769600000042],[-75.21401069999996,19.917679400000054],[-75.21405109999995,19.91748670000004],[-75.21405959999998,19.917342400000052],[-75.21405039999996,19.917050000000074],[-75.21402899999998,19.91691560000004],[-75.21398649999998,19.91680180000003],[-75.21374009999994,19.916310000000067],[-75.21368099999995,19.916224200000045],[-75.21348829999994,19.916012000000023],[-75.21315079999994,19.915675500000077],[-75.21293769999994,19.91548430000006],[-75.21285149999994,19.915426000000025],[-75.21127929999994,19.91463630000004],[-75.21117189999995,19.914599400000043],[-75.21105209999996,19.914592000000027],[-75.21093749999994,19.914612800000043],[-75.21085139999997,19.91466440000005],[-75.21065129999994,19.914868800000022],[-75.21059529999997,19.91496280000007],[-75.21055299999995,19.915165400000035],[-75.20999309999996,19.916738000000066],[-75.20990429999995,19.916959100000042],[-75.20912699999997,19.918001100000026],[-75.20890699999995,19.91825300000005],[-75.20862749999998,19.918513800000028],[-75.20854139999994,19.918572900000072],[-75.20804869999995,19.918818900000076],[-75.20792989999995,19.918861500000048],[-75.20779129999994,19.918879100000026],[-75.20764659999998,19.91887920000005],[-75.20750789999994,19.91886180000006],[-75.20738899999998,19.918819400000075],[-75.20689469999996,19.918574600000056],[-75.20680869999995,19.91851520000006],[-75.20660529999998,19.918311600000038],[-75.20654589999998,19.918225500000062],[-75.20630019999999,19.91772830000008],[-75.20625749999994,19.917607900000064],[-75.20623969999997,19.917467300000055],[-75.20623969999997,19.91732060000004],[-75.20627629999996,19.91711760000004],[-75.20633269999996,19.91702410000005],[-75.20652739999997,19.916832300000067],[-75.20659609999996,19.916796800000043],[-75.20667379999998,19.91679920000007],[-75.20674279999997,19.916839200000027],[-75.20694879999996,19.917026600000042],[-75.20707709999994,19.917156100000057],[-75.20714559999993,19.917196200000035],[-75.20722259999997,19.917198900000074],[-75.20729039999998,19.917163600000038],[-75.20748129999998,19.91697270000003],[-75.20755359999998,19.91682170000007],[-75.20782289999994,19.915730000000053],[-75.20784409999999,19.915592400000037],[-75.20785729999994,19.915288100000055],[-75.20785919999997,19.91393320000003],[-75.20785219999993,19.91362280000004],[-75.20783839999996,19.913477900000032],[-75.20780869999999,19.91334900000004],[-75.20754019999998,19.912806600000067],[-75.20748099999997,19.912721500000032],[-75.20682419999997,19.91202110000006],[-75.20653459999994,19.91151190000005],[-75.20616349999995,19.910872400000073],[-75.20591269999994,19.910584200000073],[-75.20566259999998,19.91036260000004],[-75.20557019999995,19.910306800000058],[-75.20476209999998,19.910037100000068],[-75.20463209999997,19.91000690000004],[-75.20448599999997,19.909992600000066],[-75.20409239999998,19.90998330000002],[-75.20352619999994,19.909981000000073],[-75.20320869999995,19.90998490000004],[-75.20305919999998,19.909995700000024],[-75.20292519999998,19.91002190000006],[-75.20282089999995,19.910077600000022],[-75.20276069999994,19.910171700000035],[-75.20270309999995,19.910345500000062],[-75.20265429999995,19.910451100000046],[-75.20242609999997,19.910696700000074],[-75.20234119999998,19.910757400000023],[-75.20185399999997,19.91100030000007],[-75.20168859999995,19.911041400000045],[-75.20156959999997,19.91103410000005],[-75.20049539999997,19.910767200000066],[-75.20034669999995,19.910693700000024],[-75.20013239999997,19.910503000000062],[-75.19985999999994,19.91028380000006],[-75.19942669999995,19.91005860000007],[-75.19930969999996,19.910015300000055],[-75.19901969999995,19.909983500000067],[-75.19870659999998,19.90998040000005],[-75.19840689999995,19.910001000000022],[-75.19827859999998,19.910032900000033],[-75.19818689999994,19.910089200000073],[-75.19793819999995,19.910314500000027],[-75.19751609999997,19.910769300000027],[-75.19701849999996,19.911283300000036],[-75.19676989999994,19.911508300000037],[-75.19667819999995,19.91156440000003],[-75.19654979999996,19.91159600000003],[-75.19640429999998,19.911610300000063],[-75.19609329999997,19.911615100000063],[-75.19586089999996,19.91160540000004],[-75.19484409999995,19.911528000000033],[-75.19430319999998,19.911413800000048],[-75.19383259999995,19.911359900000036],[-75.19262949999995,19.911349700000073],[-75.19248759999994,19.91135790000004],[-75.19230249999998,19.911412400000074],[-75.19214819999996,19.911531600000046],[-75.19196349999999,19.91159010000007],[-75.19166389999998,19.911614600000064],[-75.19135059999996,19.911615400000073],[-75.19119969999997,19.91160670000005],[-75.19099969999996,19.911566700000037],[-75.19090839999996,19.91151030000003],[-75.19067519999999,19.911269400000037],[-75.19013409999997,19.910451400000056],[-75.19008869999993,19.910335200000077],[-75.19007009999996,19.910197500000038],[-75.19007019999998,19.91005350000006],[-75.19010779999996,19.909854100000075],[-75.19016489999996,19.909762000000057],[-75.19035949999994,19.909546800000044],[-75.19058079999996,19.90927370000003],[-75.19082899999995,19.90878730000003],[-75.19085839999997,19.908659400000033],[-75.19087169999995,19.908515500000078],[-75.19087689999998,19.908206300000074],[-75.19087139999993,19.907729200000063],[-75.19087549999995,19.907418800000073],[-75.19088849999997,19.90727460000005],[-75.19091879999996,19.907147700000053],[-75.19097419999997,19.90705710000003],[-75.19117619999997,19.90685490000004],[-75.19126289999997,19.906797200000028],[-75.19164499999994,19.906649900000048],[-75.19204269999994,19.906460500000037],[-75.19263889999996,19.90617130000004],[-75.19272489999997,19.90611290000004],[-75.19293679999998,19.905920500000036],[-75.19320389999996,19.905648600000063],[-75.19335979999994,19.90546770000003],[-75.19360629999994,19.905242500000043],[-75.19369169999999,19.905183500000078],[-75.19423649999999,19.904916100000037],[-75.19436879999995,19.904886700000077],[-75.19467489999994,19.904869400000052],[-75.19523769999995,19.904866200000072],[-75.19553159999998,19.904836700000033],[-75.19565009999997,19.904793600000062],[-75.19580299999996,19.90467700000005],[-75.19592149999994,19.904633700000034],[-75.19621529999995,19.90460410000003],[-75.19677709999996,19.904599800000028],[-75.19708229999998,19.904581200000052],[-75.19721429999998,19.90455110000005],[-75.19760889999998,19.904349400000058],[-75.19828049999995,19.904107800000077],[-75.19845509999999,19.90408720000005],[-75.19856829999998,19.90410860000003],[-75.19865359999994,19.904160400000023],[-75.19889839999996,19.904387000000042],[-75.19901809999999,19.904539400000033],[-75.19926479999998,19.90476680000006],[-75.19935699999996,19.904823200000067],[-75.19948779999999,19.904854400000033],[-75.19979379999995,19.904872100000034],[-75.20019819999999,19.904872100000034],[-75.20051059999997,19.90488320000003],[-75.20065149999994,19.904903900000022],[-75.20076989999995,19.904947200000038],[-75.20092239999997,19.90506430000005],[-75.20110449999999,19.905120100000033],[-75.20124839999994,19.90513480000004],[-75.20155739999996,19.905143400000043],[-75.20283299999994,19.90514460000003],[-75.20314309999998,19.905137300000035],[-75.20328779999994,19.90512330000007],[-75.20347069999997,19.90506840000006],[-75.20497859999995,19.904304400000058],[-75.20588049999998,19.903811000000076],[-75.20629599999995,19.903606000000025],[-75.20640879999996,19.90359550000005],[-75.20647539999999,19.903633700000057],[-75.20667569999995,19.903815500000064],[-75.20681139999994,19.903951300000074],[-75.20690269999994,19.904008400000066],[-75.20710199999996,19.904049600000064],[-75.20725229999994,19.90405910000004],[-75.20771839999998,19.904072300000053],[-75.20786389999995,19.904086800000073],[-75.20804829999997,19.904142700000023],[-75.20820229999998,19.904260300000033],[-75.20831989999994,19.904303200000072],[-75.20845709999998,19.90432130000005],[-75.20860019999998,19.904321500000037],[-75.20879979999995,19.904286600000034],[-75.20947859999995,19.904039200000057],[-75.20987499999995,19.903833900000052],[-75.21007609999998,19.903797600000075],[-75.21021999999994,19.903797000000054],[-75.21041899999994,19.903833000000077],[-75.21051089999997,19.903889400000025],[-75.21075919999998,19.904117000000042],[-75.21087959999994,19.904267900000036],[-75.21112519999997,19.904495500000053],[-75.21121059999996,19.904554700000062],[-75.21166169999998,19.904769800000054],[-75.21188809999995,19.90485570000004],[-75.21256359999995,19.905093500000078],[-75.21273859999997,19.90511360000005],[-75.21285219999999,19.905091800000037],[-75.21293789999999,19.905039600000066],[-75.21318489999999,19.90481070000004],[-75.21330579999994,19.904656900000077],[-75.21354079999998,19.904439900000057],[-75.21360809999999,19.90440200000006],[-75.21372179999997,19.904413200000022],[-75.21413819999998,19.904619900000057],[-75.21428319999995,19.90469950000005],[-75.21449869999998,19.90484420000007],[-75.21493279999999,19.905068800000038],[-75.21505189999993,19.905112600000052],[-75.21519349999994,19.905133900000067],[-75.21550679999996,19.905146900000034],[-75.21583049999998,19.90514570000005],[-75.21614319999998,19.905129800000054],[-75.21628459999994,19.905106900000078],[-75.21640359999998,19.905061800000055],[-75.21655679999998,19.904942900000037],[-75.21667409999998,19.904899700000044],[-75.21681069999994,19.904881700000033],[-75.21695319999998,19.904881700000033],[-75.21708979999994,19.904899700000044],[-75.21720699999997,19.904942900000037],[-75.21736019999997,19.905061700000033],[-75.21754779999998,19.905120100000033],[-75.21769609999996,19.905136000000027],[-75.21801339999996,19.90514600000006],[-75.21833559999999,19.90514390000004],[-75.21863989999997,19.90512220000005],[-75.21882689999995,19.90506510000006],[-75.21897979999994,19.904947700000037],[-75.21909839999995,19.904904200000033],[-75.21923949999996,19.904883400000074],[-75.21955199999996,19.904872200000057],[-75.21995659999999,19.904872400000045],[-75.22026269999998,19.904855100000077],[-75.22039359999997,19.90482430000003],[-75.22048609999996,19.904768400000023],[-75.22073359999996,19.904543600000068],[-75.22096299999998,19.904299300000048],[-75.22111829999994,19.904114900000025],[-75.22136439999997,19.903890700000034],[-75.22144969999994,19.903839600000026],[-75.22156269999994,19.903819000000055],[-75.22168099999999,19.90382660000006],[-75.22178729999996,19.903863600000022],[-75.22193849999996,19.903980600000068],[-75.22212679999996,19.904039700000055],[-75.22227559999999,19.904056100000048],[-75.22259389999994,19.904067200000043],[-75.22291659999996,19.904065600000024],[-75.22322119999995,19.904044000000056],[-75.22340819999994,19.90398700000003],[-75.22356119999995,19.903869600000064],[-75.22367979999996,19.903826200000026],[-75.22382089999996,19.903805300000045],[-75.22413329999995,19.90379420000005],[-75.22453769999998,19.903794300000072],[-75.22484359999999,19.903776700000037],[-75.22497419999996,19.903745600000036],[-75.22506629999998,19.90368950000004],[-75.22531179999999,19.903463400000078],[-75.22543029999997,19.90331240000006],[-75.22567589999994,19.90308630000004],[-75.22576799999996,19.903030200000046],[-75.22589869999996,19.902999200000068],[-75.22620489999997,19.902981900000043],[-75.22676999999999,19.902981000000068],[-75.22706559999995,19.902952800000037],[-75.22718449999996,19.902909600000044],[-75.22761679999996,19.902684000000022],[-75.22787269999998,19.902513500000055],[-75.22799019999997,19.902471000000048],[-75.22812759999994,19.902454000000034],[-75.22827109999997,19.90245500000003],[-75.22840869999999,19.902474100000063],[-75.22852689999996,19.902518400000076],[-75.22868189999997,19.902639100000044],[-75.22879559999996,19.902683600000046],[-75.22892959999996,19.902706900000055],[-75.22922129999995,19.902719200000035],[-75.22936539999995,19.902711700000054],[-75.22955729999995,19.902671800000064],[-75.22964629999996,19.90261520000007],[-75.22987659999995,19.902370400000052],[-75.22992539999996,19.902264500000058],[-75.22998319999994,19.902090500000043],[-75.23004389999994,19.901996500000052],[-75.23014429999995,19.901942400000053],[-75.23121339999994,19.901676700000053],[-75.23133249999995,19.901671900000053],[-75.23149789999997,19.901716400000055],[-75.23164629999997,19.90183060000004],[-75.23175279999998,19.90186790000007],[-75.23187169999994,19.901876100000038],[-75.23198539999999,19.901856200000054],[-75.23207129999997,19.901805700000068],[-75.23227799999995,19.901564000000064],[-75.23229199999997,19.901937000000032],[-75.23230099999995,19.902584000000047],[-75.23229399999997,19.90403500000002],[-75.23231999999996,19.90489800000006],[-75.23230599999994,19.90568200000007],[-75.23230899999999,19.906604000000073],[-75.23229999999995,19.908231000000058],[-75.23230399999994,19.909133000000054],[-75.23229899999995,19.910525000000064],[-75.23230799999999,19.912251000000026],[-75.23228799999998,19.91334900000004],[-75.23234299999996,19.91601600000007],[-75.23234799999994,19.916840000000036],[-75.23230199999995,19.919310000000053],[-75.23234599999995,19.920330000000035],[-75.23234699999995,19.92140900000004],[-75.23228199999994,19.92266200000006],[-75.23233399999998,19.924330000000054],[-75.23228999999998,19.925604000000078],[-75.23228599999999,19.92689800000005],[-75.23228599999999,19.928035000000023],[-75.23228999999998,19.928937000000076],[-75.23227299999996,19.929858000000024],[-75.23223599999994,19.93074000000007],[-75.23222199999998,19.931485000000066],[-75.23224799999997,19.932348000000047],[-75.23221499999994,19.934112000000027],[-75.23176799999999,19.934654000000023],[-75.23030899999998,19.935962000000075],[-75.23009599999995,19.936214000000064],[-75.22945999999996,19.936889000000065],[-75.22890999999998,19.93739000000005],[-75.22842099999997,19.937950000000058],[-75.22782699999993,19.938626000000056],[-75.22653499999996,19.93985900000007],[-75.22556099999997,19.940803000000074],[-75.22424699999993,19.942154000000073],[-75.22341999999998,19.942983000000027],[-75.22259499999996,19.943753000000072],[-75.22132399999998,19.944967000000076],[-75.22034899999994,19.945989000000054],[-75.22003199999995,19.94623900000005],[-75.21897399999995,19.947201000000064],[-75.21823399999994,19.947895000000074],[-75.21713399999999,19.94889500000005],[-75.21613799999994,19.94985900000006],[-75.21522699999997,19.95074500000004],[-75.21414699999997,19.951805000000036],[-75.21334299999995,19.952556000000072],[-75.21228399999995,19.953558000000044],[-75.21122699999995,19.954481000000044],[-75.21025299999997,19.95540600000004],[-75.20932099999999,19.956331000000034],[-75.20824099999999,19.95735200000007],[-75.20747999999998,19.95800500000007],[-75.20642099999998,19.959046000000058],[-75.20512799999995,19.960298000000023],[-75.20455699999997,19.960838000000024],[-75.20377399999995,19.961550000000045],[-75.20288399999998,19.962417000000073],[-75.20178199999998,19.963516000000027],[-75.20091499999995,19.964285000000075],[-75.19955999999996,19.965576000000056],[-75.19850099999996,19.966597000000036],[-75.19788599999998,19.967174000000057],[-75.19699699999995,19.96800200000007],[-75.19640299999998,19.96865900000006],[-75.19519799999995,19.969697000000053],[-75.19400999999993,19.97089200000005],[-75.19333299999994,19.971547000000044],[-75.19276099999996,19.972067000000038],[-75.19221099999999,19.972567000000026],[-75.19079199999999,19.973915000000034],[-75.19006399999995,19.97392300000007],[-75.18856599999998,19.973936000000037],[-75.18742199999997,19.973956000000044],[-75.18609099999998,19.973933000000045],[-75.18461399999995,19.97392700000006],[-75.18305399999997,19.973959000000036],[-75.18174299999998,19.973956000000044],[-75.18026699999996,19.973911000000044],[-75.17914399999995,19.973891000000037],[-75.17772999999994,19.973906000000056],[-75.17633499999994,19.97398000000004],[-75.17516999999998,19.97399900000005],[-75.17375499999997,19.97399400000006],[-75.17225699999995,19.974008000000026],[-75.17121699999996,19.974009000000024],[-75.16978199999994,19.974004000000036],[-75.16822299999995,19.973977000000048],[-75.16689199999996,19.973973000000058],[-75.16562299999998,19.973971000000063],[-75.16424999999998,19.973987000000022],[-75.16162899999995,19.974000000000046],[-75.16033899999996,19.97401700000006],[-75.15994299999994,19.97402900000003],[-75.15900799999997,19.97399400000006],[-75.15820893990066,19.97394072892676],[-75.15820889799994,19.973940698000035],[-75.15814469999998,19.973902300000077],[-75.15801289999996,19.97387230000004],[-75.15770509999999,19.973856600000033]]],[[[-75.15721219999995,19.947891300000038],[-75.15702159999995,19.947701100000074],[-75.15696509999998,19.947607300000072],[-75.15693339999996,19.947474100000022],[-75.15691919999995,19.947323400000073],[-75.15691259999994,19.947001800000066],[-75.15691529999998,19.945939200000055],[-75.15692439999998,19.945623700000056],[-75.15694679999996,19.94547140000003],[-75.15700759999999,19.945322600000054],[-75.15718889999994,19.945024800000056],[-75.15737549999994,19.94502920000002],[-75.15752509999999,19.945068800000058],[-75.15764339999998,19.94516210000006],[-75.15770109999994,19.94530180000004],[-75.15772929999997,19.945519500000046],[-75.15775839999998,19.945651500000054],[-75.15781649999997,19.945749900000067],[-75.15796849999998,19.94580220000006],[-75.15808539999995,19.94579470000002],[-75.15818979999995,19.945757900000046],[-75.15829259999998,19.945676200000037],[-75.15836389999998,19.94564040000006],[-75.15844199999998,19.94563960000005],[-75.15850979999993,19.94567550000005],[-75.15873179999994,19.94589990000003],[-75.15932599999996,19.94689260000007],[-75.15959139999995,19.947919600000034],[-75.15961059999995,19.948058400000036],[-75.15961209999995,19.948203200000023],[-75.15957749999995,19.94840350000004],[-75.15952139999996,19.94849590000007],[-75.15931469999998,19.948699000000033],[-75.15922049999995,19.948755600000027],[-75.15839659999995,19.94902250000007],[-75.15822099999997,19.94903850000003],[-75.15807319999993,19.94898100000006],[-75.15802689999998,19.948890800000072],[-75.15801979999998,19.948780200000044],[-75.15804949999995,19.948675200000025],[-75.15812799999998,19.94860010000008],[-75.15825209999997,19.948560000000043],[-75.15853959999998,19.948513700000035],[-75.15866529999994,19.948472800000047],[-75.15874959999996,19.948392300000023],[-75.15879199999995,19.948271600000055],[-75.15881959999996,19.947974000000045],[-75.15881799999994,19.947656900000027],[-75.15880809999999,19.94750350000004],[-75.15876669999994,19.947299600000065],[-75.15870959999995,19.94720570000004],[-75.15850439999997,19.94700050000006],[-75.15841679999994,19.94694880000003],[-75.15830109999996,19.94692800000007],[-75.15812479999994,19.946951200000058],[-75.15803709999994,19.947004100000072],[-75.15778549999999,19.947234200000025],[-75.15753209999997,19.94753570000006],[-75.15748269999995,19.94764260000005],[-75.15742819999997,19.947813000000053],[-75.15737809999996,19.947896600000036],[-75.15727689999994,19.947924400000034],[-75.15721219999995,19.947891300000038]]],[[[-75.15629369999994,19.950019800000064],[-75.15599099999997,19.95004030000007],[-75.15566159999997,19.950041500000054],[-75.15533559999994,19.95003420000006],[-75.15518159999993,19.95002160000007],[-75.15502439999995,19.949980400000072],[-75.15495189999996,19.94994420000006],[-75.15465099999994,19.949761400000057],[-75.15464379999997,19.94954240000004],[-75.15464719999994,19.949339500000065],[-75.15467179999996,19.94914710000006],[-75.15469639999998,19.949072600000022],[-75.15477639999995,19.94899470000007],[-75.15488669999996,19.948971500000027],[-75.15506089999997,19.948995000000025],[-75.15587359999995,19.94926940000005],[-75.15596799999997,19.94932670000003],[-75.15622699999994,19.94955250000004],[-75.15644159999994,19.949794600000075],[-75.15647619999999,19.949860200000046],[-75.15646939999993,19.94993020000004],[-75.15640979999995,19.949987400000055],[-75.15629369999994,19.950019800000064]]],[[[-75.15207439999995,19.949823500000036],[-75.15204989999995,19.949959000000035],[-75.15199069999994,19.950065000000052],[-75.15188349999994,19.950123000000076],[-75.15174699999994,19.95014690000005],[-75.15160069999996,19.950148800000022],[-75.15139569999997,19.950112400000023],[-75.15129989999997,19.950055500000076],[-75.15104179999997,19.94982680000004],[-75.15082449999994,19.949582400000054],[-75.15078369999998,19.94951100000003],[-75.15081239999995,19.949362800000074],[-75.15099049999998,19.94906720000006],[-75.15117639999994,19.949072200000046],[-75.15141449999999,19.949126800000045],[-75.15190809999996,19.949364700000046],[-75.15200169999997,19.949429800000075],[-75.15205519999995,19.949540900000045],[-75.15207599999997,19.949678600000027],[-75.15207439999995,19.949823500000036]]],[[[-75.15401319999995,19.950138700000025],[-75.15354209999998,19.950154000000055],[-75.15339729999994,19.950170800000024],[-75.15321429999995,19.950230200000078],[-75.15310169999998,19.950321100000053],[-75.15295439999994,19.95038450000004],[-75.15277439999994,19.950384600000064],[-75.15263119999997,19.95031780000005],[-75.15242809999995,19.950112900000022],[-75.15237559999997,19.950023900000076],[-75.15235399999995,19.94984470000003],[-75.15237569999994,19.94972720000004],[-75.15242819999997,19.949638200000038],[-75.15263179999994,19.949432900000033],[-75.15271939999997,19.949380400000052],[-75.15283519999997,19.94935860000004],[-75.15301319999998,19.949378800000034],[-75.15340329999998,19.94957940000006],[-75.15415589999998,19.94983570000005],[-75.15431159999997,19.949867900000072],[-75.15449399999994,19.949875700000064],[-75.15445959999994,19.949991100000034],[-75.15435109999999,19.95006680000006],[-75.15418979999998,19.950115700000026],[-75.15401319999995,19.950138700000025]]],[[[-75.16112359999994,19.95279460000006],[-75.16102859999995,19.952824100000043],[-75.16092189999995,19.952827700000057],[-75.16081959999997,19.952807000000064],[-75.16073739999996,19.952756200000067],[-75.16048279999995,19.952525700000024],[-75.16021839999996,19.952202600000078],[-75.16015419999997,19.952074200000027],[-75.16015339999996,19.952031600000055],[-75.16052759999997,19.952026900000078],[-75.16071369999997,19.95203920000006],[-75.16086049999996,19.952071900000078],[-75.16094669999995,19.95213140000004],[-75.16115109999998,19.952342600000065],[-75.16120149999995,19.952425100000028],[-75.16122169999994,19.952527900000064],[-75.16121779999997,19.952635000000043],[-75.16118809999995,19.952730200000076],[-75.16112359999994,19.95279460000006]]],[[[-75.15718729999998,19.95318620000006],[-75.15718539999995,19.953331800000058],[-75.15716229999998,19.95346660000007],[-75.15710639999998,19.953570400000046],[-75.15695459999995,19.953632000000027],[-75.15683629999995,19.953628800000047],[-75.15669209999999,19.95356330000004],[-75.15648569999996,19.95335730000005],[-75.15642759999997,19.95326330000006],[-75.15615749999995,19.952436700000078],[-75.15612379999999,19.952264600000035],[-75.15611029999997,19.952065900000036],[-75.15611089999999,19.951762100000053],[-75.15622649999995,19.95175960000006],[-75.15637429999998,19.95177810000007],[-75.15651789999998,19.951834500000075],[-75.15661289999997,19.951939700000025],[-75.15690019999994,19.952480800000046],[-75.15712669999994,19.95292390000003],[-75.15716989999999,19.953045200000076],[-75.15718729999998,19.95318620000006]]],[[[-75.15237359999998,19.954981300000043],[-75.15225899999996,19.954973000000052],[-75.15216149999998,19.954926000000057],[-75.15212639999999,19.954884700000036],[-75.15186589999996,19.954395400000067],[-75.15181779999995,19.95422620000005],[-75.15182609999994,19.954093800000066],[-75.15188029999996,19.953955500000063],[-75.15206849999998,19.953648600000065],[-75.15218309999995,19.953685000000064],[-75.15226429999996,19.95378560000006],[-75.15255109999998,19.954273000000057],[-75.15259309999993,19.954396200000076],[-75.15260879999994,19.954539100000034],[-75.15260549999994,19.95468560000006],[-75.15258119999999,19.95482050000004],[-75.15252449999997,19.95492340000004],[-75.15237359999998,19.954981300000043]]],[[[-75.15751219999999,19.957637700000078],[-75.15742569999998,19.95757700000007],[-75.15723529999997,19.957378900000037],[-75.15719899999993,19.957309400000042],[-75.15720039999997,19.957230800000048],[-75.15723909999997,19.95716180000005],[-75.15742359999996,19.956977400000028],[-75.15749249999999,19.956938800000046],[-75.15757109999998,19.95693730000005],[-75.15764089999993,19.95697320000005],[-75.15788489999994,19.957186200000024],[-75.15808199999998,19.95742260000003],[-75.15815399999997,19.95753030000003],[-75.15818239999999,19.957605800000067],[-75.15821239999997,19.95776610000007],[-75.15821689999996,19.957953200000077],[-75.15805479999995,19.957891000000075],[-75.15751219999999,19.957637700000078]]],[[[-75.15842569999995,19.958371000000056],[-75.15842389999995,19.958162100000038],[-75.15863279999996,19.958163900000045],[-75.15868469999998,19.958197900000073],[-75.15869599999996,19.958348200000046],[-75.15867299999996,19.958411200000057],[-75.15853089999996,19.95843650000006],[-75.15845969999998,19.958422900000073],[-75.15842569999995,19.958371000000056]]],[[[-75.15366209999996,19.96298840000003],[-75.15359489999997,19.963025900000048],[-75.15352049999996,19.96302040000006],[-75.15346229999994,19.962969100000066],[-75.15322299999997,19.962491100000022],[-75.15320179999998,19.96240750000004],[-75.15323149999995,19.962307300000077],[-75.15341599999994,19.962002900000073],[-75.15345859999996,19.962003500000037],[-75.15359269999993,19.96206710000007],[-75.15387249999998,19.962312100000076],[-75.15392259999999,19.962395300000026],[-75.15394229999998,19.962499700000023],[-75.15393929999993,19.96261000000004],[-75.15391379999994,19.96271260000003],[-75.15385979999996,19.962793300000044],[-75.15366209999996,19.96298840000003]]],[[[-75.15310129999995,19.964338000000055],[-75.15295739999993,19.964405600000077],[-75.15278729999994,19.96440700000005],[-75.15270269999996,19.964369700000077],[-75.15267199999994,19.964307400000052],[-75.15268199999997,19.96423610000005],[-75.15292339999996,19.963730200000043],[-75.15314649999993,19.963350400000024],[-75.15334109999998,19.963354800000047],[-75.15349989999999,19.963391600000023],[-75.15356829999996,19.96342690000006],[-75.15365409999998,19.96353410000006],[-75.15367029999999,19.963657300000023],[-75.15364529999994,19.96377190000004],[-75.15358989999999,19.963858000000073],[-75.15332299999994,19.964144300000044],[-75.15310129999995,19.964338000000055]]],[[[-75.08788219999997,19.902642800000024],[-75.08790239999996,19.902336800000057],[-75.08798959999996,19.90204090000003],[-75.08796649999994,19.901472500000068],[-75.08805829999994,19.90141570000003],[-75.08886399999994,19.901145300000053],[-75.08899169999995,19.90111580000007],[-75.08913529999995,19.90110210000006],[-75.08944339999994,19.901095800000064],[-75.08991839999999,19.901099200000033],[-75.09022679999998,19.901093200000048],[-75.09037039999998,19.90107960000006],[-75.09049799999997,19.901049900000032],[-75.09098439999997,19.900803300000064],[-75.09119819999995,19.90066100000007],[-75.09134189999997,19.90058330000005],[-75.09182969999995,19.900339600000052],[-75.09195469999997,19.90031060000007],[-75.09252769999995,19.900267600000063],[-75.09265289999996,19.900238900000033],[-75.09319649999998,19.899973700000032],[-75.09328169999998,19.899914500000023],[-75.09352659999996,19.89968700000003],[-75.09364659999994,19.899536400000045],[-75.09389469999996,19.89930890000005],[-75.09398469999996,19.899252800000056],[-75.09417699999995,19.899212200000022],[-75.09432129999993,19.899203600000078],[-75.09461339999996,19.899212800000043],[-75.09474769999997,19.899234300000046],[-75.09486129999993,19.899276900000075],[-75.09529689999994,19.89950220000003],[-75.09620699999994,19.900095300000032],[-75.09649059999998,19.90035080000007],[-75.09661139999997,19.900499600000046],[-75.09685989999997,19.90072330000004],[-75.09695189999997,19.900779900000032],[-75.09776239999997,19.901054300000055],[-75.09796269999998,19.901088900000047],[-75.09810629999998,19.90108870000006],[-75.09830639999996,19.901053300000058],[-75.09870139999998,19.900849600000072],[-75.09938029999995,19.900603400000023],[-75.09958039999998,19.90056940000005],[-75.09972389999996,19.90057050000007],[-75.09986169999996,19.90058970000007],[-75.09997999999996,19.900634000000025],[-75.10013479999998,19.900754500000062],[-75.10025349999995,19.90079920000005],[-75.10039169999999,19.90081900000007],[-75.10053559999994,19.900820500000066],[-75.10073449999999,19.900785300000052],[-75.10082629999994,19.900729300000023],[-75.10107409999995,19.900501700000063],[-75.10119409999999,19.90035050000006],[-75.10144179999998,19.900125400000036],[-75.10153369999995,19.900068900000065],[-75.10228989999996,19.899827600000037],[-75.10289109999997,19.899701100000073],[-75.10298339999997,19.899645200000066],[-75.10323309999995,19.899423300000024],[-75.10338949999993,19.899242800000025],[-75.10415949999998,19.898463200000037],[-75.10523459999996,19.897381900000028],[-75.10548209999996,19.89715670000004],[-75.10556789999998,19.897097400000064],[-75.10605949999996,19.896852500000023],[-75.10617799999994,19.89681100000007],[-75.10631629999995,19.896794800000066],[-75.10646049999997,19.896796600000073],[-75.10659849999996,19.896816200000046],[-75.10671659999997,19.89686020000005],[-75.10686729999998,19.89697680000006],[-75.10703219999994,19.89702090000003],[-75.10715069999998,19.897015500000066],[-75.10822479999996,19.896754900000076],[-75.10837409999993,19.896682200000043],[-75.10862279999998,19.89645840000003],[-75.10885229999997,19.89621500000004],[-75.10900739999994,19.896031100000073],[-75.10925629999997,19.895804000000055],[-75.10934839999999,19.895747800000038],[-75.10954749999996,19.89571200000006],[-75.10969159999996,19.895712700000047],[-75.10989289999998,19.89574920000007],[-75.11028989999994,19.895955100000037],[-75.11096029999999,19.89619490000007],[-75.11113419999998,19.896214000000043],[-75.11129879999999,19.89617030000005],[-75.11144949999994,19.896053900000027],[-75.11156219999998,19.896010400000023],[-75.11183889999995,19.895978100000036],[-75.11212849999998,19.895985900000028],[-75.11226139999997,19.896007200000042],[-75.11237409999995,19.89604970000005],[-75.11252799999994,19.89616760000007],[-75.11264699999998,19.89621130000006],[-75.11278839999994,19.89623240000003],[-75.11310119999996,19.89624390000006],[-75.11350589999995,19.896244000000024],[-75.11381179999995,19.89626160000006],[-75.11394249999995,19.896292600000038],[-75.11403459999997,19.896348700000033],[-75.11428049999995,19.896574500000042],[-75.11439949999993,19.89672500000006],[-75.11464689999997,19.896949300000074],[-75.11473689999997,19.897003600000062],[-75.11486089999994,19.897033600000043],[-75.11500099999995,19.897047500000042],[-75.11529529999996,19.897061200000053],[-75.11543559999996,19.897074900000064],[-75.11555999999996,19.89710450000007],[-75.11565049999996,19.897158400000023],[-75.11590099999995,19.897379500000056],[-75.11619919999998,19.89768780000003],[-75.11641769999994,19.897941200000048],[-75.11646589999998,19.89804730000003],[-75.11651789999996,19.898226900000054],[-75.11656639999995,19.898333200000025],[-75.11679929999997,19.898575900000026],[-75.11688909999998,19.898632200000065],[-75.11708209999995,19.898672200000078],[-75.11722679999997,19.898680300000024],[-75.11751979999997,19.89867040000007],[-75.11765439999994,19.898648800000046],[-75.11776829999997,19.898606200000074],[-75.11826019999995,19.89835930000004],[-75.11834589999995,19.898300000000063],[-75.11859309999994,19.89807490000004],[-75.11874979999999,19.89789460000003],[-75.11955389999997,19.897081600000035],[-75.11976609999994,19.896889500000043],[-75.11985209999995,19.896831100000043],[-75.12088279999995,19.896321900000032],[-75.12106849999998,19.896265000000028],[-75.12135339999998,19.896226600000034],[-75.12148329999997,19.896194700000024],[-75.12197169999996,19.895947700000022],[-75.12222739999999,19.895779900000036],[-75.12234629999995,19.89573690000003],[-75.12248789999995,19.89571660000007],[-75.12369849999999,19.895626900000025],[-75.12438629999997,19.89563110000006],[-75.12449909999998,19.89567470000003],[-75.12477649999994,19.895707800000025],[-75.12506769999999,19.895701600000052],[-75.12520159999997,19.89568120000007],[-75.12531489999998,19.895639300000028],[-75.12585289999998,19.895363900000063],[-75.12610139999998,19.895139400000062],[-75.12637559999996,19.894920700000057],[-75.12680999999998,19.894695900000045],[-75.12692799999996,19.89465380000007],[-75.12706559999998,19.894637000000046],[-75.12720899999994,19.894638000000043],[-75.12734629999994,19.89465670000004],[-75.12746389999995,19.894700200000045],[-75.12761729999994,19.894819100000063],[-75.12773459999994,19.894863300000054],[-75.12802449999998,19.894895400000053],[-75.12842179999996,19.894899000000066],[-75.12898729999995,19.89489320000007],[-75.12930209999996,19.89489800000007],[-75.12944859999999,19.894911300000047],[-75.12957739999996,19.894942400000048],[-75.12966849999998,19.894998800000053],[-75.12986879999994,19.895204000000035],[-75.12994659999998,19.895349000000067],[-75.12999789999998,19.895531100000028],[-75.13007629999998,19.89567690000007],[-75.13027659999995,19.89588230000004],[-75.13036209999996,19.895934600000032],[-75.13047579999994,19.895955800000024],[-75.13064919999994,19.895932600000037],[-75.13073519999995,19.895879600000058],[-75.13094919999998,19.895685800000024],[-75.13108629999994,19.895549300000027],[-75.13117809999994,19.895491200000038],[-75.13198329999994,19.89521670000005],[-75.13211099999995,19.895187200000066],[-75.13225459999995,19.895173500000055],[-75.13256289999998,19.895167400000048],[-75.13303849999994,19.89517120000005],[-75.13334709999998,19.895165400000053],[-75.13349009999996,19.895151300000066],[-75.13361599999996,19.895119900000054],[-75.13370589999994,19.895063900000025],[-75.13391859999996,19.894872200000066],[-75.13405379999995,19.894737700000064],[-75.13414479999994,19.89468030000006],[-75.13494939999998,19.89440490000004],[-75.13514279999998,19.89436660000007],[-75.13543289999996,19.894359300000076],[-75.13570959999998,19.894391600000063],[-75.13582259999998,19.894435400000077],[-75.13597659999994,19.894555100000048],[-75.13609419999995,19.894598700000074],[-75.13623109999997,19.894617100000062],[-75.13637379999994,19.89461730000005],[-75.13651049999999,19.894599500000027],[-75.13662769999996,19.89455650000008],[-75.13678079999994,19.894438000000036],[-75.13696229999994,19.894380900000044],[-75.13725739999995,19.894357600000035],[-75.13765059999997,19.894353000000024],[-75.13804379999993,19.89435610000004],[-75.13833889999995,19.894377400000053],[-75.13846639999997,19.894407800000067],[-75.13914079999995,19.894651900000042],[-75.13953449999997,19.894854500000065],[-75.13973399999998,19.894889300000045],[-75.13987699999996,19.89488890000007],[-75.14001409999997,19.894870800000035],[-75.14013159999996,19.894827900000053],[-75.14028529999996,19.894710100000054],[-75.14046919999998,19.894653900000037],[-75.14061419999996,19.894639100000063],[-75.14115319999996,19.894621200000074],[-75.14129769999994,19.894607000000065],[-75.14148069999999,19.894551900000067],[-75.14163369999994,19.894435300000055],[-75.14181459999998,19.894380300000023],[-75.14195749999999,19.894365900000025],[-75.14226479999996,19.894358500000067],[-75.14289509999998,19.894357800000023],[-75.14319059999997,19.894336000000067],[-75.14337289999997,19.894278800000052],[-75.14352729999996,19.894159100000024],[-75.14364579999994,19.894114700000046],[-75.14378409999995,19.89409500000005],[-75.14392839999994,19.894093200000043],[-75.14412799999997,19.89412770000007],[-75.14421999999996,19.894183700000042],[-75.14442069999996,19.894390500000043],[-75.14447589999997,19.894484800000043],[-75.14450709999994,19.894616300000052],[-75.14454219999999,19.894906400000025],[-75.14457339999996,19.89503780000007],[-75.14462799999995,19.895132300000057],[-75.14484689999995,19.895389200000068],[-75.14509599999997,19.89561200000003],[-75.14518239999995,19.89566300000007],[-75.14529649999997,19.89568380000003],[-75.14547229999994,19.895662900000048],[-75.14627799999994,19.895390500000076],[-75.14637009999996,19.895333400000027],[-75.14661779999994,19.89510800000005],[-75.14673729999998,19.894957700000077],[-75.14698429999999,19.894732900000065],[-75.14707579999998,19.894677700000045],[-75.14727539999996,19.89463950000004],[-75.14742619999998,19.89463180000007],[-75.14789449999995,19.894624500000077],[-75.14804049999998,19.89461190000003],[-75.14816909999996,19.894582100000036],[-75.14826109999996,19.894527400000072],[-75.14847539999994,19.894337500000063],[-75.14881079999998,19.89399910000003],[-75.14899899999995,19.893783100000064],[-75.14905429999999,19.89369010000007],[-75.14908629999996,19.893560500000035],[-75.14912379999998,19.89327460000004],[-75.14918259999996,19.89309080000004],[-75.14971229999998,19.89227260000007],[-75.14994449999995,19.89203200000003],[-75.15003679999995,19.891975400000035],[-75.15024099999994,19.891935400000023],[-75.15055579999995,19.89192380000003],[-75.15096089999997,19.891927700000053],[-75.15111799999994,19.891934900000024],[-75.15133509999998,19.891963200000077],[-75.15241869999994,19.892238700000064],[-75.15247849999997,19.892255900000066],[-75.15315339999995,19.892495600000075],[-75.15354559999997,19.89269790000003],[-75.15373889999995,19.89273730000008],[-75.15402929999993,19.892746500000044],[-75.15430639999994,19.892716800000073],[-75.15441929999997,19.892674200000044],[-75.15467649999994,19.892504200000076],[-75.15516889999998,19.89225700000003],[-75.15530029999996,19.892225600000074],[-75.15551729999999,19.892197900000042],[-75.15571869999997,19.892154900000037],[-75.15581099999997,19.89209900000003],[-75.15599939999998,19.891908800000067],[-75.15603509999994,19.891841300000067],[-75.15603529999998,19.891764600000045],[-75.15592089999996,19.891568800000073],[-75.15592089999996,19.891492000000028],[-75.15595599999995,19.89142380000004],[-75.15616189999997,19.891183900000044],[-75.15641219999998,19.890958700000056],[-75.15649879999995,19.890899500000046],[-75.15699209999997,19.89065370000003],[-75.15710559999997,19.890611600000057],[-75.15738349999998,19.89058250000005],[-75.15767429999994,19.890592000000026],[-75.15786799999995,19.890631400000075],[-75.15854509999997,19.890873600000077],[-75.15876929999996,19.89095990000004],[-75.15898549999997,19.891100100000074],[-75.15941759999998,19.891322600000024],[-75.15953639999998,19.891365500000063],[-75.15983139999997,19.891393900000025],[-75.16047289999995,19.891399200000023],[-75.16076649999997,19.89142890000005],[-75.16088489999999,19.891472300000032],[-75.16103729999998,19.891589400000043],[-75.16122339999998,19.89164580000005],[-75.16137059999994,19.891660400000035],[-75.16168609999994,19.891668200000026],[-75.16347429999996,19.89165870000005],[-75.16379199999994,19.891664400000025],[-75.16393999999997,19.891678100000036],[-75.16407039999996,19.89170930000006],[-75.16416249999997,19.891765400000054],[-75.16440969999996,19.891989900000056],[-75.16456439999996,19.89217210000004],[-75.16483129999995,19.892444200000057],[-75.16508179999994,19.892665200000067],[-75.16518699999995,19.89271400000007],[-75.16536519999994,19.892766900000026],[-75.16547029999998,19.89281580000005],[-75.16571089999997,19.893046800000036],[-75.16576989999999,19.89313210000006],[-75.16598179999994,19.893584400000066],[-75.16606599999994,19.893810200000075],[-75.16630259999994,19.894489500000077],[-75.16633229999997,19.894619000000034],[-75.16634619999996,19.894764500000065],[-75.16636079999995,19.895230300000037],[-75.16639189999995,19.89551830000005],[-75.16643269999997,19.895632600000056],[-75.16654749999998,19.895807300000058],[-75.16653569999994,19.895922100000064],[-75.16631039999999,19.89639090000003],[-75.16625039999997,19.896476500000063],[-75.16602179999995,19.896722900000043],[-75.16587179999993,19.896843400000023],[-75.16564819999996,19.897092100000066],[-75.16559389999998,19.897182400000077],[-75.16556389999994,19.89730650000007],[-75.16554999999994,19.897446700000046],[-75.16553579999999,19.897741000000053],[-75.16552169999994,19.89788120000003],[-75.16549129999999,19.898005500000068],[-75.16543659999996,19.898095900000044],[-75.16520999999995,19.89834520000005],[-75.16505819999998,19.898465400000077],[-75.16484299999996,19.898699500000077],[-75.16480549999994,19.898766500000022],[-75.16481699999997,19.898879900000054],[-75.16502429999997,19.89929580000006],[-75.16526369999997,19.899811500000055],[-75.16576199999997,19.900955400000043],[-75.16577919999997,19.901015200000074],[-75.16600419999997,19.901983700000073],[-75.16608659999997,19.902594300000032],[-75.16610109999993,19.902733700000056],[-75.16615679999995,19.902909000000022],[-75.16694019999994,19.90393590000002],[-75.16760219999998,19.904638500000033],[-75.16765409999994,19.904724400000077],[-75.16767579999998,19.90483830000005],[-75.16766949999999,19.904957400000058],[-75.16763339999994,19.90506430000005],[-75.16740819999995,19.905497100000048],[-75.16718569999995,19.90577150000007],[-75.16699199999994,19.905986400000074],[-75.16693599999996,19.90607620000003],[-75.16689599999995,19.906268200000056],[-75.16688819999996,19.906412200000034],[-75.16690059999996,19.906704000000047],[-75.16692409999996,19.90683820000004],[-75.16696839999997,19.90695180000006],[-75.16708629999994,19.90710400000006],[-75.16712369999993,19.907210500000076],[-75.16713129999994,19.90732890000004],[-75.16711069999997,19.907441900000038],[-75.16705949999994,19.90752720000006],[-75.16686989999994,19.907740000000047],[-75.16665039999998,19.908015200000023],[-75.16615469999994,19.908716300000037],[-75.16609659999995,19.90889500000003],[-75.16608189999994,19.909038300000077],[-75.16607349999998,19.909426300000064],[-75.16607489999996,19.90982290000005],[-75.16608429999997,19.910131200000023],[-75.16609899999997,19.910274800000025],[-75.16612919999994,19.910402500000032],[-75.16640389999998,19.91120660000007],[-75.16646159999993,19.911297900000022],[-75.16665519999998,19.91151210000004],[-75.16679129999994,19.91164850000007],[-75.16684829999997,19.91174010000003],[-75.16688569999997,19.911938700000064],[-75.16688589999995,19.912082500000054],[-75.16686799999997,19.912220700000034],[-75.16682489999994,19.912339100000054],[-75.16651979999995,19.912918900000022],[-75.16637659999998,19.913133000000073],[-75.16612889999993,19.913620300000048],[-75.16609889999995,19.91375000000005],[-75.16608529999996,19.913896100000045],[-75.16607919999996,19.914209500000027],[-75.16608519999994,19.91485430000006],[-75.16607979999998,19.915248200000065],[-75.16606639999998,19.915394500000048],[-75.16603689999994,19.915524600000026],[-75.16576929999997,19.91606840000003],[-75.16571039999997,19.91615390000004],[-75.16551789999994,19.916365600000063],[-75.16517949999997,19.916701000000046],[-75.16492759999994,19.916920600000026],[-75.16482229999997,19.916969300000062],[-75.16464419999994,19.917022200000076],[-75.16450259999993,19.917102100000022],[-75.16426979999994,19.917340900000056],[-75.16422049999994,19.917445600000065],[-75.16416739999994,19.917623500000047],[-75.16411859999994,19.917728600000032],[-75.16386629999994,19.918015300000036],[-75.16368639999996,19.918172300000037],[-75.16341589999996,19.91844080000004],[-75.16319519999996,19.918691800000033],[-75.16314649999998,19.91879720000003],[-75.16309369999993,19.918975500000045],[-75.16304469999994,19.919080800000074],[-75.16281359999994,19.919322700000066],[-75.16272819999995,19.91938250000004],[-75.16223429999997,19.919628600000067],[-75.16211519999996,19.91967120000004],[-75.16197649999998,19.91968870000005],[-75.16183209999997,19.91968840000004],[-75.16163269999998,19.919651300000055],[-75.16154059999997,19.919594500000073],[-75.16132479999999,19.919401400000027],[-75.16104969999998,19.919182400000068],[-75.16034539999998,19.918691800000033],[-75.16022969999995,19.918645800000036],[-75.15987789999997,19.918593300000055],[-75.15974779999993,19.918561700000055],[-75.15925819999995,19.91831590000004],[-75.15900189999996,19.918148700000074],[-75.15888549999994,19.918106600000044],[-75.15859709999995,19.91807780000005],[-75.15813299999996,19.918065800000022],[-75.15798829999994,19.918051700000035],[-75.15780479999995,19.91799640000005],[-75.15765119999998,19.917878900000062],[-75.15746779999995,19.917822200000046],[-75.15717039999998,19.917800200000045],[-75.15685979999995,19.91780220000004],[-75.15671009999994,19.91781220000007],[-75.15650989999995,19.91785210000006],[-75.15583409999994,19.918097200000034],[-75.15544119999998,19.91830070000003],[-75.15524709999994,19.918340800000067],[-75.15495509999994,19.91835130000004],[-75.15481059999996,19.91834330000006],[-75.15461689999995,19.918303800000047],[-75.15452559999994,19.91824840000004],[-75.15427029999995,19.918023100000028],[-75.15404679999995,19.917769600000042],[-75.15399519999994,19.917682100000036],[-75.15397399999995,19.917506700000047],[-75.15399559999997,19.917391800000075],[-75.15404749999993,19.917304700000045],[-75.15427229999995,19.91705360000003],[-75.15452559999994,19.916829800000073],[-75.15461249999998,19.916771400000073],[-75.15516079999998,19.916509400000052],[-75.15528689999996,19.916481400000066],[-75.15572329999998,19.91645580000005],[-75.15586419999994,19.91644260000004],[-75.15598909999994,19.916413500000033],[-75.15607959999994,19.916359600000078],[-75.15628139999995,19.916157200000043],[-75.15633499999996,19.916066400000034],[-75.15636379999995,19.915941200000077],[-75.15638869999998,19.915504100000078],[-75.15640179999997,19.915363300000024],[-75.15643119999999,19.915238600000066],[-75.15648479999999,19.915147900000022],[-75.15670599999999,19.91489740000003],[-75.15724809999995,19.914361600000063],[-75.15753659999996,19.914111000000048],[-75.15764249999995,19.914062700000045],[-75.15782179999997,19.91401090000005],[-75.15792769999996,19.913962600000048],[-75.15816909999995,19.913730900000076],[-75.15822599999996,19.91363860000007],[-75.15825779999994,19.913507200000026],[-75.15827779999995,19.913199500000076],[-75.15827749999994,19.91271100000006],[-75.15825739999997,19.91240320000003],[-75.15822609999998,19.912271300000043],[-75.15817029999994,19.91217780000005],[-75.15794859999994,19.91192620000004],[-75.15769749999998,19.911705100000063],[-75.15760449999993,19.911649700000055],[-75.15747329999994,19.91161900000003],[-75.15732459999998,19.91160560000003],[-75.15700579999998,19.911599800000033],[-75.15594289999996,19.911599500000023],[-75.15562919999996,19.911610100000075],[-75.15542549999998,19.911649300000022],[-75.15533349999998,19.911705700000027],[-75.15513219999997,19.91190880000005],[-75.15507509999998,19.911996000000045],[-75.15493079999999,19.91238110000006],[-75.15470819999996,19.91282270000005],[-75.15467309999997,19.912864700000057],[-75.15456669999998,19.912919900000077],[-75.15443269999997,19.91294780000004],[-75.15421889999999,19.912976800000024],[-75.15408929999995,19.913009100000068],[-75.15399629999996,19.913064700000064],[-75.15374569999994,19.913288100000045],[-75.15362459999994,19.91343880000005],[-75.15337809999994,19.91366270000003],[-75.15329239999994,19.91371330000004],[-75.15317849999997,19.91373310000006],[-75.15305899999998,19.913724400000035],[-75.15295119999996,19.913685800000053],[-75.15279679999998,19.91356570000005],[-75.15267649999998,19.913519500000064],[-75.15253669999998,19.913498400000037],[-75.15239239999994,19.913496800000075],[-75.15225829999997,19.913517600000034],[-75.15215339999997,19.913573400000075],[-75.15211909999994,19.913620500000036],[-75.15207939999993,19.91374460000003],[-75.15206239999998,19.913892000000033],[-75.15205649999996,19.914295800000048],[-75.15207039999996,19.91469870000003],[-75.15208729999995,19.91484820000005],[-75.15214719999994,19.915037400000074],[-75.15226779999995,19.915192400000024],[-75.15231239999997,19.91531100000003],[-75.15233199999994,19.91544920000007],[-75.15233359999996,19.915593200000046],[-75.15229859999994,19.915792300000078],[-75.15224219999999,19.91588390000004],[-75.15203629999996,19.916085800000076],[-75.15189149999998,19.91616440000007],[-75.15171069999997,19.916216700000064],[-75.15156689999998,19.916296500000044],[-75.15136409999997,19.916504300000042],[-75.15130759999994,19.916599200000064],[-75.15127499999994,19.91673170000007],[-75.15124769999994,19.91694810000007],[-75.15120669999999,19.91713120000003],[-75.15115439999994,19.91718910000003],[-75.15109239999998,19.91719130000007],[-75.15103769999996,19.917141000000072],[-75.15079719999994,19.916663200000073],[-75.15075349999995,19.916541900000027],[-75.15072979999997,19.916401300000075],[-75.15064659999996,19.915994800000078],[-75.15042089999997,19.915297300000077],[-75.15036219999996,19.91519180000006],[-75.15026249999994,19.915135000000078],[-75.15013349999998,19.915108000000032],[-75.14999009999997,19.91509750000006],[-75.14969579999996,19.915106700000024],[-75.14950039999997,19.915147900000022],[-75.14940839999997,19.915204000000074],[-75.14915259999998,19.91542990000005],[-75.14892739999993,19.91568490000003],[-75.14887129999994,19.915778400000022],[-75.14883509999999,19.91597950000005],[-75.14883549999996,19.916124500000024],[-75.14887289999996,19.91632510000005],[-75.14892979999996,19.916417900000056],[-75.14912419999996,19.916633900000022],[-75.14926289999994,19.91676750000005],[-75.14932399999998,19.916851800000074],[-75.14957939999994,19.917390300000022],[-75.14963689999996,19.917622100000074],[-75.14964309999993,19.917805800000053],[-75.14948359999994,19.917783600000064],[-75.14942259999998,19.917742400000066],[-75.14917199999996,19.917499000000078],[-75.14907099999994,19.91732520000005],[-75.14900669999997,19.917281200000048],[-75.14887929999998,19.91730300000006],[-75.14883539999994,19.917427400000065],[-75.14882789999996,19.917593700000054],[-75.14883459999999,19.918075300000055],[-75.14849619999995,19.917836600000044],[-75.14825659999997,19.917623200000037],[-75.14816089999994,19.91756780000003],[-75.14795479999998,19.917534000000046],[-75.14780699999994,19.917535600000065],[-75.14760319999993,19.917574500000057],[-75.14750959999998,19.91763220000007],[-75.14731529999995,19.917828400000076],[-75.14727819999996,19.91789730000005],[-75.14727899999997,19.917974900000047],[-75.14731739999996,19.918043200000056],[-75.14755099999996,19.918267100000037],[-75.14765869999997,19.918316600000026],[-75.14784099999997,19.918370200000027],[-75.14794889999996,19.91841930000004],[-75.14824529999999,19.918671500000073],[-75.14847159999994,19.918921600000033],[-75.14852349999995,19.919008400000052],[-75.14854499999996,19.91912300000007],[-75.14852319999994,19.919297700000072],[-75.14847119999996,19.919384600000058],[-75.14827839999998,19.919599900000037],[-75.14793519999995,19.919943200000034],[-75.14772129999994,19.920134500000074],[-75.14763509999995,19.920185900000035],[-75.14752109999995,19.920207100000027],[-75.14734559999994,19.920186600000022],[-75.14653759999999,19.919917200000043],[-75.14644439999995,19.91986120000007],[-75.14619189999996,19.91964050000007],[-75.14597209999994,19.919388300000037],[-75.14591869999998,19.91929730000004],[-75.14588949999995,19.919172400000036],[-75.14587619999998,19.919031700000062],[-75.14586299999996,19.918736800000033],[-75.14584949999994,19.918596300000047],[-75.14581989999994,19.918471800000077],[-75.14576599999998,19.918381200000056],[-75.14554439999995,19.918130400000052],[-75.14500119999997,19.917584900000065],[-75.14476319999994,19.917371100000025],[-75.14469589999999,19.917334100000062],[-75.14458419999994,19.91734830000007],[-75.14350869999998,19.91815070000007],[-75.14327769999994,19.918372300000044],[-75.14324029999995,19.918439400000068],[-75.14324039999997,19.918515600000035],[-75.14327779999996,19.918583300000023],[-75.14349339999995,19.91882190000007],[-75.14373869999997,19.919055600000036],[-75.14395449999995,19.91924780000005],[-75.14422799999994,19.919515600000068],[-75.14441959999994,19.919730100000038],[-75.14447639999997,19.919822600000032],[-75.14474939999997,19.92063200000007],[-75.14477099999993,19.920809400000053],[-75.14475029999994,19.920924800000023],[-75.14469889999998,19.921012000000076],[-75.14449469999994,19.92121620000006],[-75.14440069999995,19.92127270000003],[-75.14419779999997,19.921308500000066],[-75.14405149999999,19.921307900000045],[-75.14391129999996,19.921289700000045],[-75.14379119999995,19.921246600000075],[-75.14329549999997,19.92099970000004],[-75.14320989999999,19.920939900000064],[-75.14297839999995,19.92069810000004],[-75.14292929999993,19.920593100000076],[-75.14231239999998,19.919551900000044],[-75.14223569999996,19.919473500000038],[-75.14175119999999,19.91921540000004],[-75.14163049999996,19.919172900000035],[-75.14148959999994,19.919155300000057],[-75.14134259999997,19.919155500000045],[-75.14113889999999,19.919192200000055],[-75.14104479999997,19.919248700000026],[-75.14085039999998,19.919443100000024],[-75.14081339999996,19.919511700000044],[-75.14081409999994,19.919589100000053],[-75.14085209999996,19.91965760000005],[-75.14106949999996,19.91989710000007],[-75.14122179999998,19.920019400000058],[-75.14145119999995,19.920268100000044],[-75.14151059999995,19.920354300000042],[-75.14177419999999,19.920908600000075],[-75.14180479999999,19.921041200000047],[-75.14183349999996,19.921257000000026],[-75.14186159999997,19.921390100000053],[-75.14191729999999,19.92149150000006],[-75.14206599999994,19.92154880000004],[-75.14218299999999,19.921543100000065],[-75.14229039999998,19.921505900000056],[-75.14244359999998,19.921389500000032],[-75.14255339999994,19.921351000000072],[-75.14267589999997,19.921341900000073],[-75.14279309999995,19.921361300000058],[-75.14288149999999,19.92141170000008],[-75.14307669999994,19.921603300000072],[-75.14311509999999,19.921672500000057],[-75.14311589999994,19.92175100000003],[-75.14307909999997,19.921820300000036],[-75.14288589999995,19.922015400000078],[-75.14279209999995,19.922072100000037],[-75.14265899999998,19.922103700000036],[-75.14250849999996,19.922117700000058],[-75.14218739999995,19.922123800000065],[-75.14047819999996,19.92211640000005],[-75.13965829999995,19.922111100000052],[-75.13933169999996,19.922114700000066],[-75.13917689999994,19.922125700000038],[-75.13903859999994,19.922152200000028],[-75.13893449999995,19.922208500000067],[-75.13888519999995,19.922301600000026],[-75.13887689999996,19.92241340000004],[-75.13893719999999,19.922561100000053],[-75.13903689999995,19.922614900000042],[-75.13916799999998,19.922641300000066],[-75.13968129999995,19.922681200000056],[-75.13980719999995,19.922712300000057],[-75.13989859999998,19.922767700000065],[-75.14011579999999,19.922960000000046],[-75.14025019999997,19.92309290000003],[-75.14033529999995,19.92314440000007],[-75.14044819999998,19.923165200000028],[-75.14056649999998,19.923157700000047],[-75.14067299999994,19.92312050000004],[-75.14082439999999,19.923003400000027],[-75.14094249999994,19.922959200000037],[-75.14108049999999,19.92293980000005],[-75.14122439999994,19.922938300000055],[-75.14142509999994,19.92297160000004],[-75.14210539999993,19.923212700000022],[-75.14232989999994,19.92329920000003],[-75.14272279999994,19.92349450000006],[-75.14297849999997,19.923663700000077],[-75.14316599999995,19.923720200000048],[-75.14347169999996,19.92374060000003],[-75.14379499999995,19.92374170000005],[-75.14411319999994,19.923730900000066],[-75.14426189999995,19.92371460000004],[-75.14445069999994,19.92365540000003],[-75.14460589999999,19.923535100000038],[-75.14472499999994,19.923490600000036],[-75.14486409999995,19.923471000000063],[-75.14500949999996,19.923469400000045],[-75.14521149999996,19.923504300000047],[-75.14530549999995,19.92356060000003],[-75.14551079999995,19.923765900000035],[-75.14556299999998,19.923853800000074],[-75.14558429999994,19.92396990000003],[-75.14556229999994,19.92414690000004],[-75.14551039999998,19.924235100000033],[-75.14528669999999,19.92448930000006],[-75.14503289999999,19.924713300000064],[-75.14493989999994,19.924769000000026],[-75.14473719999995,19.92480820000003],[-75.14442619999994,19.92481900000007],[-75.14353779999993,19.924814000000026],[-75.14216799999997,19.924808900000073],[-75.14184879999993,19.924810800000046],[-75.14154799999994,19.924831100000063],[-75.14141799999999,19.924861700000065],[-75.14103309999996,19.925057500000037],[-75.14013269999998,19.925273600000025],[-75.13952329999995,19.925357100000042],[-75.13938419999994,19.92537210000006],[-75.13926119999996,19.92540310000004],[-75.13917189999995,19.92545810000007],[-75.13895769999993,19.92564820000007],[-75.13882159999997,19.925781500000028],[-75.13872999999995,19.925838200000044],[-75.13853139999998,19.925882100000024],[-75.13831659999994,19.925909900000022],[-75.13818589999994,19.925940900000057],[-75.13763639999996,19.926203800000053],[-75.13755009999994,19.926261800000077],[-75.13730079999993,19.92648410000004],[-75.13708099999997,19.92673590000004],[-75.13702589999997,19.926829000000055],[-75.13699389999994,19.926958800000023],[-75.13696669999996,19.92717410000006],[-75.13692399999996,19.927374000000043],[-75.13686819999998,19.92746640000007],[-75.13667969999995,19.927682100000027],[-75.13646329999995,19.92795650000005],[-75.13621939999996,19.92844800000006],[-75.13618829999996,19.928578600000037],[-75.13616069999995,19.928793600000063],[-75.13611729999997,19.928992700000038],[-75.13606109999995,19.929084700000033],[-75.13587219999994,19.929300200000057],[-75.13573749999995,19.929435100000035],[-75.13567869999997,19.92952070000007],[-75.13546469999994,19.929972700000064],[-75.13531529999995,19.930357900000047],[-75.13525669999996,19.930445900000052],[-75.13505329999998,19.93064990000005],[-75.13496689999994,19.93070220000004],[-75.13479239999998,19.930723200000045],[-75.13467819999994,19.930700600000023],[-75.13459239999997,19.930647100000044],[-75.13436199999995,19.93040080000003],[-75.13431269999995,19.930293800000072],[-75.13425439999997,19.93011830000006],[-75.13419379999993,19.930023800000072],[-75.13408739999994,19.929967500000032],[-75.13395069999996,19.929941900000074],[-75.13379829999997,19.929932200000053],[-75.13323169999995,19.929932300000075],[-75.13292519999999,19.929915400000027],[-75.13279449999999,19.929884300000026],[-75.13270239999997,19.92982820000003],[-75.13256649999994,19.92969460000006],[-75.13235239999995,19.92950440000004],[-75.13226069999996,19.929447800000048],[-75.13213209999998,19.929414700000052],[-75.13184729999995,19.929375700000037],[-75.13171819999997,19.92934280000003],[-75.13162589999996,19.929286500000046],[-75.13137659999995,19.929061200000035],[-75.13125549999995,19.92890950000003],[-75.13100789999999,19.928682500000036],[-75.13092129999995,19.928630200000043],[-75.13080629999996,19.928608100000076],[-75.13068549999997,19.92861410000006],[-75.13057649999996,19.92864970000005],[-75.13008799999994,19.928907500000037],[-75.13001749999995,19.928986300000076],[-75.12999069999995,19.929093600000044],[-75.12999939999997,19.929206300000033],[-75.13004659999996,19.929301400000043],[-75.13013849999999,19.92936140000006],[-75.13122129999994,19.929961500000047],[-75.13182049999995,19.930305900000064],[-75.13249019999995,19.930714200000068],[-75.13270669999997,19.930901900000038],[-75.13279939999995,19.930957400000068],[-75.13300009999995,19.930999300000053],[-75.13321629999996,19.931025700000077],[-75.13334649999996,19.931057300000077],[-75.13343939999999,19.93111270000003],[-75.13364299999995,19.931314100000066],[-75.13369939999995,19.93140630000005],[-75.13397219999996,19.932222600000046],[-75.13400789999997,19.93242440000006],[-75.13400839999997,19.93256880000007],[-75.13397249999997,19.932768300000077],[-75.13391649999994,19.93286070000005],[-75.13372299999997,19.933075400000064],[-75.13338089999996,19.93341060000006],[-75.13312929999995,19.933631200000036],[-75.13249149999996,19.93400420000006],[-75.13188969999999,19.93434570000005],[-75.13144909999994,19.934569400000044],[-75.13137249999994,19.934646900000075],[-75.13115329999994,19.93509400000005],[-75.13099319999998,19.935469500000067],[-75.13095799999996,19.93551270000006],[-75.13085619999998,19.935567800000058],[-75.13072659999995,19.93559460000006],[-75.13043629999999,19.935604700000056],[-75.13029339999997,19.93559350000004],[-75.13016419999997,19.93556600000005],[-75.13006289999998,19.935510100000045],[-75.13000159999996,19.935414700000024],[-75.12994269999996,19.935239300000035],[-75.12986289999998,19.935095800000056],[-75.12966119999999,19.93489150000005],[-75.12956929999996,19.934834800000033],[-75.12936929999995,19.934792000000073],[-75.12915369999996,19.93476490000006],[-75.12902389999994,19.93473300000005],[-75.12893099999997,19.934677600000043],[-75.12868009999994,19.934456800000078],[-75.12844819999998,19.934216900000024],[-75.12829199999999,19.934035700000038],[-75.12798719999995,19.933730600000047],[-75.12777199999994,19.93353460000003],[-75.12768439999996,19.933474200000035],[-75.12720429999996,19.933247900000026],[-75.12713269999995,19.933236200000067],[-75.12704649999995,19.933300200000076],[-75.12702519999993,19.933399800000075],[-75.12704799999995,19.933568800000046],[-75.12710099999998,19.933656100000064],[-75.12733109999994,19.933910000000026],[-75.12748499999998,19.934033600000078],[-75.12771109999994,19.934282900000028],[-75.12776179999997,19.93436930000007],[-75.12778159999993,19.934483700000044],[-75.12777289999997,19.93460340000007],[-75.12773489999995,19.934710900000027],[-75.12761939999996,19.934860900000047],[-75.12758249999996,19.93496700000003],[-75.12757669999996,19.935083500000076],[-75.12760319999995,19.935190800000044],[-75.12767209999998,19.93526760000003],[-75.12869999999998,19.936061100000074],[-75.12881679999998,19.936104500000056],[-75.12895529999997,19.936120500000072],[-75.12910039999997,19.93611800000002],[-75.12923929999994,19.93609790000005],[-75.12935679999998,19.936054600000034],[-75.12946339999996,19.93597120000004],[-75.12953559999994,19.935934900000063],[-75.12961429999996,19.935933900000066],[-75.12968289999998,19.935969500000056],[-75.12987489999995,19.936159300000043],[-75.12993019999993,19.93625190000006],[-75.12996449999997,19.93645340000006],[-75.12996269999996,19.936598900000035],[-75.12994289999995,19.936738400000024],[-75.12989799999997,19.93685810000005],[-75.12977679999995,19.937014500000032],[-75.12973229999994,19.93712860000005],[-75.12970909999996,19.937262700000076],[-75.12969769999995,19.93755390000007],[-75.12970589999998,19.937697400000047],[-75.12974679999996,19.937888600000065],[-75.12980349999998,19.937977800000056],[-75.12999899999994,19.938191000000074],[-75.13013609999996,19.93832660000004],[-75.13019389999994,19.93841770000006],[-75.13023679999998,19.93861670000007],[-75.13024769999998,19.938767300000052],[-75.13025179999994,19.939081500000043],[-75.13023229999999,19.939382700000067],[-75.13020079999995,19.939511700000025],[-75.13014439999995,19.939603400000067],[-75.12993819999997,19.939803900000072],[-75.12984449999993,19.939858800000025],[-75.12971349999998,19.93988980000006],[-75.12949619999995,19.939915400000075],[-75.12929449999996,19.93995640000003],[-75.12920119999995,19.94001140000006],[-75.12894979999999,19.94023160000006],[-75.12871769999998,19.940471200000047],[-75.12856159999995,19.940651900000034],[-75.12825719999995,19.940953900000068],[-75.12800579999998,19.94117410000007],[-75.12790029999996,19.941222700000026],[-75.12772189999998,19.94127530000003],[-75.12757989999994,19.941354800000056],[-75.12737939999994,19.941558800000053],[-75.12732359999995,19.941651500000035],[-75.12729169999994,19.941781800000058],[-75.12725529999994,19.942070400000034],[-75.12722339999993,19.942201700000055],[-75.12716809999995,19.942296400000032],[-75.12694669999996,19.94255490000006],[-75.12670469999995,19.942769800000065],[-75.12663569999995,19.94280720000006],[-75.12655799999999,19.942807600000037],[-75.12648949999993,19.94277040000003],[-75.12629559999993,19.942575900000065],[-75.12624019999998,19.942484200000024],[-75.12620099999998,19.942288000000076],[-75.12619369999999,19.942141500000048],[-75.12620659999999,19.941846300000066],[-75.12623029999997,19.941711000000055],[-75.12627479999998,19.941596700000048],[-75.12639309999997,19.941443500000048],[-75.12643059999994,19.941336500000034],[-75.12643849999995,19.94121780000006],[-75.12639519999993,19.94105550000006],[-75.12558379999996,19.939978800000063],[-75.12534939999995,19.93974140000006],[-75.12520659999996,19.939662800000065],[-75.12502699999999,19.939611400000047],[-75.12488359999998,19.93953350000004],[-75.12468029999997,19.939332600000057],[-75.12462419999997,19.939240400000074],[-75.12459369999993,19.939109200000075],[-75.12457779999994,19.938801700000056],[-75.12458019999997,19.938314200000036],[-75.12456329999998,19.93800770000007],[-75.12453229999994,19.93787690000005],[-75.12447639999993,19.937784500000078],[-75.12393929999996,19.93696620000003],[-75.12371119999995,19.936516200000028],[-75.12367709999995,19.93647450000003],[-75.12358199999994,19.93642660000006],[-75.12346999999994,19.936417800000072],[-75.12336489999996,19.93644560000007],[-75.12329089999997,19.936521500000026],[-75.12325329999999,19.936642800000072],[-75.12323679999997,19.936787700000025],[-75.12322579999994,19.937260800000047],[-75.12319829999996,19.937553300000047],[-75.12293069999998,19.938641000000075],[-75.12287479999998,19.938739700000042],[-75.12277119999999,19.938795500000026],[-75.12263579999995,19.938820000000078],[-75.12248389999996,19.938828500000056],[-75.12200579999995,19.93883560000006],[-75.12185929999998,19.938851100000022],[-75.12173669999999,19.938888200000065],[-75.12165989999994,19.938961800000072],[-75.12163149999998,19.939066500000024],[-75.12164069999994,19.939177700000073],[-75.12169039999998,19.939270400000055],[-75.12179399999997,19.939327500000047],[-75.12255009999996,19.939583000000027],[-75.12267659999998,19.93961150000007],[-75.12311099999994,19.93964040000003],[-75.12325069999997,19.93965490000005],[-75.12342619999998,19.93971060000007],[-75.12423949999999,19.940246200000047],[-75.12448159999997,19.94047900000004],[-75.12454169999995,19.94056500000005],[-75.12478759999993,19.94105890000003],[-75.12482419999998,19.941167200000052],[-75.12483149999997,19.941287800000055],[-75.12481089999994,19.941403200000025],[-75.12475979999994,19.941490100000067],[-75.12455719999997,19.941692700000033],[-75.12446339999997,19.941749000000073],[-75.12425739999998,19.94178800000003],[-75.12394199999994,19.941798000000063],[-75.12206769999995,19.941797200000053],[-75.12174999999996,19.941791300000034],[-75.12160199999994,19.941777600000023],[-75.12147159999995,19.941746300000034],[-75.12137949999999,19.941690100000073],[-75.12113269999998,19.94146530000006],[-75.12097849999998,19.941282600000022],[-75.12074899999999,19.94104020000003],[-75.12050019999998,19.940816700000028],[-75.12040799999994,19.940760200000057],[-75.11959519999994,19.940485400000057],[-75.11939369999999,19.94045090000003],[-75.11924939999994,19.94045170000004],[-75.11905009999998,19.940490600000032],[-75.11895779999998,19.940548900000067],[-75.11882089999995,19.940687300000036],[-75.11861829999998,19.94087250000007],[-75.11855159999999,19.94091100000003],[-75.11847599999999,19.940912300000036],[-75.11840909999995,19.940876100000025],[-75.11817169999995,19.94066410000005],[-75.11787069999997,19.940351600000042],[-75.11765009999993,19.940097300000048],[-75.11760119999997,19.93999130000003],[-75.11754799999994,19.93981210000004],[-75.11749849999995,19.939706200000046],[-75.11726419999997,19.939461100000074],[-75.11717719999996,19.939400000000035],[-75.11669809999995,19.939172600000063],[-75.11662569999999,19.939161700000056],[-75.11656049999993,19.939192500000047],[-75.11651549999993,19.93928130000006],[-75.11648509999998,19.939549600000078],[-75.11649459999995,19.939845500000047],[-75.11653559999996,19.940041500000063],[-75.11659179999998,19.940133400000036],[-75.11681859999999,19.940385900000024],[-75.11733379999998,19.940885700000024],[-75.11779199999995,19.941311300000052],[-75.11801839999998,19.941561200000024],[-75.11807079999994,19.941648000000043],[-75.11809269999998,19.941822500000058],[-75.11807089999996,19.941936800000065],[-75.11801809999997,19.942022800000075],[-75.11781119999995,19.942224800000076],[-75.11766419999998,19.942304600000057],[-75.11748029999995,19.942358100000035],[-75.11733279999999,19.94243890000007],[-75.11712459999995,19.942644400000063],[-75.11707189999998,19.942731800000047],[-75.11705379999995,19.942905300000064],[-75.11711489999993,19.94305650000007],[-75.11721859999994,19.943112100000064],[-75.11735339999996,19.94313470000003],[-75.11749869999994,19.943135600000062],[-75.11770169999994,19.943096800000035],[-75.11779599999994,19.943038100000024],[-75.11793609999995,19.942898600000035],[-75.11815129999997,19.942702600000075],[-75.11823709999999,19.942649500000073],[-75.11835059999999,19.942627000000073],[-75.11846929999996,19.942633100000023],[-75.11857569999995,19.94266920000007],[-75.11883099999994,19.942839200000037],[-75.11926419999998,19.94306720000003],[-75.11937059999997,19.94310340000004],[-75.11948979999994,19.94311010000007],[-75.11965529999998,19.943067000000042],[-75.12008919999994,19.94283820000004],[-75.12034589999996,19.942666100000054],[-75.12045319999999,19.942628700000057],[-75.12057269999997,19.942621100000054],[-75.12068689999995,19.94264190000007],[-75.12077249999999,19.94269380000003],[-75.12097049999994,19.94290010000003],[-75.12102539999995,19.942995100000076],[-75.12105669999994,19.943127100000027],[-75.12108469999998,19.943343500000026],[-75.12111289999996,19.943477700000074],[-75.12117059999997,19.943582400000025],[-75.12127439999995,19.94364070000006],[-75.12140749999998,19.943669500000055],[-75.12162189999998,19.94369800000004],[-75.12175259999998,19.943729200000064],[-75.12184689999998,19.943783300000064],[-75.12210299999998,19.944000200000062],[-75.12232729999994,19.944251000000065],[-75.12238209999998,19.944341800000075],[-75.12241249999994,19.944466400000067],[-75.12242769999995,19.944753900000023],[-75.12240719999994,19.94596960000007],[-75.12239749999998,19.94611340000006],[-75.12234109999997,19.94630200000006],[-75.12222359999998,19.946457200000054],[-75.12218679999995,19.94656530000003],[-75.12218189999999,19.94668310000003],[-75.12224009999994,19.94683280000004],[-75.12234179999996,19.94688720000005],[-75.12247509999997,19.946909000000062],[-75.12261939999996,19.946909600000026],[-75.12275939999995,19.946890900000028],[-75.12287979999996,19.94684650000005],[-75.12314169999996,19.94667160000006],[-75.12358129999996,19.946438700000044],[-75.12370089999996,19.946394500000054],[-75.12384079999998,19.946375600000067],[-75.12398699999994,19.946374700000035],[-75.12419009999996,19.94641050000007],[-75.12428459999995,19.946467400000074],[-75.12449129999999,19.94667400000003],[-75.12454399999996,19.94676240000007],[-75.12456589999994,19.946879100000046],[-75.12454449999996,19.947056700000076],[-75.12449219999996,19.947144500000036],[-75.12428629999994,19.947348000000034],[-75.12413399999997,19.947421000000077],[-75.12303959999997,19.94769240000005],[-75.12275029999995,19.947725700000035],[-75.12243709999996,19.947730500000034],[-75.12213669999994,19.94771170000007],[-75.12200799999994,19.947680400000024],[-75.12191659999996,19.947624000000076],[-75.12171699999999,19.947417400000063],[-75.12166259999998,19.947323200000028],[-75.12163219999996,19.947191600000053],[-75.12159899999995,19.946901100000048],[-75.12156859999999,19.94676970000006],[-75.12151419999998,19.94667590000006],[-75.12131439999996,19.946471400000064],[-75.12122279999994,19.946416400000032],[-75.12102209999995,19.946379200000024],[-75.12087069999995,19.946372100000076],[-75.12040189999993,19.946365300000025],[-75.12025639999996,19.946352300000058],[-75.12012839999994,19.946321800000078],[-75.12003709999993,19.94626640000007],[-75.11982279999995,19.94607650000006],[-75.11968659999997,19.945943200000045],[-75.11959489999998,19.945886700000074],[-75.11939609999996,19.94584290000006],[-75.11918209999999,19.945814400000074],[-75.11899919999996,19.94575480000003],[-75.11807569999996,19.945128600000032],[-75.11720639999999,19.944515700000068],[-75.11630059999999,19.943871900000033],[-75.11604979999998,19.943651100000068],[-75.11598269999996,19.943583500000045],[-75.11576379999997,19.943330700000047],[-75.11571589999994,19.94322470000003],[-75.11566429999993,19.94304520000003],[-75.11558609999997,19.942902100000026],[-75.11538469999994,19.94269920000005],[-75.11529249999995,19.942643200000077],[-75.11516119999999,19.94261290000003],[-75.11485349999998,19.942597100000057],[-75.11428579999995,19.942598900000064],[-75.11413159999995,19.942591400000026],[-75.11399009999997,19.94257120000003],[-75.11387309999998,19.942526500000042],[-75.11279659999997,19.941716300000053],[-75.11255889999995,19.94148160000003],[-75.11247989999998,19.941338400000063],[-75.11242779999998,19.94115800000003],[-75.11234889999997,19.941013300000066],[-75.11214549999994,19.940806400000042],[-75.11205289999998,19.940749200000027],[-75.11185159999997,19.940712400000052],[-75.11170579999998,19.94071280000003],[-75.11150319999996,19.940750200000025],[-75.11140859999995,19.94080710000003],[-75.11115119999994,19.941034600000023],[-75.11093889999995,19.941276800000026],[-75.11090249999995,19.941344900000047],[-75.11091739999995,19.941457300000025],[-75.11144359999997,19.94225860000006],[-75.11167869999997,19.942496900000037],[-75.11176899999998,19.942551200000025],[-75.11189359999997,19.942580700000065],[-75.11203439999997,19.942594000000042],[-75.11232959999995,19.942607000000066],[-75.11247009999994,19.942620400000067],[-75.11259459999997,19.94265000000007],[-75.11268509999996,19.942703900000026],[-75.11293449999994,19.942926100000022],[-75.11308959999997,19.94310790000003],[-75.11331959999995,19.943349500000068],[-75.11356929999994,19.943571400000053],[-75.11366179999999,19.94362710000007],[-75.11379099999994,19.943659600000046],[-75.11400559999998,19.943687500000067],[-75.11420479999998,19.943730900000048],[-75.11429679999998,19.94378720000003],[-75.11443349999996,19.94392000000005],[-75.11464879999994,19.944109000000026],[-75.11473869999998,19.94416350000006],[-75.11493109999998,19.944202200000063],[-75.11529699999994,19.944222000000025],[-75.11543779999994,19.944235700000036],[-75.11556299999995,19.944265200000075],[-75.11565459999997,19.944319000000064],[-75.11591059999995,19.944540500000073],[-75.11613499999999,19.94479330000007],[-75.11618699999997,19.944880900000044],[-75.11620889999995,19.945056600000044],[-75.11618729999998,19.945171600000037],[-75.11613479999994,19.945258100000046],[-75.11592769999999,19.94545830000004],[-75.11583249999995,19.94551370000005],[-75.11562779999997,19.94555450000007],[-75.11540849999994,19.94557960000003],[-75.11527679999995,19.945610500000043],[-75.11518289999998,19.94566530000003],[-75.11497869999994,19.945866000000024],[-75.11492429999998,19.945956100000046],[-75.11489459999996,19.94608050000005],[-75.11488109999993,19.94622110000006],[-75.11485429999993,19.94665640000005],[-75.11480219999999,19.946835400000055],[-75.11463699999996,19.947094400000026],[-75.11439379999996,19.947591600000067],[-75.11436239999995,19.94772430000006],[-75.11433269999998,19.947941300000025],[-75.11430379999996,19.94807590000005],[-75.11424749999998,19.948179400000072],[-75.11409829999997,19.94824040000003],[-75.11392699999999,19.94822270000003],[-75.11384059999995,19.94817050000006],[-75.11363549999999,19.947965200000056],[-75.11357619999995,19.94787690000004],[-75.11309299999994,19.946875400000067],[-75.11300649999998,19.946649200000024],[-75.11276569999995,19.945971100000065],[-75.11274389999994,19.945794100000057],[-75.11276449999997,19.94567900000004],[-75.11281589999999,19.945592100000056],[-75.11302049999995,19.945389600000055],[-75.11311479999995,19.94533430000007],[-75.11331859999996,19.945301200000074],[-75.11346579999997,19.945304200000066],[-75.11360729999996,19.94532540000006],[-75.11372909999994,19.945371200000068],[-75.11388629999993,19.94549020000005],[-75.11399519999998,19.945527300000037],[-75.11411329999999,19.945532800000024],[-75.11421979999994,19.945506000000023],[-75.11429029999994,19.945436700000073],[-75.11431829999998,19.945331100000033],[-75.11429949999996,19.94515910000007],[-75.11424759999994,19.945071400000074],[-75.11402049999998,19.944816700000047],[-75.11347289999998,19.944267400000058],[-75.11322359999997,19.944042300000035],[-75.11313749999994,19.94399070000003],[-75.11296439999995,19.943970200000024],[-75.11285119999997,19.94399290000007],[-75.11276569999995,19.944046100000037],[-75.11255329999995,19.944241100000056],[-75.11241699999994,19.94437890000006],[-75.11232469999999,19.94443730000006],[-75.11212129999996,19.944480100000078],[-75.11196749999993,19.94449060000005],[-75.11156369999998,19.94449560000004],[-75.11124439999998,19.94448740000007],[-75.11109509999994,19.94447320000006],[-75.11096239999995,19.94444290000007],[-75.11041519999998,19.944175200000075],[-75.11032999999998,19.944116000000065],[-75.11012909999994,19.943912400000045],[-75.11007109999997,19.943826100000024],[-75.10992349999998,19.943444200000044],[-75.10971309999996,19.94299060000003],[-75.10965459999994,19.942904700000042],[-75.10941459999998,19.942673100000036],[-75.10930949999994,19.942624100000046],[-75.10913109999996,19.942571600000065],[-75.10902559999994,19.942523100000074],[-75.10873789999994,19.94227150000006],[-75.10848659999994,19.941982300000063],[-75.10843809999994,19.94187590000007],[-75.10838529999995,19.941695500000037],[-75.10830519999996,19.941550800000073],[-75.10809819999997,19.941343500000073],[-75.10800379999995,19.94128610000007],[-75.10779989999997,19.94124970000007],[-75.10765399999997,19.941251800000032],[-75.10751869999996,19.94127530000003],[-75.10741469999994,19.941331400000024],[-75.10735329999994,19.941483100000028],[-75.10737069999993,19.941657200000066],[-75.10742229999994,19.94174540000006],[-75.10764939999996,19.942000000000064],[-75.10794419999996,19.942253900000026],[-75.10805069999998,19.942302900000072],[-75.10823049999993,19.942355900000052],[-75.10833689999998,19.94240460000003],[-75.10862989999998,19.942655900000034],[-75.10885389999999,19.94290440000003],[-75.10890509999996,19.942990700000053],[-75.10892599999994,19.94310480000007],[-75.10891879999997,19.943224000000043],[-75.10888179999995,19.94333080000007],[-75.10865279999996,19.943764300000055],[-75.10847899999999,19.944022800000027],[-75.10843519999997,19.944141200000047],[-75.10841669999996,19.94427950000005],[-75.10841609999994,19.944424000000026],[-75.10843309999996,19.944562500000075],[-75.10847519999999,19.94468130000007],[-75.10871949999995,19.94517520000005],[-75.10877889999995,19.94526090000005],[-75.10898219999996,19.94546330000003],[-75.10906819999997,19.94552200000004],[-75.10962029999996,19.945782800000075],[-75.10974819999996,19.945810900000026],[-75.11026219999997,19.945848500000068],[-75.11039309999995,19.945874900000035],[-75.11049259999999,19.94592890000007],[-75.11055249999998,19.94607700000006],[-75.11054379999996,19.946189100000026],[-75.11049409999998,19.946282600000075],[-75.11044759999999,19.946316000000024],[-75.11032279999995,19.94635580000005],[-75.11017369999996,19.94637410000007],[-75.10984859999996,19.946384300000034],[-75.10951919999997,19.946381900000063],[-75.10921059999998,19.946360300000038],[-75.10907909999997,19.946327800000063],[-75.10898649999996,19.946270800000036],[-75.10877209999995,19.946078900000032],[-75.10863799999998,19.945942900000034],[-75.10855259999994,19.94588360000006],[-75.10810169999996,19.945669200000054],[-75.10771759999994,19.945520600000066],[-75.10762999999997,19.945462100000043],[-75.10742479999993,19.94525690000006],[-75.10736839999998,19.945164100000056],[-75.10733409999995,19.944963700000073],[-75.10733799999997,19.94482050000005],[-75.10736379999997,19.944686600000068],[-75.10742219999997,19.944579800000042],[-75.10751849999997,19.944516700000065],[-75.10768989999997,19.944450200000063],[-75.10778379999994,19.944389600000022],[-75.10784559999996,19.944238300000052],[-75.10783079999999,19.944067800000028],[-75.10778019999998,19.94398220000005],[-75.10757559999996,19.943781100000024],[-75.10748129999996,19.943724700000075],[-75.10727829999996,19.943681600000048],[-75.10706049999999,19.94365410000006],[-75.10692869999997,19.94362270000005],[-75.10643359999995,19.94337340000004],[-75.10617859999996,19.943205800000044],[-75.10607219999997,19.943169800000078],[-75.10595359999996,19.943163500000026],[-75.10584029999995,19.943185500000027],[-75.10575469999998,19.943237700000054],[-75.10554159999998,19.943430100000057],[-75.10540669999995,19.943569100000047],[-75.10532109999997,19.94363020000003],[-75.10483429999994,19.94387530000006],[-75.10472769999996,19.94390960000004],[-75.10460829999994,19.943914300000074],[-75.10444179999996,19.94386860000003],[-75.10428909999996,19.943750300000033],[-75.10417019999994,19.943705300000033],[-75.10403189999994,19.943685500000072],[-75.10388909999995,19.94368520000006],[-75.10375599999998,19.943706400000053],[-75.10365019999995,19.94376070000004],[-75.10358909999997,19.943854200000033],[-75.10352959999994,19.94402780000007],[-75.10348009999996,19.944133600000043],[-75.10326179999998,19.944389900000033],[-75.10292859999998,19.94473460000006],[-75.10271459999996,19.94492820000005],[-75.10262239999997,19.944984100000056],[-75.10242359999995,19.945019400000035],[-75.10227989999998,19.945018300000072],[-75.10214209999998,19.94499920000004],[-75.10202389999995,19.944955400000026],[-75.10186949999996,19.944836500000065],[-75.10174999999998,19.944792000000064],[-75.10160819999999,19.944770300000073],[-75.10129489999997,19.94475790000007],[-75.10089049999993,19.94475680000005],[-75.10058549999997,19.944738100000052],[-75.10045549999995,19.944706300000064],[-75.10036399999996,19.944649500000025],[-75.10015259999994,19.944456500000058],[-75.10001839999995,19.94432100000006],[-75.09992719999997,19.944263900000067],[-75.09972529999999,19.94422270000007],[-75.09941329999998,19.944209900000033],[-75.09826469999996,19.94420610000003],[-75.09794919999996,19.944219300000043],[-75.09781089999996,19.944245900000055],[-75.09770459999999,19.944304400000078],[-75.09764699999994,19.944410100000027],[-75.09762369999999,19.944545300000073],[-75.09762239999998,19.944690800000046],[-75.09765949999996,19.94489500000003],[-75.09771699999999,19.944990000000075],[-75.09792629999998,19.945199100000025],[-75.09801869999995,19.945255400000065],[-75.09821479999994,19.945295300000055],[-75.09851009999994,19.94530180000004],[-75.09865549999995,19.94529140000003],[-75.09884909999994,19.94524780000006],[-75.09893949999997,19.945189800000037],[-75.09907599999997,19.945052000000032],[-75.09927609999994,19.944869400000073],[-75.09934249999998,19.944831200000067],[-75.09941879999997,19.944829300000038],[-75.10040819999995,19.945054200000072],[-75.10051939999994,19.94509800000003],[-75.10160049999996,19.945905800000048],[-75.10184149999998,19.946136400000057],[-75.10190079999995,19.94622140000007],[-75.10216709999997,19.946766500000024],[-75.10219649999993,19.946896800000047],[-75.10220969999995,19.947043300000075],[-75.10221479999996,19.947437500000035],[-75.10220799999996,19.948083100000076],[-75.10221379999996,19.948396700000046],[-75.10222789999995,19.948542300000042],[-75.10225939999998,19.948670400000026],[-75.10231569999996,19.948761400000024],[-75.10244959999994,19.948896900000022],[-75.10263959999997,19.94911120000006],[-75.10269569999997,19.949203400000044],[-75.10273839999996,19.949403200000063],[-75.10276519999996,19.94961900000004],[-75.10279689999999,19.949749100000076],[-75.10285239999996,19.949841900000024],[-75.10305389999996,19.950045200000034],[-75.10314609999995,19.95010160000004],[-75.10395989999995,19.950371500000074],[-75.10416009999994,19.950405400000022],[-75.10430329999997,19.950404500000047],[-75.10444049999995,19.95038580000005],[-75.10455819999999,19.950342100000057],[-75.10471209999997,19.950222600000075],[-75.10482889999997,19.95017800000005],[-75.10511709999997,19.950144300000034],[-75.10542819999995,19.95014160000005],[-75.10572639999998,19.950164200000074],[-75.10591049999994,19.950222000000053],[-75.10606459999997,19.950340700000027],[-75.10618239999997,19.950383600000066],[-75.10631999999998,19.950401200000044],[-75.10646369999995,19.950400500000057],[-75.10660199999995,19.95038150000005],[-75.10672139999997,19.950337000000047],[-75.10687879999995,19.950216100000034],[-75.10699969999996,19.950171100000034],[-75.10713999999996,19.950151600000027],[-75.10728459999996,19.95015150000006],[-75.10741849999994,19.950173000000063],[-75.10752129999997,19.95022730000005],[-75.10758099999998,19.950376900000037],[-75.10757649999994,19.95049380000006],[-75.10753859999994,19.950599100000034],[-75.10699499999998,19.95142290000007],[-75.10676239999998,19.95166320000004],[-75.10667099999995,19.95171920000007],[-75.10654189999997,19.95175000000006],[-75.10639529999997,19.95176310000005],[-75.10608029999997,19.95176760000004],[-75.10551439999995,19.951760700000023],[-75.10511669999994,19.951762400000064],[-75.10482649999994,19.95179200000007],[-75.10470969999994,19.95183510000004],[-75.10427789999994,19.95206170000006],[-75.10402009999996,19.952234800000042],[-75.10390629999995,19.952278700000022],[-75.10377159999996,19.952301400000067],[-75.10347899999994,19.95231160000003],[-75.10333639999999,19.952301400000067],[-75.10320839999997,19.952274000000045],[-75.10310999999996,19.952215900000056],[-75.10307789999996,19.95216970000007],[-75.10304069999995,19.952050000000042],[-75.10302459999997,19.951909000000057],[-75.10301039999996,19.951609200000064],[-75.10299469999995,19.951468600000055],[-75.10295899999994,19.951350400000024],[-75.10288679999996,19.951274300000023],[-75.10278129999995,19.951243900000065],[-75.10261109999993,19.951261700000032],[-75.10252459999998,19.951313800000037],[-75.10227329999998,19.951542200000063],[-75.10211469999996,19.95172740000004],[-75.10184239999995,19.95200150000005],[-75.10158519999999,19.952224600000022],[-75.10147839999996,19.95227550000004],[-75.10130379999998,19.952335900000037],[-75.10121139999995,19.952395500000023],[-75.10116399999998,19.95248950000007],[-75.10115559999997,19.952600500000074],[-75.10121469999996,19.952746300000058],[-75.10131859999996,19.952801700000066],[-75.10145429999994,19.95283010000003],[-75.10167339999998,19.952859700000033],[-75.10180689999999,19.952892100000042],[-75.10190349999993,19.95294750000005],[-75.10216569999994,19.95316850000006],[-75.10238189999995,19.953409700000066],[-75.10241949999994,19.95347830000003],[-75.10241989999997,19.953555400000027],[-75.10238279999999,19.95362330000006],[-75.10218799999996,19.953813800000034],[-75.10209609999998,19.95386780000007],[-75.10196939999997,19.95389750000004],[-75.10182679999997,19.95391120000005],[-75.10152889999995,19.953924700000073],[-75.10138739999996,19.95393820000004],[-75.10126219999995,19.953967800000044],[-75.10117109999999,19.954021500000067],[-75.10091919999996,19.954242000000022],[-75.10061849999994,19.954547900000023],[-75.10042919999995,19.954763100000037],[-75.10037339999997,19.95485560000003],[-75.09985479999995,19.95645060000004],[-75.09985569999998,19.956529600000067],[-75.09989309999997,19.95659850000004],[-75.10008459999995,19.95679000000007],[-75.10017189999996,19.956841500000053],[-75.10034869999998,19.956862400000034],[-75.10046459999995,19.956840300000067],[-75.10055239999997,19.95678790000005],[-75.10080379999994,19.956560300000035],[-75.10103699999996,19.956312600000047],[-75.10119439999994,19.95612630000005],[-75.10144509999998,19.95589810000007],[-75.10153249999996,19.955845300000078],[-75.10170879999998,19.955822400000045],[-75.10182469999995,19.95584350000007],[-75.10191259999993,19.955895600000076],[-75.10211879999997,19.956101800000056],[-75.10217579999994,19.956196400000067],[-75.10221239999998,19.95640000000003],[-75.10221189999999,19.95654630000007],[-75.10217409999996,19.956748300000072],[-75.10211699999996,19.956841600000075],[-75.10188809999994,19.957092400000022],[-75.10173729999997,19.957213600000046],[-75.10148009999995,19.957497400000022],[-75.10094309999994,19.958308600000066],[-75.10088399999995,19.958492100000058],[-75.10084579999995,19.958777500000053],[-75.10081309999998,19.958906700000057],[-75.10075699999999,19.958999000000063],[-75.10053229999994,19.959247900000037],[-75.10038089999995,19.95936850000004],[-75.10015119999997,19.959618000000034],[-75.10009379999997,19.95971090000006],[-75.10005549999994,19.959911800000043],[-75.10005469999999,19.96005710000003],[-75.10009049999996,19.960258400000043],[-75.10014709999996,19.96035130000007],[-75.10035429999994,19.960553900000036],[-75.10044829999998,19.960609700000077],[-75.10065079999998,19.96065150000004],[-75.10086839999997,19.96067750000003],[-75.10100029999995,19.960707700000057],[-75.10155069999996,19.960970200000077],[-75.10163669999997,19.961028700000043],[-75.10188459999995,19.961252400000035],[-75.10242229999994,19.961792900000034],[-75.10267329999994,19.962081600000033],[-75.10272169999996,19.96218760000005],[-75.10277409999998,19.96236730000004],[-75.10282269999993,19.962473700000032],[-75.10305559999995,19.962716100000023],[-75.10314719999997,19.962772400000063],[-75.10334639999996,19.962807300000065],[-75.10349039999994,19.962805700000047],[-75.10362849999996,19.96278600000005],[-75.10374699999994,19.962741600000072],[-75.10390159999997,19.962621200000058],[-75.10402109999995,19.962575600000037],[-75.10416289999995,19.96255240000005],[-75.10447599999998,19.962536100000023],[-75.10479989999999,19.96253470000005],[-75.10511319999995,19.962547700000073],[-75.10525489999998,19.96256900000003],[-75.10537399999998,19.962612800000045],[-75.10580859999999,19.962837800000045],[-75.10602489999997,19.962983200000053],[-75.10617069999995,19.963063500000032],[-75.10658499999994,19.963266400000066],[-75.10665469999998,19.96327640000004],[-75.10674339999997,19.963203500000077],[-75.10677489999995,19.963086400000066],[-75.10683019999993,19.96273800000006],[-75.10688499999998,19.96263280000005],[-75.10703189999998,19.96257030000004],[-75.10720099999998,19.96258800000004],[-75.10728659999995,19.962640500000077],[-75.10750169999994,19.96283710000006],[-75.10763959999997,19.96297620000007],[-75.10773179999995,19.96303430000006],[-75.10793059999997,19.963072600000032],[-75.10807439999996,19.963072900000043],[-75.10821249999998,19.963055100000076],[-75.10930369999994,19.962781500000062],[-75.10945169999997,19.962707800000032],[-75.10965179999994,19.96250340000006],[-75.10973059999998,19.962360700000033],[-75.10978829999993,19.96218740000006],[-75.10984879999995,19.962093800000048],[-75.10994889999995,19.96204000000006],[-75.11102489999996,19.961763500000075],[-75.11123459999999,19.96173600000003],[-75.11154259999995,19.961726400000032],[-75.11201789999996,19.961725400000034],[-75.11232629999995,19.96173390000007],[-75.11246919999996,19.961748900000032],[-75.11259479999995,19.961781100000053],[-75.11268459999997,19.961837700000046],[-75.11281919999993,19.961973000000057],[-75.11303139999995,19.962165300000038],[-75.11312219999996,19.962221200000045],[-75.11324979999995,19.962252200000023],[-75.11339489999995,19.962265600000023],[-75.11386229999994,19.962273800000048],[-75.11401329999995,19.96228140000005],[-75.11421349999995,19.96231890000007],[-75.11430549999994,19.96237350000007],[-75.11455469999999,19.962596000000076],[-75.11480339999997,19.96288640000006],[-75.11485159999995,19.962992300000053],[-75.11490389999994,19.963171100000068],[-75.11498339999997,19.96331330000004],[-75.11522209999998,19.96354830000007],[-75.11602269999997,19.964080100000047],[-75.11613529999994,19.96409570000003],[-75.11620279999994,19.96405930000003],[-75.11639289999994,19.96386620000004],[-75.11644759999996,19.96377300000006],[-75.11648489999999,19.963569300000074],[-75.11649209999996,19.96341590000003],[-75.11649719999997,19.962941900000033],[-75.11650889999999,19.962794400000064],[-75.11653779999995,19.962664500000074],[-75.11659219999996,19.962572000000023],[-75.11679439999995,19.962369600000045],[-75.11688679999997,19.962315300000057],[-75.11701649999998,19.96228640000004],[-75.11716359999997,19.962274900000068],[-75.11763529999996,19.962270700000033],[-75.11778719999995,19.962263800000073],[-75.11798819999996,19.962226500000043],[-75.11807989999994,19.962170900000046],[-75.11827999999997,19.961963600000047],[-75.11833479999996,19.961868200000026],[-75.11836609999995,19.961735100000055],[-75.11839409999999,19.96151590000005],[-75.11842149999995,19.961380100000042],[-75.11847619999998,19.961276100000077],[-75.11862109999998,19.96121720000008],[-75.11873139999994,19.961225800000022],[-75.11882479999997,19.96127370000005],[-75.11888369999997,19.961366700000042],[-75.11894299999994,19.961542300000076],[-75.11902459999999,19.96168730000005],[-75.11922969999995,19.961893700000076],[-75.11932269999994,19.961950800000068],[-75.11952509999998,19.96199390000004],[-75.11974349999997,19.962020900000027],[-75.11987489999996,19.96205260000005],[-75.11996829999998,19.96210750000006],[-75.12015939999998,19.96229550000004],[-75.12019969999994,19.962401300000067],[-75.12025819999997,19.96341300000006],[-75.12025959999994,19.96355760000006],[-75.12024329999997,19.963696300000038],[-75.12020179999996,19.963815200000056],[-75.11995799999994,19.96430840000005],[-75.11989839999995,19.96439390000006],[-75.11965679999997,19.964625100000035],[-75.11857569999995,19.96543850000006],[-75.11846449999996,19.965483300000074],[-75.11833099999996,19.96550510000003],[-75.11803879999997,19.96551290000008],[-75.11789449999998,19.965503100000035],[-75.11770189999999,19.96546010000003],[-75.11761179999996,19.96540230000005],[-75.11747449999996,19.96526350000005],[-75.11726149999998,19.96506800000003],[-75.11717609999994,19.96501490000003],[-75.11706309999994,19.96499250000005],[-75.11689049999995,19.96501390000003],[-75.11680469999999,19.965066000000036],[-75.11666829999996,19.96519980000005],[-75.11644799999993,19.965392700000052],[-75.11635319999993,19.965450100000055],[-75.11622119999998,19.96548450000006],[-75.11600319999997,19.965516800000046],[-75.11586759999994,19.96554690000005],[-75.11576349999996,19.96560420000003],[-75.11571329999998,19.965697400000067],[-75.11570369999998,19.96580940000007],[-75.11576249999996,19.965957900000035],[-75.11586129999995,19.966012300000045],[-75.11599169999994,19.966038500000025],[-75.11613709999995,19.966048200000046],[-75.11643449999997,19.966036600000052],[-75.11657109999999,19.966012900000067],[-75.11668659999998,19.965968300000043],[-75.11684099999997,19.965849800000058],[-75.11694839999996,19.965812200000073],[-75.11706749999996,19.965804200000036],[-75.11718099999996,19.965824600000076],[-75.11726649999997,19.965875700000026],[-75.11751239999995,19.966100400000073],[-75.11763319999994,19.966251500000055],[-75.11788349999995,19.966475500000058],[-75.11797659999996,19.966531200000077],[-75.11817819999999,19.966573200000028],[-75.11839579999997,19.96659950000003],[-75.11852719999996,19.96663120000005],[-75.11862149999996,19.966686700000025],[-75.11882919999994,19.96688890000007],[-75.11888579999999,19.966981700000076],[-75.11892159999996,19.967183000000034],[-75.11892049999994,19.967328400000042],[-75.11888179999994,19.967529700000057],[-75.11882379999997,19.967622800000072],[-75.11859079999994,19.96787390000003],[-75.11843679999998,19.96799500000003],[-75.11822029999996,19.968229800000074],[-75.11818339999996,19.968296200000054],[-75.11818389999996,19.968371300000058],[-75.11822189999998,19.968437600000073],[-75.11840559999996,19.968638800000065],[-75.11854349999999,19.96877530000006],[-75.11860199999995,19.968867100000068],[-75.11863599999998,19.968995600000028],[-75.11865939999996,19.969295600000066],[-75.11865739999996,19.96960930000006],[-75.11864699999995,19.969759900000042],[-75.11860439999998,19.969959300000028],[-75.11854669999997,19.970050900000047],[-75.11840989999996,19.970187800000076],[-75.11821919999994,19.970400700000027],[-75.11816819999996,19.97048630000006],[-75.11814779999997,19.97059980000006],[-75.11815519999999,19.970718000000033],[-75.11819049999997,19.970822600000076],[-75.11830549999996,19.970995500000072],[-75.11830609999998,19.971072900000024],[-75.11826999999994,19.97114010000007],[-75.11804409999996,19.97135990000004],[-75.11793799999998,19.971408500000052],[-75.11775739999996,19.971461000000033],[-75.11765029999998,19.971509500000025],[-75.11735659999994,19.97175930000003],[-75.11712979999999,19.972010300000022],[-75.11707379999996,19.972101500000065],[-75.11703299999994,19.972295900000063],[-75.11702379999997,19.972591200000068],[-75.11703229999995,19.97273770000004],[-75.11707279999996,19.972933900000044],[-75.11712919999997,19.97302620000005],[-75.11733449999997,19.97323140000003],[-75.11742189999995,19.97328310000006],[-75.11753729999998,19.97330370000003],[-75.11765699999995,19.973295500000063],[-75.11776269999996,19.973256200000037],[-75.11858089999998,19.972713700000043],[-75.11881909999994,19.972479300000032],[-75.11887369999994,19.97238720000007],[-75.11891009999994,19.972185600000046],[-75.11891619999994,19.972033300000078],[-75.11892029999996,19.971561700000052],[-75.11893499999996,19.97141780000004],[-75.11897229999994,19.971296600000073],[-75.11905219999994,19.97121640000006],[-75.11917559999995,19.97117810000003],[-75.11948039999999,19.971159500000056],[-75.12005099999999,19.971164200000032],[-75.12020619999998,19.971157600000026],[-75.12041139999997,19.971120300000052],[-75.12050469999997,19.971065400000043],[-75.12075479999999,19.97084380000007],[-75.12097629999994,19.970593800000074],[-75.12103449999995,19.970507600000076],[-75.12127409999994,19.970015700000033],[-75.12131519999997,19.969898300000068],[-75.12134199999997,19.96960800000005],[-75.12134979999996,19.96914030000005],[-75.12136249999998,19.968994500000065],[-75.12139239999993,19.96886580000006],[-75.12144699999999,19.968773800000065],[-75.12166929999995,19.968524500000058],[-75.12195879999996,19.968275000000062],[-75.12206429999998,19.96822650000007],[-75.12224249999997,19.968173600000057],[-75.12234759999996,19.968124700000033],[-75.12259819999997,19.967903800000045],[-75.12290249999995,19.967601700000046],[-75.12305889999999,19.967421200000047],[-75.12332719999995,19.96715050000006],[-75.12353979999995,19.966958700000077],[-75.12362609999997,19.966900500000065],[-75.12408009999996,19.966688600000055],[-75.12446589999996,19.966539600000033],[-75.12455399999999,19.966480800000056],[-75.12475849999998,19.966277200000036],[-75.12481109999999,19.96619050000004],[-75.12483289999994,19.966075500000045],[-75.12481109999999,19.96590020000008],[-75.12475849999998,19.965813500000024],[-75.12455409999995,19.96560980000004],[-75.12446599999998,19.965551000000062],[-75.12408039999997,19.96540170000003],[-75.12362719999999,19.965188600000033],[-75.12357789999999,19.96516070000007],[-75.12275579999994,19.964621500000078],[-75.12252319999999,19.964397700000063],[-75.12248499999998,19.96432980000003],[-75.12248439999996,19.964252800000054],[-75.12252149999995,19.964184800000055],[-75.12271609999993,19.96399320000006],[-75.12280779999998,19.96393870000003],[-75.12293399999999,19.96390830000007],[-75.12307599999997,19.96389380000005],[-75.12369259999997,19.963811600000042],[-75.12459899999999,19.96360020000003],[-75.12481239999994,19.963515100000052],[-75.12559299999998,19.963008200000047],[-75.12583369999999,19.962775300000033],[-75.12588549999998,19.962689400000045],[-75.12590549999999,19.962515800000062],[-75.12588209999996,19.96240190000003],[-75.12582829999997,19.96231590000008],[-75.12563149999994,19.962101700000062],[-75.12549289999998,19.961964600000044],[-75.12543509999995,19.961872800000037],[-75.12539739999994,19.961674600000038],[-75.12539749999996,19.961531300000047],[-75.12541599999997,19.961393800000053],[-75.12545949999998,19.961275900000032],[-75.12557869999995,19.96112210000007],[-75.12563669999997,19.960937000000058],[-75.12565239999998,19.96079100000003],[-75.12566349999997,19.960397400000033],[-75.12566589999994,19.959749800000054],[-75.12565959999995,19.959432900000024],[-75.12564589999994,19.959285000000023],[-75.12561519999997,19.959154600000033],[-75.12555979999996,19.95906270000006],[-75.12536919999997,19.958874500000036],[-75.12530109999994,19.958839300000022],[-75.12522279999996,19.958840700000053],[-75.12515099999996,19.958877200000074],[-75.12504489999998,19.958960700000034],[-75.12492779999997,19.959003900000027],[-75.12478939999994,19.959023800000068],[-75.12464479999994,19.95902600000005],[-75.12444509999995,19.95899170000007],[-75.12435289999996,19.95893600000005],[-75.12413729999997,19.958744100000047],[-75.12400049999997,19.958609500000023],[-75.12390879999998,19.95855240000003],[-75.12330719999994,19.958424200000024],[-75.12261039999999,19.958198800000048],[-75.12250589999996,19.958140900000046],[-75.12244949999996,19.958037300000058],[-75.12242749999996,19.95790480000005],[-75.12242779999997,19.957762100000025],[-75.12244769999995,19.957623700000056],[-75.12249319999995,19.95750430000004],[-75.12261559999996,19.95734760000005],[-75.12266069999998,19.95723330000004],[-75.12268439999997,19.957098900000062],[-75.12269659999998,19.95680720000007],[-75.12268879999993,19.95666330000006],[-75.12264859999993,19.956471500000077],[-75.12259249999994,19.956381700000065],[-75.12239869999996,19.95616700000005],[-75.12217609999993,19.955892600000027],[-75.12195059999993,19.955459500000075],[-75.12191439999998,19.955352400000038],[-75.12190779999997,19.955233100000044],[-75.12192919999995,19.95511890000006],[-75.12198069999994,19.955032600000038],[-75.12217189999996,19.954818900000078],[-75.12251169999996,19.95447900000005],[-75.12272569999999,19.954287500000078],[-75.12281709999996,19.954232000000047],[-75.12301579999996,19.954192600000056],[-75.12332179999999,19.95418120000005],[-75.12467829999997,19.954183900000032],[-75.12498739999995,19.954192900000066],[-75.12513139999999,19.95420800000005],[-75.12531379999996,19.954264700000067],[-75.12546679999997,19.95438340000004],[-75.12558299999995,19.954427700000053],[-75.12587089999994,19.954461500000036],[-75.12618269999996,19.95446590000006],[-75.12648159999998,19.954445900000053],[-75.12660969999996,19.954414100000065],[-75.12670119999996,19.954357800000025],[-75.12694889999995,19.95413170000006],[-75.12717779999997,19.953887500000064],[-75.12733239999994,19.953703700000062],[-75.12758149999996,19.953476300000034],[-75.12767179999997,19.95342020000004],[-75.12786479999994,19.953379400000074],[-75.12815739999996,19.953370800000073],[-75.12830209999998,19.95338000000004],[-75.12849509999995,19.953421500000047],[-75.12858539999996,19.95347830000003],[-75.12883489999996,19.95370980000007],[-75.12895629999997,19.953864100000033],[-75.12920509999998,19.954094800000064],[-75.12929089999994,19.954147200000023],[-75.12946059999996,19.954165400000022],[-75.12960789999994,19.95410430000004],[-75.12966269999998,19.954000300000075],[-75.12968999999998,19.953864900000042],[-75.12971769999996,19.95364660000007],[-75.12974899999995,19.95351400000004],[-75.12980389999996,19.953419100000076],[-75.13000389999996,19.953212200000053],[-75.13009559999995,19.953155200000026],[-75.13090709999994,19.952885300000048],[-75.13103949999999,19.95285480000007],[-75.13118819999994,19.952840200000026],[-75.13150639999998,19.95283130000007],[-75.13182989999996,19.952833100000078],[-75.13213619999993,19.952853300000072],[-75.13226859999997,19.95288370000003],[-75.13281449999994,19.95315320000003],[-75.13290049999995,19.953212200000053],[-75.13311429999999,19.953405400000065],[-75.13342599999999,19.95370850000006],[-75.13364019999995,19.953948000000025],[-75.13367759999994,19.95401590000006],[-75.13367799999997,19.954092600000024],[-75.13364159999998,19.954160800000068],[-75.13343009999994,19.95440190000005],[-75.13317529999995,19.954625600000043],[-75.13308279999995,19.954680900000028],[-75.13295449999998,19.954711400000065],[-75.13280919999994,19.95472490000003],[-75.13249629999996,19.954729600000064],[-75.13193179999996,19.954723900000033],[-75.13162649999998,19.95473450000003],[-75.13144599999998,19.954773900000077],[-75.13138669999995,19.954829500000073],[-75.13137939999996,19.95489850000007],[-75.13141419999994,19.954962900000055],[-75.13164629999994,19.95518620000007],[-75.13221919999995,19.955506100000036],[-75.13286199999999,19.955876800000055],[-75.13310279999996,19.956107700000075],[-75.13316199999997,19.956192900000076],[-75.13340239999997,19.95668420000004],[-75.13344389999997,19.956801400000074],[-75.13347189999996,19.957090900000026],[-75.13348409999998,19.957556200000056],[-75.13349849999997,19.957701400000076],[-75.13355429999996,19.95788550000003],[-75.13367179999995,19.95803920000003],[-75.13371459999996,19.958156600000052],[-75.13373239999999,19.958293500000025],[-75.13373239999999,19.95843620000005],[-75.13371459999996,19.958573200000046],[-75.13367189999997,19.958690700000034],[-75.13355459999997,19.95884490000003],[-75.13349909999994,19.95902970000003],[-75.13348499999995,19.95917570000006],[-75.13347399999998,19.959645200000068],[-75.13346589999998,19.959797500000036],[-75.13342779999994,19.960000000000036],[-75.13337299999995,19.96009250000003],[-75.13318289999995,19.96028400000006],[-75.13311489999995,19.960320500000023],[-75.13299969999997,19.960306600000024],[-75.13257999999996,19.960091500000033],[-75.13232489999996,19.959921000000065],[-75.13215999999994,19.959878100000026],[-75.13204149999996,19.959884900000077],[-75.13193559999996,19.959921000000065],[-75.13178529999993,19.96003630000007],[-75.13160229999994,19.96009330000004],[-75.13145759999998,19.960109000000045],[-75.13114739999997,19.960119000000077],[-75.12994989999999,19.960121400000048],[-75.12963629999996,19.960117300000036],[-75.12934899999993,19.960086800000056],[-75.12923309999996,19.960043600000063],[-75.12880059999998,19.95981610000007],[-75.12854209999995,19.95964340000006],[-75.12842269999999,19.959599600000047],[-75.12828289999999,19.95958100000007],[-75.12813649999998,19.959580500000072],[-75.12793289999996,19.95961710000006],[-75.12783789999997,19.959674500000062],[-75.12762969999994,19.95988280000006],[-75.12757719999996,19.959971100000075],[-75.12755889999994,19.960145200000056],[-75.12758869999993,19.960253300000034],[-75.12766619999996,19.96032930000007],[-75.12779039999998,19.96036780000003],[-75.12809819999995,19.96038930000003],[-75.12858999999997,19.960388600000044],[-75.12889819999998,19.960405500000036],[-75.12903119999999,19.960434700000064],[-75.12984039999998,19.960704100000044],[-75.12993209999996,19.96076060000007],[-75.13017979999995,19.960984600000074],[-75.13029999999998,19.96113390000005],[-75.13054879999999,19.961356800000033],[-75.13064119999996,19.96141250000005],[-75.13077049999998,19.96144490000006],[-75.13105639999998,19.961482400000023],[-75.13118589999993,19.961514600000044],[-75.13127859999997,19.961570100000074],[-75.13152859999997,19.96179170000005],[-75.13175899999999,19.962032900000054],[-75.13191439999997,19.96221440000005],[-75.13216379999994,19.96243670000007],[-75.13225619999997,19.962492500000053],[-75.13245589999997,19.962535400000036],[-75.13267129999997,19.96256260000007],[-75.13280209999994,19.962593600000048],[-75.13334879999996,19.962861100000055],[-75.13343409999999,19.96292120000004],[-75.13356889999994,19.963058700000033],[-75.13378559999995,19.96325310000003],[-75.13387859999995,19.963310300000046],[-75.13407979999994,19.963348000000053],[-75.13422549999996,19.96334840000003],[-75.13442729999997,19.963311700000077],[-75.13451979999996,19.96325500000006],[-75.13470849999999,19.963059800000053],[-75.13474419999994,19.962990800000057],[-75.13474419999994,19.962912800000026],[-75.13462929999997,19.96271440000004],[-75.13462929999997,19.96263710000005],[-75.13466499999998,19.96256900000003],[-75.13485109999993,19.962374100000034],[-75.13493699999998,19.96231430000006],[-75.13543919999995,19.962064000000055],[-75.13556059999996,19.96202040000003],[-75.13570149999998,19.962002400000074],[-75.13584689999993,19.962003800000048],[-75.13598199999996,19.962027200000023],[-75.13608739999995,19.962084900000036],[-75.13614479999995,19.962190600000042],[-75.13616759999996,19.96232580000003],[-75.13616789999998,19.962470900000028],[-75.13612799999999,19.96267400000005],[-75.13606859999999,19.96276880000005],[-75.13592789999996,19.96291080000003],[-75.13572929999998,19.963130700000022],[-75.13567519999998,19.963217000000043],[-75.13565159999996,19.96332780000006],[-75.13565729999993,19.96343600000006],[-75.13569499999994,19.96351580000004],[-75.13575769999994,19.963541900000052],[-75.13582989999998,19.963528000000053],[-75.13597159999995,19.96342530000004],[-75.13616139999993,19.963369800000066],[-75.13630709999995,19.963359300000036],[-75.13644959999993,19.96336780000007],[-75.13657129999996,19.96340230000004],[-75.13664719999997,19.963476300000025],[-75.13667539999994,19.96358330000004],[-75.13667009999995,19.963701100000037],[-75.13663299999996,19.963809300000037],[-75.13651639999995,19.963963100000058],[-75.13647749999996,19.96407300000004],[-75.13646789999996,19.96419530000003],[-75.13648689999997,19.96431220000005],[-75.13653709999994,19.964400600000033],[-75.13673779999993,19.964604800000075],[-75.13682529999994,19.964656900000023],[-75.13700179999995,19.96467750000005],[-75.13711739999997,19.96465470000004],[-75.13720489999997,19.964601300000027],[-75.13745649999998,19.964369000000033],[-75.13757939999994,19.96421330000004],[-75.13781889999996,19.96399210000004],[-75.13788709999994,19.96395330000007],[-75.13796399999995,19.96395190000004],[-75.13803189999999,19.96398800000003],[-75.13822389999996,19.964179700000045],[-75.13827979999996,19.964272700000038],[-75.13831079999994,19.964404200000047],[-75.13832459999998,19.964553000000024],[-75.13833029999995,19.96487090000005],[-75.13831789999995,19.96632850000003],[-75.13832239999994,19.966724600000077],[-75.13833569999997,19.966871600000047],[-75.13836639999994,19.96700110000006],[-75.13842249999993,19.967092500000035],[-75.13862509999996,19.96729410000006],[-75.13871209999996,19.967351500000063],[-75.13916949999998,19.967558600000075],[-75.13955449999997,19.967704600000047],[-75.13964189999996,19.96776250000005],[-75.13984679999999,19.967966300000057],[-75.13990309999997,19.968056600000068],[-75.13994349999996,19.968250500000067],[-75.13995209999996,19.968395800000053],[-75.13994309999998,19.968689900000072],[-75.13990279999996,19.96888430000007],[-75.13984729999999,19.968975700000044],[-75.13962349999997,19.969229400000074],[-75.13937059999995,19.969452400000023],[-75.13927799999993,19.969508000000076],[-75.13907739999996,19.96954800000003],[-75.13892639999995,19.969557200000054],[-75.13861299999996,19.96955790000004],[-75.13831309999995,19.969535500000063],[-75.13818359999993,19.969503900000063],[-75.13769439999999,19.969248700000037],[-75.13743579999993,19.969075600000053],[-75.13731659999996,19.96903160000005],[-75.13717689999999,19.96901280000003],[-75.13703089999996,19.969011900000055],[-75.13682799999998,19.969047800000055],[-75.13673379999994,19.96910450000007],[-75.13652829999995,19.969310500000063],[-75.13647639999994,19.969398500000068],[-75.13645619999994,19.969575400000053],[-75.13647959999997,19.969690900000046],[-75.13653399999998,19.969777900000054],[-75.13678489999995,19.97001320000004],[-75.13689409999995,19.970064500000035],[-75.13707239999997,19.97012490000003],[-75.13716669999997,19.97018460000004],[-75.13721589999994,19.970278800000074],[-75.13722569999999,19.970390000000066],[-75.13716819999996,19.970536200000026],[-75.13707019999998,19.97058910000004],[-75.13694069999997,19.970614800000078],[-75.13679599999995,19.970627000000036],[-75.13624869999995,19.970705400000043],[-75.13561919999995,19.97092260000005],[-75.13522879999994,19.97112240000007],[-75.13505259999994,19.971144500000037],[-75.13493819999997,19.971124200000077],[-75.13485219999995,19.97107310000007],[-75.13465269999995,19.970869100000073],[-75.13459879999994,19.970777100000078],[-75.13456949999994,19.970650800000044],[-75.13455649999997,19.97050850000005],[-75.13454399999995,19.97021090000004],[-75.13453079999994,19.970069100000046],[-75.13450149999994,19.969943200000046],[-75.13444789999994,19.969851100000028],[-75.13422629999997,19.96959400000003],[-75.13397369999996,19.969369400000062],[-75.13388699999996,19.969318300000054],[-75.13371559999996,19.969300800000042],[-75.13360789999996,19.969329600000037],[-75.13353049999995,19.96940060000003],[-75.13291049999998,19.970449200000076],[-75.13282989999993,19.970590800000025],[-75.13262259999993,19.970790300000033],[-75.13252829999993,19.970845800000063],[-75.13239649999997,19.97087760000005],[-75.13217919999994,19.970905900000048],[-75.13204449999995,19.970933600000023],[-75.13194149999998,19.970988800000043],[-75.13188209999998,19.971136400000034],[-75.13190269999996,19.971306600000048],[-75.13195679999995,19.97139290000007],[-75.13209509999996,19.97152980000004],[-75.13228299999997,19.971735100000046],[-75.13232219999998,19.97180270000007],[-75.13232389999996,19.971878900000036],[-75.13228819999995,19.971946400000036],[-75.13207699999998,19.972185900000056],[-75.13180149999994,19.972459900000047],[-75.13154839999999,19.972681000000023],[-75.13146089999998,19.972730900000045],[-75.13134569999994,19.972750500000075],[-75.13122569999996,19.972742500000038],[-75.13111919999994,19.97270700000007],[-75.13101399999994,19.97262740000002],[-75.13094109999997,19.972592400000053],[-75.13086139999996,19.972592100000043],[-75.13079189999996,19.972628000000043],[-75.13060829999995,19.972807400000022],[-75.13057049999998,19.972875900000076],[-75.13056979999999,19.972954100000038],[-75.13060649999994,19.973023600000033],[-75.13079929999998,19.973219400000062],[-75.13089159999998,19.973275800000067],[-75.13102059999994,19.973307700000078],[-75.13116669999994,19.97332250000005],[-75.13155969999997,19.973331400000063],[-75.13195939999997,19.973331100000053],[-75.13226949999995,19.97332300000005],[-75.13241329999994,19.973308300000042],[-75.13253989999998,19.973276800000065],[-75.13263049999995,19.973220800000036],[-75.13287719999994,19.97299460000005],[-75.13299699999999,19.97284410000003],[-75.13324279999995,19.972615200000064],[-75.13332849999995,19.972555000000057],[-75.13381899999996,19.972307900000033],[-75.13392639999995,19.97227170000008],[-75.13404599999996,19.972265100000072],[-75.13416019999994,19.972286800000063],[-75.13424579999997,19.972339300000044],[-75.13444639999994,19.972545000000025],[-75.13452539999997,19.97269140000003],[-75.13457779999999,19.972874500000046],[-75.13465689999998,19.973021000000074],[-75.13485779999996,19.973226900000043],[-75.13494339999994,19.973279400000024],[-75.13505719999995,19.97330070000004],[-75.13523069999997,19.97327770000004],[-75.13531679999994,19.973224800000025],[-75.13545279999994,19.973089900000048],[-75.13566959999997,19.97289610000007],[-75.13576209999997,19.972838700000068],[-75.13596189999998,19.97279400000002],[-75.13617669999996,19.972765200000026],[-75.13630579999995,19.972732200000053],[-75.13639799999999,19.972676000000035],[-75.13664609999995,19.972452100000055],[-75.13676559999993,19.97230200000007],[-75.13701209999994,19.972076800000025],[-75.13710439999994,19.972020900000075],[-75.13723539999995,19.97199020000005],[-75.13754219999998,19.971973700000035],[-75.13802999999996,19.971976400000074],[-75.13833769999997,19.971960600000045],[-75.13846899999999,19.971930300000054],[-75.13856119999997,19.97187420000006],[-75.13876239999996,19.97167120000006],[-75.13884049999996,19.971527800000047],[-75.13889169999999,19.971348000000035],[-75.13893929999995,19.971241500000076],[-75.13918719999998,19.97094930000003],[-75.13943649999999,19.970723900000053],[-75.13952879999994,19.970667700000035],[-75.13972949999999,19.970626700000025],[-75.13988119999993,19.97061670000005],[-75.14019709999997,19.970613900000046],[-75.14050049999997,19.97063410000004],[-75.14063089999996,19.97066570000004],[-75.14072399999998,19.970722100000046],[-75.14092649999998,19.97092470000007],[-75.14097699999996,19.971011100000055],[-75.14099649999997,19.971125500000028],[-75.14098789999997,19.971245100000033],[-75.14094999999998,19.971352400000058],[-75.14083179999994,19.971505000000036],[-75.14077209999994,19.97169400000007],[-75.14075539999999,19.971843200000023],[-75.14074309999995,19.972243500000047],[-75.14075099999997,19.972643600000026],[-75.14076579999994,19.972792600000048],[-75.14082329999997,19.972980800000073],[-75.14099559999994,19.973238000000038],[-75.14120439999994,19.97365140000005],[-75.14120539999993,19.973803400000065],[-75.14108930099997,19.97404279700004],[-75.14108927599995,19.974042845000042],[-75.14030799999995,19.97404000000006],[-75.13895599999995,19.97403600000007],[-75.13627299999996,19.974028000000033],[-75.13402699999995,19.974028000000033],[-75.13200999999998,19.973993000000064],[-75.13061599999997,19.973988000000077],[-75.12911899999995,19.97396200000003],[-75.12772499999994,19.97395700000004],[-75.12612399999995,19.97394900000006],[-75.12362899999994,19.97390500000006],[-75.12202699999995,19.97391600000003],[-75.11936499999996,19.97390800000005],[-75.11740899999995,19.97391300000004],[-75.11524599999996,19.973934000000042],[-75.11337399999996,19.97390100000007],[-75.11091999999996,19.973897000000022],[-75.10917299999994,19.973885000000053],[-75.10596899999996,19.973907000000054],[-75.10347399999995,19.973883000000058],[-75.10239199999995,19.973903000000064],[-75.10012499999993,19.97388200000006],[-75.09843999999998,19.973911000000044],[-75.09731599999998,19.973911000000044],[-75.09642299999996,19.973876000000075],[-75.09521599999994,19.973874000000023],[-75.08883299999997,19.973780000000033],[-75.08700199999998,19.973767000000066],[-75.08696799999996,19.971257000000037],[-75.08677299999994,19.956723000000068],[-75.08666099999994,19.945348000000024],[-75.08663399999995,19.92964100000006],[-75.08653699999996,19.918600000000026],[-75.08650699999998,19.910520000000076],[-75.08651899999995,19.90246200000007],[-75.08673509999994,19.90263070000003],[-75.08700459999994,19.902807000000053],[-75.08724579999995,19.902829300000064],[-75.08788219999997,19.902642800000024]]],[[[-75.14565539999995,19.944881200000054],[-75.14562539999997,19.945011500000078],[-75.14561139999995,19.94515770000004],[-75.14559879999996,19.945623900000044],[-75.14556929999998,19.945912400000054],[-75.14552669999995,19.946028800000022],[-75.14530179999997,19.946460800000068],[-75.14513089999997,19.946716800000047],[-75.14508819999998,19.94682940000007],[-75.14505869999994,19.947106000000076],[-75.14506849999998,19.94739560000005],[-75.14509039999996,19.947528600000055],[-75.14513339999996,19.947641400000066],[-75.14525159999994,19.94779550000004],[-75.14530759999997,19.947979200000077],[-75.14532229999998,19.94812410000003],[-75.14533699999998,19.94858800000003],[-75.14536879999997,19.948876400000074],[-75.14541239999994,19.948993400000063],[-75.14553069999994,19.949148000000037],[-75.14557419999994,19.949266400000056],[-75.14559289999994,19.94940470000006],[-75.14559399999996,19.949549500000046],[-75.14557739999998,19.94968890000007],[-75.14553549999994,19.94980910000004],[-75.14527669999995,19.950298700000076],[-75.14519819999998,19.950369000000023],[-75.14509079999993,19.95039570000006],[-75.14497789999996,19.950387200000023],[-75.14488249999994,19.950340400000073],[-75.14484829999998,19.950299400000063],[-75.14459359999995,19.949810900000045],[-75.14455229999999,19.949691700000074],[-75.14452509999995,19.949399500000027],[-75.14451559999998,19.948932100000036],[-75.14450249999999,19.94878650000004],[-75.14447309999997,19.94865720000007],[-75.14422559999997,19.94817070000005],[-75.14405749999997,19.947915200000068],[-75.14401509999993,19.947798800000044],[-75.14398599999998,19.947510400000056],[-75.14397669999994,19.947121500000037],[-75.14394539999995,19.94683280000004],[-75.14390179999998,19.946715700000027],[-75.14378339999996,19.946561200000076],[-75.14373989999996,19.946443000000045],[-75.14372119999996,19.946305300000063],[-75.14372049999997,19.94616190000005],[-75.14373829999994,19.946025100000043],[-75.14378309999995,19.945909700000072],[-75.14432739999995,19.94509940000006],[-75.14454929999994,19.944849400000066],[-75.14481949999998,19.94458050000003],[-75.14500019999997,19.944424300000037],[-75.14526849999999,19.94410620000008],[-75.14534369999996,19.943944100000067],[-75.14545299999997,19.94397740000005],[-75.14554469999996,19.944043600000043],[-75.14573689999997,19.94420820000005],[-75.14580919999997,19.944285700000023],[-75.14584779999996,19.94445090000005],[-75.14583699999997,19.944570000000056],[-75.14579769999995,19.94467570000006],[-75.14570789999993,19.944786000000022],[-75.14565539999995,19.944881200000054]]],[[[-75.11169809999996,19.949077300000056],[-75.11149939999996,19.949054600000068],[-75.11142879999994,19.94902060000004],[-75.11139639999999,19.948960300000067],[-75.11139929999996,19.948890600000027],[-75.11144099999996,19.948831100000064],[-75.11155999999994,19.948734600000023],[-75.11161959999998,19.948650100000066],[-75.11164429999997,19.948528200000055],[-75.11192679999994,19.94852670000006],[-75.11205689999997,19.94854520000007],[-75.11214359999997,19.94858890000006],[-75.11217929999998,19.948663900000042],[-75.11219059999996,19.94885400000004],[-75.11217359999995,19.948944100000062],[-75.11213309999994,19.949014300000044],[-75.11201429999994,19.949063600000045],[-75.11191359999998,19.949075100000073],[-75.11169809999996,19.949077300000056]]],[[[-75.11242529999998,19.951405100000045],[-75.11243119999995,19.95152470000005],[-75.11240929999997,19.951639000000057],[-75.11235729999999,19.951725200000055],[-75.11216509999997,19.95193820000003],[-75.11182169999995,19.952274600000067],[-75.11156949999997,19.952495300000066],[-75.11049239999994,19.953309900000022],[-75.11037759999994,19.95335570000003],[-75.11008809999998,19.953388200000063],[-75.10977389999994,19.953390800000022],[-75.10947289999996,19.95337040000004],[-75.10934359999999,19.953338900000062],[-75.10925099999997,19.953283200000044],[-75.10899819999997,19.95306030000006],[-75.10877479999994,19.952807000000064],[-75.10871869999994,19.95271400000007],[-75.10868659999994,19.952584100000024],[-75.10866439999995,19.95228140000006],[-75.10866569999996,19.951965700000073],[-75.10867669999999,19.951815700000054],[-75.10870379999994,19.951681800000074],[-75.10876179999997,19.95157930000005],[-75.10886229999994,19.95152440000004],[-75.10899209999997,19.951499100000035],[-75.10950039999994,19.951466700000026],[-75.10968119999995,19.95141620000004],[-75.11011919999999,19.95119950000003],[-75.11029309999998,19.951084700000024],[-75.11102459999995,19.950567100000058],[-75.11110609999997,19.950456600000052],[-75.11110529999996,19.950414700000067],[-75.11151609999996,19.950411700000075],[-75.11171009999998,19.950431700000024],[-75.11178979999994,19.950451800000053],[-75.11188629999998,19.95051170000005],[-75.11208849999997,19.950716700000044],[-75.11214729999995,19.950804100000028],[-75.11238979999996,19.951297600000032],[-75.11242529999998,19.951405100000045]]],[[[-75.10863299999994,19.954716700000063],[-75.10847679999995,19.95472620000004],[-75.10790179999998,19.95472650000005],[-75.10759329999996,19.95474340000004],[-75.10746189999998,19.954774300000054],[-75.10736929999996,19.95483020000006],[-75.10715469999997,19.955020200000035],[-75.10688069999998,19.95523730000008],[-75.10621529999997,19.955698100000063],[-75.10592479999997,19.95579850000007],[-75.10552419999993,19.95588360000005],[-75.10489739999997,19.95609900000005],[-75.10449499999999,19.956303800000057],[-75.10429029999995,19.95633950000007],[-75.10414529999997,19.956338300000027],[-75.10401079999997,19.95631560000004],[-75.10390739999997,19.956260000000043],[-75.10384619999996,19.956108700000073],[-75.10386379999994,19.955934700000057],[-75.10391589999995,19.955847000000063],[-75.10412379999997,19.955642400000045],[-75.10421889999998,19.95558550000004],[-75.10435099999995,19.955552600000033],[-75.10464059999998,19.955514600000072],[-75.10477089999995,19.95548210000004],[-75.10486399999996,19.955426200000034],[-75.10508049999999,19.955237500000067],[-75.10535439999995,19.95502010000007],[-75.10578739999994,19.954798500000038],[-75.10590389999999,19.95475650000003],[-75.10619269999995,19.954728200000034],[-75.10658299999994,19.95472220000005],[-75.10687499999995,19.954697200000055],[-75.10699329999994,19.954656900000032],[-75.10746779999994,19.95438070000006],[-75.10756619999995,19.954301500000042],[-75.10760189999996,19.95418760000007],[-75.10812169999997,19.954177800000025],[-75.10850349999998,19.954179700000054],[-75.10865529999995,19.954192000000035],[-75.10878929999996,19.954220700000064],[-75.10888879999999,19.954279100000065],[-75.10893539999995,19.95437510000005],[-75.10894169999995,19.95448870000007],[-75.10887949999994,19.95463680000006],[-75.10877299999999,19.95469170000007],[-75.10863299999994,19.954716700000063]]],[[[-75.11243999999994,19.955560800000057],[-75.11294769999995,19.955529400000046],[-75.11307719999996,19.95550490000005],[-75.11317729999996,19.95545110000006],[-75.11323429999999,19.95535090000004],[-75.11326039999994,19.955219700000043],[-75.11327229999995,19.954917200000068],[-75.11326459999998,19.954359400000044],[-75.11326659999997,19.954046900000037],[-75.11327729999994,19.953899000000035],[-75.11331629999995,19.953747500000077],[-75.11335069999996,19.95367790000006],[-75.11353079999998,19.953379100000063],[-75.11372309999996,19.953382600000054],[-75.11387759999997,19.95341810000002],[-75.11394369999994,19.95345270000007],[-75.11402479999998,19.953558800000053],[-75.11403749999994,19.95368170000006],[-75.11398589999999,19.95384800000005],[-75.11389449999996,19.953958900000032],[-75.11384519999996,19.954050600000073],[-75.11382479999997,19.95423050000005],[-75.11384649999997,19.954346900000075],[-75.11389829999996,19.95443400000005],[-75.11408969999997,19.954625300000032],[-75.11415809999994,19.954662100000064],[-75.11427189999995,19.954647000000023],[-75.11501229999999,19.954128000000026],[-75.11508679999997,19.95404160000004],[-75.11512609999994,19.953915900000027],[-75.11518809999995,19.953565900000058],[-75.11524429999997,19.953461300000072],[-75.11539359999995,19.95339880000006],[-75.11556599999994,19.953415300000074],[-75.11565349999995,19.953467000000046],[-75.11586049999994,19.953674300000046],[-75.11591779999998,19.953769200000067],[-75.11595409999995,19.95397310000004],[-75.11595299999993,19.954119400000025],[-75.11591369999996,19.954321100000072],[-75.11585519999994,19.954414100000065],[-75.11571639999994,19.954552200000023],[-75.11552159999997,19.954764900000043],[-75.11546919999995,19.954849800000034],[-75.11544729999997,19.954962400000056],[-75.11545399999994,19.955080200000054],[-75.11549039999994,19.95518620000007],[-75.11560689999999,19.955337300000053],[-75.11565219999994,19.95545670000007],[-75.11568769999997,19.95575320000006],[-75.11569709999998,19.95615820000006],[-75.11569209999993,19.956479400000035],[-75.11567899999994,19.956629500000076],[-75.11564849999996,19.95676190000006],[-75.11559269999998,19.95685530000003],[-75.11538909999996,19.95705890000005],[-75.11529669999999,19.957114400000023],[-75.11516709999995,19.957145000000025],[-75.11486569999994,19.957162500000038],[-75.11455179999996,19.957156100000077],[-75.11426179999995,19.957120200000077],[-75.11414439999999,19.957074700000078],[-75.11398949999995,19.956954100000075],[-75.11387109999998,19.95690970000004],[-75.11373339999994,19.956890400000077],[-75.11358979999994,19.956889300000057],[-75.11345289999997,19.95690680000007],[-75.11333739999998,19.95695130000007],[-75.11258809999998,19.957480700000076],[-75.11248489999997,19.957609900000023],[-75.11242009999995,19.957778500000074],[-75.11235969999996,19.95787430000007],[-75.11231579999998,19.957908900000064],[-75.11182909999997,19.958166800000072],[-75.11172029999994,19.958201200000076],[-75.11160179999996,19.958204000000023],[-75.11145399999998,19.958145600000023],[-75.11140759999995,19.958054600000025],[-75.11140019999993,19.957942600000024],[-75.11145899999997,19.957790500000044],[-75.11155339999993,19.957728900000063],[-75.11173199999996,19.957666000000074],[-75.11184119999996,19.957613800000047],[-75.11207779999995,19.95739160000005],[-75.11211259999999,19.957328200000063],[-75.11210499999999,19.957260200000064],[-75.11204409999993,19.957204800000056],[-75.11185899999998,19.95716260000006],[-75.11164099999996,19.957135700000038],[-75.11150679999997,19.95710370000006],[-75.11140989999996,19.957047800000055],[-75.11119899999994,19.956846900000073],[-75.11114579999997,19.95676030000004],[-75.11112379999997,19.95664540000007],[-75.11114529999998,19.956469800000036],[-75.11119729999996,19.956382400000052],[-75.11142249999995,19.956130700000074],[-75.11167609999995,19.955906800000037],[-75.11176309999996,19.955848400000036],[-75.11231319999996,19.955588100000057],[-75.11243999999994,19.955560800000057]]],[[[-75.10540729999997,19.957078100000047],[-75.10533799999996,19.95712400000008],[-75.10514249999994,19.957149100000038],[-75.10504559999998,19.957132900000033],[-75.10496839999996,19.95709110000007],[-75.10492459999995,19.957015600000034],[-75.10490919999995,19.956819300000063],[-75.10495709999998,19.956691100000057],[-75.10503109999996,19.956641900000022],[-75.10531109999994,19.95654600000006],[-75.10540099999997,19.956480400000032],[-75.10545699999994,19.95633950000007],[-75.10559329999995,19.956384600000035],[-75.10566319999998,19.95647020000007],[-75.10570189999999,19.95658530000003],[-75.10570639999997,19.956699400000048],[-75.10568049999995,19.956791500000065],[-75.10563169999995,19.956857900000045],[-75.10540729999997,19.957078100000047]]],[[[-75.11075719999997,19.959281000000033],[-75.11064899999997,19.959246300000075],[-75.11014669999997,19.959000400000036],[-75.11005839999996,19.95894110000006],[-75.10986019999996,19.958746400000052],[-75.10981869999995,19.95867570000007],[-75.10984759999997,19.95852720000005],[-75.11002739999998,19.95823000000007],[-75.11052739999997,19.958220700000027],[-75.11080719999995,19.958230300000025],[-75.11093009999996,19.958252900000048],[-75.11101249999996,19.958299100000033],[-75.11103769999994,19.95836460000004],[-75.11108009999998,19.95901850000007],[-75.11106859999995,19.959133700000052],[-75.11102149999994,19.95922580000007],[-75.11087469999995,19.959284100000048],[-75.11075719999997,19.959281000000033]]],[[[-75.11259239999998,19.960351100000025],[-75.11241749999994,19.960369700000058],[-75.11226419999997,19.96031000000005],[-75.11220689999999,19.960207000000025],[-75.11218219999995,19.96007220000007],[-75.11217879999998,19.959925700000042],[-75.11221219999999,19.959718500000065],[-75.11226799999997,19.95962170000007],[-75.11248259999996,19.95937900000007],[-75.11272229999997,19.959038500000077],[-75.11284549999993,19.959070500000053],[-75.11293789999996,19.959137700000042],[-75.11312499999997,19.959297700000036],[-75.11320079999996,19.95940310000003],[-75.11318299999994,19.959519300000068],[-75.11295149999995,19.96000420000007],[-75.11289029999995,19.960092600000053],[-75.11268049999995,19.96029850000002],[-75.11259239999998,19.960351100000025]]],[[[-75.11513509999997,19.95848220000005],[-75.11514779999999,19.958629200000075],[-75.11515239999994,19.95894400000003],[-75.11514639999996,19.959509000000025],[-75.11514889999995,19.95990610000007],[-75.11515789999999,19.96005690000004],[-75.11519669999996,19.960258300000078],[-75.11539879999998,19.960651900000073],[-75.11564089999996,19.961328800000047],[-75.11566179999994,19.961506800000052],[-75.11564069999997,19.961622700000078],[-75.11558929999995,19.96170980000005],[-75.11539749999997,19.961901700000055],[-75.11532869999996,19.961938900000064],[-75.11525089999998,19.961938700000076],[-75.11518179999996,19.961901200000057],[-75.11493959999996,19.96168650000004],[-75.11463559999999,19.961374200000023],[-75.11444289999997,19.961159800000075],[-75.11438419999996,19.961073600000077],[-75.11417079999995,19.960621900000035],[-75.11408619999997,19.96039650000006],[-75.11384759999999,19.959720300000072],[-75.11381719999997,19.959593100000063],[-75.11379589999996,19.959298500000045],[-75.11379279999994,19.958984900000075],[-75.11379539999996,19.958511100000067],[-75.11381249999994,19.958209800000077],[-75.11385289999998,19.95805880000006],[-75.11388789999995,19.957989300000065],[-75.11406979999998,19.957691000000068],[-75.11433499999998,19.957705000000033],[-75.11448959999996,19.957750100000055],[-75.11459569999994,19.95781990000006],[-75.11482789999997,19.958010900000033],[-75.11505049999994,19.95825990000003],[-75.11510529999998,19.958352300000058],[-75.11513509999997,19.95848220000005]]],[[[-75.13937849999996,19.956340300000022],[-75.13968449999999,19.95635770000007],[-75.13981539999997,19.956388600000025],[-75.13990769999998,19.956444500000032],[-75.14015589999997,19.95666790000007],[-75.14069179999996,19.957210000000032],[-75.14091449999995,19.957458900000063],[-75.14097259999994,19.957545200000027],[-75.14118389999999,19.957998000000032],[-75.14133169999997,19.958379600000058],[-75.14138989999998,19.958465700000033],[-75.14159459999996,19.958665300000064],[-75.14168719999998,19.958720800000037],[-75.14181729999996,19.95875250000006],[-75.14210459999998,19.958788600000048],[-75.14223469999996,19.958820200000048],[-75.14232789999994,19.958875200000023],[-75.14257999999995,19.959094700000037],[-75.14288029999994,19.95940070000006],[-75.14307139999994,19.959613900000022],[-75.14312949999999,19.959700100000077],[-75.14390929999996,19.961268800000028],[-75.14396239999996,19.961446700000067],[-75.14400709999995,19.962018000000057],[-75.14403619999996,19.96214290000006],[-75.14433019999996,19.96300400000007],[-75.14454499999994,19.963625900000068],[-75.14474709999996,19.96401970000005],[-75.14477849999997,19.96414930000003],[-75.14480119999996,19.964448900000036],[-75.14480109999994,19.964762300000075],[-75.14479229999995,19.964913400000057],[-75.14475229999994,19.96511380000004],[-75.14469599999995,19.965205600000047],[-75.14449309999998,19.965410400000053],[-75.14440629999996,19.965469300000052],[-75.14390839999999,19.965713700000038],[-75.14378859999994,19.965756500000055],[-75.14364909999995,19.965774500000066],[-75.14350389999998,19.965774800000077],[-75.14330349999994,19.965738600000066],[-75.14321129999996,19.965681800000027],[-75.14297749999997,19.965438600000027],[-75.14217079999997,19.964354800000024],[-75.14214289999995,19.964305700000068],[-75.14187889999994,19.963757400000077],[-75.14184809999995,19.963626500000032],[-75.14182109999996,19.963411000000065],[-75.14177829999994,19.963211200000046],[-75.14172249999996,19.963118700000052],[-75.14150049999995,19.962869100000034],[-75.14131939999999,19.962713300000075],[-75.14104749999996,19.962446300000067],[-75.14082499999995,19.96219720000005],[-75.14028949999994,19.961385200000052],[-75.14023049999997,19.961201600000038],[-75.14019279999997,19.960916000000054],[-75.14016049999998,19.96078650000004],[-75.14010499999995,19.960693900000024],[-75.13988379999995,19.96044340000003],[-75.13964389999995,19.96021170000006],[-75.13891149999995,19.959452300000066],[-75.13838449999997,19.958708700000045],[-75.13753999999994,19.957327000000078],[-75.13734599999998,19.95711380000006],[-75.13728729999997,19.957023700000036],[-75.13724679999996,19.956825800000047],[-75.13724399999995,19.95668020000005],[-75.13726399999996,19.956530300000054],[-75.13732649999997,19.956379800000036],[-75.13751579999996,19.956074000000058],[-75.13781789999996,19.956074900000033],[-75.13801449999994,19.95609010000004],[-75.13818449999997,19.95612550000004],[-75.13824479999994,19.956153500000028],[-75.13835429999995,19.956246100000044],[-75.13845059999994,19.95629800000006],[-75.13865809999999,19.956333200000074],[-75.13881289999995,19.95634000000007],[-75.13937849999996,19.956340300000022]]],[[[-75.14456719999998,19.97209890000005],[-75.14462309999993,19.97200730000003],[-75.14484709999994,19.971759700000064],[-75.14565749999997,19.97095310000003],[-75.14590769999995,19.970731400000034],[-75.14600009999998,19.970675500000027],[-75.14612919999996,19.970642800000064],[-75.14686049999995,19.970379000000037],[-75.14729339999997,19.970156100000054],[-75.14739969999994,19.97012040000004],[-75.14751819999998,19.970114700000067],[-75.14763139999997,19.970137500000078],[-75.14771689999998,19.970190700000046],[-75.14793059999994,19.970387000000073],[-75.14806859999999,19.970526600000028],[-75.14816119999995,19.970585500000027],[-75.14836069999996,19.970624800000053],[-75.14850359999997,19.970624500000042],[-75.14863749999995,19.970602600000063],[-75.14874409999999,19.970547900000042],[-75.14877929999994,19.970505400000036],[-75.14958019999995,19.969438600000046],[-75.14964229999998,19.969319600000063],[-75.14964309999993,19.96927930000004],[-75.15075269999994,19.969270100000074],[-75.15106459999998,19.969272600000068],[-75.15121279999994,19.969281600000045],[-75.15140859999997,19.969321600000058],[-75.15149879999996,19.96937740000004],[-75.15174709999997,19.969600700000058],[-75.15196849999995,19.96985090000004],[-75.15202669999996,19.969937000000073],[-75.15229279999994,19.97048230000007],[-75.15232229999998,19.970612600000038],[-75.15233549999994,19.970759000000044],[-75.15234049999998,19.971153300000026],[-75.15233339999997,19.97171940000004],[-75.15233439999997,19.972037900000032],[-75.15234249999997,19.972189600000036],[-75.15238169999998,19.97239010000004],[-75.15243809999998,19.97248120000006],[-75.15264329999997,19.972681600000044],[-75.15278839999996,19.97275940000003],[-75.15297049999998,19.972810800000047],[-75.15311639999999,19.972889400000042],[-75.15332229999996,19.97309020000006],[-75.15337499999998,19.973176100000046],[-75.15339669999997,19.973290200000065],[-75.15337469999997,19.973464700000022],[-75.15332229999996,19.973551400000076],[-75.15309579999996,19.973801300000048],[-75.15288574499994,19.974006855000027],[-75.15149899999994,19.974020000000053],[-75.14908599999995,19.97401700000006],[-75.14748399999996,19.974028000000033],[-75.14554999999996,19.974014000000068],[-75.14452479999994,19.97402849200006],[-75.14452439999997,19.97381930000006],[-75.14451659999997,19.972689200000048],[-75.14452239999997,19.972374600000023],[-75.14453609999998,19.97222800000003],[-75.14456719999998,19.97209890000005]]]]}}]}
