{"type":"FeatureCollection","features":[{"type":"Feature","properties":{"place":"south-ossetia","region":"area/south-ossetia","donors":"GE","rank":1,"whose_line":"Georgia's official administrative unit 'Provisional Administration' (დროებითი ადმინისტრაცია, adm1 GE48)","publisher":"National Statistics Office of Georgia, via OCHA's COD-AB on HDX (cod-ab-geo; 'modifications by OCHA')","source_url":"https://data.humdata.org/dataset/3ee95199-2dfe-40fc-b9bd-b44cc8c91024/resource/e5f2125c-d2aa-49ee-a7d1-1fa27fb030df/download/geo_admin_boundaries.geojson.zip","version_or_date":"COD-AB Georgia v01, valid_on 2019-10-18; HDX resource last_modified 2026-01-26; read 2026-10-04","feature_id":"geo_admin1.geojson adm1_pcode GE48","licence":"CC BY-IGO","notes":"South Ossetia's own line (it also claims Georgian-held Truso and other gorges, register area eastern-ossetia-claim) was not found as data. OSM relation 1152717 agrees with this outline to about 100 km².","input_sha256":"a746ea99257e3e949eb519c01fd4423464ab0236471e8e671358ec0329a0bc73","operation":"none (the source feature's geometry as published)","crs":"WGS84 longitude/latitude, as in the source (no reprojection)","source_features":[{"id":"geo_admin1.geojson adm1_pcode=GE48","adm1_name":"Provisional Administration","adm1_name1":"დროებითი ადმინისტრაცია","adm1_pcode":"GE48","valid_on":"2019-10-18","version":"v01","area_sqkm":3860.50159548}]},"geometry":{"type":"Polygon","coordinates":[[[43.782576011000174,42.683780991000106],[43.78322701900004,42.68466598300017],[43.78351800400003,42.68526397200014],[43.78345097800019,42.68583695000012],[43.78341498900011,42.68674598000001],[43.78334697800011,42.68758195100003],[43.78344299100013,42.688131986000144],[43.78357303200016,42.688323967000144],[43.78409397700017,42.688873966000074],[43.78454901100014,42.68935198500009],[43.78497199000009,42.689830968000194],[43.785688014000186,42.69050095500012],[43.78620802300014,42.69131398300004],[43.78659798600012,42.69181597900001],[43.787052016000075,42.69267697800012],[43.78724602300019,42.69334696400017],[43.78789500500005,42.69442295599998],[43.78844600400009,42.69564195000015],[43.78850800200007,42.69674198500013],[43.78834100400013,42.69781798500014],[43.7884050240001,42.69829594900011],[43.78899003300006,42.698941970000135],[43.78983599200018,42.69996996300006],[43.79100798900009,42.70097496100004],[43.791626019000034,42.70145395200018],[43.79289799600002,42.70202795100016],[43.793451010000126,42.70248296800003],[43.794003971000166,42.70322498300004],[43.79429498700006,42.70401394800007],[43.79484700500012,42.70496996200012],[43.79546498800016,42.7056159820001],[43.795560975,42.706309956000155],[43.79611398100013,42.706859966000025],[43.79679698900014,42.7075769490001],[43.79764399800018,42.70815196800015],[43.798424985000054,42.70894097700017],[43.79897701300007,42.709825963000185],[43.79959499800009,42.710710963000054],[43.800018007,42.71109398200019],[43.800571972000114,42.71140497800019],[43.801289017000045,42.711668959000065],[43.8020709810001,42.71212295200007],[43.80272201300011,42.712673956000174],[43.80363400400017,42.71343894800009],[43.804740023000136,42.714587967],[43.805683029000136,42.715807993000055],[43.805909993000114,42.71623798000019],[43.806266981000135,42.71702697000012],[43.80678602100011,42.717816973000026],[43.80730598300016,42.7185339940001],[43.807924013000104,42.71949099100016],[43.80844300300009,42.720422955000174],[43.809156982000104,42.72164295500005],[43.808665002000055,42.7221929750001],[43.80787902800006,42.722908962000076],[43.80709298300013,42.723649979000186],[43.80640599200018,42.72419899200003],[43.80607800800004,42.72470095500012],[43.80617299100004,42.725441961000115],[43.80630198800014,42.726039956000136],[43.80675602800005,42.72692397200012],[43.807144026000174,42.72800095800005],[43.80775999600013,42.729219989000114],[43.80801802000019,42.73019998100017],[43.80794998600004,42.731012952000185],[43.80788201000013,42.731825969000056],[43.807618987000126,42.73251898400014],[43.807323989000054,42.73290098100017],[43.80774603200007,42.7335709620001],[43.80829798500014,42.734311994000166],[43.80878400700004,42.735555962000035],[43.809205001000066,42.73665597600012],[43.8092989700001,42.73775596600018],[43.809069024999985,42.73823297500013],[43.80864297700009,42.73871095900006],[43.80782399600008,42.73945195100009],[43.80729897900011,42.74007298600003],[43.806578009000134,42.74100495700014],[43.80588902500017,42.742127990000085],[43.80546102300008,42.743035992000046],[43.80493801400007,42.74320298800018],[43.8040879940001,42.743512993000024],[43.802421979000144,42.74375097400008],[43.80091897500017,42.74405997800005],[43.79889299500019,42.74460797300003],[43.79716001200006,42.74527698000003],[43.79536201000019,42.74594496200007],[43.793777881000096,42.745423673000175],[43.7963488420001,42.739998084000035],[43.79438006600009,42.732161857000165],[43.792343160000144,42.724052332000156],[43.787710699000115,42.7193080670001],[43.787015043999986,42.71300433199997],[43.78306109100015,42.70976835500005],[43.781712649000156,42.70893930500017],[43.779975372000195,42.70805818400004],[43.77934072500017,42.707284653000045],[43.77897533900011,42.706034731000045],[43.778803919000154,42.704834820000144],[43.777136453000026,42.70371477200018],[43.774567145000105,42.702201689000105],[43.77210895000019,42.7016481820001],[43.769914423000046,42.700905777],[43.766712379000126,42.698547012000176],[43.76449596200018,42.696733973000164],[43.75791243600008,42.69238155300013],[43.75337620300019,42.689648524],[43.749703741000076,42.68705256700008],[43.747043736000194,42.68580943000018],[43.74464226100014,42.68463296900006],[43.74330439300013,42.683748518000186],[43.74267647400012,42.68333340400011],[43.738953148000064,42.683292471000186],[43.73504499400019,42.68382445800006],[43.73339868300013,42.683650882999984],[43.73098307300012,42.68339615400015],[43.730818344000056,42.68327089600007],[43.730666283000176,42.68315527100003],[43.73065795100001,42.68314895100002],[43.730648927000175,42.683142106000105],[43.730631613000185,42.68312894200005],[43.73044200200019,42.68298478100013],[43.73039098400005,42.68294599100011],[43.73025537500013,42.68284287200004],[43.73013020500008,42.682747690000156],[43.727792341000054,42.68272174500004],[43.72710763800018,42.682496192000144],[43.72658792600015,42.68232498900005],[43.725652454000056,42.681483888],[43.722795114000064,42.68145206000008],[43.72098861500007,42.68085682100008],[43.7188069340001,42.6816631260001],[43.71836651100017,42.682092405],[43.71783474400013,42.68261069700009],[43.71661598200018,42.68291655899998],[43.71523057500008,42.682901026000025],[43.71289931200016,42.68255534500014],[43.71096344500012,42.68209676200013],[43.71091704200012,42.682085784000094],[43.71091043600012,42.68205698300011],[43.710519821,42.68035602000015],[43.71099761200003,42.67818888100015],[43.71224405900006,42.67654151200003],[43.71340966500003,42.676152663000096],[43.71520879900004,42.67555245200009],[43.71768681500009,42.67296037000017],[43.7180777370001,42.67079218900011],[43.71637005600007,42.668247585000074],[43.71505332100014,42.66628539100009],[43.71199504900005,42.66343949900016],[43.71093974500013,42.66311972400007],[43.70958590200013,42.66270947400005],[43.707642664000105,42.660387213000035],[43.70653997100004,42.65928848600015],[43.70551281400009,42.65454838700009],[43.70315718900014,42.651262895],[43.7012158710001,42.6488766170001],[43.700990832,42.6472126970001],[43.697804948000055,42.646409748],[43.69440997200013,42.64732959000008],[43.69243566000006,42.64654026100004],[43.691342846000055,42.64499423200016],[43.69041377100018,42.64389733800016],[43.69041374800008,42.64389731800014],[43.68888031000006,42.64272959400017],[43.68888028100014,42.64272957500009],[43.68733617200019,42.642072912000174],[43.683879042000115,42.64184155300012],[43.68378934400016,42.64183314900015],[43.68154679400004,42.64162304299998],[43.679662055000165,42.64070673800012],[43.67792204500006,42.64113396500005],[43.67521118500014,42.64244451000019],[43.67303163600019,42.643186085000025],[43.67058429400004,42.64430788400017],[43.66779207200011,42.64536172200019],[43.666241290000016,42.64502417000011],[43.663932241000055,42.64371929100008],[43.66169886100016,42.6429264140001],[43.657658605000165,42.64293082100005],[43.652840526000034,42.64159628900012],[43.65284049600007,42.64159627600003],[43.650331797000035,42.64020356200007],[43.64839449400006,42.63907313900006],[43.64483667100012,42.63817912700017],[43.643143219000194,42.63645510100014],[43.64314319699997,42.63645507800004],[43.64020874400012,42.63343834900013],[43.638182532000144,42.63111392200011],[43.636883829000055,42.627179341000044],[43.636379618000035,42.62385059200005],[43.636409364000144,42.622487751000165],[43.63415295300007,42.62016050800008],[43.632571890000065,42.6186080600001],[43.63075463000018,42.6173083810001],[43.62777302100011,42.616505925000126],[43.625768374000074,42.613244335000104],[43.62488333100015,42.61152974099997],[43.62367618200017,42.61147272300008],[43.62246362600001,42.61141544300011],[43.617743324000116,42.611017803000095],[43.61419318000014,42.609867325000096],[43.611599678000175,42.60719475100012],[43.60732624100018,42.602286535000076],[43.60429921400009,42.60027118000005],[43.602894418000176,42.59933581400014],[43.598009538000156,42.59603857000013],[43.59107891100018,42.591437998000174],[43.58983251000018,42.590252511000074],[43.58983248700008,42.590252490000125],[43.58645082200013,42.587035830000104],[43.58293735900014,42.58435124500011],[43.58229141400011,42.58397475400011],[43.58228184799998,42.58396918300008],[43.58227228600009,42.58396361299998],[43.5815080700001,42.58351819900008],[43.58054779700012,42.582958489000134],[43.58013511700011,42.582322101000045],[43.580063935000055,42.58221233100005],[43.58005736200016,42.58220219999998],[43.58003404300007,42.58216626300015],[43.579656632000024,42.581584244000055],[43.579072561000146,42.58064489200012],[43.5783219760001,42.57943770600008],[43.578288779000104,42.578581515],[43.57828859500012,42.57857676700013],[43.57824926800015,42.577562434000185],[43.57826281900009,42.57696621200006],[43.57941531200015,42.57698050800013],[43.58079829500008,42.57699764900008],[43.58113139900013,42.576883579000025],[43.58439990200009,42.57576420000004],[43.58743283800004,42.57418288800011],[43.589779922000105,42.57233739500009],[43.59591248700008,42.57130513000004],[43.6008753860001,42.57102503600015],[43.603197246000036,42.57028658900009],[43.60503433700006,42.56921997900008],[43.60506569500018,42.56920176400013],[43.60506005700006,42.569183781000106],[43.60474279500011,42.568175436000104],[43.60161105000003,42.56724098800004],[43.59749880500004,42.56601381000013],[43.597322843000086,42.56596127800003],[43.59730038200007,42.565954565000084],[43.59729312100012,42.56593953600003],[43.597285607000174,42.56592398000015],[43.595648358000176,42.56252635500016],[43.59387942900008,42.5591818800001],[43.59373127400016,42.55551646600003],[43.593358421000175,42.55159271800011],[43.59337785300016,42.550727523000035],[43.59340433200015,42.54954851500014],[43.595429567999986,42.54659135600019],[43.59928807100016,42.54408262099997],[43.601943088000155,42.54385943500017],[43.60494367400008,42.54364042499998],[43.608973388000095,42.543774615000075],[43.61019592399998,42.54381458000012],[43.610223966000035,42.543815503000076],[43.61024835899997,42.54381629500017],[43.61311826800005,42.5439100590001],[43.614615721000064,42.54392817400009],[43.61700599400018,42.54003786800007],[43.61611464900005,42.53866389100017],[43.61185060500003,42.53427282700011],[43.60998202400009,42.532348370000136],[43.609919643000126,42.532284120000156],[43.60975657000006,42.53190151900003],[43.60808655699998,42.52798272800004],[43.60729125400019,42.52611632800017],[43.60718241800009,42.52586087100008],[43.60691130300012,42.52482411200003],[43.60648160600016,42.52318088200013],[43.606145829000184,42.52189669300003],[43.60610136100007,42.52172657100016],[43.60605167900002,42.521536494000145],[43.60555487000005,42.51963639200011],[43.60548390900016,42.51936500300013],[43.60535202300008,42.518507316000125],[43.605261998000174,42.51792161400016],[43.60526155600013,42.51791874500003],[43.60525769800017,42.51789374100008],[43.60488022200019,42.51543845300017],[43.60356874900015,42.5122700980001],[43.60120423000012,42.50985562600016],[43.60106740200018,42.509148258000096],[43.60079125300018,42.50772057500018],[43.60038016400017,42.505500348000055],[43.60039277900006,42.504934900000194],[43.60039321800019,42.50491522800013],[43.60039361900016,42.504897221000135],[43.600427672000194,42.50337091900019],[43.60139604200003,42.501252761000046],[43.60148669800009,42.50084907100006],[43.60154269100019,42.50059980100002],[43.60267425300003,42.49555991200003],[43.60307641200018,42.4930088210001],[43.6028452270001,42.49242783700015],[43.60253131700006,42.491638951000084],[43.60336917300015,42.49020076500011],[43.60336919100013,42.490200742000184],[43.60309023900015,42.48721534400005],[43.60177942100006,42.484046932000126],[43.60238326500007,42.48277629700004],[43.6027474820001,42.48192871200018],[43.599471468000104,42.479297009000106],[43.59822433200014,42.47829506900018],[43.59442453500009,42.47322168800008],[43.59255830800009,42.47024974100009],[43.591451059000065,42.46203074000016],[43.59130820300015,42.461076226000046],[43.59127250500006,42.46083754199998],[43.591546515000175,42.460767559000146],[43.5915154970001,42.46032553800006],[43.592307607000066,42.45604351400016],[43.59332670300017,42.451935422000076],[43.59338196200008,42.45168601100016],[43.59461590800004,42.446114365000085],[43.59488421100008,42.445178719000126],[43.595036926000034,42.44464587600004],[43.59539370100015,42.44340156100003],[43.59556380600009,42.44280832200002],[43.59599763700004,42.44129486800006],[43.59662710300006,42.43909923600012],[43.59529621600018,42.43861918100009],[43.61330964200005,42.42979430700018],[43.61130881700018,42.42683645800014],[43.61060729000013,42.42579922800013],[43.609870708000074,42.42471019200008],[43.60755772300013,42.42227010200014],[43.60577807000004,42.420771073000026],[43.60570910500013,42.42071286700019],[43.604652776000194,42.419822986000156],[43.60140772800008,42.41934494300011],[43.60024875200014,42.41823492900011],[43.59916346000006,42.41796892300016],[43.59742505500003,42.41754280800018],[43.596603972000025,42.417341520000036],[43.595540652000125,42.417080837000015],[43.59530777800006,42.41422779400011],[43.595356823000145,42.41203576100003],[43.596743783000136,42.410169418000066],[43.59732735800003,42.40938414300001],[43.59810191000014,42.4083417],[43.60010137800003,42.40690846299998],[43.60033304199999,42.406742479000116],[43.60050703900009,42.406617712000184],[43.60084379500006,42.40635426100016],[43.60147302400003,42.40586207500013],[43.60381919000014,42.40402675100012],[43.604508272000146,42.39965067500009],[43.60446569100009,42.39946121500003],[43.60445397100017,42.39940888400008],[43.60424239100007,42.39846772400017],[43.60426483400005,42.39843093800016],[43.60426502200011,42.398430670000096],[43.604265911000084,42.398428925000076],[43.604266678000045,42.39842722300011],[43.604267202000074,42.398425519000114],[43.60426766600011,42.3984237680001],[43.60426780400013,42.398423004],[43.60431736900006,42.39811367300007],[43.60431751300007,42.39811268500017],[43.60431761200016,42.39811093000014],[43.6043175910001,42.39810917300008],[43.60431749300005,42.398108091000154],[43.60429882900013,42.397952469000074],[43.60429872200001,42.39795179200013],[43.60429833600017,42.39795003200015],[43.60429788800013,42.397948315000065],[43.604297197000164,42.397946596000054],[43.60429638400018,42.3979449200001],[43.60429544700003,42.397943332000125],[43.604294682000045,42.397942197000134],[43.60409727500013,42.397666512000114],[43.60409698100011,42.397666058000084],[43.604095738000126,42.39766455700004],[43.604094373000066,42.397663100000045],[43.604092886000046,42.397661686000106],[43.6040912740001,42.39766040500007],[43.60408960000012,42.39765916900012],[43.60408774300009,42.39765802100004],[43.60408582200017,42.39765696200004],[43.60408383900011,42.397655992000125],[43.60408269499999,42.39765552800009],[43.60405746800012,42.397645224000144],[43.603977512000085,42.39761264000009],[43.60394362100004,42.39756021900013],[43.60394526200008,42.39748621100006],[43.60395630000011,42.39741578500008],[43.603999181,42.39738609300014],[43.60398897100009,42.39733143900003],[43.60398690300008,42.39732060600011],[43.60387609600008,42.396838167000055],[43.603506938000066,42.395196101000124],[43.60347940200012,42.3950735570001],[43.603534780000075,42.39505005100011],[43.60411983900008,42.39198106700019],[43.60655034200016,42.38744834300013],[43.60764914800012,42.38539886900003],[43.60806365000013,42.384625756000105],[43.60887995900009,42.38310301100012],[43.608949576999976,42.382973136000146],[43.60929544500004,42.38232796900013],[43.60931805900009,42.38228578100018],[43.60985458500011,42.38128485300018],[43.60996226800006,42.38108397800016],[43.61112399300015,42.37891675900016],[43.61097011500004,42.37310217300006],[43.610922459000165,42.37129943800005],[43.61089832100015,42.370388746],[43.610869115000185,42.36928373600006],[43.61084920700017,42.369272282],[43.61044117800003,42.369025350000186],[43.610053466000124,42.36884309900012],[43.609402994000106,42.36873839800006],[43.60866725000017,42.368551965],[43.60793115400003,42.36838168900016],[43.60704274900013,42.36820951200019],[43.60628921000006,42.36784534300017],[43.60606894800014,42.36766772600015],[43.60588299300014,42.36751772400015],[43.60574067300007,42.367064125000184],[43.60587689900012,42.366807584000185],[43.606291670000076,42.366748101000155],[43.60689651000001,42.36694912399997],[43.60754381300006,42.367199020000044],[43.60804563900018,42.36714054300012],[43.608148959000175,42.36699333600012],[43.60829271600011,42.36678853300015],[43.608169323000084,42.366464310000026],[43.60791195100012,42.36646857000005],[43.607364067000105,42.36573437800001],[43.6074029130001,42.365696575000186],[43.60818855600019,42.36559318400009],[43.60720958100012,42.36494890300014],[43.60452726900019,42.364773314000104],[43.60326625400006,42.36474242100013],[43.60331028100006,42.364673658000186],[43.60341131100006,42.36436427700011],[43.60341384300011,42.36424997900002],[43.603365697000186,42.36418401000003],[43.60326780500009,42.36412972800014],[43.60307071400001,42.36403091800014],[43.602941471000065,42.363941942000054],[43.60283950400009,42.36382227200011],[43.602785685000185,42.36374380600017],[43.60274345400012,42.363682231000155],[43.60274888100014,42.36360174000015],[43.60275169200008,42.363559807000115],[43.60297653100014,42.36310509600008],[43.602998471000035,42.36286026900018],[43.60295590900006,42.362794413000074],[43.60284715400019,42.36273180300003],[43.60272771300015,42.36265276100005],[43.602565531000096,42.362516012000185],[43.60251264700014,42.3624173390001],[43.60237742000004,42.36230541400016],[43.60221983400015,42.362186011000176],[43.60202559300018,42.36202743600012],[43.601879472000064,42.36191128000007],[43.60172800800012,42.36178690800011],[43.60171115500009,42.36171181800012],[43.60168291400015,42.36158624799998],[43.60167346600008,42.361516697000184],[43.60161415500005,42.361458787],[43.60148346000017,42.36139185500019],[43.60131965300019,42.36132857200016],[43.60113372200016,42.361269116000074],[43.60099179900004,42.36121019700005],[43.600718427000174,42.361121079000156],[43.60063062400013,42.36110776000004],[43.60057113199997,42.361058042000025],[43.600512276000075,42.36097969300016],[43.600441617,42.36093798900009],[43.60032179000012,42.36087933800013],[43.60023555700019,42.36079255000004],[43.600198282000065,42.3607349080001],[43.600137856,42.360730072000024],[43.599863338000034,42.36068997600012],[43.59975486200011,42.36061511800011],[43.59970189300009,42.360520540000095],[43.59964910600007,42.36041776900004],[43.59953465300009,42.36036328100016],[43.59939279400004,42.36030436100009],[43.599306292000165,42.36022977100015],[43.599236633000146,42.36014313900006],[43.59913965800001,42.360048023],[43.59903014600019,42.360008950000065],[43.59899755800018,42.359997295000085],[43.598854521000135,42.35999144900012],[43.5987387080001,42.35999818400006],[43.59861109200017,42.36004156299998],[43.598471612000026,42.36012154100007],[43.59823388700016,42.360163573000136],[43.597926353000105,42.360123068000064],[43.59761877800014,42.36006531600009],[43.5975810490001,42.36002545399998],[43.59698741000011,42.359524534000116],[43.596935878000124,42.35948837600017],[43.596716107000134,42.35927756000012],[43.59666020300011,42.35915687300019],[43.59661339000007,42.35903422600006],[43.596539273000076,42.35883987300008],[43.59642752800016,42.35866392600013],[43.59634716000011,42.35856225700019],[43.59631503600008,42.35852160700017],[43.596165641000084,42.358378835999986],[43.59608449300009,42.35830129300007],[43.59604932400015,42.35821201900018],[43.59604427300013,42.35806799900013],[43.59608186000014,42.357934137000086],[43.59610256600007,42.35786040800008],[43.59610522500003,42.35774097800015],[43.596051601000056,42.35755344900019],[43.595927682000195,42.35726460000018],[43.59592247400013,42.35707037000009],[43.595917968000094,42.35690190600019],[43.595915398000045,42.35680740300012],[43.59585158300018,42.35651865900019],[43.595779201000084,42.35643199200007],[43.59570069600005,42.35638861199999],[43.595677186000046,42.35637562600016],[43.5954641510001,42.35629642100008],[43.595213691000026,42.35613399400006],[43.595248341,42.356020224000076],[43.595325489000174,42.355895583000176],[43.59555230900014,42.355723739000155],[43.59582363300018,42.35559535200008],[43.59611375100002,42.355549913000175],[43.59575258000007,42.35526365100009],[43.59561090300019,42.35515636700012],[43.59500849500006,42.35470017900019],[43.594612082000026,42.35441573300011],[43.59412340900019,42.354103407000025],[43.59368316600012,42.353843727000026],[43.593296099000156,42.353606177000074],[43.59274644800007,42.35343705500014],[43.592373707000036,42.353278749000026],[43.59218186300012,42.35319732100004],[43.59172952600011,42.35292528200017],[43.59172008400003,42.352915845000155],[43.59148711700004,42.352683334],[43.59138515600006,42.352440094000144],[43.59128841100011,42.35215094300014],[43.59122563900007,42.35201233700019],[43.591044388000114,42.35161187],[43.590841748,42.351353703000086],[43.590835550000065,42.35134583700011],[43.59062912000019,42.351159535000136],[43.59017917699998,42.35088995000012],[43.58961809900012,42.350847746000056],[43.58886019300013,42.3508498110001],[43.588654685000165,42.350804413000105],[43.588502684000105,42.35076881500015],[43.58841483900005,42.350636023],[43.588301898,42.35051516900012],[43.588023398000075,42.35022683900007],[43.587844356000176,42.34992136100004],[43.58776530200004,42.34958037100006],[43.587802568000086,42.349163138999984],[43.58756794900012,42.34898670500013],[43.58753221000012,42.34897784500015],[43.58724352700011,42.348906113000055],[43.586536711000065,42.34875038000007],[43.586263761000055,42.3487351710001],[43.586073205000105,42.34872453600002],[43.5858541610001,42.34829500100011],[43.58563389900013,42.347863064000194],[43.585965614000145,42.347135971000114],[43.58602527300019,42.347114822000094],[43.58607487900002,42.34710075500004],[43.58679064500012,42.346831704000124],[43.58746073800006,42.34683996300015],[43.588647189000085,42.34667909700016],[43.589472959000034,42.34633825600014],[43.589531901999976,42.34634632100017],[43.58957134800005,42.34634680700003],[43.59039798500015,42.345969406000165],[43.59056893200017,42.34582223600006],[43.590799973,42.34562339000013],[43.59105474700016,42.344807573000026],[43.59142713400013,42.344022425000105],[43.592162223000116,42.34358660900011],[43.59215118500009,42.343431167],[43.59344640900014,42.342107038000165],[43.59407326900015,42.33651586299999],[43.60254755000011,42.334241155000086],[43.60504176400008,42.33259850700006],[43.60776405800004,42.329295635000165],[43.60947295400007,42.324610297000106],[43.61118676600012,42.31968673700004],[43.61157305299997,42.314564032000135],[43.62309161200011,42.31637092900013],[43.64012890700019,42.315051821000054],[43.65537761500008,42.30793766800002],[43.66456421600003,42.301418008999974],[43.661018082000055,42.30142127199997],[43.65808479500009,42.29943300200017],[43.65621020100008,42.29609775400007],[43.65568336100017,42.29396770200003],[43.64301271200014,42.287191812000174],[43.63672498900007,42.2869473290001],[43.633881792000125,42.28614888300012],[43.63226314100001,42.282588438000175],[43.63213434700003,42.28230501500008],[43.63251612099998,42.28052548500011],[43.63126891500019,42.28000082000011],[43.62983904900017,42.28095553300017],[43.629643754000085,42.281085903000076],[43.62600728200016,42.28095376699997],[43.62267051200007,42.280832456000155],[43.61998836100014,42.277260003000094],[43.619001773000036,42.27594581500006],[43.61764985000019,42.274994975000084],[43.61170470300004,42.274838223000074],[43.609897249000085,42.27379684800013],[43.610787355000184,42.26972972699997],[43.610288370000035,42.26641037700017],[43.6076935160001,42.259582391000095],[43.604492061000144,42.259543475000044],[43.60525773300009,42.253110661000164],[43.60674342700008,42.252581201000055],[43.60784721800019,42.25028330700019],[43.6106049440001,42.24454127900009],[43.608986465000044,42.24338442300012],[43.60943029400005,42.24124177900012],[43.61009802100017,42.23922820000007],[43.6115944280001,42.23819334100011],[43.61167692100008,42.237015],[43.609791052000105,42.235138892000066],[43.60722160700004,42.23342300100012],[43.60622244300015,42.23180296500004],[43.606017671000075,42.23147090400016],[43.60520116499998,42.228660097000045],[43.6038184840001,42.2219674480001],[43.603714834000016,42.217670072000146],[43.60281966000002,42.214584500000115],[43.60223794300015,42.213318679000054],[43.601837101,42.21244637400014],[43.601775255000064,42.212311835000094],[43.60185634600009,42.20991806400019],[43.60275383100003,42.21022309500012],[43.604164898000136,42.21030327400007],[43.60732741900006,42.21040476300004],[43.61143141100018,42.210097388000065],[43.61873955800007,42.2071670680001],[43.62293331200016,42.20569880100004],[43.62531271600005,42.2048656880001],[43.62586924699997,42.20467080100008],[43.62746167800003,42.204113164000034],[43.6278071590001,42.20399220300004],[43.62772633300017,42.20338080300007],[43.62729052000009,42.20008476200013],[43.62641175800019,42.19409347000004],[43.618232133000106,42.18917853100004],[43.61708302300008,42.188487963000114],[43.613829370000076,42.187856716],[43.613667535000104,42.18781445800005],[43.61366043100003,42.187812571000165],[43.613505197000165,42.18778962000016],[43.61268048200003,42.18762726500012],[43.61041158800009,42.187180475000105],[43.603707051000185,42.18585999300012],[43.605263741000044,42.1825332520001],[43.60608464900008,42.18077879800006],[43.60629421800013,42.180330994000144],[43.60874348500016,42.17562846200008],[43.610408205000056,42.17448518500004],[43.61338629700009,42.17243981800004],[43.613856938000026,42.172116558000084],[43.61446555100002,42.172261120000144],[43.61743585000005,42.17296661000006],[43.620130803,42.173564917000135],[43.622657576999984,42.173504729000115],[43.622851745000105,42.173495129],[43.62296761500005,42.17348940600016],[43.623082455000144,42.173483757000156],[43.626708665000194,42.17330432700004],[43.629297226,42.173199522000175],[43.63126614300012,42.17360777500011],[43.63569200800015,42.17295887900008],[43.638482007000164,42.171973525000055],[43.6402057570001,42.171043374000135],[43.64079742300004,42.16899077100004],[43.64297444800013,42.16820171500012],[43.64719458700017,42.167187802000115],[43.65119166900013,42.16664640900018],[43.65484205500019,42.166666624000186],[43.655176599000185,42.16663835000014],[43.655277199000125,42.166629848000184],[43.659779538000066,42.166249118999986],[43.65838836100016,42.165811863000044],[43.65785136800008,42.165530173000036],[43.65748936400013,42.16534027500012],[43.65710713100003,42.16505953700016],[43.657076704000076,42.16497848600011],[43.656868917000054,42.16460621500016],[43.656712898000194,42.16420460500012],[43.65666169800005,42.164032663000114],[43.656620187000044,42.16392342700016],[43.656530827000154,42.163827186000105],[43.65631867400009,42.16366150900012],[43.656038226000135,42.16341676900015],[43.65585605000018,42.16302745900009],[43.65585745200008,42.162961235000125],[43.65590091600012,42.162797967000074],[43.65595217600014,42.162646724000126],[43.65593136799998,42.16249166400007],[43.655901433999986,42.16239607400013],[43.65578452800008,42.16224884900015],[43.65560366500017,42.162097857000106],[43.65526898500019,42.16190223800015],[43.65515983900019,42.16187164400009],[43.65504898400019,42.16184174900019],[43.654936135000185,42.16172316600006],[43.654907638000054,42.16161696400019],[43.65492803000012,42.161562896000135],[43.65502933100004,42.16151518100003],[43.655173335000086,42.161477332000175],[43.655651439,42.16143659900007],[43.655706132000034,42.161431927000024],[43.65586861800011,42.161401589000036],[43.65595297100009,42.16137677400019],[43.65602354400016,42.16131955700018],[43.656051520000176,42.16122739100018],[43.65604160100014,42.16114986700018],[43.65598861500001,42.16105675300008],[43.6559091040001,42.16094148800005],[43.65599983100009,42.16055830300007],[43.65654361800006,42.1602418920001],[43.65752918700014,42.15954644600009],[43.65778147900005,42.15912980100018],[43.65790741800009,42.15877228900007],[43.657929367,42.158644388000084],[43.657930264000186,42.158639175000076],[43.65791622500018,42.158432904000165],[43.65795924200012,42.15812143400012],[43.658266034000064,42.157562588000076],[43.65826724400017,42.15755972000005],[43.658468144000096,42.15683063300003],[43.65850884500003,42.15664008800013],[43.658700838000186,42.1562722700001],[43.658702124000115,42.15626868200013],[43.65878669300008,42.15578617500012],[43.65884757800006,42.15547657900004],[43.65889116000011,42.15540454400008],[43.659033819000115,42.15523473400003],[43.659101732000124,42.15517406100008],[43.65914859700018,42.15515862200016],[43.65931872300007,42.155089507000184],[43.65956915400005,42.15494599300001],[43.65982883200007,42.15482312100016],[43.659833234000075,42.1548209660001],[43.65983618100006,42.15481897400008],[43.65983901900012,42.15481644000005],[43.65984175500017,42.15481296000013],[43.659843331000104,42.154809961000126],[43.65988374799997,42.15468421200012],[43.65988426500013,42.15467980500006],[43.65988397199999,42.154676469000094],[43.65988318400014,42.15467366800016],[43.65983608200014,42.15456270200019],[43.65981405800011,42.15451083900007],[43.659836109000025,42.154248791999976],[43.65983363200013,42.15367209800007],[43.6597451560001,42.153107097000145],[43.659717468999986,42.152930703000095],[43.65983173000012,42.15224212000004],[43.66076004400003,42.15131541800014],[43.66139077800017,42.150759263],[43.66310463000002,42.149304081000025],[43.66315856300014,42.14926882000009],[43.665013496000086,42.148056079000185],[43.66530795200009,42.14786010800003],[43.66578110900008,42.147657885000115],[43.66616433200005,42.14748784600016],[43.666556417000095,42.14742593900007],[43.667271176000156,42.14741762800003],[43.668119883000145,42.14744513700009],[43.66837640700004,42.14745023200004],[43.66861517200016,42.14743647700004],[43.668925421000154,42.14728607100005],[43.66913058300008,42.14718659200008],[43.67000743900019,42.146895504000156],[43.67050903100011,42.146773385000074],[43.67093776800016,42.146691714000156],[43.671088403000056,42.146710886000164],[43.67301486200006,42.147335385000076],[43.67415721600008,42.14807413300008],[43.67479169600017,42.14824497100017],[43.67600536800006,42.14857159000013],[43.67636224600005,42.14863100700012],[43.67761451900003,42.14883953200007],[43.678269446000115,42.149226603000045],[43.67832480200008,42.14925934600018],[43.678397015000144,42.14930201100003],[43.67862484300014,42.149270277000085],[43.67997821100005,42.14908195800007],[43.68157346300006,42.14880805300004],[43.683038830000044,42.148490890000176],[43.684883909000064,42.14807386100006],[43.68550026600013,42.14793461900007],[43.68741147700007,42.147744812999974],[43.687636559000055,42.14772253100011],[43.68816900800016,42.14774582300009],[43.68866064900004,42.14776733999997],[43.68874009100006,42.147770814000125],[43.68878712700007,42.14777288300019],[43.68892575500013,42.14777897100015],[43.68905484500016,42.14780161100009],[43.689084448000074,42.14780685700015],[43.689122129000054,42.147766715000046],[43.689161517000116,42.14772884400003],[43.689195130000144,42.14772157200014],[43.68925689800011,42.147722278000174],[43.68939745500012,42.14776986100014],[43.68953005200012,42.14783072600011],[43.68960909900005,42.14786801400015],[43.68969374,42.14788050900006],[43.689770996,42.14788139100011],[43.690137748000154,42.14782042000013],[43.690264338000134,42.14779700800017],[43.690382554000166,42.1478040770001],[43.690470450000134,42.147787833000166],[43.69051921400012,42.14779415400011],[43.69060793200015,42.14785839000007],[43.690679137000075,42.147917968],[43.69071929100005,42.14795156900004],[43.690790712000194,42.14798305100015],[43.690886094000064,42.14797648400008],[43.691001906000054,42.14797397800004],[43.69105815300003,42.147969531000115],[43.69108700400017,42.14796724800004],[43.69112560200017,42.147967689000154],[43.691127414000164,42.148006031000136],[43.69112666500018,42.148042407000105],[43.69113848400019,42.14809432800007],[43.691160746000094,42.14813281300013],[43.691208961000086,42.148171685000136],[43.691329148000136,42.14820944100006],[43.69142405600019,42.148225879],[43.69148046400005,42.14823417800005],[43.691523417000155,42.1482729440001],[43.69166543299997,42.148376109000026],[43.69171873200003,42.148414948000095],[43.69180126600014,42.14840638700019],[43.691909001000056,42.14842292600008],[43.69198607900006,42.14842956899997],[43.692219403000195,42.14834793100016],[43.69228207800012,42.14830460600007],[43.69234723700009,42.14826702700003],[43.692432450000126,42.148248860000024],[43.692476487000135,42.148237879000135],[43.69254611900004,42.14823290900006],[43.69266733100011,42.14822087100015],[43.6927056130001,42.148236663000034],[43.69275654600011,42.14826403700016],[43.69280263000019,42.148274154000035],[43.69298019400014,42.14827617700007],[43.69307802000009,42.14827729100017],[43.69315976700017,42.14830695200004],[43.69320035500016,42.148334208000165],[43.69324267800005,42.14840363300016],[43.69332834700009,42.14849273400017],[43.69347090100018,42.14857289200006],[43.693591128000094,42.14860880000015],[43.6937577970001,42.148637446000066],[43.69394170700002,42.14867808700012],[43.69423473900014,42.14870033500017],[43.694382995000126,42.14868567700006],[43.69445585400001,42.14860905300009],[43.694445826000106,42.14856404300008],[43.69452373300004,42.14850382200018],[43.6946989760001,42.148509869000065],[43.69496699000007,42.148533317000044],[43.69521835900014,42.14856877900013],[43.695342893000145,42.148639543000115],[43.69548369400019,42.14872269600016],[43.695619097000076,42.148797636000154],[43.695717039000044,42.1488667910001],[43.695776368000054,42.14885963000012],[43.6958896810001,42.148855155000035],[43.695953855000084,42.14886547600008],[43.69601718300015,42.148914064],[43.69605469900006,42.148934799000074],[43.696116451000194,42.14896882400012],[43.69628089400004,42.148982176000175],[43.696562555000185,42.14905436400011],[43.69664497300005,42.1490514730001],[43.69671742200012,42.1490331120001],[43.69686734099997,42.14900225800005],[43.69699098000018,42.14900177100009],[43.697088355000176,42.149022015000185],[43.69719567800007,42.149038095000094],[43.69721929400009,42.149016703000086],[43.69730757899998,42.14893719000014],[43.697355807000065,42.14853295400013],[43.69738681000007,42.147994871000094],[43.69758496700001,42.147573829000066],[43.697721585000124,42.147241160000135],[43.698048522000136,42.14638527400007],[43.69821132600009,42.14622433500011],[43.69840501200014,42.146032809000076],[43.69759440700011,42.14565228300006],[43.697945142000094,42.14509927600005],[43.6984467850001,42.14448110900014],[43.698883418000094,42.14411473600012],[43.69981730400008,42.14382825500013],[43.70076410700017,42.143400829000086],[43.70178704799997,42.143152491000194],[43.70308494699998,42.143122590000075],[43.70427628900018,42.14293552900017],[43.7061585350001,42.14263372100004],[43.70630176200018,42.14261263999998],[43.7068300630001,42.142534842000146],[43.70688808000017,42.14252630900006],[43.707018622000135,42.14250710800013],[43.70704350500017,42.142503428],[43.70706832600018,42.14249978900017],[43.70822038400007,42.14233016600008],[43.70920984100019,42.141762024000116],[43.71017448700002,42.14045094200003],[43.71056563800016,42.14022221400012],[43.71058682100005,42.14020984100006],[43.71077321500019,42.14010080300011],[43.71134584400005,42.139765989000125],[43.71317242600003,42.139251748000106],[43.7153278290001,42.13881766900016],[43.715582894000136,42.13842947500018],[43.715928827000084,42.13813425100011],[43.716488804000164,42.137956475000124],[43.71692978200002,42.137547347],[43.71730249600017,42.13745951600015],[43.7178204170001,42.13783334500005],[43.71787453700017,42.13785583500015],[43.71797245700009,42.137896512000054],[43.71861740300017,42.138164312000185],[43.719172677000074,42.13821653500014],[43.72088738100001,42.13756510800016],[43.72181959300008,42.137093395000136],[43.722270507000076,42.13716605400003],[43.72272202500011,42.13723876400019],[43.72281049700018,42.137234886000044],[43.72326381800008,42.137214939000046],[43.72337669500013,42.13720993600009],[43.72556626900007,42.13711350700004],[43.72802518800006,42.13700516300008],[43.728598853,42.13730836700017],[43.7286460900001,42.13733334300008],[43.728475430000174,42.13748064000009],[43.72825644200003,42.137669595000034],[43.72805099400006,42.137853025000084],[43.72745430000009,42.13834323600008],[43.72729863100005,42.138451701000065],[43.726795769000034,42.138817988000085],[43.726537686000086,42.139009883000085],[43.72642113000006,42.138996070000076],[43.72496143200004,42.13882314800014],[43.724642718000155,42.13846944300013],[43.72422754000007,42.138722765000125],[43.724249304000125,42.138874312000155],[43.72423368500017,42.138983293000194],[43.72417826100019,42.139010506000034],[43.72292887800012,42.139256209],[43.72189040800015,42.139504699000156],[43.72074019100012,42.139926834000164],[43.72066375300017,42.139954892],[43.720658511000124,42.13995681500006],[43.72059513800008,42.13997006700009],[43.719576784000026,42.140183096000044],[43.71851862600005,42.14078239700018],[43.718060972000046,42.14123471000005],[43.71714988700006,42.14192926200013],[43.71669077900009,42.142455719000054],[43.7165633780001,42.14268201600004],[43.71658271400008,42.14287203800012],[43.71655013300017,42.14296930100011],[43.71653764300004,42.1430064920001],[43.71652508800014,42.14304390700005],[43.71630498800005,42.14323125100009],[43.716029350000156,42.14348695900014],[43.715775251000025,42.1438234690001],[43.7155500880001,42.14425802000005],[43.7154245750001,42.144348658000126],[43.715182633000154,42.144466677000025],[43.714900637000085,42.1446533240001],[43.71436108900008,42.144963622000034],[43.71420507000005,42.1450366250001],[43.713988270000186,42.14505725000009],[43.71365497900007,42.145105253999986],[43.71344662200016,42.14509139000012],[43.71317567900019,42.14511136200014],[43.71293477700016,42.14517769200012],[43.71212071800005,42.145686143000034],[43.71188370900006,42.14594232000019],[43.71158195600003,42.14634150900008],[43.71157316300014,42.1463931510001],[43.711502467000116,42.14653136700014],[43.711490559000026,42.14655460500012],[43.71147865100011,42.14657784200017],[43.71140801800004,42.14671587900011],[43.71094709700003,42.147038302000055],[43.710485100000085,42.14741348700011],[43.71053032800006,42.14798462800002],[43.71265346000007,42.14832549199997],[43.71331593700006,42.1485653740001],[43.712720842000124,42.14990071200015],[43.71339739900009,42.150151335000146],[43.71420131100018,42.15042454500019],[43.714791351000144,42.150737592999974],[43.71556284400009,42.151211179000086],[43.71583149300005,42.151267008],[43.716757744,42.15110832600004],[43.717199602000164,42.15102870000004],[43.71752613000018,42.151032351000026],[43.717665720000184,42.15115018100005],[43.717811913000105,42.15164846200014],[43.717873385000075,42.151792979000106],[43.7179610340001,42.151998804000186],[43.717949176,42.15328786400005],[43.71770405700005,42.15488070700013],[43.717686784000136,42.15494490800006],[43.71751980800019,42.15556550500014],[43.71699435300013,42.15626765100012],[43.716518744000155,42.15661100600005],[43.715714862000084,42.15703525100008],[43.71523277500006,42.15699810600012],[43.71470395400007,42.157218823000164],[43.71413946300004,42.15734777000006],[43.713688858000125,42.15756404500013],[43.71285558000011,42.15791125400017],[43.71230728900014,42.15805266700005],[43.711875496000175,42.158158505000074],[43.71084166600008,42.158614132000025],[43.71075801300003,42.15866236600016],[43.710961840000095,42.15920565800013],[43.71167389700014,42.159951399000136],[43.712590683000144,42.16037975900019],[43.71275525500005,42.16040331100004],[43.71287082500004,42.160419828000045],[43.713566006000065,42.160366114000055],[43.71414505200005,42.16033572600003],[43.71483898700018,42.16034350200016],[43.71520421500003,42.16026153900003],[43.71639732900013,42.16010278800013],[43.71704151800003,42.160122243000046],[43.71735420400017,42.16018720700009],[43.71751815600004,42.16025055200009],[43.717684404000124,42.1602031920001],[43.71791815600011,42.16008287000005],[43.71863239000004,42.159906404000026],[43.71918087200015,42.159752669],[43.719692781000106,42.1597706770001],[43.72030733499997,42.15961772000014],[43.72082178200003,42.15951277200014],[43.72118749200007,42.159406208000064],[43.72162107200006,42.15921430100008],[43.72211794300006,42.15915836900007],[43.72263114600014,42.159114866000095],[43.723197861000074,42.15887526100005],[43.72435221500018,42.15899874500019],[43.72453995300009,42.15901402700018],[43.72488014500016,42.15904154000009],[43.7253207600001,42.158977855000046],[43.72566790800005,42.15874322800005],[43.725881964,42.1585417500001],[43.72589808200013,42.15854985500016],[43.72591384100008,42.15855777500008],[43.726989433000085,42.15884535100008],[43.72735228300007,42.15892912700008],[43.72792166300013,42.159090259000095],[43.728620567,42.159263451000015],[43.73042251400017,42.15978172000018],[43.73070620700014,42.159865600000046],[43.731101509000155,42.15997363500003],[43.731221934000075,42.16001387300014],[43.731221255000094,42.16016598100009],[43.73144237700012,42.16021917600017],[43.731569127000114,42.160212472000126],[43.73183770100013,42.160338376000084],[43.73201305300006,42.16041042799998],[43.73237890400003,42.16066002500014],[43.73233650900016,42.16097670900007],[43.73160526200019,42.16082142000005],[43.7316088340001,42.16087896400006],[43.731551413000034,42.16095988000018],[43.73029794100006,42.161659168000085],[43.72966145900017,42.16208248200013],[43.72923261800014,42.162040852000075],[43.72909958800017,42.16210102600007],[43.72864888500004,42.16230488500014],[43.728300428000125,42.162374783000075],[43.728012632000116,42.162715899000034],[43.72780768000018,42.16304563900019],[43.72784960500019,42.163427246000026],[43.72782809800009,42.163672921],[43.72761142300004,42.16376891100015],[43.72711051600004,42.164021561000084],[43.72647596200011,42.164346486000056],[43.72599951500007,42.165029718000085],[43.72600956000008,42.16534959400008],[43.726034275000075,42.165767936000066],[43.72590974800016,42.16620920600019],[43.72582436900012,42.16634348600007],[43.726006031000054,42.16640323300015],[43.72610032100005,42.16643422600015],[43.72622245100001,42.16647439899998],[43.72625853200009,42.16648623700007],[43.72636623100004,42.166521656999976],[43.728033703000165,42.16743776000004],[43.72816949200012,42.16751843000014],[43.7283187430001,42.167607039000075],[43.72851214000019,42.16772189500017],[43.72854007600006,42.16773846100011],[43.73039201600017,42.16687366499997],[43.731702410000025,42.16746608800008],[43.731849926000166,42.16670539100011],[43.73171216700001,42.16615052800012],[43.731879892000165,42.16602944700014],[43.731952851000074,42.16568594800003],[43.73217922200007,42.16511052300012],[43.73272346400012,42.164341915000136],[43.73326223800012,42.16384374400019],[43.733586975000094,42.163306283000054],[43.73431233300005,42.16340038800013],[43.73473873700016,42.16356490600003],[43.736026677000154,42.16413766900013],[43.73690899600007,42.16452997000016],[43.73695039400013,42.164548394000064],[43.739374121000026,42.16607922300017],[43.739425233000134,42.166111487000194],[43.73972589500016,42.16615671400007],[43.73998708500011,42.166196148000154],[43.74009370600015,42.16621001800007],[43.740476820000026,42.16626087800017],[43.740612967000175,42.16626012100005],[43.74054402000007,42.16683391300006],[43.74087345800018,42.16683847600018],[43.74099126700003,42.16685287300004],[43.74123372400015,42.16687566200005],[43.74157538700007,42.166907826000056],[43.74178850200019,42.16692988700004],[43.742317619000175,42.166971714],[43.74268928300006,42.16701420000015],[43.74305454100005,42.16706845700014],[43.74354399100008,42.16709912699997],[43.743640335,42.167240859000174],[43.745024241000124,42.16746504100007],[43.74733414800005,42.167674736000095],[43.749465543999975,42.16771028500011],[43.75013941600014,42.167902076000075],[43.75202589899999,42.16778734200017],[43.75240311600004,42.167939011000044],[43.75539148100012,42.16810674700008],[43.7566471290001,42.16813265700006],[43.75771785300003,42.168316366000056],[43.75831467900008,42.168224480000106],[43.75924007700007,42.168234494000046],[43.75960553600004,42.16814009800004],[43.76010347000016,42.16803479600003],[43.76089669099997,42.168043367000166],[43.761525834999986,42.167988694000144],[43.762503671000104,42.16785168000018],[43.76320009600005,42.167736257000115],[43.76432309000006,42.167785239000125],[43.764704524000194,42.16771554200011],[43.76520322200008,42.167573390000086],[43.767168126000115,42.16768886400001],[43.7673968630001,42.16757406100004],[43.76802816000003,42.167529553000065],[43.768500080000194,42.16757857000016],[43.76875950600015,42.1653756020001],[43.76891065300015,42.16367712400012],[43.769014423000044,42.162142906000156],[43.769016377000185,42.16211392700018],[43.769149248000076,42.16203812400005],[43.76938760000007,42.161938146000125],[43.76926431200019,42.16067640500006],[43.76923886300011,42.16022510100004],[43.76923500100014,42.160155757000155],[43.769899115000044,42.16029734300014],[43.770161999000095,42.160333440000045],[43.770472451000046,42.16037608000016],[43.77062215700016,42.16037142500005],[43.77070031400018,42.16037037100017],[43.77134046600003,42.160242902000164],[43.771738944000106,42.160140400000046],[43.77177910700016,42.16010097800017],[43.771802239000124,42.160087851000014],[43.77192640599998,42.16001735600014],[43.77224798400016,42.159966581000106],[43.77225015800013,42.15995431099998],[43.77230278800005,42.15994938000006],[43.77259046200004,42.15994295700011],[43.77262928900018,42.15993508700018],[43.77305478000011,42.15993473000009],[43.77315191300005,42.159935138000094],[43.77336772800004,42.15993586999997],[43.773589178000066,42.159936212],[43.77380675900008,42.15993952800011],[43.773961714000166,42.15993253900018],[43.77396734500019,42.15990422900012],[43.77402054800007,42.159904077000135],[43.77420719600008,42.15990134400016],[43.774240237000015,42.15988593600014],[43.77426604100003,42.159856671000114],[43.77428411900013,42.15985447800017],[43.77440854100013,42.15983959600004],[43.774443484000074,42.159835376000046],[43.77496089100015,42.15979834800015],[43.77501415000006,42.15987375900011],[43.7750285410001,42.16033881300018],[43.77504727600012,42.16066030900015],[43.775053912000146,42.16077435400007],[43.77531408300007,42.16078820900009],[43.775925725000036,42.160820765000096],[43.77609568600019,42.160829829000136],[43.77627592600015,42.160839407000026],[43.77671009200003,42.160624691000066],[43.77713533200006,42.160414427000035],[43.77731664700019,42.160383848000095],[43.77747513100019,42.16035707700013],[43.77754288300008,42.160352620000026],[43.777684000000136,42.16033512100006],[43.777771941000026,42.16029746600009],[43.77792120400005,42.16032837200015],[43.778851847000055,42.16008818000017],[43.77935781200006,42.159981978000076],[43.77962025400012,42.159962615000154],[43.77960003200002,42.159780294000086],[43.77960880900014,42.15974562400004],[43.779656835000026,42.159564479000096],[43.77948031100016,42.15927354700017],[43.7798193860001,42.15903925500015],[43.78008092500011,42.15884615200008],[43.78027545100008,42.15871353200009],[43.78041191200009,42.158698682000136],[43.780538427000124,42.15868494100016],[43.78058324700015,42.15868005900006],[43.78129255400012,42.15872213600011],[43.78161026000009,42.15878098900009],[43.78141849700012,42.159066205000045],[43.78135804000004,42.15916683800015],[43.78138398900012,42.15917395800017],[43.78153726900018,42.159235207],[43.78166618300003,42.15928575000004],[43.78171387900005,42.15930445000015],[43.78177761500018,42.15932944300016],[43.78192678200003,42.159273883000026],[43.782141080000144,42.15925575900013],[43.782344677000026,42.15922122000018],[43.782516591000046,42.15912505700015],[43.78265597800009,42.15900815000015],[43.78281239600011,42.15898468200015],[43.78296864100014,42.158998678000046],[43.78511516500009,42.159191108000186],[43.78600528900006,42.16016266500003],[43.78616431100005,42.16021838500018],[43.786190284000156,42.16022744100002],[43.78621319100017,42.1602354740001],[43.786238159000106,42.16024325800004],[43.787951570000075,42.16084434700008],[43.78799576100005,42.16085980900016],[43.78860589100009,42.161073486000134],[43.78899110300017,42.161208369],[43.79117401300016,42.16134482600006],[43.79128615400009,42.161351861000185],[43.791811858000074,42.16138468800011],[43.791899092000165,42.16139015500016],[43.791993339000044,42.16139605600017],[43.79206709700014,42.16136224900015],[43.79282252100012,42.16140329899997],[43.79377996300008,42.16118083000015],[43.794418809000035,42.16066743700003],[43.79529243100018,42.16067661400018],[43.79577476100013,42.160730447000105],[43.7958024830001,42.160733575000165],[43.79735016199999,42.16090624900005],[43.79765759800006,42.16193073200003],[43.797675248000075,42.16198954700019],[43.79777596200006,42.16232527300008],[43.797843316000126,42.16254969400006],[43.798151210000185,42.162565889000064],[43.7985274940001,42.16258563600019],[43.79861740600006,42.16259040600005],[43.799013764000165,42.16261126200004],[43.799062681,42.162613846000056],[43.799693952000155,42.162647021000055],[43.79998657100009,42.16206877700017],[43.800006316000065,42.16202967100014],[43.80001713000007,42.16200830400004],[43.80024170900009,42.1614046250001],[43.80229462200003,42.161535683000125],[43.80233824700014,42.161533212000165],[43.80241780299997,42.16152863900004],[43.803523767,42.161465473000135],[43.80376413100004,42.161451723000084],[43.80386218700011,42.16143865100008],[43.80391018300003,42.161432262000176],[43.80480068800006,42.161313655000015],[43.804849958000034,42.16130709800012],[43.80514654899997,42.161267588000044],[43.80652983900006,42.160843431000046],[43.806604350999976,42.1608206090001],[43.80671240500004,42.160787465],[43.80801398300008,42.1601721830001],[43.808831820000194,42.15925407300017],[43.808876747000056,42.15905302500005],[43.808822949000046,42.15881389200007],[43.808787131000145,42.1583905870001],[43.808693713000025,42.15793412800008],[43.80869900100009,42.15765224300014],[43.80867654700006,42.15729414700019],[43.80874234200007,42.15689360300007],[43.80864540700014,42.156621509000104],[43.80855138300018,42.15619755600011],[43.808556266000096,42.15593728100015],[43.80870522300012,42.15576536800006],[43.80891183900013,42.15562656600014],[43.80904580800012,42.15547611200009],[43.80912563200013,42.15510822600004],[43.809090830000116,42.15463071500005],[43.80875335899998,42.15397655600003],[43.80846881500008,42.15360488599998],[43.80832942100011,42.15326728100007],[43.80812002900018,42.152777103000176],[43.80796398100006,42.152524162000134],[43.807935319000194,42.15247779800018],[43.80786801300013,42.15236875300013],[43.807847164000066,42.15233494300003],[43.807837121000034,42.15231867300008],[43.808517158000086,42.15180522300005],[43.809255652000104,42.15128152300008],[43.809539835000066,42.15089405200007],[43.808821475000116,42.150344375000145],[43.808100890000105,42.14991395800013],[43.80710290700006,42.14951316400004],[43.80645492400015,42.149094299000126],[43.80599093700005,42.14897022800005],[43.80596152700008,42.148941283000056],[43.805690483000035,42.14867430800007],[43.80548891800015,42.14854207000013],[43.80473350400018,42.148414914000114],[43.8046327830001,42.14834879400013],[43.804490565000094,42.148162955000146],[43.80415107400012,42.14761719600017],[43.803833400000144,42.14746208400015],[43.803268041000194,42.14730434200004],[43.80268728599998,42.14718984799998],[43.80213446699997,42.147140711000134],[43.80157940100008,42.14721079200012],[43.80089378200012,42.1472470380001],[43.80019343900017,42.147293933000185],[43.79994156300012,42.14730485300004],[43.7998913560001,42.14730707400008],[43.79972299500014,42.14731436400018],[43.79920410000011,42.14732100200018],[43.79886092900006,42.14746218500005],[43.79847282600019,42.147409847000176],[43.79808335299998,42.14742990400015],[43.797023119000016,42.147768684000084],[43.79666372700012,42.14790969000006],[43.79594277299998,42.148312359000045],[43.79556899100015,42.148356663000186],[43.7952605640001,42.14836261100015],[43.79522327400008,42.14836334500018],[43.79516352700017,42.148364474],[43.794853516000046,42.14846983300015],[43.79459323300006,42.148515327000155],[43.794268092000095,42.14856018300014],[43.79384664100013,42.14855575300015],[43.79342564799998,42.14852718900005],[43.79300419800012,42.14852275600015],[43.792663589000085,42.148531240000125],[43.79256486400004,42.14945919400003],[43.791511452000066,42.14943603300014],[43.79074961200013,42.149428005000175],[43.79030757700019,42.149652598000046],[43.78966239300013,42.14947688100011],[43.78929959000004,42.149354171000084],[43.78914686900009,42.149302529000124],[43.788646011000026,42.14921280800007],[43.787997156000074,42.14923004700012],[43.787754,42.149227478],[43.78756189600011,42.14903892800004],[43.787670635000154,42.148760119000144],[43.78744000600017,42.14864978700007],[43.78724129100016,42.14863656400013],[43.787071689000186,42.14876882800007],[43.78698487100007,42.148748817000126],[43.78677414500004,42.1487465890001],[43.78651339400005,42.14881624100019],[43.78626851700017,42.14891015200004],[43.785947349000025,42.14880052500013],[43.78577937100016,42.148743134000085],[43.785530085000175,42.14869096100011],[43.78555770100013,42.148446104000186],[43.78556133300009,42.148414395000145],[43.78556396300013,42.14839073700017],[43.785482783000134,42.148215156000106],[43.785446109000134,42.14814888800015],[43.78541885300018,42.148099560000105],[43.78540106900016,42.14806753500005],[43.78541205200008,42.14798366800011],[43.785713017000035,42.14796596000008],[43.78571956500019,42.14790199500004],[43.7857475620001,42.14763079800008],[43.785943161000034,42.14722745300003],[43.78652571600003,42.14672336800015],[43.78715010500008,42.146981605000065],[43.78787258900019,42.147024186000124],[43.78787485600009,42.146905372000106],[43.78772013200006,42.146645123000155],[43.78768883000015,42.146316245000094],[43.786836686000186,42.14618142000006],[43.7870234830001,42.14568697200019],[43.786848636000116,42.145653826000114],[43.78754184600007,42.14428702800018],[43.7876912750001,42.144158512],[43.787887974000114,42.14304287200008],[43.78822890400011,42.14209591000008],[43.78843463800007,42.14197794000006],[43.789579570000114,42.141976921000094],[43.79038130800018,42.14198537800013],[43.79141462000007,42.141996268000185],[43.791486563000035,42.139877407000085],[43.79239600300019,42.14031090700007],[43.793506462000096,42.14015773200009],[43.79442708900018,42.14000255100012],[43.79520598200003,42.14064661900011],[43.795516115000055,42.140979594000044],[43.79667870800006,42.141415718000076],[43.796911231000195,42.14137114400012],[43.79737749100002,42.14128173800003],[43.797727358000145,42.14119120000015],[43.7983872530001,42.14143362600015],[43.799802984999985,42.141872370000044],[43.799869827,42.14173558900018],[43.8008658760001,42.13969699400019],[43.80111962700005,42.13917777900008],[43.80112052000004,42.13913041500007],[43.80112096000005,42.13910709400005],[43.79996415800008,42.13836490700015],[43.79858236500007,42.137808764000056],[43.80066817300019,42.137948345000154],[43.80108389500009,42.13771717700007],[43.80155977900006,42.137651495000114],[43.80203471400017,42.1376329040001],[43.802634098000055,42.13773336700012],[43.802861323000116,42.13742952600012],[43.802836844000126,42.13705244900012],[43.80270611800012,42.13702892900011],[43.802143,42.1369274490001],[43.80081827000009,42.136701648000155],[43.79955593200009,42.136523587000056],[43.798384504000126,42.13655842600019],[43.79721129200004,42.13668744],[43.79640800700014,42.136751380000135],[43.796165452000025,42.13677067600014],[43.79550644600005,42.13648114199998],[43.79528746200003,42.13525696500005],[43.79524894800005,42.13504180600012],[43.79391764200005,42.13463348000005],[43.79388185300019,42.13462252100015],[43.793752350000034,42.13458283800014],[43.79371577900014,42.134571601000175],[43.79374158700011,42.13453787400016],[43.79431351300019,42.13379046700004],[43.79453999500009,42.133230452000134],[43.794708455000034,42.132316331000084],[43.79276748299998,42.13221554200004],[43.79279219799997,42.13091421799999],[43.792931457000066,42.13040147100014],[43.79358677100009,42.130212252000035],[43.79395162200018,42.13010693200016],[43.7947106580001,42.12992204000017],[43.79522930700011,42.12989538000011],[43.795852044000014,42.12941967800015],[43.7958944610001,42.12938725000015],[43.796017840000104,42.12929303400017],[43.79538224400005,42.128659661000086],[43.795152463000136,42.12825552400011],[43.79515885700016,42.127918170999976],[43.79722493800011,42.12824516300003],[43.797750480000104,42.12670803300006],[43.79804319800013,42.126068368000176],[43.7983128620001,42.125508751000154],[43.79844465500008,42.12538161200018],[43.79851707900019,42.12498064600004],[43.79850339200004,42.12453014400006],[43.798856633000014,42.12453132100006],[43.799146026000074,42.12449895600014],[43.799650500999974,42.12435229900018],[43.799683351000056,42.12434890600019],[43.80055018000007,42.124258857000086],[43.80114394200018,42.124275375000025],[43.8017082610001,42.124384122000095],[43.80237045100017,42.12443215000013],[43.80337874600019,42.124442671000054],[43.80375223700008,42.12441572],[43.804136807000134,42.12453289300004],[43.80424989800014,42.12459220700015],[43.80472496900012,42.124847487000125],[43.805109352000045,42.12497492099999],[43.80555075200016,42.125010364],[43.80615966400006,42.12495500900013],[43.80630323400004,42.124931105000144],[43.80674170800006,42.12485821300015],[43.807529540000075,42.12483555700004],[43.80800890000012,42.125056509],[43.808552514000155,42.12553521000012],[43.80928319500015,42.12635525200011],[43.811441714000125,42.12617197500009],[43.81144522900013,42.12605835300013],[43.811474477000104,42.12510862900007],[43.81147689900013,42.12503079500004],[43.81127340300014,42.1249048950001],[43.811274499000035,42.12485920000012],[43.811286911000025,42.124635343000136],[43.81128792700008,42.124616575],[43.811328096000125,42.12388838400011],[43.81141830100006,42.122253463000106],[43.81164251700011,42.12011152600007],[43.81168271700005,42.11955603000007],[43.81180064300008,42.11956040300004],[43.81264448600018,42.11949844000014],[43.81350765800016,42.119382678000136],[43.81394520000015,42.119324833000064],[43.814806954,42.119249215000025],[43.81520972900006,42.117823807000036],[43.81521223100009,42.117809648],[43.8152186210001,42.117771843000185],[43.815282246000095,42.11739864900005],[43.81568611900019,42.11619885800013],[43.81610887900018,42.1147666280001],[43.817987734000155,42.11494833800003],[43.82036322100015,42.115002506999986],[43.82049303800011,42.113683565000144],[43.82083809200009,42.11369256000006],[43.82113178100013,42.113725299],[43.82141110800006,42.113749829000085],[43.82185021300006,42.11378140200014],[43.82241295799997,42.11380879500018],[43.82317549200019,42.11383827900016],[43.82340465500005,42.113821716000075],[43.824048291000054,42.11379854900002],[43.824207960000194,42.11380829100017],[43.82428422100003,42.11381177400017],[43.82447700300014,42.1138002400001],[43.825711690000105,42.113837201000024],[43.826140773000134,42.11382538000004],[43.82687567100004,42.11377606700012],[43.82705712,42.113788729000134],[43.82734703400001,42.113829609000106],[43.82748100800012,42.113855296000054],[43.8277698870001,42.11395565100008],[43.82794790800017,42.11395746900007],[43.82812612800018,42.113948482000126],[43.82864761999997,42.1138482990001],[43.829027560000156,42.11373311400007],[43.82977699300011,42.113491871000065],[43.83080840200006,42.11312092400004],[43.83183625400005,42.11275529100004],[43.8318210330001,42.11259284300013],[43.83179343900014,42.11251137000005],[43.83185915200016,42.11249312600012],[43.83203085700006,42.11244344800008],[43.83251459600001,42.11222109700009],[43.83309995800016,42.11198109000003],[43.83316497700008,42.11195441700005],[43.83326144000017,42.11191487000008],[43.8342341610001,42.11157576300019],[43.834930891,42.111231099000065],[43.83504077500004,42.11116858500003],[43.83509278399998,42.11113898700006],[43.83529067100011,42.11102643600009],[43.83541263300009,42.11096818699997],[43.8357562490001,42.11080388700009],[43.83576919000018,42.1107345800001],[43.83577737000019,42.1106907570001],[43.836231736000116,42.1101849800001],[43.836247424000135,42.11017036800013],[43.83627331000014,42.110160364000194],[43.836300171000175,42.11014991900015],[43.836342564,42.110133462000135],[43.836838740000076,42.11041989500012],[43.83727034700013,42.11066235100009],[43.83809989600013,42.11060041600018],[43.838348047000125,42.110543397000185],[43.838368765999974,42.1105414000001],[43.83844994800012,42.110533621000116],[43.83858004400008,42.11057280900013],[43.83873224400003,42.11059056099998],[43.83945374100017,42.1104842470001],[43.840225315000055,42.11041085700003],[43.84077072600013,42.11038935000016],[43.841229833,42.11031820000011],[43.84210375700019,42.11021340800016],[43.84326167100011,42.11007900500016],[43.84358870700015,42.110076898000045],[43.84390083800014,42.110096255000144],[43.844067731000166,42.11011414800009],[43.84423365600014,42.11017535100012],[43.844517255000085,42.11016740000008],[43.84451722200015,42.11018253000009],[43.84451719000015,42.110217609000074],[43.84466665200006,42.11021627700012],[43.844881703,42.1101898930001],[43.845956385000136,42.11008943400003],[43.84678531500015,42.11002072000019],[43.84698433300008,42.11003127600003],[43.84705630700017,42.11007766100005],[43.84709360800014,42.11013509100013],[43.847125627000025,42.11048067000007],[43.847157250000066,42.11063787699999],[43.84723056000013,42.110824099000126],[43.84736790100004,42.11106797300005],[43.84743980800005,42.1113283470001],[43.84755020800009,42.11158050700004],[43.84757890100008,42.11168923100013],[43.847641337000084,42.11183823700003],[43.84772628500019,42.11201313700013],[43.84787862700017,42.112277156],[43.84794420300011,42.112463209000055],[43.848002210000175,42.112646439000116],[43.848104019000175,42.11273874],[43.84819488800014,42.112793871000065],[43.84829665400002,42.11289189000007],[43.84847130600008,42.11319323800012],[43.848507827,42.113290602],[43.84854919700007,42.11354778700007],[43.84873405000019,42.11392056700004],[43.850107415000025,42.116798883000115],[43.850569037000014,42.117551031],[43.85077032600009,42.117929331000084],[43.85077664500017,42.11794110200003],[43.85078271800006,42.11802681300014],[43.851013515000034,42.11840572300002],[43.85162525100003,42.11933048900016],[43.85220176700011,42.12026390700015],[43.852982447000045,42.121566008000116],[43.85322555500011,42.12197142500003],[43.85357355800005,42.12264825800014],[43.85390043300015,42.12332312300015],[43.8540927950001,42.12403438000007],[43.85411780400011,42.12459342500006],[43.854120138000155,42.12464518900009],[43.85511416000014,42.12478066],[43.85559666299997,42.124802586000044],[43.85605587500015,42.12484143500018],[43.85626211900018,42.12488343399997],[43.856290361,42.12501493700012],[43.85628882200018,42.12510052600004],[43.85624838300009,42.12521995200012],[43.856237623000084,42.12539100900017],[43.85617956300007,42.12563580600005],[43.85613025300012,42.12581791700012],[43.85596219800016,42.12613781100015],[43.85567137400005,42.12683902200013],[43.85569241100012,42.12684652700017],[43.855710624000096,42.12685301300013],[43.85638485600009,42.12709286300009],[43.85734499500006,42.1272311300001],[43.857961455000066,42.127518714000075],[43.85802870600003,42.127550050000025],[43.85850031200016,42.12803185100017],[43.85874666500001,42.12839450800004],[43.85812522600003,42.128915598],[43.85798906900004,42.129072933000145],[43.85789761800004,42.129179738],[43.858224292000045,42.129327901000124],[43.85832484800005,42.13117307200008],[43.858417955,42.13158729700018],[43.858735345000184,42.13388746000015],[43.86128143800005,42.13390569000006],[43.86134853100003,42.13390572500015],[43.86407752600013,42.13385906200011],[43.864276448000055,42.133855627000116],[43.86429740300014,42.131514652000135],[43.8643111020001,42.131374335000146],[43.86468672299998,42.13140169400003],[43.864691464000146,42.13135306200007],[43.86470332100015,42.13123109900005],[43.86531846200012,42.1310035620001],[43.865412245000186,42.13113161300015],[43.86566853700003,42.13110974],[43.86604365500017,42.13104995400005],[43.866235713000094,42.130949271000134],[43.86666431600014,42.130831380000075],[43.86695475500005,42.13073657600006],[43.867171320000125,42.130733851000116],[43.867461846000026,42.13063413800012],[43.867791252000075,42.130559215],[43.86818602200009,42.1304996610001],[43.86858001100006,42.13048395800013],[43.86905240300007,42.13048861600015],[43.86930175100014,42.13048621000013],[43.87013673600018,42.13039676300008],[43.87057116600005,42.13031800200008],[43.87080178300005,42.130266550000044],[43.87106460300015,42.13024468400005],[43.87175494500008,42.130168437],[43.871991314000184,42.130160990000036],[43.872938112000156,42.130053078000174],[43.87303050800017,42.130024670000125],[43.873423453999976,42.130067617],[43.873445102000176,42.12995547600008],[43.87404191799999,42.12997110600014],[43.874487365000164,42.13001456400019],[43.87455247100007,42.130017229000146],[43.874620855000046,42.130138900000134],[43.87467135400004,42.13040291900006],[43.87468459200005,42.13069399700015],[43.87466517700017,42.130827054000065],[43.874649665000106,42.131033461000186],[43.874641944000075,42.131134706000125],[43.874634936000064,42.1312264120001],[43.87462478100019,42.13127377500018],[43.87457408500006,42.13144804500001],[43.8745268670001,42.13161037000003],[43.874463095000124,42.13182945300014],[43.87441903300004,42.131980911000085],[43.874389807000114,42.13223401700003],[43.874287745000174,42.132551838000154],[43.87425408300004,42.13286411500013],[43.874224505000086,42.132867247000036],[43.87418752900004,42.13308988000006],[43.87430662100013,42.13309843400009],[43.87429011400013,42.133265293000136],[43.87430646400003,42.13332593100017],[43.87427289300018,42.133349513000155],[43.8742362000001,42.13337513600004],[43.87418622700011,42.13342643200019],[43.87417714800017,42.134263477000104],[43.87421696300004,42.13459106500005],[43.87421917300003,42.134790801],[43.87406082200016,42.13567312400011],[43.87407139200013,42.137330517],[43.87387855800017,42.13734483600007],[43.87362181800006,42.137383879000026],[43.87347159700016,42.137455175000014],[43.87335771800008,42.1375753260001],[43.87322802200015,42.13779929900011],[43.8728856300001,42.138468209],[43.87279540800006,42.13856432100016],[43.872686982000175,42.13864296100007],[43.87254631900015,42.138697057000115],[43.87247326300013,42.13871903500018],[43.8724843920001,42.13874314600014],[43.87249604400017,42.138768433000166],[43.87266917100004,42.13980734200004],[43.872353510000096,42.13980423900006],[43.87203891900009,42.140548802000126],[43.872109339000076,42.140624292000155],[43.87237933800009,42.140776450000146],[43.87289306800017,42.140941720000114],[43.87322174500008,42.14101974500011],[43.87330586900015,42.141138058000195],[43.87326684700008,42.141714481],[43.87304529400012,42.14287654500009],[43.87324875300004,42.145164379],[43.87386427500013,42.1452558470001],[43.87442186400017,42.14537614900013],[43.87440781900017,42.145765892000156],[43.87446420300006,42.146231078000085],[43.874493648000055,42.146594500000106],[43.874474012000064,42.14689340500007],[43.87437561000007,42.14718082000013],[43.874304561000145,42.14754330000011],[43.874214587000154,42.14776140400005],[43.87410411500008,42.147920542000065],[43.873957859000086,42.14807396900005],[43.87381217000018,42.148195384000076],[43.87381112800011,42.14825414000012],[43.873874042000125,42.148350854000114],[43.87392170400017,42.14849551200001],[43.87390509300013,42.14862350800013],[43.873867700000176,42.148708610000085],[43.87379424000011,42.148804031000054],[43.873742446999984,42.14888899200008],[43.8737480370001,42.148979830000144],[43.87370353900019,42.14905950400015],[43.87357986100005,42.14915438600019],[43.8735470580001,42.150195501999974],[43.87344074900011,42.15052557300004],[43.87335724100012,42.150607296000146],[43.873316404000036,42.15065787000009],[43.87298572200018,42.15109255100003],[43.872706770000036,42.151442315000054],[43.87236382400005,42.15175938699997],[43.87230478800018,42.15180212700017],[43.872218408000094,42.15186477200007],[43.872045573000094,42.15230100100001],[43.871960910000155,42.15293141700016],[43.871954569000025,42.15297836700012],[43.8719018430001,42.15384470000015],[43.8718937540001,42.15397647200018],[43.871579832000066,42.15508426100013],[43.87142871400016,42.15550998500015],[43.871316668000134,42.15575993200014],[43.871231819000116,42.156090212000095],[43.87108261600014,42.15680973900004],[43.87077626100006,42.15749029700004],[43.870671384,42.15773495500002],[43.87049744100011,42.15823529600016],[43.87065780600011,42.15849850600006],[43.87053220400003,42.15870022500013],[43.87038496500003,42.158907045000035],[43.87021008600004,42.159054871000194],[43.87002905000014,42.15914387100008],[43.86965434600006,42.15922564900012],[43.869273201000055,42.15926462700014],[43.86901338400014,42.15934217600005],[43.86869458400008,42.15950992600011],[43.86847600800007,42.15969469500004],[43.868357919000175,42.15987509600012],[43.86782018800017,42.16064419200018],[43.86767074500017,42.16097383100015],[43.867576309000185,42.16103247500001],[43.867060980000076,42.16135233200015],[43.86656174800015,42.16157705900014],[43.866041757,42.16215403800004],[43.865850549000186,42.162408511000194],[43.86577496100017,42.16262139100007],[43.86575756800005,42.16279206700017],[43.865719868000156,42.16289324000007],[43.86576190700015,42.16295237600019],[43.866085886000064,42.163302724],[43.86616241600018,42.16343699800012],[43.866225462000045,42.163523090000126],[43.866359710000154,42.1636419030001],[43.866472058,42.16378720300008],[43.866863225000145,42.16398866500003],[43.867084509000165,42.16406028800003],[43.86713311900007,42.16415155100003],[43.8672019870001,42.16412854500004],[43.867288940000094,42.16409945800007],[43.867551931000094,42.16401149700016],[43.868009578000056,42.163706244000025],[43.868269855000165,42.1636073570001],[43.868442372000175,42.16359302800009],[43.868693199,42.16361684600008],[43.8690007890001,42.16367864500012],[43.869452308000064,42.163720472000136],[43.86983700300016,42.163796402],[43.87017801100012,42.16381038900005],[43.87030458300012,42.16383032300007],[43.87040513700009,42.16382600000014],[43.870571653000184,42.16374752900015],[43.87067353600003,42.16366842100018],[43.87089938100013,42.1634837200001],[43.87113918799997,42.163320500000054],[43.871677969000075,42.1628932320001],[43.87199716000009,42.16270408700012],[43.87222881000008,42.16259423700012],[43.87260672000008,42.1623362310001],[43.873004214000105,42.16218527400014],[43.87324243400013,42.16210750400006],[43.87345146000018,42.16206150900007],[43.87387583600014,42.16201226800018],[43.874019284999974,42.162018990000036],[43.87419084900017,42.16205809500019],[43.87435593600003,42.16205971500011],[43.874606854000035,42.16207816300005],[43.87478420100007,42.16219743400006],[43.875009872000135,42.16276974200014],[43.87501568200008,42.16281077700012],[43.87501879000018,42.162840348000145],[43.87502350200003,42.16286817900004],[43.875032225000155,42.162939503000075],[43.87523762600017,42.16325543000005],[43.87533001700007,42.164176638000015],[43.87533088700019,42.16418560800008],[43.8753351420001,42.16419483600015],[43.87552593000004,42.164608201000135],[43.87556445000001,42.16485980699997],[43.875578882000184,42.16495401900016],[43.87557511500012,42.165638366],[43.87611213200006,42.16677377500008],[43.876533131000144,42.16778245400013],[43.87498250600004,42.16907951000019],[43.87463829600017,42.16945281900007],[43.87564473800012,42.16981429100014],[43.877426040000046,42.16973681100012],[43.87743906400004,42.16973626300006],[43.87745101800016,42.169734623000124],[43.87771791500012,42.16972413100012],[43.87796072000009,42.16971358200004],[43.878961447000165,42.16966982400015],[43.87898565800015,42.16966992500005],[43.87982230000006,42.16970376600011],[43.880023313000095,42.16971171800009],[43.88001476,42.1696647120001],[43.88000940600011,42.16963534400014],[43.880004107000104,42.16960633800005],[43.87986899500015,42.169222164000075],[43.879777461000174,42.16898589200008],[43.879506505000165,42.168496099000095],[43.879333730000155,42.168280918000164],[43.879075457,42.16790621300015],[43.87902339500016,42.16752253400011],[43.87902523100013,42.16741857500011],[43.87921427500015,42.167130285999974],[43.87943271400019,42.16686376400014],[43.87944422100014,42.16684973700012],[43.87945622200016,42.16683508400007],[43.879988732000186,42.166185441000096],[43.880027652000194,42.16606540800018],[43.879999844000054,42.165977596000175],[43.87962703699998,42.16583710600014],[43.879362590000085,42.16581263700016],[43.8791942470001,42.16576172900017],[43.87917347400003,42.16569037600004],[43.87927404900012,42.16554095500004],[43.87940769300013,42.165342322000015],[43.879453936000175,42.16522236100013],[43.87951446300008,42.165129917000115],[43.87960453400018,42.165026775000115],[43.87964625500018,42.16474803400007],[43.8796293800001,42.16445228500004],[43.879585899000176,42.16427858000014],[43.87954061800002,42.164062799000135],[43.87958686000013,42.16394283700015],[43.87963287200006,42.163839310000185],[43.87973013200008,42.16374718000003],[43.87995980300019,42.16365638800016],[43.88019550500013,42.16364225300015],[43.88040902200015,42.163633394000044],[43.88045323600005,42.163628332000144],[43.880664841000055,42.16354249600016],[43.88080889800017,42.163484055000026],[43.88124094400007,42.16318174200012],[43.88126130300003,42.16286447100009],[43.88110844400012,42.162769901000104],[43.88089570200009,42.16273499800013],[43.88083586800008,42.162760892000165],[43.880784512000105,42.16278317700011],[43.88071044100013,42.16280983300004],[43.88064452500015,42.162792799000044],[43.88060089200019,42.162764949],[43.88055132200003,42.16265499400009],[43.880524902000104,42.16248505900012],[43.88054105400005,42.16240312500014],[43.880556862000105,42.16238535700006],[43.880679069000166,42.16224780800013],[43.880704539000135,42.16220383600006],[43.88084846700019,42.16217997800004],[43.880884847000175,42.16215916800007],[43.88099412200006,42.162044414000036],[43.88111446600004,42.16205031600015],[43.881221187999984,42.16210791600014],[43.88135964200012,42.16216114200006],[43.881455510000194,42.16216149100018],[43.88167496400007,42.16211765400004],[43.88187988800013,42.162084302000096],[43.88189970600018,42.162079407000135],[43.882367312000156,42.161963595000145],[43.88263971800012,42.16189608999997],[43.88266287900018,42.16189037100014],[43.88303099500007,42.16177016600005],[43.88355696200017,42.161591378000026],[43.88363194400017,42.16156783600019],[43.88401579800012,42.16144733000016],[43.88411090300008,42.1614221370001],[43.88431187600014,42.16136888300014],[43.88463689100007,42.161265950000086],[43.88474546000009,42.161249489000056],[43.88481773800004,42.16123857300005],[43.88522854600012,42.16113732800011],[43.885415766000165,42.16103305399997],[43.88597947400007,42.160872319000134],[43.88639203800011,42.16073632300004],[43.88650058100012,42.1607005410001],[43.88702088200006,42.16057121700004],[43.88764779100018,42.160329761000185],[43.88781954600006,42.16025104500005],[43.887988129000064,42.16016685000011],[43.8880980990001,42.16012900900006],[43.888207574000035,42.160119443000156],[43.888766502000124,42.16023095200006],[43.88880502000006,42.160246861000076],[43.888828936000095,42.16025672900014],[43.88886144500003,42.16027019300003],[43.888902065000025,42.1602869780001],[43.88907061000003,42.1602948690001],[43.88951578600012,42.160418467000056],[43.8898526160001,42.16045941900006],[43.88997877300011,42.160485767000125],[43.890498790000095,42.16066659900014],[43.89101100800019,42.160815922000154],[43.89139821300017,42.160869919000106],[43.89264475000016,42.16100750600003],[43.89440483300007,42.161219152000115],[43.89473260500017,42.161297648000016],[43.894885770000144,42.16132344100015],[43.894903452,42.16132640300003],[43.89493513500008,42.161331752000194],[43.89496561200019,42.161336862999974],[43.895128071000045,42.16136423100011],[43.89586122400004,42.1613812870001],[43.89593297800013,42.16138296800017],[43.897430989000156,42.16141777500013],[43.898468118000096,42.161465429000145],[43.89953071400009,42.16150701400011],[43.90052572700006,42.16155424600015],[43.90112412100018,42.16159762600017],[43.90183130300011,42.161692299000094],[43.90389674700009,42.16181877600019],[43.904436624000084,42.16183023800005],[43.905669957999976,42.16176036800016],[43.90715539600018,42.161749401],[43.90841315900002,42.161729944000115],[43.90913977700012,42.16168043200008],[43.90982613400013,42.16165971300006],[43.90986852600008,42.16165831400002],[43.90992496700005,42.16165650900018],[43.91145945200009,42.1616653160001],[43.91150732300008,42.16166563500019],[43.911547085000166,42.16166583200015],[43.914591709000035,42.16166306700018],[43.91492867300019,42.161697643000025],[43.91495109900006,42.161805703000084],[43.91566266600006,42.165231565],[43.916320163000194,42.16839694300006],[43.91738728000013,42.17084662700012],[43.91792812400013,42.172088017000135],[43.918814709,42.17302091400012],[43.91925110400018,42.173480063],[43.91965000700003,42.173773998000115],[43.91965993300016,42.17378129999997],[43.91974309300008,42.1738425580001],[43.92066814400016,42.17452412300008],[43.92199012300006,42.17529015100007],[43.92359066000006,42.17673203900017],[43.92368409900001,42.176816221000195],[43.924541101000045,42.17758821300009],[43.925135195,42.17874617299998],[43.925771059000056,42.1798162610001],[43.92605993100017,42.18084184700001],[43.92606860900014,42.180872683000075],[43.92607889000004,42.18090920800017],[43.92634001400012,42.18183632500006],[43.927002023000114,42.18336835300016],[43.92681497500007,42.184622386000115],[43.92540089000005,42.186559398000156],[43.91859173600011,42.18901237300014],[43.91672481900014,42.1897822950001],[43.921259766000105,42.189348294000126],[43.922158122000155,42.18930110200017],[43.92218569200014,42.189299654000195],[43.92284765500011,42.18926487800019],[43.92329887000005,42.18924118399997],[43.923315940000066,42.18924028700019],[43.92381099600016,42.189214291000155],[43.92400650000013,42.1892040140001],[43.92409765300016,42.18918843100016],[43.924416113,42.18913396500011],[43.925703683000165,42.18891380000008],[43.92644668900016,42.18890103100017],[43.92653304400011,42.18889954300005],[43.92669676800017,42.18889671500017],[43.92676716000011,42.188895519000084],[43.92698472200004,42.188891757000135],[43.928408935000164,42.189549508000084],[43.92910257700004,42.1926370540001],[43.92910759200015,42.19265925200017],[43.929127418,42.1927475170001],[43.929492173000085,42.19437113900017],[43.92785601500009,42.194702282000094],[43.92674756300005,42.19560757500017],[43.92667928600014,42.19566331600004],[43.9255727100001,42.19656703600003],[43.92221374500008,42.19636670000017],[43.92205476500004,42.19635720100018],[43.91812356500003,42.19612259500013],[43.918098033000035,42.196121082000104],[43.91809090800007,42.196120660000076],[43.91808314500008,42.196119699000064],[43.91806105000012,42.19611696300018],[43.917531364000126,42.19608724300002],[43.91681981800008,42.19683113900015],[43.914561375000176,42.20175599600003],[43.91463408500016,42.20204537400019],[43.91542121100008,42.20197273600019],[43.9180891900001,42.20172649900019],[43.918120490000035,42.201723602000186],[43.91815052500016,42.20172082400012],[43.924848750000194,42.20110230300003],[43.92651957600009,42.20675492700019],[43.92655635099999,42.206879288000096],[43.9265628820001,42.20690137100007],[43.92661147200005,42.2070658180001],[43.92657982100019,42.207082243000116],[43.92655500800015,42.207095155000104],[43.926524449000055,42.20711103600007],[43.926007549000076,42.20737967000014],[43.92594924300005,42.20740997400014],[43.92592443800004,42.207422879000035],[43.92559292100003,42.207595172000026],[43.92304206400013,42.20993848400008],[43.91989566300009,42.21075574100013],[43.91648828100011,42.21320630500003],[43.914911102000076,42.21459635500008],[43.913650294000036,42.21414176800005],[43.91261563500012,42.21559465100012],[43.910968847000106,42.215001645000086],[43.90808261700005,42.2172259730001],[43.90596558500005,42.21955190500012],[43.90594860600015,42.21957056000019],[43.905930935000185,42.21958998600019],[43.90560148399999,42.21995194300018],[43.90556073600004,42.2199966820001],[43.90551837000004,42.22004323900012],[43.90473081400012,42.22090850600006],[43.905534578000186,42.22132186800013],[43.9072962620001,42.222227836000116],[43.907321135000075,42.22224063800013],[43.90734682599998,42.22225384700005],[43.90739996900004,42.22228115500019],[43.9098418530001,42.22332442700019],[43.91004251700019,42.22347196700014],[43.910066112000095,42.22348932300014],[43.91008763400009,42.22350516900019],[43.91055782300003,42.2238508800001],[43.9119946510001,42.22311391000005],[43.91402655700017,42.22240181900003],[43.91449336600016,42.221861093000086],[43.91582287000017,42.22032101100018],[43.916254514,42.21997010900009],[43.91625453800003,42.21997008900013],[43.9163544000001,42.21988891600006],[43.92056222000008,42.21646769700004],[43.920582677000084,42.21645105300007],[43.92060859100013,42.21642999700009],[43.92141534300009,42.2157739700001],[43.927965407000045,42.211197108000135],[43.93203082300016,42.21421814900009],[43.93821561800007,42.211002056000154],[43.93825784799998,42.210980103000054],[43.93826859300009,42.21097452600003],[43.93849206200019,42.210858300000154],[43.938612374,42.210795738000115],[43.940875117000076,42.211721198000134],[43.94816822600018,42.209055383000134],[43.94939563000014,42.2084122820001],[43.94994459300017,42.20809011800009],[43.9510150430001,42.20754179200003],[43.95237715400009,42.20671654300003],[43.95246124400012,42.206787323000015],[43.952494103000106,42.20681500000012],[43.95251412600004,42.206831854000086],[43.95308521900017,42.20731268300017],[43.95754718300003,42.20678024900019],[43.95827031900018,42.20663970400017],[43.95827035000008,42.2066396890001],[43.958722063000096,42.20667532700003],[43.95912427100012,42.20652627800018],[43.959189343,42.20650215500007],[43.959254609000084,42.20647797600009],[43.959331089000045,42.20644962900019],[43.95939495200008,42.20642597500017],[43.9602721170001,42.206100923000065],[43.960441490000164,42.205992498000114],[43.96100058800005,42.20563464800017],[43.96168063300007,42.20553571400012],[43.96185057400004,42.20557688700006],[43.962356431000046,42.205699442000025],[43.96426744800016,42.20559381700008],[43.964287527000124,42.20559215999998],[43.96430867300012,42.20559099600007],[43.96458991100013,42.205015251000134],[43.96539077600005,42.20337577700019],[43.96546207800009,42.203229807000014],[43.96565933800002,42.202825941000185],[43.966132877000064,42.20281921900016],[43.96616321800019,42.20281877700012],[43.966194427000175,42.20281833700011],[43.96637495900018,42.20281577400016],[43.966810487000146,42.20284464100013],[43.96738146100017,42.20279160100017],[43.96771698600014,42.20275725200008],[43.967829361999975,42.20274574700011],[43.968399426000076,42.202750875],[43.968440630000146,42.20279014700009],[43.96848747000007,42.20283479100004],[43.96849739400005,42.203599555000096],[43.969188905000124,42.20369718700016],[43.97503864800018,42.20124547800009],[43.97506499200006,42.201234406000026],[43.975156577000064,42.20119605000008],[43.97561567200012,42.201003588000106],[43.97561567800011,42.201003614000115],[43.975621907,42.2013112030001],[43.975626667000085,42.201710178000155],[43.975936792000084,42.20188752500019],[43.976770512000144,42.20217754600009],[43.97731431900007,42.202328615000056],[43.977322061,42.202351106000094],[43.977329001000044,42.202371337000045],[43.977342822000026,42.20263773500005],[43.977361076000136,42.202989046000084],[43.97745911800007,42.203147844000114],[43.97749528800006,42.2036801160001],[43.97853328600013,42.20378078300013],[43.97852405100019,42.204354212000055],[43.9808334170001,42.20441001700016],[43.980863742000054,42.20441077100003],[43.980881988000135,42.20441119800017],[43.98089873800012,42.20441159100011],[43.9819660440001,42.20443738],[43.983231234000186,42.204467942000065],[43.983966231000124,42.20448567100004],[43.984009943000046,42.20599902000009],[43.98348798800009,42.20767139100019],[43.98320336600017,42.20854093800011],[43.98296735700012,42.20926195500016],[43.98473476000004,42.209792852000135],[43.98476296899997,42.20980130700019],[43.98478467600012,42.20980784100004],[43.98479099899998,42.209809741000186],[43.98521226000014,42.209936271000174],[43.985243273000094,42.20993654600011],[43.985289542000146,42.209936955000046],[43.985331870000095,42.20993733000017],[43.98559731800003,42.20993967800018],[43.98569994700006,42.209779459000174],[43.98593590300004,42.20941094700004],[43.986877703000175,42.20971356700005],[43.98689496900016,42.20971913400007],[43.98689510200012,42.209719177000125],[43.98689845500013,42.20972025400016],[43.98823484500019,42.21014962500004],[43.9882626320001,42.210158560000025],[43.98829071100005,42.210167585000136],[43.98875275100005,42.21031603200004],[43.98882043700013,42.21033779099997],[43.98888715099997,42.21035922699997],[43.988946452,42.210378265000145],[43.98919464800014,42.210380454000074],[43.98924206200013,42.21038087200009],[43.989284397000176,42.21038120200012],[43.98933151900019,42.2103816610001],[43.989325463,42.21041830800016],[43.989320846000055,42.21044623199998],[43.98931563500008,42.21047752400011],[43.989306995000106,42.21052959300005],[43.988464860000136,42.21560761300009],[43.98845847900003,42.215646990000096],[43.988457604000075,42.21565234200017],[43.988338215000056,42.21637232700016],[43.98907732100008,42.21634340900005],[43.989097324000056,42.216342630999975],[43.98913786000003,42.21634105500004],[43.989635485000065,42.216321579],[43.990233681,42.216298166000115],[43.991223850000154,42.21622519000016],[43.99130826300012,42.21621899100006],[43.99243604800006,42.216135867000105],[43.99434504600009,42.21608169800015],[43.99440447200004,42.21608],[43.99440760700003,42.21607991000019],[43.99458238600005,42.21607495500007],[43.994693227000084,42.21607179200004],[43.99488136100018,42.21606646000015],[43.99573384500019,42.216255622000176],[43.996250008000175,42.21644021400016],[43.996310370000174,42.21646178200018],[43.99664528700009,42.216581563000034],[43.99799663400012,42.21613914500006],[43.99839737000019,42.216077628000164],[43.998706805000154,42.21603014000016],[43.99995673400008,42.21583829100018],[44.00089123600014,42.21580987600004],[44.00092196500009,42.21580895400018],[44.00092509900003,42.21580886000015],[44.003441431,42.215732355000114],[44.00643159400005,42.215985395000075],[44.00670396800007,42.216011257000105],[44.0069525130001,42.21603484700012],[44.011693484000034,42.216484845000025],[44.012592243000086,42.21646720600006],[44.01333402400007,42.21645264600011],[44.01385845900006,42.216424707000044],[44.014331312000195,42.216399516000195],[44.015294090000054,42.216340914000114],[44.01599968700009,42.21635724400005],[44.01625334300013,42.216422502000114],[44.016309830000125,42.21643707900017],[44.01630837500005,42.21645670100003],[44.01630108400008,42.21655530600009],[44.01623686300019,42.21712574300011],[44.01609535600011,42.21777266200007],[44.01610582300003,42.21798876500014],[44.01645563200009,42.217744870000104],[44.01703597800014,42.21735892300006],[44.01751738799999,42.21710583700008],[44.01787138700007,42.217036861000054],[44.01846056000005,42.21697503400003],[44.01917193800011,42.217063418],[44.02002044900007,42.21723527700016],[44.02060644300008,42.21737916200004],[44.02099211700016,42.21749561500019],[44.02099215100003,42.21749562100018],[44.021254428000134,42.21753901300002],[44.02140613800009,42.217507013000045],[44.021629357000165,42.217459929000086],[44.02202072100005,42.21721119300008],[44.022566678000146,42.21680948400018],[44.022915455000145,42.216627287999984],[44.022915481000155,42.216627270000174],[44.02318594100018,42.21658843200015],[44.023628691,42.21659733800004],[44.02414109400007,42.21657598200005],[44.02464658600013,42.21655456800005],[44.02492383400016,42.216564646000165],[44.02519989400008,42.2165746820001],[44.02559293000007,42.216665471000056],[44.025951140000075,42.21677140400004],[44.026319423000075,42.21667164000013],[44.02675873700019,42.21645417700017],[44.027399464000155,42.216186991000086],[44.02783012800012,42.21608261600005],[44.02848143200015,42.2160263990001],[44.02942331700001,42.216139601000066],[44.029586583000025,42.21615922300009],[44.02970775,42.21619985000018],[44.03002720300009,42.21630696900007],[44.03000486299999,42.21640966700005],[44.02992586500005,42.21659933900008],[44.03013782800008,42.21676572500019],[44.03056529600008,42.21686705500002],[44.03083025600017,42.21688339500014],[44.031049282000026,42.21689689700003],[44.03120259900015,42.216826152000124],[44.03133719300013,42.21662154000006],[44.03168725,42.21635701100013],[44.03207833300013,42.21612368000007],[44.032573338000134,42.21588094800006],[44.03288338100015,42.21597101300017],[44.03311685800003,42.21608614100006],[44.033291542000086,42.21609166500019],[44.03331695900016,42.216092493000076],[44.03333822100012,42.21609317300016],[44.03333440800009,42.216022315000146],[44.03332742400005,42.21589247000014],[44.03350840500019,42.215369304000035],[44.03355559000005,42.21499932600011],[44.033489902000156,42.214767307000045],[44.033805762000156,42.214834090000124],[44.03431303200006,42.214878286000044],[44.03490667700004,42.214930002000074],[44.03575892800012,42.21509603900006],[44.0360903670001,42.215160609000066],[44.03674317500014,42.215449749000186],[44.03710912700018,42.215783787000134],[44.03765607100013,42.21606415400015],[44.03798246000008,42.21620873400019],[44.03801306500003,42.21628779400015],[44.038144865000106,42.21634807300006],[44.03822362000011,42.21638409200011],[44.03900495900001,42.216587645000175],[44.03953203500009,42.21678118300002],[44.03987784000003,42.21704409300014],[44.04019069900011,42.21738553000006],[44.04049208700013,42.21778203000014],[44.041264391000084,42.21858435600012],[44.04167013800003,42.21909203400003],[44.04202206999997,42.21941605100011],[44.042024171000094,42.21941798600017],[44.0420674450001,42.21945782299997],[44.04236932900005,42.21982280200007],[44.04259979200003,42.220005969000056],[44.04364401600009,42.220353499000055],[44.044573113000126,42.22060549700012],[44.04511238000009,42.22069667000011],[44.045140622000076,42.220933310000134],[44.045339611000145,42.221092543000054],[44.04544264900011,42.22129040200019],[44.04531049900004,42.22162023800013],[44.04479912500017,42.22319192300006],[44.04371969200014,42.22657903700019],[44.04365311000015,42.22677548600018],[44.04466457500007,42.22719365300003],[44.0473636750001,42.228193183000144],[44.04625739800014,42.23011820500005],[44.04687588000013,42.230793710000114],[44.048941325000044,42.231582742],[44.050436886000114,42.23210298400005],[44.052803057,42.23289443400017],[44.05300826500013,42.2330015390001],[44.053038081000125,42.233017093000115],[44.05375236500004,42.23338981000012],[44.0545400740001,42.23372130200005],[44.05538248600004,42.23405327100005],[44.05797020600005,42.234663647000104],[44.058372008000106,42.235215384000185],[44.06065700900007,42.23596541600011],[44.06179985000006,42.23632009200014],[44.062619198000164,42.23636743000014],[44.06207028500012,42.237653390000105],[44.06192043300018,42.23826594000019],[44.06176091500009,42.23891790400012],[44.06169363300006,42.23953650800013],[44.06198296000008,42.239625258000046],[44.063967047,42.23916940500004],[44.064196586000094,42.239116660000036],[44.06446146000019,42.23905578500006],[44.06447907900014,42.23905164400003],[44.06449447900013,42.239048024000056],[44.06640815200012,42.23859652300007],[44.06643121600007,42.23859107900017],[44.06645978500006,42.23858433600009],[44.06688273600014,42.23848455800015],[44.069407289000026,42.238144011000145],[44.07101471700014,42.23810926800019],[44.07191625200005,42.237997150000126],[44.072819883000136,42.237741751000044],[44.07375178600006,42.23774928100016],[44.07487474800007,42.23787776200004],[44.07535571500017,42.23795328600005],[44.07713497200018,42.23772399300003],[44.077295623000055,42.23770327300008],[44.07742656900007,42.237690951000104],[44.077448668000045,42.237683560000164],[44.07804236900006,42.237484736000056],[44.07903280600004,42.237153045000014],[44.079084984000076,42.23712850500016],[44.08016408700007,42.236513182000124],[44.081837154000084,42.23550794200008],[44.08237104600016,42.23510240400009],[44.08237107100007,42.23510238400007],[44.08241471500014,42.23506922700011],[44.08260715199998,42.234923032000154],[44.08680892800004,42.233575776000066],[44.087517121000076,42.233060666000085],[44.088365971000144,42.23244318800016],[44.08832638000018,42.23174109300004],[44.08836560000003,42.23169131900005],[44.088457742,42.231574384000055],[44.088464571000145,42.23156573800003],[44.08847266300012,42.23155549500018],[44.08848217000008,42.23154341700007],[44.08873134400011,42.23122721200008],[44.089538669000035,42.23038411500005],[44.0897679900001,42.22990112600013],[44.08978011200003,42.22987559500007],[44.089790545000085,42.22985362100002],[44.09030738700005,42.22876508300004],[44.09103277600008,42.22848633200016],[44.091075174000025,42.22847004800002],[44.09275604000004,42.227824152000096],[44.09327197099998,42.22649856000015],[44.093431624000175,42.2257611280001],[44.094435953000016,42.225030370000184],[44.09589641100007,42.22367528800015],[44.09678016700019,42.22251915600009],[44.097285214000124,42.221858467],[44.097340662000136,42.22178590600015],[44.09757060100003,42.22145879200008],[44.09798425200006,42.22087031700016],[44.099138246000166,42.219228588000135],[44.09920080400019,42.2187216480001],[44.099351510000076,42.21750039000011],[44.09843143000012,42.215856780000195],[44.099171285000125,42.21048925700012],[44.09752393000019,42.21026866600005],[44.097500109000066,42.21026546600012],[44.097503276000054,42.21024761400008],[44.09764005200003,42.20948140500019],[44.09830121800019,42.2064608660001],[44.09855122200008,42.205495613000096],[44.09847254200014,42.20486505100013],[44.09871026000013,42.20458452800011],[44.09919957000011,42.20304605500013],[44.09933866100016,42.201483162000045],[44.099509399000056,42.19974670400006],[44.09961223400012,42.19661946800011],[44.09979364800006,42.19618643399997],[44.09992892900016,42.19607532100014],[44.100134265000065,42.19590662200011],[44.10022506800004,42.195832039000095],[44.10024161400014,42.195818437000185],[44.1002548510001,42.19580755500016],[44.10027109200013,42.195794214000045],[44.10029439900018,42.195799122000096],[44.10030605200018,42.1958015620001],[44.10220380900006,42.19620248000007],[44.103143621000186,42.196437827000125],[44.10408386600011,42.19662651100009],[44.105137217000106,42.19686439900005],[44.10572036100007,42.19701399900015],[44.106183735,42.19701157100013],[44.10639404000011,42.19708574900005],[44.10677798000006,42.196949727000174],[44.107148743000096,42.19659600900002],[44.107436960000086,42.196332300000165],[44.10760310600011,42.19607971500011],[44.10791762800005,42.19567719600013],[44.108064643000034,42.19504974400007],[44.108183096000175,42.19471824000004],[44.10853326400019,42.19409236600012],[44.10866816000015,42.193748884000115],[44.10876399699998,42.19329026600019],[44.10867919999998,42.1929632180001],[44.1086683150001,42.19292815800003],[44.10856257300003,42.19258756300019],[44.108622583,42.192364400000145],[44.10869810100007,42.19219572600019],[44.109024971999986,42.19207135600004],[44.10941745700006,42.19190514200017],[44.109566458000074,42.19171288800004],[44.109700868000175,42.19139965500017],[44.10986159700002,42.19095360600011],[44.11006881500015,42.19066508200001],[44.11035784100005,42.19034093600004],[44.110457832000066,42.19016644100009],[44.11050295400008,42.18984644100004],[44.110597669000185,42.18946638500006],[44.110676910999985,42.189379971],[44.110795784000175,42.189250334000064],[44.11093381200004,42.18916367800017],[44.11103355700004,42.18910105900005],[44.11118203800015,42.188945051000076],[44.11132282400007,42.18875876700014],[44.11137342300009,42.188626177000174],[44.11135289000009,42.188354034000156],[44.11144835500005,42.18791959000009],[44.11158483100019,42.187461282000186],[44.11163662299998,42.187244091000025],[44.111640854000086,42.186941916000194],[44.11160606500016,42.18652460400011],[44.111602687000016,42.18618608500009],[44.111697558000174,42.18579395800003],[44.11183165600005,42.18550486400011],[44.11187431300016,42.18536011200001],[44.111861104000184,42.18514242800012],[44.11180466700006,42.185062496000114],[44.11174951300012,42.18498443400006],[44.111622488000194,42.1847718890001],[44.111436321000156,42.1841357830001],[44.11138605900004,42.18395407200006],[44.111335798000084,42.18377236000009],[44.11112526700015,42.18313607400006],[44.11093344900007,42.18254219100004],[44.11101664200015,42.182403827000144],[44.11107459600015,42.18232573100005],[44.111165524,42.182217644000104],[44.111080157000174,42.182152815000165],[44.11096512600011,42.18206545700019],[44.1109327260001,42.1820408530001],[44.11091624500011,42.18202837800004],[44.110887646000094,42.18203941899998],[44.11079370800019,42.18207575300016],[44.110712889000126,42.182044911000105],[44.110722276000104,42.18195433300008],[44.110770903000116,42.18190609300018],[44.110812947000056,42.18186438599997],[44.11088834200018,42.18170179500015],[44.11087411900013,42.18155662800012],[44.11069910500004,42.18128936700009],[44.11000836,42.18071592300009],[44.10963697700009,42.18032356500015],[44.10773230200016,42.1785855120001],[44.10795479300003,42.178369608000025],[44.108252483000115,42.178007391000165],[44.108490495000126,42.177726313000164],[44.10874870700013,42.17757055900006],[44.108947705000105,42.17746327300006],[44.108987022000065,42.17726769800015],[44.109276460000046,42.17697070700018],[44.10963935600006,42.17665251900013],[44.10970385400003,42.17642842599997],[44.11145254000013,42.17665061800005],[44.111975646000076,42.176691676000075],[44.112398846000076,42.17672489000017],[44.11244752500011,42.176650470000084],[44.11244802200008,42.17661503900007],[44.11265948500011,42.17663243100009],[44.11267733100016,42.176490827000066],[44.11339004200005,42.176618370000085],[44.11364371600007,42.17664396500015],[44.11372319300017,42.17663670000019],[44.11394821500011,42.176441606000026],[44.11421309600013,42.176042110000026],[44.114488769000104,42.175630893000175],[44.114615889000106,42.17524216400005],[44.11474804900007,42.1748731240001],[44.114926964,42.1745674390001],[44.11514473099999,42.17413216900013],[44.11531393000007,42.17376341300019],[44.11539381600011,42.17358398300007],[44.11552702100005,42.17328479500003],[44.11554776600008,42.17293460299999],[44.11613439100017,42.172990287000175],[44.116263526000125,42.1728377660001],[44.11631357000016,42.17266492100009],[44.116391711000176,42.172374214000115],[44.116599419000124,42.1718994740001],[44.11670862000017,42.17165623700009],[44.1167767120001,42.171581987000025],[44.11682687900009,42.17152727000018],[44.116981857000155,42.17141823000003],[44.11726415400011,42.17128656500006],[44.11752114899997,42.171072],[44.11795423800004,42.170752538000045],[44.11842469300012,42.170409728000095],[44.11849471900007,42.17036684300018],[44.11849594500018,42.17036609200005],[44.11865954900003,42.17026588200008],[44.11844233400012,42.169902042],[44.118000807000044,42.169304234000094],[44.11789128300006,42.16905753900005],[44.117795596000065,42.16884203400008],[44.11775174300004,42.1685700700001],[44.118252919000156,42.16868609400012],[44.1192378290001,42.16882713600006],[44.12065064800004,42.16883796600007],[44.12112007500008,42.168657063000126],[44.12137224000003,42.16855988200018],[44.12248148100008,42.167817528],[44.12376668400009,42.16732681899998],[44.12533555600004,42.16740553000005],[44.12754859,42.1679396130001],[44.12944999400014,42.16830444300007],[44.13075687100019,42.16786386100006],[44.129694143000165,42.16685470700003],[44.12893902200011,42.166315044000044],[44.12836395600016,42.165726706000044],[44.12792440300012,42.1650726580001],[44.12770543200003,42.16468723500009],[44.12757134600014,42.164652846000195],[44.12721001700015,42.164833631000135],[44.127209987000185,42.164833646000034],[44.12636638000009,42.16420988500005],[44.12548745000004,42.164520177000156],[44.12547810800015,42.16356907500011],[44.126114507000125,42.162956585000074],[44.12652088300018,42.16275945800004],[44.126500734,42.16259243800005],[44.12641655000016,42.162191371000176],[44.12644633900004,42.161657665000064],[44.1268811110001,42.161026966],[44.12728913400002,42.160749366000175],[44.12756021299998,42.16056493700006],[44.128033857000105,42.16036832500015],[44.12806020800008,42.16037096500003],[44.128333616000134,42.16039851800008],[44.128571333000025,42.16042246300003],[44.12922069300009,42.160494133999975],[44.12996090500002,42.16048306000016],[44.13001621500018,42.16043124400011],[44.13011989900008,42.16033408600009],[44.12972384200003,42.159780487000035],[44.129505792000145,42.15932833600016],[44.12955383800005,42.159095120000075],[44.12994029300012,42.15871429400016],[44.13043608800018,42.15853453900013],[44.130970108000156,42.158838905000096],[44.13115412100018,42.158854474000066],[44.131196672000044,42.158858074000136],[44.13161968100013,42.15889386200013],[44.13195671600005,42.15884637500017],[44.13184781900003,42.15861196700013],[44.13174025100017,42.15827743500017],[44.13026586700005,42.15745788700002],[44.13056372300019,42.15722676100012],[44.131009482000195,42.15708856300006],[44.131112384000176,42.156809287000044],[44.13117417200016,42.15664156499997],[44.131159946000025,42.15637525400007],[44.131148959000086,42.15616957800012],[44.131494751000105,42.15638451400014],[44.13151797400019,42.15647926100007],[44.13151850600002,42.15649768600008],[44.13155429600016,42.15666803700003],[44.131902644000036,42.15674496800011],[44.13243935700012,42.15686345900008],[44.13268163999999,42.15662810600003],[44.13268537300007,42.15662449000007],[44.132900348000135,42.156415682000045],[44.132943537000074,42.156373719000044],[44.13311410299997,42.15620803600012],[44.133550050999986,42.155861346],[44.134265593000066,42.15570089000005],[44.13508826400016,42.15585637500004],[44.13516592600001,42.1558409380001],[44.13536685600013,42.15580105800018],[44.135490601000186,42.15577646500003],[44.13549656900011,42.1557240030001],[44.135514745000194,42.15556332600005],[44.13553482999998,42.15538600600013],[44.13554129000016,42.155329006000045],[44.135508864000144,42.15520835600017],[44.135461566000174,42.15503232900005],[44.13545642200006,42.155013213000075],[44.13545644400011,42.155013193000116],[44.13619807300006,42.1545709450001],[44.136767405000114,42.15431511700007],[44.138521063999974,42.15352700600016],[44.13971929400003,42.152988501000095],[44.139721862000044,42.15279875900018],[44.13972243699999,42.15275630300005],[44.13970652,42.152685480000116],[44.13963909600011,42.152324414000134],[44.14088751200006,42.15188133400005],[44.14063717200008,42.15149920600004],[44.14049692400005,42.15128254800004],[44.140118243000074,42.15104288000015],[44.13992335,42.15074535000019],[44.13985102900017,42.15053144500018],[44.13994694700011,42.150465150000116],[44.14010301900004,42.150321722000115],[44.14024172400008,42.15022302300008],[44.140416807000065,42.15015949700012],[44.140528134000135,42.15010299900007],[44.14058304300016,42.15007923800016],[44.140669709000065,42.15004173400007],[44.14070498100011,42.15003178600011],[44.140724456000044,42.150026295000146],[44.1408076030001,42.15000287000004],[44.14105655400016,42.149927456],[44.141342455000085,42.149844810000104],[44.14160145300002,42.14976947000008],[44.14178991400007,42.149706072000185],[44.14193394600011,42.14970963200011],[44.14204414600016,42.14974611800011],[44.14210645700007,42.149766732000046],[44.142157400000144,42.149783579000086],[44.142401102000065,42.14985024700013],[44.1426475610001,42.149959305000095],[44.14278407500018,42.150022650000096],[44.14296015900004,42.15009329700018],[44.143002308000064,42.15011021000004],[44.143003443000055,42.15011066500017],[44.14303734800012,42.15012425100008],[44.14325717300011,42.15022063800012],[44.14336553099997,42.150245718000065],[44.14344557200013,42.15026423799998],[44.14347316300018,42.15027062900009],[44.14349095100005,42.150274750000165],[44.14378543900011,42.15030187800011],[44.14409998899998,42.1503316620001],[44.14422378800003,42.15034254500017],[44.14421508400005,42.15024274100011],[44.144120307000094,42.15006752500017],[44.14395232500004,42.1498518730001],[44.14379736500018,42.1496661920001],[44.143690989000106,42.149603072],[44.14340444499999,42.149486270000125],[44.14313155200006,42.14934959200019],[44.14299921500003,42.14922395300016],[44.14298628700004,42.14919303800019],[44.142966782000144,42.14914640000006],[44.142972921000194,42.149100059000034],[44.143032999000184,42.14912396900007],[44.14363813700015,42.14882840100012],[44.143682528,42.148807606000105],[44.144524938000075,42.14841269200008],[44.14454422100016,42.14836836400019],[44.14431676800007,42.14806658000009],[44.14423206600003,42.14797983500006],[44.1440885610001,42.14782039300002],[44.144008550000194,42.14774176500009],[44.143953403000125,42.147687582000174],[44.14393751700004,42.147671974000104],[44.14358739900007,42.147330398000065],[44.143476971000155,42.14721312100005],[44.14333707800006,42.14706455700019],[44.14321972700003,42.14690809200016],[44.14319735700013,42.146799316],[44.14319168100019,42.146771716000046],[44.14322313600019,42.14665526599998],[44.14313521500014,42.14652956300017],[44.14332825100013,42.14655671400004],[44.14334389500016,42.1465589070001],[44.14361862900017,42.14667488400005],[44.14384509700005,42.14677104900005],[44.14397546700019,42.146794248000106],[44.144046815000024,42.14676422100007],[44.14418273800004,42.146651308],[44.144425940000076,42.14633636900015],[44.14450202900008,42.14623134100003],[44.14451056100006,42.14615361700015],[44.14445607900018,42.14603929200018],[44.144283008000116,42.14586017300019],[44.14410589400006,42.14570326300003],[44.14394371900005,42.14554643300016],[44.14371900100008,42.14536530300012],[44.14370366700007,42.145352935000176],[44.14358983500006,42.14521037400016],[44.143562266000174,42.14503792100004],[44.143561267,42.14483783700018],[44.14346421200008,42.14455926400012],[44.14343104700009,42.14451083200004],[44.14324816300007,42.144243655000025],[44.143075962000125,42.14400063699998],[44.142901467000115,42.14374783000011],[44.14282612700015,42.143667833000166],[44.142964650000124,42.14355813600008],[44.1430349900001,42.14350244900015],[44.14317629400006,42.143403047000106],[44.143397985000036,42.14324709700003],[44.14374966900016,42.14299974500017],[44.1438335360001,42.14291303000016],[44.14394841200016,42.14279425400008],[44.14387768199998,42.142412682000156],[44.14351659000016,42.14161607500006],[44.14351605100018,42.14161629100005],[44.14351202700004,42.14160604600005],[44.14347307500003,42.14150685900006],[44.14345324900012,42.14145639600008],[44.14336355900019,42.14123025800018],[44.14329177000019,42.14104928300003],[44.143283873000144,42.14102934200008],[44.143271045000176,42.1409969500001],[44.14324681800019,42.140896905000034],[44.14322652400011,42.14081310100005],[44.14322313700012,42.14079903300012],[44.14418952400007,42.14037817600001],[44.144483030000174,42.14028971500011],[44.14461078900018,42.14025121700013],[44.144722620000096,42.140217514000085],[44.14498245800013,42.14016301800018],[44.145003108000026,42.140165602000025],[44.14503686800015,42.14016982000004],[44.145078486000045,42.14017503500003],[44.14510235600005,42.14017801199998],[44.145262332000186,42.14003338800012],[44.14575317500004,42.13972186900003],[44.14597600600007,42.13960122200007],[44.146148623000045,42.139456689999975],[44.14617289900008,42.13930250400006],[44.14619005000003,42.13919356700018],[44.14610784900003,42.13872724300012],[44.14624859900016,42.138130894000085],[44.14641952400018,42.13763824300008],[44.14646425200016,42.13713054200008],[44.14649629500002,42.136627457000145],[44.14648512000008,42.13604876800014],[44.146451511000066,42.135695280000164],[44.146440805000054,42.13558275700018],[44.14630999800016,42.134970255000155],[44.14626378900016,42.13464532600017],[44.14622385900003,42.13432516400013],[44.146202053000025,42.134066289000145],[44.14621001000006,42.13404564400008],[44.146339568000144,42.13370980500014],[44.14637374100005,42.133517192000056],[44.146346044000154,42.13339887600006],[44.14630203900015,42.13321089300007],[44.146197526000094,42.132981318000134],[44.1460441910001,42.13264449800016],[44.14582808400007,42.132266562000154],[44.14564343600006,42.131898269000146],[44.145546240000044,42.13167628700006],[44.14545952600014,42.131478241000025],[44.14532346500016,42.13125613900013],[44.14520991000012,42.13121280900009],[44.145184441000026,42.13120309600009],[44.14512499300008,42.13118043000003],[44.14507570400019,42.131161604000056],[44.14503423600013,42.131145797000045],[44.14507487900005,42.13094382000014],[44.145058531000075,42.13075083000018],[44.14487893200004,42.130476649000116],[44.144863743000144,42.130327088000115],[44.144845474000135,42.13014712300003],[44.14488072500012,42.12987457300005],[44.144998816000054,42.129550868000194],[44.1449226200001,42.129108130000134],[44.144597159000114,42.127934387000096],[44.14441066100011,42.127236804],[44.144224609,42.12650630100006],[44.14406132400012,42.12595939200003],[44.144022655000185,42.125790353000184],[44.14397183600016,42.12556830600016],[44.14380687500011,42.125618815000166],[44.143103851000035,42.12620627300009],[44.142764552000074,42.126533014000074],[44.142532375000144,42.126879375000044],[44.14194837300016,42.12754300100005],[44.141794317000176,42.1277205880001],[44.14160823400016,42.12793088600006],[44.14122959800011,42.12836081300003],[44.140945827000166,42.128782068000135],[44.14077136200018,42.12906770600017],[44.14057160100009,42.1292694870001],[44.14032289200003,42.129520618000186],[44.139731101,42.130287659000146],[44.13954487500007,42.13050733400007],[44.13941411600018,42.130830937000155],[44.13951144900011,42.13110920000014],[44.13986085800019,42.131441100000075],[44.13973366200014,42.13150129500019],[44.13951364800005,42.131414982000024],[44.13910393300017,42.131336654000165],[44.13879954500004,42.131414343000074],[44.13842137900019,42.131806623000045],[44.138279369000145,42.13202665800003],[44.13858298700006,42.13247110700013],[44.13894886000003,42.13298658700012],[44.13940717300005,42.13367680800013],[44.13967820500005,42.13419629500004],[44.13985926100014,42.13436229000018],[44.13996003600005,42.134386556000095],[44.140119422000055,42.134346746000176],[44.14027077800017,42.13430894200002],[44.14088607100018,42.13413950200004],[44.14149355100017,42.134082883000076],[44.14167059199997,42.133953730000144],[44.141684691000194,42.13394468500019],[44.14167673800017,42.13397853400005],[44.14165882300017,42.134054868000135],[44.14160179400017,42.1342955450001],[44.141411269000116,42.13495437200015],[44.14140693900009,42.13496920100005],[44.14135257300006,42.13497279700016],[44.14130039500003,42.13497622300008],[44.14121393200003,42.13498191700006],[44.14083337300008,42.13506942900017],[44.140238044000114,42.13532476000006],[44.13995728200018,42.13544095499998],[44.139742055000056,42.13553002700007],[44.139593714000114,42.135584872000095],[44.13933783400006,42.1356794780001],[44.13926250100013,42.135711204000074],[44.13919287300007,42.13574052600018],[44.13921853100004,42.13608522100003],[44.13932950100019,42.136295039000174],[44.13907016200011,42.136394737000046],[44.138732969000046,42.13664072800009],[44.138474280000025,42.13599244500017],[44.13816788000008,42.1352245220001],[44.13777212400004,42.13531192000005],[44.13806096500019,42.13583367300015],[44.13780146400012,42.13599103500002],[44.13759437400006,42.13560624899998],[44.13733158000014,42.13511795],[44.13718836200002,42.13485189500011],[44.136693,42.13400851100016],[44.13608320700018,42.133164264000186],[44.135357868000085,42.132404336000036],[44.13561049800006,42.131858652000176],[44.13556789000006,42.131481730000075],[44.135537539000154,42.13121315400002],[44.13554595800019,42.13115891700011],[44.135609215000045,42.130751269000086],[44.135500886000045,42.130496194000045],[44.135324088000175,42.13007985000007],[44.13518553100016,42.129801096999984],[44.1348626410001,42.12915153000017],[44.13475855700017,42.128982446000066],[44.134758540000064,42.1289824210001],[44.13447878700009,42.12852803200008],[44.13404823200011,42.12773380300018],[44.13389059000019,42.127306703000045],[44.133887085000026,42.12710958400015],[44.13388351100008,42.1269083790001],[44.134304570000154,42.12640842400003],[44.13485883100009,42.125730953000016],[44.1350193830001,42.125147878],[44.135243115000094,42.12472757800009],[44.135294096000166,42.12465640300013],[44.135820939000155,42.12392044899997],[44.13659976100007,42.12275774200015],[44.137198934000025,42.12198320300013],[44.137487364000094,42.121612096000035],[44.1367987480001,42.12003539800014],[44.136308684000085,42.118913337000095],[44.13592278900006,42.11802972700019],[44.134684801000105,42.11541695200009],[44.134672514000044,42.11539104899998],[44.13456949700014,42.114952065000125],[44.134859274000064,42.11448357800015],[44.13569240100014,42.11379471800018],[44.13651266200009,42.11311648100008],[44.137239853000096,42.11253766500016],[44.13729925900009,42.112341359000084],[44.13736137000012,42.112394432000144],[44.13739520900003,42.112423368000066],[44.13776171400002,42.112236407000125],[44.13840690000012,42.11207864700003],[44.13868462200003,42.11203082800006],[44.13877228500007,42.11201572600004],[44.13906416500009,42.11196545700005],[44.13916085900007,42.111948801000096],[44.13931303400017,42.11195246300008],[44.14008295499997,42.111946698000054],[44.140351453000164,42.111831270000096],[44.140384188000155,42.111806407000074],[44.14042125399999,42.11177825600015],[44.14055817700006,42.11167435800007],[44.14065790100011,42.11159868200019],[44.14070101400006,42.111577077000106],[44.14104876400006,42.111402877000046],[44.141106343000104,42.11131288900009],[44.14120988800005,42.111151139000185],[44.14128346900003,42.11019409700009],[44.141442195000025,42.109219656000164],[44.141712019000124,42.10900485700006],[44.14174000400004,42.10900668100004],[44.141809643000045,42.10901119200014],[44.14218472699997,42.10903549700015],[44.14282623900016,42.109148680000146],[44.143103391000125,42.10928628000016],[44.14310342300013,42.1092862970001],[44.143159806000085,42.10960288600006],[44.143228432000114,42.10991052300005],[44.14329806799998,42.110145928000065],[44.14325972200004,42.11029018900018],[44.14329478200011,42.11038982399998],[44.14342747000006,42.11044500500003],[44.143462409,42.11055366500017],[44.14347163700006,42.11077055300018],[44.14354200600013,42.11095174800016],[44.143613429000084,42.11105166200008],[44.1437197140001,42.11126924700005],[44.143734673000154,42.11135763100003],[44.143753398,42.11146826000004],[44.14388156600012,42.11172228100003],[44.1438952310001,42.11174936800006],[44.143892560000154,42.11194808100004],[44.143987063000054,42.11213850000007],[44.14414169500009,42.11236549200004],[44.14424579700017,42.11274567000004],[44.14448149500015,42.11326236200017],[44.14467124000009,42.113588994000054],[44.144850173000066,42.11381616600016],[44.144906460000016,42.11414180300005],[44.14494319300013,42.11422156300006],[44.14510686000011,42.11457691100014],[44.145223077000026,42.114957178000054],[44.145448867000084,42.11531118500017],[44.145625018000146,42.115746110000146],[44.14594613900016,42.11622728200018],[44.14607718000008,42.116408927],[44.14614853000012,42.116517884000075],[44.146183440000186,42.11662654100007],[44.14624264500003,42.11673537500002],[44.14621523600016,42.116970056000184],[44.14607792900006,42.11725809900014],[44.14585299300012,42.11774425100003],[44.14580092300008,42.1180058540001],[44.14579558600008,42.11840327700003],[44.14605575000007,42.11900975500009],[44.146689778000166,42.12048769500018],[44.147054468000135,42.12141135200011],[44.1476521190001,42.12292490500005],[44.14786374500005,42.123432364],[44.14802819900012,42.12384008599997],[44.148250720000135,42.124437967000176],[44.148472570000024,42.12509004800006],[44.148872518000076,42.12603251700011],[44.1491408440001,42.12683850600013],[44.14920042600005,42.126920268000106],[44.14913777600003,42.12740240700015],[44.14913193400008,42.12744742300015],[44.14913305000016,42.12745663700019],[44.14913457800009,42.12746931200007],[44.14913877499998,42.127504142000134],[44.149147052000046,42.127572609000026],[44.14917830900009,42.12783115200017],[44.149601831000155,42.12889824900009],[44.150259799000025,42.12976576],[44.150305742,42.12981302200018],[44.15108542100012,42.13061535800017],[44.15169539400006,42.13122370800005],[44.152533807000054,42.13208298100017],[44.1531687800001,42.132749031],[44.15325917400014,42.132915161000085],[44.15335731900018,42.13309547800003],[44.15334595900015,42.13394847100017],[44.153667023000025,42.134617495999976],[44.15369680000009,42.13467950100005],[44.153892539000026,42.134978278000176],[44.15407025500019,42.13524951800008],[44.154113298000084,42.13531517900009],[44.1545192160001,42.13577825800013],[44.15498993600016,42.13621304300011],[44.15536971900008,42.13670469300013],[44.155578374000186,42.1370029090001],[44.156269866,42.137553470000114],[44.15702685900004,42.13830749500005],[44.15767162800017,42.13861115700013],[44.15773825000019,42.13864253700007],[44.15781920300003,42.138692173000095],[44.15799104100006,42.13879758700011],[44.15817781900006,42.13891216600007],[44.15815967500015,42.140282038000066],[44.158223958000065,42.14028381800006],[44.15908397800018,42.140307422000035],[44.159420521000186,42.14031667800009],[44.159955557000046,42.140354741000124],[44.16002815300004,42.140359903000046],[44.161138010000116,42.14043890500017],[44.16120854300016,42.140443924000124],[44.16157124200009,42.14042918500007],[44.16210615200009,42.14040742400016],[44.16212874800004,42.14040649000009],[44.16214665100017,42.14040575100012],[44.162794538000014,42.14037940200012],[44.16375250699997,42.14034019100018],[44.164559701000144,42.140307162],[44.16463636000003,42.140304025000034],[44.16579215700017,42.140193105000094],[44.16586510100018,42.14018611100005],[44.166010448,42.14018937500015],[44.16645583200011,42.140199370000175],[44.166504955000164,42.14020048200007],[44.16658393500012,42.14020227000003],[44.166700025000125,42.14020487300019],[44.16683157700004,42.14023501000008],[44.16722906200016,42.14032611300007],[44.16732879500012,42.14034896300018],[44.16735278700014,42.14037371],[44.16756424100009,42.14059171100001],[44.16755892700019,42.14099759400011],[44.167378688999975,42.14174471900003],[44.16720243800006,42.142187445000104],[44.16723198900013,42.142346482000164],[44.16739352300016,42.143216363000136],[44.16804405800008,42.145605961000115],[44.168297869000185,42.14574731700009],[44.168860643000016,42.14562147900017],[44.169067203000054,42.14557529000018],[44.16983866300012,42.14523839399999],[44.16984371700005,42.14524607800013],[44.16985082200017,42.14525686200011],[44.16987443800019,42.145292930000096],[44.16991144800005,42.145349349000014],[44.170063531000096,42.145581354000115],[44.17017292200018,42.14574822900016],[44.170857529000045,42.14815071900017],[44.17085992400018,42.14815758900005],[44.170951703000014,42.14841986000016],[44.171068729000126,42.14875427600015],[44.17107116500017,42.14876116700009],[44.17176353700006,42.148699039000064],[44.171989910000036,42.14865053400007],[44.17203673200004,42.14864526100007],[44.17209891400017,42.14863824300005],[44.172248303,42.14865373200013],[44.17302224600019,42.148534885000174],[44.17334197600019,42.14848579800014],[44.18049318200019,42.14545757100012],[44.18050461000007,42.14545274300008],[44.18097950200007,42.14525160200003],[44.18108942500004,42.14520506100018],[44.18109082300015,42.14521153499999],[44.18109246800003,42.14521917100012],[44.18126539100001,42.14601391000002],[44.18217570600012,42.14642302300007],[44.18346292600006,42.14664898100011],[44.18421154800018,42.1466852850001],[44.185036271000115,42.147279578000166],[44.18581382700012,42.14830710200005],[44.187339708000025,42.14940188400004],[44.18777489000013,42.15047977500018],[44.18778165700007,42.15048420900018],[44.18786958400017,42.15054182800003],[44.187910635000094,42.150568754000176],[44.187970494000126,42.150607990000026],[44.18808735600004,42.150515574],[44.18820993700018,42.150418595000076],[44.18842289200012,42.149986489000185],[44.18844975400003,42.149942813000166],[44.188493293000136,42.14987202500015],[44.188589187000105,42.14971620600011],[44.18867502900008,42.14957672000014],[44.18884702400004,42.14925456600014],[44.18899646700004,42.14913237300004],[44.18905853400014,42.149081618000025],[44.18909652600007,42.149050535000015],[44.18914939200016,42.14894176900009],[44.18920501600013,42.1488273220001],[44.189299417000086,42.148633044000064],[44.18941796600018,42.14847690400006],[44.18972127900014,42.14807745700017],[44.19026669100015,42.14734538900018],[44.19030406500008,42.1472951830001],[44.19031136900014,42.147258073000046],[44.190355829000055,42.14714603200008],[44.19038820300011,42.14701288000009],[44.19037507800016,42.14689413300016],[44.1903542930001,42.146825313000136],[44.19040472700004,42.14684205900011],[44.190497618000165,42.14683104600016],[44.19056660700011,42.14678920100016],[44.1906673150001,42.146687738000026],[44.190887215000146,42.14648353500007],[44.19188970100015,42.14686540800017],[44.192078171000105,42.14680058400012],[44.19242855400006,42.14642824600003],[44.192828307000184,42.146056221000094],[44.19314572100018,42.14594821700001],[44.19327036800007,42.14624307600019],[44.193270382000094,42.14624310200003],[44.19336736000014,42.146383381000135],[44.193607807000035,42.146412664000025],[44.19375189800013,42.14643019800019],[44.19434663800013,42.146257999000056],[44.194456326000136,42.146211760000085],[44.19472394100018,42.14609894500006],[44.19496793000019,42.14554946400017],[44.195152536000194,42.14500690800003],[44.19527850200012,42.14441982000011],[44.195303447000185,42.144008444],[44.1955879570001,42.14406921900019],[44.19594365800009,42.144145194000146],[44.19625026400007,42.144170589000055],[44.19652569100003,42.14419339700015],[44.19726757300015,42.14409569500003],[44.19800991700009,42.14396124300009],[44.19885271100003,42.14369519200005],[44.19908205700017,42.14352040400013],[44.199173040000176,42.14335202300015],[44.19930401400018,42.143369906000146],[44.199304443000074,42.14336996500003],[44.19939978499997,42.143382980000126],[44.199832132000154,42.14355504100007],[44.20002381300009,42.143651085000045],[44.199870176000104,42.14376864700017],[44.19987003699998,42.143768754000064],[44.199869918000104,42.14376884500018],[44.19978486900004,42.14383391100006],[44.199782668000125,42.143835603000184],[44.199782642000116,42.1438356220001],[44.199646489000145,42.14393979900012],[44.19958783400017,42.144027477000066],[44.19957529000004,42.14443218500003],[44.19959685500015,42.14478159400005],[44.19960045199997,42.144946941000114],[44.19960393500003,42.145107049000046],[44.199604730000146,42.145126127000026],[44.19960473700007,42.14512630300004],[44.19960596600009,42.145155308000085],[44.19962340000012,42.14532986100005],[44.199623523000014,42.14533049199997],[44.19962760499999,42.14534572399998],[44.19963316000019,42.145366455000044],[44.19971271600002,42.145660842000154],[44.19974710900016,42.14590411],[44.19973608100008,42.14601175700011],[44.19970959700004,42.14607754100007],[44.199695395000106,42.146090545000106],[44.19969703800018,42.14613189800002],[44.19969896000015,42.14618153700013],[44.199453525000195,42.14631694500014],[44.1994106520001,42.14653927600017],[44.19934825300015,42.14686257800008],[44.199320918000126,42.147004368000125],[44.19931432600009,42.14703842000006],[44.19931425500005,42.14703891300002],[44.199316905000046,42.14704045700017],[44.19933282500011,42.14704962300004],[44.19972072000019,42.14718795800019],[44.19979168200018,42.14723240200016],[44.19994831400015,42.14737495000003],[44.199963542000035,42.14740559000006],[44.20012388600014,42.14776236900019],[44.200125663,42.147769446000154],[44.20035083100015,42.14867363100012],[44.20035089099997,42.14867389800003],[44.20040074400015,42.14887707300005],[44.200427773000115,42.148886389000154],[44.20071199300003,42.148759055000085],[44.20103725400003,42.14856737000014],[44.20142383000007,42.14801823100004],[44.20199899000005,42.14805353400004],[44.20200002000013,42.148053590000075],[44.202254100000175,42.14806918300019],[44.20225478200007,42.14806921200011],[44.20264599500018,42.14806330500005],[44.20264660700008,42.148063361000084],[44.203151934,42.148175263999974],[44.20365852400005,42.148268343000154],[44.20365932500016,42.14826834400009],[44.20408899300003,42.14826079300008],[44.204090025000085,42.14826075500008],[44.20454025600014,42.14822689800019],[44.2045409210001,42.148226905000115],[44.20454139900016,42.14822690900007],[44.20552628100012,42.14825976700013],[44.205527608000125,42.14825978200008],[44.20650303000019,42.14822979200005],[44.20728068900013,42.14820587900016],[44.20728160300001,42.14820584000006],[44.2072823310001,42.14820575700014],[44.20765057500017,42.14815651300012],[44.20765140900011,42.14815638800002],[44.207652204000055,42.14815626],[44.207680108000034,42.1481505000001],[44.20773659200012,42.14813882200019],[44.20797631200003,42.14808933100011],[44.20864002400009,42.14811773700012],[44.20897388100008,42.14814694200015],[44.20917916200011,42.14816489900011],[44.20930986700017,42.148197296000035],[44.20944007100013,42.14822956900014],[44.20998540300013,42.14814780200004],[44.210933373000046,42.14800568200019],[44.21093566000013,42.14800533800013],[44.21094346800004,42.14802044200013],[44.21095945900004,42.14805137300016],[44.21126742400003,42.14864707500004],[44.21152844300008,42.149065901000085],[44.21177633800005,42.149463656000194],[44.21257226199998,42.14933808300003],[44.212574523000114,42.149367716000086],[44.212724953000134,42.15133925800012],[44.21294843000004,42.15133449100017],[44.21439759900011,42.151303488],[44.214409948000025,42.151303227000085],[44.21441173600016,42.15130319000019],[44.21443977400014,42.15130259900019],[44.21448347700016,42.151301646000036],[44.21876331500005,42.151209960000074],[44.225472312000136,42.150375163000035],[44.22730896200005,42.14837075500009],[44.221186299000124,42.14572940000011],[44.22091079600017,42.14423315300007],[44.222174569,42.14368284500017],[44.22262469800006,42.14292049300013],[44.22304108800006,42.142826510000134],[44.223062782000056,42.14282212500018],[44.22308153,42.14281739000006],[44.22398341000002,42.14261382500018],[44.22494975800004,42.1423530510001],[44.225512292000076,42.141737240000054],[44.22547041800016,42.14115377700017],[44.224561683,42.140710279000075],[44.22443757900004,42.14062232800018],[44.223315459000105,42.13982710900018],[44.222576088000096,42.13888657000007],[44.222317814000064,42.13857560000008],[44.221916512000064,42.13809241100017],[44.22143102000007,42.13774892499998],[44.22143099500016,42.13774890700017],[44.22143171200014,42.137747003000186],[44.22143242400017,42.13774508600011],[44.22162323800018,42.137214146000076],[44.22175478400004,42.13647089100016],[44.22185204500016,42.13625584800019],[44.22186207000004,42.136233625000045],[44.221871325000166,42.136213203000125],[44.22190751300013,42.136133203999975],[44.22192310600008,42.136100655000064],[44.2219266730001,42.13609232199997],[44.22193779600008,42.13606634700005],[44.22209033500019,42.13572901500004],[44.22211764000019,42.135476710000034],[44.22215930800007,42.13509160900003],[44.222159337,42.13509162800017],[44.22216472200017,42.13509484700012],[44.22222562500019,42.135131145000116],[44.22228652700005,42.135167443000114],[44.222547077000115,42.13532268000006],[44.22295668900006,42.135489555000106],[44.22335247800004,42.135579782000036],[44.22364554700005,42.135658361000026],[44.22376992100004,42.13574675800015],[44.22387870900019,42.13582407100006],[44.22399885300018,42.13561698100017],[44.22397721200008,42.13543220200006],[44.22387995100007,42.13527150700003],[44.22389003500001,42.13512386500008],[44.223983298,42.13493369600002],[44.224009754000065,42.13479846400003],[44.22421100600002,42.13457209900008],[44.22443747000011,42.13430897700016],[44.22427351100015,42.13419092300012],[44.2241582260001,42.13415321600013],[44.22405260800008,42.13399862800014],[44.223897233000116,42.13385600300012],[44.22378344900011,42.13369522600004],[44.223652654000034,42.133571230000086],[44.22353949800009,42.133355073000075],[44.22346825400007,42.13309606400003],[44.22328845600009,42.13292251200011],[44.223002560000054,42.13263745900019],[44.22279878700016,42.13239605200005],[44.22261989700013,42.13214861900008],[44.22259972600011,42.1320636640001],[44.22255695400014,42.13188353300018],[44.22250182800019,42.131661602],[44.222578343000066,42.1314897850001],[44.22252286500009,42.13129244300012],[44.22250047299997,42.131095358000096],[44.222592645000134,42.13099749800017],[44.2225363390001,42.13086787200007],[44.22251845100004,42.13080710000003],[44.22247280700003,42.130652014000134],[44.22247476400008,42.13049199000005],[44.222527446000186,42.130239984000184],[44.22255474100007,42.130037076000065],[44.22249245300003,42.129722774000186],[44.222423390000074,42.12928528600003],[44.22237323600001,42.129115736000074],[44.22228839200011,42.12882891700002],[44.222267145000046,42.12877756900008],[44.222232200000064,42.12869313300018],[44.222564185000124,42.128590759000076],[44.22240122300013,42.12839269000011],[44.222238079000135,42.12821311300007],[44.222237570000175,42.12821077800015],[44.22223013900003,42.12817613800013],[44.222313909000036,42.12816268100016],[44.2228184440001,42.128081636000104],[44.22308931700002,42.128067959000134],[44.22335621100012,42.128054483000085],[44.22335650500014,42.12803038900006],[44.22335675800008,42.12800967000004],[44.223359217000166,42.12780831400005],[44.22348548000002,42.12762453400012],[44.22392456100005,42.12755364900005],[44.2243555120001,42.12747038100008],[44.224370025000155,42.12695963300007],[44.22440523900019,42.126804380000124],[44.224466168,42.12653559000012],[44.224472705000096,42.126525468000125],[44.22448073200013,42.12651303900009],[44.22456784300016,42.126378443000135],[44.22460096300006,42.126327236000066],[44.22487535100004,42.12613896000016],[44.225009546000194,42.12604687900006],[44.226218255000106,42.12523644600009],[44.22660973800009,42.12499905800013],[44.22666157000009,42.12494082800015],[44.226685727000074,42.1249137050001],[44.22670258000011,42.12489477700012],[44.2268276530001,42.124754307000046],[44.2270156780001,42.124484073000076],[44.227900914000145,42.1236806280001],[44.22864363600013,42.122981327000105],[44.2297966590001,42.123378008000145],[44.23103909200012,42.1215096360001],[44.23173820200003,42.12045824400013],[44.23140525800005,42.120066362000046],[44.23138521900006,42.12004277600005],[44.23118132000013,42.11980278699997],[44.231880600000125,42.11918725700002],[44.23213765200006,42.11894723200015],[44.23219896100005,42.118548175000114],[44.232471,42.118234637000114],[44.23360760500009,42.11789075600018],[44.234126043000174,42.11815580500013],[44.235150333000036,42.11897213600008],[44.2358106370001,42.11869946700017],[44.2358106690001,42.11869945300003],[44.23635040300019,42.11938331300013],[44.236662964,42.11977932200011],[44.23717152199998,42.12061718400014],[44.23844221900009,42.12168042100012],[44.23851152000003,42.12289862200009],[44.23861603100005,42.12411239700003],[44.240709050000135,42.12499105900008],[44.24157158200012,42.125606226000116],[44.24176754300004,42.12574598900005],[44.24556433200007,42.12518042600004],[44.24681579300011,42.124904223000044],[44.24761745800009,42.124727281000105],[44.246258036000086,42.123069477000115],[44.24702811500009,42.122845999000106],[44.24705312100002,42.122838766000086],[44.24856437500006,42.12240016700014],[44.25037145100015,42.12154088900007],[44.25051612300007,42.12147455200005],[44.25073961200013,42.121372055000165],[44.25145296200003,42.12104488800003],[44.25175410900016,42.12090677100019],[44.25223195500007,42.120687609000186],[44.25364862100008,42.12003786300011],[44.255355687000076,42.11700010700008],[44.260526399000184,42.11432690500004],[44.262492557000144,42.11332341200006],[44.26531801800007,42.11264848400003],[44.267078167000136,42.112227974000064],[44.26956196000003,42.112821435],[44.27151399200005,42.11350265600015],[44.27221420700016,42.11322249900019],[44.27278552100017,42.11299390199997],[44.2752403450001,42.11255343100004],[44.27691217400013,42.112746369000035],[44.27849995100013,42.11315159800006],[44.279196782000156,42.11291276300011],[44.27972038000013,42.11246847800004],[44.27974560299998,42.112447069000154],[44.281010686000116,42.11137369000005],[44.28186420500015,42.110507347000066],[44.28141694599998,42.11000863400011],[44.28141692300011,42.11000861300016],[44.28111398700008,42.10981372500004],[44.28070242800004,42.10958759000005],[44.27970881600004,42.10911522500015],[44.27970878800005,42.10911520600007],[44.27886437400019,42.10840571200015],[44.279025549000096,42.108287705000066],[44.280959002000145,42.10810146800003],[44.28119716700019,42.10797285700011],[44.28152184200013,42.10779752299999],[44.28223417100003,42.10764836100009],[44.28276348800006,42.10753751800007],[44.282474151000145,42.106028133000166],[44.28304727200009,42.10481178800018],[44.28110589300013,42.10453184100015],[44.2801152940001,42.10410075100003],[44.28004074600017,42.10403675300006],[44.27972935300005,42.10376942000005],[44.27926284700004,42.103756084],[44.27824248100018,42.10334352300009],[44.278273811000076,42.103252256000076],[44.27827716899998,42.103242529000056],[44.27865563900008,42.10214601500013],[44.280152876000045,42.101649609000106],[44.28220276800016,42.101314138000134],[44.282951186000105,42.10151834800013],[44.28376342399997,42.10153333100004],[44.284092307000094,42.101157250000085],[44.284554418000084,42.10103322900005],[44.28453180100007,42.100564892000136],[44.28266739900016,42.10055325600007],[44.282240187000184,42.10005468200018],[44.28310186000016,42.098931876],[44.28369301400005,42.09821969200004],[44.28227223200008,42.09808765000014],[44.280693088000135,42.09733878000003],[44.28125837800019,42.097071362000065],[44.28256233600007,42.09729383000018],[44.283488808000186,42.097260212000094],[44.28380918800002,42.097066687000165],[44.28455442500018,42.096616513000185],[44.28498574100013,42.095909803000154],[44.28549818700009,42.09504590400019],[44.286390274999974,42.09335670700011],[44.286198501000115,42.09158192600012],[44.28264742100009,42.092091856000025],[44.28170680900007,42.09111947500014],[44.280921346000184,42.09030747700007],[44.28255045400016,42.08966143400016],[44.28111738100017,42.087240399000166],[44.27904778200008,42.08787660500019],[44.27793165200012,42.08613340800014],[44.276197990000185,42.08342544500016],[44.275289949000125,42.082007013],[44.27493910400011,42.08145895300015],[44.27100902000018,42.07531884200006],[44.270809466,42.074648600000046],[44.269892755000114,42.07322525200004],[44.26907899100013,42.071961744000134],[44.265587352000125,42.072758811000085],[44.265293915000086,42.07225987100003],[44.264858170000025,42.071518957000194],[44.26443943300012,42.071549427000036],[44.264330317000145,42.07134242200004],[44.26432145200005,42.071325661000174],[44.26434447600013,42.071320135000065],[44.264514799000096,42.07127927100004],[44.26465114700005,42.0712465580001],[44.26541319300003,42.07106372600009],[44.266075304000026,42.070854962000055],[44.266718243000184,42.07040032300017],[44.267255197,42.069600918],[44.26899188200008,42.06581085400012],[44.26918343400013,42.06549879500017],[44.2693389050001,42.065245515000186],[44.27005737500008,42.062738671000034],[44.27211158900019,42.06219340400014],[44.27198696300019,42.06155362200013],[44.27173792400009,42.061376649000124],[44.27163799400017,42.06130564500012],[44.271092708000026,42.06092534800018],[44.26965355000016,42.058852727000044],[44.268064641000194,42.056564264000144],[44.2666730040001,42.05430088300017],[44.266257492000136,42.05362507700005],[44.26523961200013,42.053584071000046],[44.26069358900014,42.046448424000175],[44.26349907700012,42.04798433300016],[44.27003411599998,42.04719815700014],[44.27360984300003,42.04615141400012],[44.276886303000026,42.04737704299998],[44.277244228000086,42.04751515300006],[44.27741503900006,42.04757833000002],[44.27750451200012,42.047615906000146],[44.278207624,42.04784896400008],[44.2782243530001,42.04785451600014],[44.27824184700012,42.047862237000174],[44.27827076099999,42.04787502800008],[44.280893257000116,42.04921104200014],[44.28372052400016,42.05053106500003],[44.28432643700012,42.050813947000165],[44.286821019000115,42.051978493000036],[44.287173420000045,42.052154629000086],[44.28930028999997,42.05321749400014],[44.2893002670001,42.05321942800015],[44.289219207000144,42.05367212800013],[44.28877839100005,42.055028974000095],[44.28857056200019,42.055945409000174],[44.28886887400017,42.05645707300005],[44.290121568000075,42.05728058700015],[44.290934219000064,42.05798541300004],[44.292575832000125,42.05942573800013],[44.29409822600013,42.06061341200012],[44.29409825200014,42.06061343200014],[44.2945798290001,42.061058230000185],[44.294579854000176,42.06105825200018],[44.29481580200019,42.06171681500007],[44.29547834700003,42.06229869800012],[44.29620334500015,42.06273367900019],[44.296475499999985,42.0628713160001],[44.296241567000095,42.06340236000017],[44.294953170000156,42.06304323800009],[44.29325141100014,42.06294212500018],[44.292201368000065,42.06302629900006],[44.29150434700017,42.06330322500003],[44.29133086200011,42.06337214700005],[44.29139263200011,42.06364762300012],[44.29142153900011,42.06377659500015],[44.29145488600011,42.063925455000174],[44.29149685400017,42.06411259300006],[44.29157552700002,42.064463544000034],[44.29163193700009,42.06471520000008],[44.29166405800015,42.064858414000184],[44.29167681600018,42.06501075800003],[44.29169992300001,42.06528639900017],[44.29171828200003,42.06550546400007],[44.29174773600016,42.0658566730001],[44.29177121500004,42.06613669400008],[44.29177143000015,42.06613934800015],[44.291822711000066,42.0663967640001],[44.291848476000155,42.06652620600016],[44.29188831200008,42.06672617800018],[44.291928381000105,42.066927391000036],[44.292001878000065,42.06729639800011],[44.293883688000165,42.06762523900005],[44.29396310100003,42.0676416280001],[44.29449384300011,42.06775121900017],[44.29451664400011,42.067755945000044],[44.294534862000035,42.067759707000164],[44.295127716000025,42.06788214000011],[44.29521405800011,42.06784016400019],[44.29588758800003,42.067512726000075],[44.29632355800004,42.067300777000014],[44.29647687300002,42.06722625400016],[44.296767479000096,42.06708499400003],[44.29713691400019,42.066905378000115],[44.29722210500006,42.066863971000146],[44.297601097000154,42.06705183200012],[44.297833465,42.06716204400004],[44.29801679500008,42.067181595000136],[44.29817898500016,42.067218057000105],[44.298351781000065,42.06725689100011],[44.29934900400008,42.0674399720001],[44.30039485100019,42.067672150000135],[44.30120380300019,42.067847971],[44.30188195900013,42.06799855100002],[44.30211846300017,42.06809153800003],[44.30221559700004,42.06819588200011],[44.30223366500013,42.06821282600009],[44.302275114000054,42.068251679000184],[44.30228012900005,42.06827846300013],[44.30196582600007,42.068425965000074],[44.30150350800017,42.0685990500001],[44.300564817000065,42.068914420000056],[44.30055887399999,42.06891667400009],[44.300556387000086,42.06891778000016],[44.30003103800004,42.069160548000184],[44.299752113000125,42.06928295199998],[44.29984504000009,42.06932891300016],[44.29988646200013,42.069349390000184],[44.30049473300011,42.06965022300011],[44.30114586000008,42.07002850100014],[44.301352796000174,42.07008620500011],[44.30189571100004,42.07023758000014],[44.302468632000114,42.07039804600009],[44.30250395799999,42.07040793900006],[44.303043361000164,42.07055899900013],[44.30332546100004,42.07073709200006],[44.30373752800011,42.07099720800011],[44.30410113900007,42.07118875500004],[44.304121988000134,42.07119973400012],[44.30487649000003,42.07159721199997],[44.305553820000114,42.07180385900011],[44.305819796000094,42.071884999000076],[44.30690841800009,42.072217080000144],[44.30785755800014,42.072425355],[44.30793392100014,42.07240123200006],[44.30794810900005,42.07239676500018],[44.30795255200019,42.07239535100001],[44.30795793400006,42.0723936390001],[44.30797031100013,42.07238974400019],[44.308282158000054,42.072291292000045],[44.30844204100009,42.07224082100004],[44.30856416000012,42.072171222000065],[44.308617867000066,42.072140607999984],[44.3086537260001,42.072098901],[44.30844147200014,42.07188727900012],[44.30840784999998,42.071827085999985],[44.308379266000145,42.07158176400014],[44.308354435000126,42.071496549000074],[44.30831553600018,42.07141660500008],[44.30828051800012,42.07138024000017],[44.30806653500008,42.071276625],[44.307971237,42.071223908000036],[44.30792000300005,42.071167612000124],[44.30793070100003,42.07113676900019],[44.30793072900002,42.07113674800007],[44.308016889000044,42.07107742300008],[44.30816298800016,42.07098755700008],[44.30819439600009,42.07095685200011],[44.3082232270001,42.07086679000014],[44.308207973000094,42.07076294300015],[44.30823663800004,42.07065007800014],[44.308255652000184,42.07056909],[44.30823846200019,42.07048208000009],[44.3082287900001,42.070416365000085],[44.30826882800005,42.070308479],[44.30831812600002,42.070246682000175],[44.30841597400013,42.07012399300004],[44.30856757400005,42.07000711900014],[44.30869312800013,42.069899749000115],[44.30873523700018,42.06984011900016],[44.30875504800014,42.06968577200013],[44.30874072600017,42.06957368900015],[44.308721361000096,42.0695373260001],[44.30863467700004,42.06947172800017],[44.308582069000124,42.069385438000154],[44.30856502600005,42.069284916000186],[44.30862045600003,42.06919255600013],[44.30870144600016,42.06913317600004],[44.308815901000116,42.06909526400011],[44.30896377000016,42.069082557],[44.30907586100011,42.069072925000114],[44.30914535699998,42.06906248300015],[44.30915030600016,42.06905924500006],[44.309178156000144,42.06904101700013],[44.30918411700003,42.06902473800011],[44.30919000200004,42.06900867200005],[44.30917888800019,42.06894964200012],[44.30916307200016,42.06886562200009],[44.30913752500004,42.068758656000114],[44.30913702400011,42.06863760400006],[44.30923912300011,42.06854166900001],[44.30934823500007,42.06851723500017],[44.30938586000008,42.06849139600007],[44.30942417400007,42.068357746000174],[44.309391057000084,42.06820686400016],[44.30938576400007,42.068076014000155],[44.309425608000026,42.06798220600018],[44.30948029600012,42.0678534490001],[44.30965721000018,42.06745606800018],[44.30974167700015,42.067251047000184],[44.309776456000066,42.06714893400016],[44.3097615260001,42.06709283100008],[44.30973882800015,42.06703477600013],[44.309693086000095,42.06697253700008],[44.309616252000126,42.06686796400004],[44.30947045500005,42.06669136900007],[44.30947280700008,42.06664796700005],[44.309491426000136,42.066653322000036],[44.309513290000154,42.06665961400017],[44.30958449000019,42.0666819760001],[44.30962027200013,42.066693213000065],[44.30968065900004,42.066705580000075],[44.30978591900009,42.06672713600011],[44.30992563300009,42.06673941200006],[44.31005480300013,42.06673175900005],[44.310255406000124,42.06675863100014],[44.31033704400011,42.066759122000065],[44.31042863400006,42.06673504300011],[44.31060034900014,42.06667235400016],[44.31083106700004,42.066546297000116],[44.31097556500009,42.066484886000126],[44.311244375000115,42.0664300250001],[44.31173112500005,42.066351843000064],[44.3119752180001,42.06631283700017],[44.312089351000054,42.066294598000184],[44.31231158300017,42.06623653999998],[44.31242667600014,42.06620659800018],[44.31242763000006,42.06620796100003],[44.312427256000035,42.066208896000035],[44.312426786000174,42.06621031700007],[44.31242644400015,42.06621177400007],[44.31242624300006,42.066213222000044],[44.31242616500003,42.066214704000174],[44.31242621100006,42.06621618600008],[44.31242638100002,42.06621763600003],[44.312426692000145,42.06621910200016],[44.31242684000017,42.06621965800019],[44.31242900000018,42.066227108000135],[44.31247916900014,42.06639969100007],[44.3124794580001,42.06640055900016],[44.312480010000115,42.06640197700011],[44.31248046000019,42.06640290299998],[44.312536578,42.06651308200014],[44.312536845000125,42.06651354500008],[44.31253686000002,42.06651357200019],[44.312537637,42.06651488600011],[44.31253853800018,42.066516196000066],[44.312539598000114,42.06651746000017],[44.31254073399998,42.0665186760001],[44.31254138600008,42.06651927300004],[44.31265491400006,42.06662370600009],[44.31265551299998,42.06662424600012],[44.31265683800018,42.066625333000104],[44.31265827500005,42.06662633900004],[44.31265978200008,42.06662728900011],[44.31266139600007,42.06662815600009],[44.31266307599998,42.06662893500004],[44.31266464800012,42.066629578000175],[44.31284287200015,42.066697331],[44.31300711300014,42.06677444700017],[44.31309243400017,42.066874454000185],[44.313092553000104,42.06687460000006],[44.31309261800004,42.06687467400002],[44.313093811000044,42.066875947000085],[44.313095063000105,42.06687708500016],[44.31309638800013,42.066878172000145],[44.31309704500012,42.066878664],[44.31323522800011,42.06697712700009],[44.31323600800016,42.06697766900015],[44.31323750500019,42.06697858400014],[44.31323753500004,42.06697860100019],[44.31323912800008,42.06697948600004],[44.31324092800003,42.066980315000194],[44.31342829699997,42.06706072200018],[44.31342832700017,42.0670607350001],[44.31360534300006,42.06714010900009],[44.31373830900009,42.06722299800009],[44.313815471000055,42.067313474000116],[44.313824786,42.06732438900002],[44.313824864000026,42.06732448500003],[44.313824971000145,42.06732461300004],[44.31382611000015,42.067325836000066],[44.313827128000014,42.06732678800017],[44.31383256500004,42.067331587000126],[44.31397331000005,42.06745591599997],[44.31397475199998,42.06745709500018],[44.3141372180001,42.067580112000144],[44.31412498500009,42.067596117000164],[44.314111778000154,42.06761340900016],[44.3144354100001,42.06793457900005],[44.314723338000135,42.068152582000096],[44.314924670000096,42.06828078500013],[44.31507277700018,42.06821645500014],[44.31537477300009,42.067981388000135],[44.31548436000003,42.067901032000066],[44.315630194,42.06779409500018],[44.315748152000026,42.06770536500011],[44.316159428000105,42.067395971999986],[44.316473733000066,42.067111025000145],[44.31682052800011,42.06685067900008],[44.31701863500007,42.066705374000094],[44.31702379900014,42.066701716000125],[44.31703361200016,42.06669474600005],[44.31706721800009,42.06667085100014],[44.3172745170001,42.06652379900004],[44.31748939400018,42.066342012],[44.31780224900007,42.06619130100006],[44.31809293400005,42.06611852700007],[44.31827855400013,42.06607205600005],[44.31878824400019,42.065898103000166],[44.31927271500001,42.06577893300005],[44.31956341,42.06569379500013],[44.31952225400016,42.06554583800005],[44.31948105400011,42.06539785400008],[44.319423499000095,42.06514551500004],[44.31938089900012,42.06501407500019],[44.31936515700005,42.064965611000105],[44.31907681100017,42.0650289240001],[44.31895413800004,42.065055851000125],[44.318542809000064,42.06515152500003],[44.31837737700005,42.0651900040001],[44.318287567000084,42.065212425000084],[44.318021841000075,42.06527876400014],[44.31788435200019,42.06531307500006],[44.317492759,42.0654005400001],[44.31739999500019,42.06543505000013],[44.317301639,42.065471641000045],[44.317229629999986,42.06549746500002],[44.317205692000186,42.06550316900018],[44.317008164000185,42.065550090000045],[44.31685342500003,42.06556979800007],[44.31683506900015,42.065572798000176],[44.31673808500011,42.06558865700015],[44.316478818000064,42.065617276000125],[44.31598851200016,42.065616790000036],[44.31539587300006,42.065662294000106],[44.31494858299999,42.06561892300016],[44.314778651000154,42.06557814000007],[44.31457271800008,42.06540605400005],[44.313945260000025,42.06488177600016],[44.31379815600013,42.06453387700009],[44.31329493800007,42.063343863],[44.3129478780001,42.06250783700011],[44.312503685000024,42.06143780900004],[44.311963327000115,42.0604623160001],[44.31169972600003,42.060089072000096],[44.311335053000164,42.0595727110001],[44.30990257600001,42.057986886000094],[44.30877946700008,42.05728874100015],[44.30823943500019,42.05629162000014],[44.30850713800004,42.05566665500004],[44.308977766000055,42.055042928000034],[44.30877905000017,42.05465281300019],[44.30808846700012,42.05417332900009],[44.30736870200019,42.05371527800014],[44.30557775500006,42.05312110000017],[44.30692154500019,42.05217855000018],[44.308706677000146,42.0506337060001],[44.31030868000005,42.049930345000064],[44.31156025800004,42.04946253700007],[44.31232624500012,42.04832200300001],[44.31292109700013,42.04692119600003],[44.312943555,42.046185054000034],[44.31296589400017,42.0454522550001],[44.31260028100007,42.044413001000066],[44.31251695700007,42.043163253000046],[44.31358647000019,42.042035777000194],[44.31294157100007,42.04163090500009],[44.31240900300003,42.04112992000012],[44.31187380000006,42.040877816000034],[44.31085911200012,42.040360079000095],[44.30216309800005,42.03704412700017],[44.302163138000026,42.03704157500016],[44.30216316600007,42.03703955500015],[44.30223956300006,42.03430211400007],[44.30203237800009,42.02669856400013],[44.301992263000045,42.02522575100005],[44.301972266000064,42.02449087499997],[44.301970544000085,42.02442822200004],[44.30208556400004,42.02443130700004],[44.30216558500018,42.02441508600003],[44.30230652500012,42.02438973400007],[44.3024471440001,42.02438824700005],[44.30261009100019,42.024393965000115],[44.30284645600011,42.02440733499998],[44.30306367000014,42.02441576899997],[44.30321061300015,42.02442143500008],[44.30329688700016,42.02442434500017],[44.303338359,42.02443175700006],[44.303344414000094,42.02445800300012],[44.303360236000174,42.02447476100008],[44.30337942300008,42.02448203800003],[44.30340493500006,42.024479806000045],[44.30344664,42.02446578400014],[44.30348824200007,42.024461263000035],[44.30353936800003,42.02446396000016],[44.303644839000185,42.024462213000106],[44.30383666300003,42.02445621600003],[44.30394853600018,42.024454508000076],[44.30400288900012,42.02445483800011],[44.30408312600008,42.02442434200009],[44.30416284200015,42.02444153200008],[44.304204098000184,42.02446321800011],[44.30427409200007,42.02449696600007],[44.304382425000085,42.024526264000144],[44.30451950600013,42.02455569000011],[44.30467915000003,42.02457088800014],[44.30482601400013,42.02458375600014],[44.30491236700004,42.02457950600012],[44.304986107000104,42.02456329],[44.30503423200008,42.02454210100012],[44.30507906000008,42.02453525700008],[44.30513678700015,42.02451412600004],[44.30525823600016,42.024514861],[44.305315833000066,42.02450570800005],[44.30540861400016,42.024499109000146],[44.305517363000035,42.02449022000019],[44.30566755900003,42.02449112900018],[44.30581780700004,42.02448726400013],[44.30605133500018,42.02446724099997],[44.30623990600003,42.02446599400014],[44.30636151000016,42.02445245299998],[44.306435293000106,42.0244266900001],[44.30652522600019,42.02438193100005],[44.30659264100018,42.02435851600012],[44.306672644000116,42.02434945200008],[44.30676219600008,42.02434526400009],[44.3068227440001,42.02436467900003],[44.30690206500003,42.024412803000075],[44.30705778300012,42.02449475700013],[44.30718163000017,42.0245694030001],[44.307346847000076,42.02466096100005],[44.307483594000075,42.02472136500006],[44.30759182700007,42.02476011600015],[44.3076556960001,42.024762888],[44.307722905000105,42.02475847400018],[44.30781588300016,42.02472809799997],[44.307908999,42.02469056100017],[44.308015168,42.024624463],[44.30813734100008,42.02455846100008],[44.308291486000144,42.02449031000003],[44.3083911490001,42.024433718000125],[44.30844269000005,42.02439822800005],[44.30847830200014,42.02435561600009],[44.30849797200017,42.02431281900016],[44.30852104000013,42.02424621900019],[44.30855355600016,42.02419399700011],[44.30860514600016,42.02415382300018],[44.30869826100013,42.02411624100006],[44.308832633000065,42.02410038800008],[44.30901826000007,42.02407525200016],[44.30913671400009,42.02405691600006],[44.30915622800012,42.024028437000084],[44.30917245500012,42.02400232600013],[44.30920130499999,42.023992953000175],[44.30923955100013,42.02400273000018],[44.30925551200016,42.02401232800008],[44.30930985600003,42.02400792600008],[44.30942516000016,42.02398479800013],[44.30957581900009,42.02394283300009],[44.30968818000008,42.02389581900013],[44.30981689700013,42.02381080500004],[44.30989738800014,42.023756484000046],[44.310023041000136,42.02366429200009],[44.31014223300008,42.02357206100015],[44.310213310000165,42.02350579400013],[44.31028112600012,42.023439463000045],[44.31036461100018,42.02340420900015],[44.31046412500007,42.02336670900007],[44.31057602100009,42.02336265300005],[44.31071346300007,42.023358659999985],[44.310918008000044,42.02335988800013],[44.31106181700011,42.023353591000046],[44.31110667900009,42.02334908700004],[44.31122507900011,42.023335522000025],[44.31133397999997,42.023312353000165],[44.31143035400015,42.02327478799998],[44.31151379400012,42.023232373000155],[44.31157854500009,42.023158907000095],[44.311659358999975,42.0230688310001],[44.311720489000095,42.023028713000144],[44.31177851300009,42.02299091800012],[44.311836288000165,42.02296505500004],[44.31198043900008,42.02293255000012],[44.312175946000025,42.02288130400012],[44.312490134000086,42.02279023800003],[44.31266649600013,42.02273887600006],[44.312704999000175,42.02272478700007],[44.31273387300007,42.02271307100017],[44.31285900700016,42.022668517],[44.313112312000044,42.02258901900018],[44.313403965000134,42.0225097500001],[44.31357704800013,42.02246552700012],[44.31383649600008,42.022409887000094],[44.31392312800017,42.02237937700005],[44.31404836200005,42.02232536600013],[44.31418977100009,42.02224992500004],[44.31438880800016,42.02216771300016],[44.31454271100017,42.0221209880001],[44.314750776000096,42.022086474000105],[44.31492357600018,42.0220684570001],[44.31508334300014,42.022071797000194],[44.315239653000106,42.02209893900016],[44.31540202400015,42.02215232500009],[44.31556755300005,42.02221527800009],[44.315714058000026,42.022261409000066],[44.31583849900011,42.0222812450001],[44.315985158000046,42.022313011999984],[44.316189394000105,42.022342869000056],[44.31638064800012,42.02238931200009],[44.31655587400002,42.022438],[44.316705581000065,42.02248419400013],[44.31678230200015,42.02248226400013],[44.316811338000036,42.022460956000145],[44.31683698500012,42.022451607],[44.31694580700008,42.0224355470001],[44.31707337300014,42.02246251600013],[44.317146435000154,42.022503480000125],[44.317238319000126,42.022580267000194],[44.3173619100001,42.02267395000018],[44.31749539400016,42.02274625600012],[44.31773366900006,42.022885878000125],[44.31828941800012,42.02320850800004],[44.318550082,42.02333871400015],[44.318718767,42.02340645400005],[44.31881107700019,42.02343803000019],[44.31890557300005,42.023451470000055],[44.31904294600014,42.02340864800004],[44.31994499700005,42.02313790000005],[44.32068791200015,42.02290569700011],[44.32111269000012,42.02275046000011],[44.32164362900011,42.022556401000145],[44.32238832600018,42.02225182900003],[44.32271717100008,42.02204706900011],[44.32272929800013,42.02209342900005],[44.32291961000004,42.022821477000036],[44.32292001500019,42.02282314600012],[44.322941657,42.02290653900019],[44.323187917000155,42.02386039100003],[44.323198706000085,42.023902335000116],[44.32320444800018,42.02392466000015],[44.32320818600016,42.02392531200019],[44.323213815000145,42.02394691600017],[44.32356927000018,42.02530625600002],[44.32357153200019,42.025315050000074],[44.32414693100009,42.02753936800008],[44.3241524500001,42.02753714800008],[44.32433344500009,42.02822933200014],[44.32457591500008,42.02919698300019],[44.32481694500012,42.030158680000056],[44.325129442000105,42.031405448000044],[44.3251323990001,42.03141712900003],[44.32513587500006,42.03143111000003],[44.325166999000146,42.031555223000055],[44.3251732010001,42.031579937000174],[44.32517876500003,42.03160212600011],[44.32518809700008,42.031639243000086],[44.32604774500015,42.03453890900005],[44.32605101100006,42.03454996100004],[44.32606510099998,42.03459994000019],[44.32609830200016,42.034722174000194],[44.32610458200014,42.03474517800015],[44.32611563100011,42.03478572700004],[44.326119818000166,42.034801108000124],[44.326295935000076,42.034740717000034],[44.326480832000186,42.034684070000026],[44.32655671700019,42.0346827140001],[44.326674561000175,42.03469488900015],[44.32698915500009,42.03476937200003],[44.32739590400007,42.03485776800005],[44.32765022800015,42.034930906000056],[44.32777266400018,42.03499466900007],[44.32801327700008,42.0351538270001],[44.32844874200015,42.03543544400003],[44.32855575600013,42.035501097000065],[44.32894279100009,42.03563809900004],[44.32931050800005,42.03577980400013],[44.3295224850001,42.035859400000106],[44.32963509800004,42.03588108800017],[44.32979142200003,42.035887720000176],[44.33000949800015,42.03587561900014],[44.33029841600006,42.03583623500009],[44.33069135800008,42.03577350000012],[44.3310891320001,42.03573952200014],[44.33156745499997,42.035726052000086],[44.331949786999985,42.03570152900011],[44.332216807000066,42.03567056900005],[44.332689696000045,42.03556438500016],[44.33420948100007,42.03526257500005],[44.334869295000146,42.03513004200016],[44.33454114699998,42.037743370000044],[44.336217005000094,42.03774388800008],[44.33681197000004,42.03774408500004],[44.33680949800004,42.03776694700014],[44.33678993000018,42.037807094000186],[44.33676513900019,42.03782681000018],[44.33675872300017,42.03785122500017],[44.33676049100012,42.037878751000164],[44.33681108000013,42.037940107000054],[44.33684332100006,42.037999917000036],[44.33686327800001,42.03804429900015],[44.33687992300008,42.03811086400009],[44.336877596000136,42.03814291400005],[44.33685890200019,42.0381687900001],[44.33683210500004,42.03818390099997],[44.336805466000044,42.038183747000176],[44.336793203000184,42.038183676000074],[44.33676637399998,42.038201849000075],[44.336716727000066,42.03824740599998],[44.33668556700013,42.03828694500015],[44.336676956000076,42.03832503700011],[44.336668327000154,42.03836475100002],[44.33664968100004,42.0383860340001],[44.336645351000186,42.0384074000001],[44.336665638,42.03842584500012],[44.33670025300012,42.03844896700008],[44.33674714800003,42.038470629000074],[44.336777449000124,42.03851358500009],[44.33678119200016,42.038548732000095],[44.33676525300018,42.03860592100011],[44.336742296000125,42.03864091400004],[44.33672148400018,42.03867290200003],[44.33668218600013,42.03871086300006],[44.33663469100003,42.0387411210001],[44.33658340300008,42.03874694900003],[44.3365505860001,42.03874829000006],[44.33651969300013,42.03876797100003],[44.33649872600006,42.038809100000094],[44.33649216400005,42.03885337400004],[44.33649591000017,42.038882397000066],[44.336507930000096,42.038911512000084],[44.33651579600007,42.03894515200017],[44.336531864000165,42.038974291000045],[44.336531626000124,42.03899721100015],[44.336525036000126,42.0390383780001],[44.33648970100012,42.03909014200008],[44.33646870200005,42.03913428700014],[44.33643356100009,42.03916159900007],[44.33637185700013,42.03918722600014],[44.336324518000026,42.03920834300004],[44.33627502900009,42.039238589000036],[44.336254014000076,42.039284311000074],[44.33625571800019,42.03931791500003],[44.33625746900009,42.03934697200003],[44.33626547800014,42.03936687700019],[44.336287755000114,42.03939145900006],[44.33629574800017,42.03941289600016],[44.33628936400015,42.03943429400016],[44.33625844200009,42.03945086800013],[44.33616901900007,42.0394755690001],[44.33610734700011,42.039498089000176],[44.33603345700004,42.039539452000156],[44.33602902100017,42.03954194800019],[44.335979486999975,42.039570707000166],[44.33593918500003,42.03960636500011],[44.33590821500013,42.03962757700009],[44.335881209000036,42.039662546000045],[44.335866527000064,42.0396975860001],[44.33583291500014,42.03977529800011],[44.335805432000086,42.03985610800004],[44.335782359,42.03990794200007],[44.3357500840001,42.03995585100006],[44.33570046699998,42.03999834400008],[44.335636377000014,42.040049941],[44.3356073970001,42.040077243000155],[44.33557822600011,42.04012291800012],[44.33555948000014,42.04015946600009],[44.33555295200017,42.040194599000074],[44.33557504200019,42.040231383000105],[44.335589037000034,42.04026812100011],[44.335578577000035,42.04028638900007],[44.335555886,42.04030152300004],[44.3355248200001,42.040331921000075],[44.3354999,42.04036384000017],[44.33550160400017,42.040397444000064],[44.335520649000046,42.04043650700004],[44.33555728800013,42.04046270300006],[44.33557644200016,42.04047974700006],[44.33559182500005,42.04049343600002],[44.33561203300013,42.04051953600009],[44.33561173000004,42.04054858100005],[44.335570076000124,42.04060944900016],[44.335505490000116,42.04071445200003],[44.33545743500014,42.040798204000055],[44.33543419900019,42.04087142800006],[44.335437642000045,42.04092949500017],[44.33544643100015,42.040973048000126],[44.33543584300014,42.041003564000164],[44.33542116000007,42.04103860400005],[44.33540237300019,42.04106754100019],[44.335404172000096,42.04109196000019],[44.33542656100008,42.04110586899998],[44.33547764100007,42.041126024000164],[44.3355446970001,42.041178335000154],[44.33554447400013,42.0411996790001],[44.33552163900015,42.04122863800012],[44.33548242100011,42.04125281900008],[44.33545957000007,42.041283264000185],[44.33545086100014,42.04133058800005],[44.33541975900005,42.041370172000086],[44.335368027000015,42.041412563000165],[44.33535343600016,42.041444587000115],[44.33535924800009,42.0414782150001],[44.33538757900004,42.04150742500019],[44.335426323000036,42.04152291600013],[44.33547136900006,42.04153083200009],[44.33550410999999,42.04153102200007],[44.33554116400006,42.041517456],[44.33556804300008,42.04149469000009],[44.3355741580001,42.04148761000005],[44.33559708700017,42.04146126400019],[44.33564068700019,42.04140500000017],[44.335669524000025,42.04139143200007],[44.33569411000008,42.0413915740001],[44.33573488900004,42.041414687000156],[44.335767357,42.04144698300013],[44.33579563700005,42.041486866000184],[44.335860337999975,42.04156820900005],[44.33591726300017,42.04161888500016],[44.33593220299997,42.04165189000014],[44.335948397000095,42.04177343700019],[44.33594193300007,42.0418024010001],[44.33590671100018,42.04183732200005],[44.335818157000176,42.04188265300013],[44.335739673000035,42.04193565300011],[44.335706501000175,42.04197671100013],[44.335685533000174,42.04201783900015],[44.3356809440001,42.04206978100018],[44.335686345000056,42.04213700100007],[44.335658782,42.04222546500006],[44.33558825400007,42.04230908799997],[44.33550360300006,42.04236817600008],[44.33539192300003,42.04244710200004],[44.33538583100011,42.04245193100019],[44.33534891700003,42.04248107799998],[44.33527801400015,42.0425136770001],[44.33522887500004,42.04251582400002],[44.33518945900016,42.042524152],[44.335148212000036,42.04254588900011],[44.33509543200012,42.0425785920001],[44.33504114300018,42.04260543200019],[44.33525685300009,42.04261960600007],[44.335274119000076,42.0426207430001],[44.335285831000135,42.042621530000076],[44.33532622000001,42.04262419600013],[44.33541291400013,42.04262992200006],[44.335435554000185,42.04263140400019],[44.336043803000166,42.04267144500005],[44.33609125300018,42.042674827000155],[44.336184287000094,42.0426809490001],[44.33617961300001,42.04272365800017],[44.336678044000166,42.04276256600019],[44.33679791100002,42.042767762000096],[44.33693062600008,42.04277483400017],[44.33712511100009,42.04277942400017],[44.337237600000094,42.04278534300005],[44.337353895000035,42.04279123800006],[44.33750612400013,42.04279261200003],[44.337635891000104,42.042792776000056],[44.33775080900017,42.04279744700017],[44.337933377000184,42.04280935300005],[44.33806527900009,42.042825020000066],[44.338180216000126,42.04283374300013],[44.33832792900017,42.042827795000164],[44.33846921600019,42.042835545000116],[44.338599585000054,42.042830081000034],[44.338799211000094,42.042839923000145],[44.338926258000185,42.042834395],[44.33907646300008,42.04284449200003],[44.33922776700018,42.04285932300013],[44.33939881900011,42.04286895400014],[44.33954383600013,42.042860827000084],[44.33969919700013,42.04286892700003],[44.339900595000074,42.042876840000076],[44.34010815400012,42.04288483300013],[44.34035586000016,42.04287810600016],[44.34050933000009,42.04288209600014],[44.34105196400003,42.04291741100013],[44.34121161200011,42.042878924000036],[44.34263782700009,42.04289975500012],[44.34263956700005,42.04288927300013],[44.3426404650001,42.04288414400014],[44.342672543000106,42.04288437300005],[44.343435451000175,42.042890000000114],[44.34347374600003,42.04289067000013],[44.34349470600017,42.04289106000016],[44.3435123430001,42.042891341000086],[44.3435224910001,42.042891534000034],[44.344005835000075,42.04290587100007],[44.34691738100014,42.042992096000035],[44.347394614999985,42.03899284400006],[44.347453230000156,42.038501149000126],[44.34746056000006,42.03844012700006],[44.34755045600019,42.03836854000008],[44.34781204400019,42.038160400000095],[44.347879642000066,42.03811313900019],[44.348013386000105,42.03801284600013],[44.3480309790001,42.03799961600009],[44.34850881100016,42.037698493000164],[44.34867284300009,42.03760170300012],[44.34875940500012,42.0375783720001],[44.3488456880001,42.03757647499998],[44.34893191000009,42.03758651100014],[44.34933681200005,42.03770080300018],[44.34952123599999,42.03779002300007],[44.34953844900008,42.037796379999975],[44.34972501700008,42.03786503100008],[44.34996726300005,42.03793552900004],[44.35003760000012,42.037933540000154],[44.35012421100009,42.03790543500003],[44.35020150800017,42.03784868100013],[44.350243796000086,42.037777409000114],[44.350247183000135,42.03769393700014],[44.35024733000006,42.03769137100011],[44.35025440300018,42.03751893600014],[44.3502759540001,42.037295065000194],[44.35046292800013,42.03681949700007],[44.35054393500019,42.03671273200001],[44.35061140900007,42.036677358000134],[44.35096846100009,42.0366138550001],[44.35131444800004,42.036539570000116],[44.351436260000185,42.03650688900012],[44.351571362000186,42.03642668400016],[44.351621491000174,42.03639197700005],[44.35162605300019,42.03638880500017],[44.3523820960001,42.04053748100006],[44.35239814600004,42.040676227000176],[44.352407216000074,42.040675423000096],[44.35246031800017,42.04096694900005],[44.35252492200004,42.04132172100009],[44.35281763299997,42.0429277070001],[44.35288287200018,42.04328572400016],[44.35474278600003,42.043148128000155],[44.35643687100014,42.042925181000044],[44.35647691800017,42.04291986700014],[44.35649609500007,42.042917362000026],[44.35754668800001,42.04280972100008],[44.35762109600017,42.042811938],[44.35767502900006,42.04281359100008],[44.357683424000186,42.042813818000184],[44.35771948000013,42.04281487600008],[44.35776036800013,42.042816140000184],[44.357841442999984,42.04292408700013],[44.357978541000136,42.042994204000195],[44.358113355000114,42.043075252000165],[44.35836635700008,42.04324450300004],[44.35850449100013,42.043379968000124],[44.35862318400012,42.043532212000116],[44.35880425300007,42.04361563300017],[44.361364195000135,42.04313918500003],[44.36160304700019,42.043600433000165],[44.36170982800007,42.043808807000175],[44.36213755200009,42.044643435000125],[44.36257848100007,42.04539122000011],[44.362647872000025,42.04550882600006],[44.36268553700006,42.04557271100009],[44.363336018000155,42.04644022800005],[44.36401776000008,42.047349390000136],[44.36421644100005,42.04760731200014],[44.36412036200005,42.04766320600015],[44.36426155000015,42.04796102300003],[44.36444182400015,42.048283825000055],[44.364609298000175,42.04860588100007],[44.364769123000144,42.048913528000014],[44.36499398100011,42.0493406010001],[44.36519342800017,42.049728805000086],[44.36536411900016,42.050037998000164],[44.36548323400018,42.050253957000166],[44.36567431599997,42.05051800400008],[44.36570521400006,42.050558254000066],[44.365765935000184,42.05063744200004],[44.36579945700015,42.05068112900017],[44.36581108900003,42.0506962340001],[44.36582707400004,42.050717127000155],[44.366030057000046,42.05098169000007],[44.36605207600019,42.05100937200007],[44.366077319000055,42.05104116900014],[44.36608161500004,42.051046596000106],[44.366090505000045,42.05109447000018],[44.36612791100015,42.051130342000135],[44.366229335000185,42.05123614400003],[44.366304701,42.05133747800005],[44.366335326000126,42.05138087900019],[44.366344025000046,42.051393221000126],[44.36635022100006,42.05140203600007],[44.366356060999976,42.051410219000104],[44.3664312140001,42.05155730500019],[44.36646743400007,42.051627576000044],[44.36644592900018,42.0517000050001],[44.36643417200014,42.05172786000003],[44.366415054000186,42.05177287800018],[44.36641030100003,42.05177690400018],[44.36633894800008,42.051837123999974],[44.366266747000054,42.05189148500011],[44.36618833600005,42.05195054000012],[44.366042288000074,42.0520605590001],[44.36572243200004,42.052301473000114],[44.36526784600011,42.05264386500005],[44.36462470900011,42.05312828000007],[44.363678066000034,42.05384126000007],[44.36379068000008,42.05394591000004],[44.36384464900004,42.05407811000015],[44.36393989700008,42.05428808400012],[44.364060762000065,42.05451063000004],[44.364257652,42.05472008700008],[44.36451918100005,42.054949445000034],[44.36480916400018,42.05511294300004],[44.364973565000184,42.055205629000056],[44.365126610000175,42.0552918570001],[44.36515761500016,42.05530941100017],[44.36520075800007,42.05533369700004],[44.365209591000166,42.05533865500007],[44.36525207400007,42.05536262200019],[44.365628708000145,42.05557496199998],[44.365884446000166,42.055719173000114],[44.36611975500017,42.05585183300008],[44.36635927200018,42.05598681300006],[44.36733861800019,42.05653900200019],[44.367960318000144,42.05688949300014],[44.36805442000008,42.0569425650001],[44.368059647999985,42.05694552100016],[44.368102013000055,42.05696939600011],[44.36812256400003,42.05698099200015],[44.36909617500004,42.05679090700016],[44.36953614800012,42.05670497100016],[44.370366687,42.056542775000025],[44.37041936000003,42.05653248100009],[44.37055037600004,42.05650690100009],[44.37088166899997,42.0564422490001],[44.37290943600016,42.05604620700018],[44.374052446000064,42.05581372800003],[44.37447312700016,42.055728073000125],[44.37616491900013,42.05538386600017],[44.37642290600007,42.05533140900019],[44.37790458500001,42.05502989500013],[44.37820238500018,42.054984045000026],[44.378356837000126,42.05497119200015],[44.37875362900013,42.05497334000012],[44.37911010500011,42.05496432600012],[44.379136352000046,42.054912411000146],[44.379143317,42.05476185900011],[44.37916431100018,42.05467843700018],[44.379245722000064,42.05461452600014],[44.37936190300019,42.0545727330001],[44.379518174000054,42.05493775700012],[44.37959154700019,42.05491734900005],[44.37959615200009,42.05491606800018],[44.37962384100018,42.054908382000065],[44.37962880900005,42.05490701300005],[44.37972296700019,42.054874378000136],[44.379993630000115,42.05471102100017],[44.38006465900003,42.05467065000016],[44.38021345200019,42.05461196500016],[44.38052176900004,42.054559230000166],[44.380576533000124,42.05455106],[44.3815884440001,42.05435432000007],[44.3817001540001,42.05439329000012],[44.38170117700008,42.054393836000145],[44.38186998900005,42.054482424000184],[44.38201216200014,42.05454551499997],[44.382081640000024,42.05457777200007],[44.38210492000019,42.05458857000008],[44.38211965700009,42.05459540400011],[44.382146264000085,42.054593430000125],[44.38217426100016,42.054591330000164],[44.38218774500001,42.05459032200008],[44.38220044400009,42.054589355000076],[44.38224863700009,42.05458574100015],[44.38231469900006,42.054596454000034],[44.382418575000145,42.05466451700005],[44.38249508900009,42.05467528600019],[44.38261706000014,42.05466558500018],[44.38275370300016,42.05458845800007],[44.38282381199997,42.05453691300016],[44.38288415599999,42.054420423000124],[44.382927022,42.054311674000076],[44.38296555600016,42.05428846400014],[44.38303892800019,42.054268099000126],[44.38326286400007,42.054242868000074],[44.383324806000076,42.05423586100011],[44.38377448700004,42.05420454700004],[44.38401513400015,42.054169497000146],[44.38420203800018,42.054112093000185],[44.38440299900003,42.05421958300019],[44.38453800900015,42.05431118300015],[44.384658677,42.054436435000014],[44.384703166000065,42.0545223260001],[44.38476179300005,42.054577175000134],[44.384865822,42.05462961000012],[44.38498031900019,42.054674354999975],[44.38507375900008,42.054734569000175],[44.38513567600012,42.054817986000046],[44.38520102600006,42.05480821000015],[44.38524913600014,42.05480103100018],[44.38531606300006,42.05479103200014],[44.38533058600012,42.05478885900004],[44.38542133400017,42.05477115100018],[44.38544952000018,42.05476502100004],[44.38556096700006,42.05474078100019],[44.3856655620001,42.05472832700019],[44.38577353600016,42.05472890500005],[44.38594757200019,42.054740239000125],[44.38637199500005,42.054796953],[44.38653212300011,42.05480312300017],[44.386671482000054,42.05480116600012],[44.3868075100001,42.05478117800004],[44.38695429100005,42.05473003900016],[44.38702062800013,42.05471224500013],[44.38701119000007,42.05497730200011],[44.38858128500004,42.05459898200007],[44.38983127900008,42.05429774600003],[44.38983900000011,42.054040246],[44.38984015200003,42.054002019000166],[44.38984431500012,42.05386379100008],[44.38984538500017,42.0538277710001],[44.38988522400018,42.05249987900004],[44.38988759900013,42.0524221660001],[44.38989328000014,42.052232608000054],[44.38989638600003,42.052129095000055],[44.389898169000105,42.05206903100009],[44.39001968500003,42.048020338000185],[44.39245257199997,42.04692908600015],[44.392505300000096,42.046905407000054],[44.39245991200005,42.046716660000186],[44.392445845000054,42.04657612900019],[44.392462042000034,42.046493129000055],[44.3925011820001,42.04642452600012],[44.392544203,42.046341579000114],[44.39256484700013,42.04628012800009],[44.39257579400004,42.046247222000034],[44.39257683100004,42.04613833899998],[44.39254758900012,42.045986199000026],[44.392437840000184,42.04579936200014],[44.392386065000096,42.045710329000144],[44.39229410900009,42.045552092000094],[44.392248628000175,42.04548101500018],[44.39216528600019,42.045350834000146],[44.39208426700014,42.045179911000105],[44.3920653780001,42.04513964200004],[44.391993323000065,42.04503604600018],[44.391867576000095,42.04491788900009],[44.39178600200006,42.044830589000185],[44.391711484000155,42.044750846000056],[44.39151721800005,42.04455775200006],[44.39143346100013,42.04447134000003],[44.39137278200019,42.04438505100006],[44.39134646700006,42.044318983000096],[44.39133561200009,42.04424727900005],[44.39133991700004,42.04420141300017],[44.39139664800018,42.044099985000116],[44.39143948300011,42.04404288600011],[44.39148793400011,42.044011485000055],[44.39157468200017,42.04398055700017],[44.39170165700011,42.04396974600007],[44.39188991700007,42.04398794700006],[44.39197892400006,42.043986257000086],[44.392124490000185,42.04398347000017],[44.39228229600013,42.04396422100007],[44.39254397700017,42.04394268500005],[44.392855679000036,42.043921412000145],[44.39302899800009,42.04389080600009],[44.39318335200005,42.04383429600006],[44.39336093999998,42.04375498600007],[44.39354091700005,42.043634124],[44.393881625000176,42.043389414000046],[44.394140989000164,42.04320448300007],[44.39426499300009,42.043099086000154],[44.394412624000154,42.042942250000124],[44.39447891400016,42.042845149000186],[44.39453972300009,42.042720774000145],[44.39458345200006,42.04256910999999],[44.394647290000194,42.04232298200009],[44.394706560000145,42.042157034000184],[44.39490551100016,42.04222590200004],[44.395179564000046,42.042345017],[44.39552536800005,42.042498149000096],[44.39588499000013,42.04262780000005],[44.39601514200007,42.04269571900011],[44.39614513200013,42.042787189000194],[44.396270563000144,42.042875258000095],[44.39636005600016,42.04294971700017],[44.396449963000066,42.04298045200011],[44.39658515700006,42.04299458200006],[44.396873482000046,42.04302973700004],[44.39704020700003,42.04305078800007],[44.39719308500008,42.043098650000104],[44.39740421000005,42.043190545000186],[44.39746564900008,42.04322270600011],[44.397637582000186,42.04331286300015],[44.3978220570001,42.04336084500005],[44.39805628500011,42.043399046000104],[44.398333428,42.04342234000006],[44.39869362999997,42.04349150600012],[44.39882952800002,42.043527299000175],[44.39905811200015,42.043587534000096],[44.399382286000105,42.04364637700007],[44.399630241000125,42.04365776200018],[44.39994658500018,42.04359218200011],[44.40020039900003,42.043462374],[44.40029236500004,42.043396476000055],[44.40038839600004,42.04338018100003],[44.40060789800009,42.043423343000086],[44.40092311400008,42.04347119200003],[44.40108041600013,42.04353087100009],[44.401361705000056,42.043595384000184],[44.40144003100011,42.043663026000104],[44.401551498000174,42.043798075000154],[44.40160760700013,42.04383200700016],[44.40177100200003,42.043841280000095],[44.401945458000114,42.043875784000136],[44.40221003100004,42.04391917800018],[44.40253656800019,42.043971315000135],[44.40269450300019,42.04396376100004],[44.4028697870001,42.043909958000086],[44.403011475000085,42.04383089700002],[44.403147466000064,42.04376018200014],[44.40336231499998,42.04369406600017],[44.40367855800014,42.04364527200005],[44.40390699200003,42.0436317330001],[44.404273802000034,42.043595810000056],[44.40430224300013,42.04359091400016],[44.40453352000003,42.04355095400007],[44.4046523400001,42.04351374300012],[44.40477707100018,42.04343873500011],[44.40504922300016,42.04327203900016],[44.405157058999976,42.04320113100016],[44.40519717300015,42.04312991700016],[44.405220451000105,42.04305019500009],[44.405170804000136,42.04293226700014],[44.40505976300011,42.04275097500005],[44.40505486800015,42.04266687300003],[44.405095436000124,42.042553601000066],[44.40517554700011,42.04242373700015],[44.4051821270001,42.04232713000005],[44.40517045500002,42.04218593700017],[44.40515932200009,42.042051727000114],[44.40517189100018,42.04190885800011],[44.40523530399997,42.04176215500013],[44.405292959000064,42.04162375300001],[44.405303709000066,42.0413779750001],[44.40530190599998,42.04126038500016],[44.405300207000096,42.041150991000166],[44.405493531000104,42.040975555000045],[44.40550582500009,42.040862091000065],[44.40545629600018,42.04073155400005],[44.405361976000165,42.04057137900003],[44.40508332400003,42.04022530000003],[44.40506855700016,42.04021518100018],[44.40490684100007,42.04010459800003],[44.40480309100019,42.03997116800019],[44.405028840000114,42.039946084000064],[44.405374672000164,42.03989005400001],[44.405516142000124,42.03983301000011],[44.405672177000156,42.03972353300003],[44.40586442000017,42.039514360000055],[44.40600662300011,42.039378512000155],[44.406128025000044,42.03920580900018],[44.40622162000005,42.03899617000013],[44.40625776600001,42.038896520000094],[44.40635326700004,42.03848199200007],[44.406391429000166,42.0381722730001],[44.40639338400007,42.03796216100011],[44.40640170000006,42.03781512600011],[44.40642485799998,42.03760507800013],[44.40644479600007,42.03734511700003],[44.406833613000174,42.03736811200008],[44.40725181400006,42.03741445000003],[44.40748822300014,42.03745034600013],[44.40763160800003,42.03749206600003],[44.40778726900004,42.03757798100014],[44.40797220800016,42.03769867700015],[44.408064330000116,42.037770484000134],[44.40810649200006,42.037803396000015],[44.40822342600012,42.03796161300005],[44.408529472000055,42.03824685300003],[44.40868032100019,42.03838948300012],[44.40881907100015,42.038475310000194],[44.40908852600012,42.038602744000116],[44.409212447000186,42.03866579700008],[44.40946095000004,42.038792222000154],[44.40976834700018,42.038932505000105],[44.40987341600004,42.03899609100006],[44.40995711200003,42.03909104500008],[44.41019055700008,42.03945475900014],[44.410311524000065,42.03963501600009],[44.410443249000025,42.03978857900006],[44.4105039370001,42.039784838],[44.41328647900008,42.03961252400018],[44.41335079300012,42.03960853000018],[44.41338566900015,42.03960636700009],[44.41717427599997,42.036882],[44.41727260200014,42.03681130200005],[44.41734248500012,42.03709666900011],[44.41741739100013,42.03737458700016],[44.417492763000155,42.03760143900013],[44.41754534900008,42.037710505000064],[44.41774300600014,42.037922397000045],[44.417970437000065,42.03820811300005],[44.418002091000176,42.03824790200002],[44.41813256800003,42.03847390800007],[44.41836791800017,42.038792582000156],[44.41857689400007,42.03906897100006],[44.418748731000164,42.03933071600011],[44.41879897900003,42.03943170900004],[44.418830658000104,42.03949541100013],[44.41894705100003,42.039795738000066],[44.41901160700007,42.040063605000114],[44.41900121000015,42.04022341899997],[44.418886794000116,42.040521452000064],[44.418746448000036,42.04088708300003],[44.41846866600014,42.04130533600005],[44.418322517000036,42.04151188100019],[44.41821816900011,42.04165928500015],[44.41820570700014,42.04168101800008],[44.41812436400011,42.041823089],[44.41805121400006,42.04196105900007],[44.41447377100013,42.04383266299999],[44.41436613800016,42.043888991000074],[44.413877267000146,42.044144713000094],[44.41374280100018,42.044215043],[44.4130922600001,42.04455536300014],[44.413844639000104,42.04520331100008],[44.41449830800008,42.04576617900011],[44.41455759100012,42.04581727900006],[44.41657202100015,42.04755188399997],[44.41674796300015,42.04770341300019],[44.41754927300019,42.04775188500008],[44.41785427800011,42.04777031900005],[44.41899706900011,42.047839426000166],[44.42020073000009,42.04791225100007],[44.42029281800012,42.04791780500017],[44.421162128000105,42.04797037800017],[44.421672446,42.048001231000114],[44.42209792400007,42.048026926000034],[44.42236199000007,42.04804289100019],[44.422429260000115,42.04804696800011],[44.422636202000035,42.04805944700013],[44.42269852000004,42.048063228000046],[44.423132573000146,42.04808945800005],[44.42319072400005,42.04809299300007],[44.42406788900007,42.0481459880001],[44.42447402900012,42.04795141200003],[44.42455522100005,42.04791246100007],[44.42538096300018,42.04751684200011],[44.42680821000005,42.04683290700012],[44.42726196600012,42.04661545700003],[44.42768010100019,42.046415121000166],[44.42803755500006,42.046243797000045],[44.42865361500009,42.04594856900013],[44.42871872200004,42.04591741500019],[44.42878819700019,42.045884076],[44.42955454600008,42.04551681800018],[44.42989251400019,42.0453548480001],[44.43010591100017,42.04525260300011],[44.4301764170001,42.0452187730001],[44.430319309000026,42.04515031200003],[44.430990623000184,42.04482859600006],[44.431187543000135,42.044764815000065],[44.43283129400015,42.04423246600015],[44.43286571000016,42.04422128800013],[44.43293181300004,42.04419986400012],[44.43299446300006,42.04417959300014],[44.433234154000104,42.04410201500008],[44.43327093300019,42.04409003800009],[44.434061743000086,42.043833876],[44.434102398000164,42.04382070100007],[44.43411724200013,42.043815911000024],[44.43467633800003,42.04401163200015],[44.434719340000015,42.044026703999975],[44.43490785500012,42.0440926600001],[44.435596808000184,42.044333868000194],[44.438113435000105,42.04463221900011],[44.43830653700013,42.04417801800008],[44.438318937000076,42.04414889700007],[44.43843596800008,42.043873689],[44.438456018000124,42.043826458000126],[44.43857045700008,42.043557317000136],[44.44047388900003,42.04377632900014],[44.441473108000025,42.04358102600008],[44.4434200770001,42.041706402000045],[44.44343329800017,42.041693677000126],[44.44345889900006,42.041715957],[44.44392440600012,42.042121707000035],[44.44409318700019,42.04226879100014],[44.44415590900019,42.04263471600012],[44.44431222300017,42.04354711700017],[44.44530545800018,42.04403805000004],[44.4456798440001,42.043552109000075],[44.44584946800006,42.043331952000074],[44.44662596,42.04232403700007],[44.4466300790001,42.04232275100014],[44.44728155900003,42.043509757000095],[44.44744844700011,42.04381394600017],[44.44824991500019,42.04293349300002],[44.448310237000044,42.042867225000066],[44.44833591600013,42.042839023000056],[44.44849175400003,42.0426677910001],[44.449020743,42.04208666200003],[44.44914760600011,42.041947309000136],[44.449501661,42.041558348000024],[44.45301901800019,42.04225434900019],[44.451939275000086,42.04301781800018],[44.45186676100013,42.04306903500009],[44.451586973000076,42.04326687800017],[44.45155998500013,42.04328593300005],[44.45108975800008,42.04361841400015],[44.45169965000008,42.044896522000045],[44.452554507,42.04418188000005],[44.45258304600014,42.04415805800005],[44.45277692000002,42.043995919],[44.452877872000045,42.04391160400007],[44.45342072300008,42.04345773799997],[44.45611119200004,42.04398524400011],[44.45580239500015,42.044440277000035],[44.455589165000106,42.04475449500006],[44.45496506400008,42.04567412000006],[44.456256555000095,42.04662746500014],[44.45977508800013,42.04566470700007],[44.46011475900008,42.045356794999975],[44.46028565900019,42.045201831000156],[44.462003013000185,42.04364482400018],[44.46203138300007,42.04361910800003],[44.46254472200019,42.04315366800006],[44.46262593500006,42.04308001400017],[44.46294037500013,42.042794897000135],[44.46855332900003,42.043081989000086],[44.46931499400006,42.04490848600011],[44.47046349800007,42.04519970400008],[44.472636432000115,42.04571020300011],[44.47596850600007,42.0460511870001],[44.476014866000185,42.04605599200005],[44.476341750000074,42.04608941200013],[44.47709137900017,42.046166143000164],[44.477115525000045,42.046168596000086],[44.47713792100012,42.04617090300002],[44.47794526200005,42.0462535210001],[44.47813885800008,42.04627331500018],[44.47836354000003,42.04626713099998],[44.478508815000055,42.04626315300004],[44.47873047500008,42.046257090000154],[44.47881954899998,42.04625465700002],[44.479332848000126,42.04624055000005],[44.47941310000016,42.0462383470001],[44.48069622300005,42.04620313500004],[44.480741002000116,42.04620189700012],[44.481195561000106,42.046189407000156],[44.48125879500003,42.04591008400001],[44.48132083000013,42.045770538000056],[44.48141604600016,42.04559970800011],[44.48161781100009,42.04529822400002],[44.481862538000144,42.044899123000164],[44.48201953199998,42.044627203],[44.48202721500019,42.04456648900015],[44.48203457400018,42.044508430000064],[44.48208247600007,42.044382779000046],[44.48218197200015,42.0442574060001],[44.482370575000175,42.04413243500011],[44.48253576300016,42.043996865999986],[44.48263542700005,42.04385050800016],[44.48266488400009,42.04368982900007],[44.482735941000044,42.04359927300004],[44.482891936000044,42.04344965700011],[44.483132578000095,42.04326200800011],[44.483298738000144,42.04316998900009],[44.48357977000012,42.042955411000094],[44.48370600900017,42.04286911100007],[44.48374462300018,42.04281569500006],[44.483816168000146,42.04271681000017],[44.48394101100007,42.04260884200011],[44.48410909800003,42.04229315200007],[44.48422149200013,42.04217810300008],[44.48426742900011,42.04217524699999],[44.484380458000146,42.04216832500015],[44.484469017000094,42.042184034000115],[44.485387195000044,42.042346625000164],[44.48543165300015,42.042354930000045],[44.485685248000095,42.04240240500013],[44.485723015000076,42.04236389200008],[44.48594576600016,42.04216080100008],[44.486247646000095,42.04168890200003],[44.486643179000055,42.04109475300015],[44.48665645000017,42.04107468300009],[44.48666929200016,42.04105533100005],[44.486734206,42.04106651900014],[44.486764974000096,42.0410717900001],[44.48678684200013,42.04107188800009],[44.48681759100009,42.04107202600011],[44.48691405800014,42.04106592700009],[44.48698403600008,42.04108582900011],[44.48716329100006,42.04115201800016],[44.48728369800017,42.04116638100004],[44.48730461600013,42.041149407000034],[44.487702816000024,42.04061263800014],[44.48776718600004,42.040525966000075],[44.48781379500008,42.0404769540001],[44.48783542500007,42.040453993000085],[44.487860406000095,42.04042762500018],[44.48787977500001,42.04040037700008],[44.48789077300006,42.04038493500019],[44.487902505000136,42.0403684150001],[44.48795230200005,42.04029847600009],[44.488020383000105,42.04026874300018],[44.48809924300008,42.04019812300004],[44.48817842700004,42.04012475700017],[44.48821090100006,42.04009806200003],[44.48825863800005,42.04005882600012],[44.488344247999976,42.03996013600016],[44.48843634400015,42.039843460999975],[44.48845958200013,42.039785742000106],[44.48852228800018,42.039778232000174],[44.48858269700008,42.03977102500005],[44.48864201700002,42.03976394900019],[44.48914713199997,42.04003310800016],[44.48924991400014,42.040000151000186],[44.48960949500014,42.039983377],[44.48973175700013,42.03982608100017],[44.48968140900007,42.03950459200013],[44.490062512000065,42.03933439600007],[44.49065664200003,42.03876804400011],[44.491143584000156,42.038430206000044],[44.49127153400008,42.03849809700006],[44.491591049000135,42.038360767000086],[44.49218732200018,42.038129416000174],[44.492221882000194,42.03812110200005],[44.49243789700006,42.03806914400019],[44.49251119100006,42.038226318000056],[44.49261079000007,42.03838036500008],[44.49263167800018,42.03851118800014],[44.49269166000016,42.03867127500018],[44.49270035500007,42.03869455000006],[44.49272707100016,42.03883697200013],[44.49273046000019,42.038851397000144],[44.492731443000025,42.03885694100006],[44.49275343700003,42.03898547200015],[44.49273650100008,42.039109687],[44.49274440300019,42.0392175770001],[44.492220591000034,42.039559756000074],[44.49198331600019,42.04000395600002],[44.49191316000008,42.04025765900013],[44.491876372000036,42.04039067300016],[44.491728721000186,42.040438339],[44.49153248100009,42.04050168600003],[44.490883077000035,42.0407113120001],[44.49079300200009,42.04089996200008],[44.490734457000144,42.041021244000035],[44.490605081000126,42.04129029000006],[44.490591056000085,42.041481885],[44.49044749900003,42.04168979300016],[44.49038751600011,42.041776663000064],[44.490387499000065,42.04177668600016],[44.49036308100017,42.041812002000086],[44.49023467400008,42.041875962],[44.49007786500016,42.042046386000095],[44.48960712900015,42.04235542000009],[44.4893360370001,42.04249399700012],[44.4891765000001,42.04274836299999],[44.48912234200009,42.04283472100002],[44.48900819300013,42.043018521000135],[44.48893715100013,42.0431328840001],[44.488937136,42.043132909],[44.488859637000076,42.04325929200007],[44.48882757400003,42.04331160200013],[44.48878047500011,42.04338844600011],[44.48865250900019,42.04378232700009],[44.48865273600012,42.043942],[44.48859589800003,42.04414426100004],[44.48853853600008,42.044208538000134],[44.48845335600015,42.04430399800003],[44.488282187000095,42.044442513000035],[44.48805392800011,42.044570387000135],[44.48770378100005,42.04473467400015],[44.487647078000066,42.0448275010001],[44.487521014000095,42.0450337370001],[44.487414392000176,42.04520816900015],[44.48738903700013,42.04524968600009],[44.487370237000164,42.04528047100007],[44.48712236200015,42.04573865200007],[44.48694213200014,42.0460923870001],[44.48676636100009,42.046402331000024],[44.48642337200005,42.046671988000185],[44.48639696800018,42.04671470900007],[44.48627179800013,42.046917230000076],[44.48627135700019,42.04720516100019],[44.48624374100018,42.047549096000125],[44.48631529800019,42.047645736000106],[44.48646853900016,42.04791373299997],[44.48671700300008,42.0482355960001],[44.48683837100003,42.04851502700018],[44.48683467600017,42.04859444700003],[44.4868305870001,42.04868266800014],[44.48677873100007,42.048865768000155],[44.48675084200016,42.04910179600017],[44.48673095800012,42.04917252600012],[44.48670881100014,42.04925130200007],[44.48658802600016,42.04933338800015],[44.4863240250001,42.04953115900008],[44.486167266000166,42.04969974000005],[44.48597419100008,42.04992161400014],[44.485912561000134,42.050153022000075],[44.48589823300006,42.05044698000006],[44.485873090000155,42.050598351000076],[44.48578747,42.05083853500008],[44.485593109000035,42.05122079200015],[44.485519147000105,42.05149666500017],[44.485541270000056,42.05171953200005],[44.48561090600015,42.051978240000096],[44.48565709600007,42.05218335900014],[44.48560767200007,42.05237916200008],[44.485577582000076,42.052439680000134],[44.485510446000035,42.05257475299999],[44.485350031000166,42.052676937000115],[44.485141258,42.052754936999975],[44.48489236800003,42.05284492300018],[44.48472364600008,42.05280913000013],[44.48453835000004,42.05279952100011],[44.48436214800006,42.05280939700003],[44.48427965000013,42.05285804900018],[44.484209676000035,42.05289931800013],[44.4840251010001,42.053031157000134],[44.48382444600014,42.053180976000135],[44.48372149400012,42.053317062000076],[44.483615976000124,42.053456536000056],[44.48353589300012,42.053630190000035],[44.48336777300011,42.054073355000185],[44.48320750600004,42.05436679900015],[44.48318383800006,42.054684124000175],[44.48314387700003,42.05485178100014],[44.48317656600017,42.055276814000194],[44.48324912500004,42.055480322000165],[44.48324808100011,42.05551291400019],[44.48324683800013,42.055551734],[44.48324108200018,42.05559187300008],[44.483232080000164,42.05564493600008],[44.48345424400003,42.05625833300013],[44.4832539950001,42.056689522],[44.483247485000106,42.05685323600005],[44.48324232200008,42.05698307500006],[44.48274586200006,42.05735952100014],[44.482225669000115,42.057832949000044],[44.48179596300008,42.058301556000174],[44.48153869300012,42.05877967800012],[44.48157265300006,42.059011483],[44.48157163800005,42.05913622000014],[44.48153485100016,42.05925188000009],[44.48145000000011,42.05939406600015],[44.48138871000003,42.059580900000185],[44.481400681000025,42.059717619000025],[44.48141056400004,42.05983048100012],[44.48147991900004,42.06012483200004],[44.48168668900007,42.0606963140001],[44.48177276000018,42.06098363900014],[44.48181581800003,42.0611432500001],[44.481973247000155,42.061387911],[44.482054214000016,42.061508722000156],[44.48215363800011,42.061657063999974],[44.48212295600001,42.06192253600011],[44.48200684,42.06217702400005],[44.48181925100005,42.062452415000166],[44.48173239400006,42.062611394999976],[44.4817165770001,42.06280257600008],[44.481743630000096,42.06298332400013],[44.481803118000016,42.06312120500007],[44.481866807000074,42.06325713600006],[44.481929995000144,42.06337423900004],[44.482015361000094,42.06339056000007],[44.48254276700004,42.06338231500018],[44.482882802,42.06337632700007],[44.4832626270001,42.06336962100005],[44.483355180000046,42.06338066300003],[44.483419002000176,42.063418139000134],[44.48342820500011,42.06343003000012],[44.4834374080001,42.06344192200004],[44.48346839100009,42.063482081000075],[44.483469478000075,42.06348245400005],[44.483496832000185,42.06349199400012],[44.48356077300008,42.06351434300012],[44.483959765000066,42.06352145200009],[44.48549345400005,42.06352833800008],[44.48552034400012,42.06352845800012],[44.486026234000065,42.06353603800005],[44.48606854000019,42.063594635000186],[44.486063827000066,42.063631992000126],[44.486060753000174,42.063654400000075],[44.48605772800016,42.06367681600011],[44.48605334000018,42.06371138500003],[44.486015808000104,42.063944881],[44.48601460900005,42.06409354200014],[44.48604299100009,42.064155817000085],[44.48607766100014,42.064231891000134],[44.48614375300008,42.064342016000126],[44.486183101000165,42.064407581000125],[44.486183114000085,42.064407607000135],[44.48626011600004,42.06458319000018],[44.48629379800019,42.06482228900012],[44.48632568900007,42.064937213000064],[44.48644004300007,42.06501049200017],[44.48643966400016,42.06501127300015],[44.486439179,42.06501239100004],[44.486413188000085,42.06507937300012],[44.486413068000104,42.06507968200003],[44.48641285800005,42.06508029000008],[44.48641259700014,42.06508110300007],[44.486412509000104,42.06508148600017],[44.48639478100006,42.065152063000085],[44.48639460400017,42.065152744000045],[44.48639459400016,42.06515279000001],[44.48637666899998,42.06523960800013],[44.48635685600004,42.06533548900012],[44.48633112700014,42.06542494600018],[44.48629208800003,42.06554900300006],[44.486292042,42.065549151000084],[44.4862920110001,42.065549253000086],[44.48625888500004,42.06566009699998],[44.48622972800018,42.065744040000084],[44.48617508000012,42.06585088100013],[44.48612343000008,42.06595247100006],[44.48612324900017,42.06595280100004],[44.48612308100019,42.065953106000165],[44.48608408000007,42.066037901000186],[44.48608376100009,42.06603867100006],[44.48604596100017,42.06613176500014],[44.486045782000076,42.066132172000096],[44.48601200200011,42.0662215430001],[44.48597148700003,42.06631467200009],[44.485930956000175,42.06640792500008],[44.4858863930001,42.06650107500013],[44.48583789500003,42.06659377100016],[44.48583741600004,42.06659470900007],[44.48579507300019,42.06668908400013],[44.48579457500017,42.06669030800009],[44.485753641000144,42.066804182000055],[44.48575346800004,42.06680459500018],[44.485697892000076,42.06697235300004],[44.48569771300015,42.06697289100009],[44.48558346900012,42.06735763200004],[44.485583395000106,42.06735795600008],[44.48558303400017,42.06735939900011],[44.485582839000074,42.06736083100003],[44.485578216000135,42.067407823],[44.48557815700019,42.067408496000155],[44.48557809900018,42.06740931200005],[44.48557748100012,42.06742017800008],[44.48557747500013,42.06742027500013],[44.4855767410001,42.067433218000076],[44.48557669000019,42.06743376200012],[44.485574135000036,42.06753898900001],[44.485574132000124,42.067539261000036],[44.4855741340001,42.06754025100014],[44.48557819900003,42.06761966400006],[44.485578203000046,42.06761991900015],[44.48557820900004,42.06762020100018],[44.48558328100006,42.06767913300007],[44.48558389900012,42.067738753000015],[44.48557027700008,42.067800608000084],[44.485545719000186,42.06787782400011],[44.48549650400008,42.06798595000015],[44.485477442000104,42.068026563000046],[44.48545596300005,42.068072324000184],[44.48542517200008,42.068137206000074],[44.485424675000104,42.068138380000164],[44.48540196700003,42.06819691000004],[44.48540189900018,42.06819718000003],[44.485401397000146,42.06819871199997],[44.48538638800005,42.06825533400007],[44.485386284000015,42.068255851000174],[44.48538611900011,42.068256684000175],[44.48537402699998,42.06832517700008],[44.4853738380001,42.068326520000085],[44.48537376500013,42.06832800100011],[44.48537376400009,42.06832868400011],[44.48537624099998,42.068402548000165],[44.48537624400012,42.068402887000104],[44.48537624400012,42.06840299200019],[44.485379433000105,42.068457051000166],[44.48537756000019,42.0685252670001],[44.485373466000055,42.06856718900019],[44.48536798800012,42.06862330300004],[44.485355793999986,42.06874939100015],[44.48535572500009,42.06875047000017],[44.48535228700018,42.06885815000004],[44.48535231700015,42.068859234000115],[44.48535235700018,42.06886011199998],[44.485354701000176,42.06888584799998],[44.48535625400007,42.06890291000019],[44.485356308000064,42.06890335800006],[44.485361067000156,42.068943595000064],[44.4853611800001,42.068944399000145],[44.48536529000006,42.068968977000054],[44.48536843700009,42.06898775700017],[44.4853684950001,42.06898820600014],[44.485375287000124,42.06902268800013],[44.485375517000136,42.06902377600005],[44.48538302700001,42.06905177400006],[44.485387839000055,42.06907736900013],[44.48539077800007,42.06909396300006],[44.485392875000116,42.06910576100017],[44.485395761,42.06912968600011],[44.485397031000105,42.06915806500007],[44.48539511700017,42.06918610400015],[44.48539238900008,42.06921046500014],[44.48538823400003,42.069245522000074],[44.48538112600016,42.06927917700011],[44.48538101600013,42.069279585000174],[44.4853743700001,42.06931543600018],[44.48536667500008,42.069347561000086],[44.485366485999975,42.06934845500018],[44.485366364000186,42.06934913900005],[44.48536066700012,42.06938910000008],[44.48535412900014,42.06943477600015],[44.48534500600016,42.069487826000056],[44.48534496000019,42.06948821800012],[44.48533726500017,42.06954035500007],[44.48532834400004,42.06958267900018],[44.48532827100013,42.06958313700005],[44.485322073000134,42.06961782500008],[44.48532193700015,42.06961904100018],[44.48532001400008,42.06963691900006],[44.48531880600012,42.069648210000025],[44.485318734000145,42.069649386000094],[44.48531785100016,42.06967893400008],[44.48531788100013,42.069680767000136],[44.48531798100015,42.06968150600011],[44.485318040000095,42.069681938000144],[44.48532263499999,42.069712536],[44.48532268900004,42.06971284400004],[44.48532298600014,42.06971429000015],[44.48532310300004,42.06971473700008],[44.48533157000014,42.06974432100009],[44.485331774000144,42.069744910000054],[44.485331913000095,42.06974531600008],[44.485332454,42.06974674800017],[44.48533316099997,42.069748113],[44.48533332400012,42.06974840300006],[44.48533333800009,42.069748427000036],[44.48535003400008,42.069777858000066],[44.48535068700005,42.06977890200017],[44.485351040000126,42.069779403000155],[44.48537135400005,42.06980867000016],[44.485371886999985,42.069809392000025],[44.485393601,42.069838085000185],[44.48539467400019,42.069839389000094],[44.485395813000025,42.069840574000125],[44.48539696500012,42.06984165900013],[44.48542945700012,42.06986979700014],[44.48543081800017,42.06987090400014],[44.48543165700016,42.06987152800019],[44.48546279100009,42.06989324700015],[44.48546339100011,42.06989365500016],[44.48546500000015,42.06989464500009],[44.48551109900018,42.069921071000124],[44.48556813199997,42.06995311100013],[44.48556939100018,42.06995376500015],[44.48556944800009,42.06995379400007],[44.48562622700007,42.06998219400015],[44.485656581000114,42.06999784400017],[44.48569338400006,42.07001682000015],[44.4857293070001,42.07003633200014],[44.485729744000025,42.070036570000184],[44.48576556900008,42.07005884100016],[44.485790720000125,42.07007471500003],[44.48581282100008,42.07009048200018],[44.4858199090001,42.070096285000034],[44.48583288900011,42.07010691200014],[44.485849639000094,42.07012122000009],[44.4858647910001,42.07013468100001],[44.485864886,42.070134765000034],[44.485868284000105,42.07013778300012],[44.485868595000056,42.07013806100014],[44.485869425000146,42.070138737000036],[44.48588672600005,42.07015246400016],[44.48590756900012,42.07016949399997],[44.48590840600008,42.07017016500015],[44.48590936600016,42.070170846999986],[44.48593394900013,42.070187838000095],[44.4859344300001,42.07018815800012],[44.485934972000166,42.070188517000076],[44.485947670000144,42.070196506000116],[44.48596094700008,42.07020485900017],[44.48596146300014,42.07020518700017],[44.485961859000156,42.07020544000011],[44.4859911530001,42.07022246000008],[44.48599277800014,42.070223327000065],[44.48599348900012,42.070223682],[44.48603364800016,42.070242773000075],[44.486069684000086,42.07026017100014],[44.48607032100006,42.07026046400006],[44.48607086100009,42.07026069700015],[44.48607129300012,42.07026089300018],[44.48607184600007,42.07026112300019],[44.48610995500013,42.07027635000014],[44.486110687,42.07027663000014],[44.48611146800016,42.07027690500007],[44.486151243000165,42.07029068700018],[44.486152265999976,42.07029104200012],[44.486153472000126,42.070291405000035],[44.486195199000065,42.070302944],[44.486195813000165,42.070303123000144],[44.486196131000156,42.07030319000006],[44.48619628800009,42.07030322300011],[44.48624696400003,42.070315613000105],[44.48627012500009,42.07032143600014],[44.48629214600004,42.070326973000135],[44.48629340900004,42.07032725400006],[44.486332686000026,42.070335713000134],[44.486333058000014,42.07033580100017],[44.48633327900012,42.07033583200007],[44.48633347200007,42.07033585300019],[44.48638404200017,42.070345628000155],[44.48638554900003,42.07034590000018],[44.48638753700004,42.07034613900015],[44.48640488400014,42.07034790000017],[44.48643483500018,42.07035093900015],[44.486490865000064,42.07035740700019],[44.48653808500006,42.07036302500012],[44.48653869500009,42.070363109000084],[44.48658711600012,42.07036810200009],[44.48663197700017,42.07037335400014],[44.48667296100018,42.07038042200003],[44.48671527500011,42.070387729000174],[44.48674997000006,42.07039523100008],[44.48676842500009,42.070400921000044],[44.4867847540001,42.070405955000126],[44.48682984100003,42.070425332000184],[44.486829871,42.070425346000036],[44.48686261000017,42.07044234300008],[44.48689239200013,42.07046047200009],[44.48690947400013,42.07047087100017],[44.486980763000076,42.07051915600016],[44.487033170000075,42.07055631500009],[44.487042847000055,42.07056319300017],[44.48704320700011,42.07056343000005],[44.48704355100011,42.070563656000104],[44.48706152900019,42.070576386000084],[44.48708130600011,42.07059044000016],[44.487089759000014,42.07059736800005],[44.487587469000175,42.071006456000134],[44.487605480000184,42.07102180400017],[44.48760983500006,42.07104302800013],[44.48766188100012,42.07129738000003],[44.48772230900016,42.071442013000194],[44.48780480200014,42.07163945200011],[44.48791667800015,42.07189072700004],[44.48791771400005,42.07189305400016],[44.48799750500018,42.07207226600002],[44.48804776800017,42.07227879500016],[44.48805860300007,42.072574319000125],[44.48805649800016,42.07270562800005],[44.48805561800009,42.07276102999998],[44.488058526000145,42.072874576000174],[44.488069962000054,42.073038091000114],[44.488090671000066,42.07331198900005],[44.488187692,42.07355848000009],[44.4882362300001,42.07379857800004],[44.4882335420001,42.07402747100008],[44.488215009000044,42.07413055400019],[44.48820064400019,42.07418683000003],[44.48817966700017,42.074278865999986],[44.488164892999976,42.07448532600006],[44.48818317900009,42.074631178],[44.488237589000164,42.074781507000125],[44.488349547000155,42.075140470000065],[44.48844354200003,42.07555329600012],[44.48853761000004,42.07606277100007],[44.48853767400004,42.07610753100005],[44.48853190200009,42.07630054900005],[44.48852046400003,42.076451457000076],[44.48846388700002,42.07691828100019],[44.48839215000004,42.07731555099997],[44.48835644500019,42.07764547500011],[44.488368709000156,42.0779606750001],[44.48838558800003,42.07824643100008],[44.48842697499998,42.078518380000105],[44.48850870900003,42.07880331400008],[44.48859200800007,42.078985174000024],[44.48866799400014,42.07913501900009],[44.48866624000016,42.07935351100002],[44.48866476400008,42.07953750700017],[44.48872483500014,42.079952386000116],[44.48877049400011,42.08028222400003],[44.48873946600003,42.08049485700013],[44.48875461900013,42.08075283000011],[44.488824565000016,42.08123526000003],[44.48881720000003,42.08136835100015],[44.48879781700015,42.081468924000035],[44.48877098200012,42.08160816200018],[44.48874847900015,42.08175301900013],[44.48875067800003,42.08189258300018],[44.48877955700004,42.08203750100006],[44.488881669000136,42.082442024000045],[44.488874901000145,42.08257092200006],[44.488841420000085,42.0826614340001],[44.48867567100018,42.08310953500012],[44.488631330000146,42.08325654200013],[44.48862418500016,42.08336354500017],[44.48863402300009,42.08345505600005],[44.48863995700003,42.083507720000114],[44.48871350200017,42.08375186100017],[44.488856193000174,42.08407204500003],[44.48890998500019,42.084247548000064],[44.488958785000136,42.08482463100012],[44.48893030000016,42.08528582800017],[44.488858231000165,42.085528225000076],[44.48884416700008,42.08569190399999],[44.488888006000025,42.085887177000075],[44.48885408100017,42.08630902800007],[44.488870264000184,42.08642451500015],[44.48896295000003,42.08660428500008],[44.48907570100005,42.086777315],[44.489138108000134,42.087005711000074],[44.489188118000186,42.08718873900011],[44.48923320500012,42.087536539000155],[44.489229820000105,42.087896875000126],[44.48924540800016,42.08814805100013],[44.48925185200011,42.08832407],[44.48918321300005,42.088643848000174],[44.48920584300015,42.0889350380001],[44.48927045800008,42.08907961600016],[44.48940575800009,42.089359455000135],[44.48949516500011,42.089374982000095],[44.4895731740001,42.089388526000164],[44.49010614600013,42.08949463200008],[44.490106171000036,42.08949465200004],[44.490442899000186,42.08971676300007],[44.4912869580001,42.09000416600014],[44.49166727100004,42.090068902000155],[44.492597478,42.09016758400014],[44.493781056000046,42.09033041800012],[44.495092325000144,42.09039922800014],[44.495810679000044,42.09052845600013],[44.497037840000075,42.09053383900016],[44.49788367300016,42.090600588000086],[44.49944909300018,42.09063894900015],[44.500039303000165,42.09092520200011],[44.50071437100007,42.091180297000165],[44.501687913000126,42.09115300800016],[44.5026606780001,42.091220272000044],[44.503420167000115,42.09150722500004],[44.504264037000155,42.091826083000115],[44.50426406900016,42.091826094000055],[44.505446474000166,42.09214638000009],[44.50658633800015,42.092497995000144],[44.50738765300014,42.09284814400007],[44.50793659800013,42.09300810700006],[44.50842784900004,42.09303055000004],[44.508698039000194,42.093042893000074],[44.50945952100011,42.09307767300015],[44.510261627000034,42.09333324100015],[44.511021661000086,42.093557135000026],[44.51211853400014,42.09400307700014],[44.51334190600011,42.0945125880001],[44.5144796940001,42.09514778099998],[44.515071438,42.09524484800011],[44.51583366800003,42.095185023000056],[44.51697819000003,42.09493770300003],[44.51795246100011,42.09481571300006],[44.51918184900006,42.09453720500011],[44.52019965400012,42.094257773000095],[44.52217607000006,42.09398443000009],[44.52220687000016,42.09398018300004],[44.522236535,42.093975983],[44.523326774000054,42.09382528800006],[44.52389354100018,42.09375239700017],[44.52449689300016,42.094174327000076],[44.52531537100003,42.09479078300012],[44.52574737100008,42.09495388200003],[44.52607598200018,42.09509555200003],[44.526351895000175,42.09521450300019],[44.52691268600012,42.09553947100005],[44.527383685000075,42.0962835040001],[44.52755194100018,42.096961757000145],[44.52806988800012,42.09722201200009],[44.528762082000185,42.09735391999999],[44.529107225000075,42.09754892600017],[44.52918933800004,42.09816229500018],[44.52918686700008,42.09849347800014],[44.529184515000054,42.09881139700008],[44.52918335000004,42.09896890200008],[44.52969653300016,42.0998744310001],[44.52973725500016,42.10022950400008],[44.52995004200005,42.100746623000134],[44.530553965000024,42.101104000000134],[44.530903567,42.10119860200018],[44.530931986000155,42.10120628500016],[44.53095459500014,42.10121241700017],[44.53097375900012,42.10121761400012],[44.53115932100002,42.1012678190001],[44.53232551200017,42.101756544000125],[44.534835967000106,42.102089403000036],[44.53578959500015,42.1020287340001],[44.53709096700004,42.10180813300008],[44.5375588980001,42.101670933000094],[44.53817640400001,42.10148986700017],[44.53947801900017,42.10123697300003],[44.54017051500011,42.101336530000026],[44.540616673000045,42.10162764400013],[44.540817345000164,42.101758590000145],[44.54128831700001,42.10253481400002],[44.541716810000025,42.103197960000045],[44.5418440200001,42.10358565400014],[44.541667463000124,42.10403666500008],[44.541561138000134,42.10414624900005],[44.541449183,42.104261637000036],[44.54115987500006,42.10450521900009],[44.54083892100016,42.10477544500009],[44.54082802800002,42.104787013000134],[44.540445928000054,42.105193307000036],[44.540138926000054,42.105708325000194],[44.5400913790001,42.10628891200014],[44.540045506000126,42.10664363300009],[44.540606427000114,42.10696853500019],[44.541254940000044,42.107164722000164],[44.541767219000064,42.108231514000124],[44.54219981700015,42.10833002200013],[44.54293802100011,42.10810712200015],[44.543361780000055,42.10792904200014],[44.54385073300011,42.10772357100012],[44.544234429000085,42.10792997100015],[44.544454997,42.10804862300017],[44.544583136000085,42.10806823200011],[44.545104273000106,42.10814797400013],[44.54640411000008,42.108153125000115],[44.54735712900015,42.10818916900007],[44.548830063000025,42.10822722000012],[44.54960761700005,42.10825173300009],[44.549999712000044,42.10826409300006],[44.5504846450001,42.10830039900003],[44.551818647000175,42.108400274000076],[44.552771180000036,42.10850077300012],[44.55297502800005,42.10857073100004],[44.55327517600017,42.10867372400014],[44.5537221730001,42.10882712900013],[44.55445626700009,42.10918488100003],[44.554456297000115,42.109184895000055],[44.55450408000007,42.109205152000015],[44.55454086000009,42.10922074299998],[44.55459338500009,42.10924301300008],[44.5551475310001,42.109477972000036],[44.555447708000145,42.10993084800003],[44.55466447900011,42.11039565600015],[44.553492524000035,42.11068147700007],[44.551973223000175,42.11106274000008],[44.55110431700007,42.11138199800001],[44.55019459800019,42.11134615499998],[44.54906682700005,42.111503071000186],[44.548371005000035,42.11185523600011],[44.54824906100009,42.11238287600008],[44.54824522400003,42.11239947900009],[44.54823690200004,42.11243548900006],[44.54766901200014,42.11307853000005],[44.54749439800008,42.113234688000034],[44.547216973000104,42.113482846000124],[44.547058447000154,42.11362465000013],[44.54677051700014,42.113867037000034],[44.54644810000019,42.11413845700008],[44.54609660100016,42.114814653999986],[44.5460046340001,42.11555637900017],[44.54604476600019,42.11600825400018],[44.54621396100009,42.116589674000124],[44.54599312,42.11716957400017],[44.54585944800016,42.117685293000136],[44.54598713200005,42.11800845200014],[44.546418654000036,42.11826828100004],[44.54715282600006,42.118626087000166],[44.54866684299998,42.1190192360001],[44.55070365300014,42.11902722700012],[44.55256689700008,42.11906676000012],[44.554212757000016,42.11920222600014],[44.55507927300016,42.11923787000006],[44.55650847700008,42.11937246399998],[44.55711747800012,42.11953703400013],[44.5577196750001,42.119699764000075],[44.55823793200011,42.119959883000035],[44.558550130000185,42.12004426400017],[44.55884350900004,42.120123552000166],[44.559472555000184,42.12002916000017],[44.5605144430001,42.11977503200012],[44.56112290500016,42.1195257120001],[44.56198765000005,42.11981938800005],[44.562163511999984,42.12003130700009],[44.56235972400009,42.120267746000025],[44.56237128100008,42.1202816440001],[44.562371414000154,42.120281804000115],[44.562376747000144,42.120288217],[44.56239264300007,42.12030736800011],[44.56241743500016,42.1203372760001],[44.563105079000195,42.121178796000095],[44.56325701600008,42.12159083800003],[44.56340293200009,42.12198654800011],[44.563311601000066,42.122663760000194],[44.56303229000014,42.12312983100014],[44.56282930000003,42.12346854200018],[44.56243349000016,42.124305934000176],[44.56221103200005,42.125143956000045],[44.56194588000011,42.12588502500017],[44.561681150000084,42.12656160900019],[44.56167870700011,42.126916503000075],[44.562760114000184,42.127230364000184],[44.56362583600003,42.12739499700007],[44.563625869000134,42.12739500600014],[44.564360455000156,42.12772041700015],[44.56470476600015,42.12807665500014],[44.56483279000008,42.12836751600014],[44.56469902100008,42.12891550600017],[44.564616038000054,42.129046140000185],[44.564392281000096,42.129398335000076],[44.563609252000106,42.12981479200016],[44.56299710700017,42.130586833000166],[44.56292324100008,42.13097510900013],[44.56286217100018,42.13129612500006],[44.56268368300016,42.132037563000154],[44.562160465000034,42.13248725300002],[44.56168052300012,42.13293713400003],[44.56111235900016,42.13361251900005],[44.560677332000125,42.13383672800006],[44.560583656,42.13484625900003],[44.56088261200006,42.13549267900004],[44.56109625500005,42.13594521200008],[44.56104820700017,42.136622583000076],[44.56095639900008,42.13736433500014],[44.56079985900004,42.137887311999975],[44.56073452800007,42.13810558700004],[44.560816547,42.138783456000056],[44.56059691400009,42.13920205000005],[44.55998330200009,42.14016765600019],[44.558807462000175,42.14093747900006],[44.55836900800011,42.14164562600013],[44.557363841000154,42.14280331000015],[44.55705786700008,42.1431570260001],[44.55679268300014,42.14388196200002],[44.55648337300016,42.144719633000136],[44.55656827800016,42.144978084000115],[44.556520640000144,42.145590940000034],[44.55687159800004,42.14587244500018],[44.55688292000008,42.145881525],[44.55716737500006,42.14610966600014],[44.55764134100019,42.146530956],[44.558218894000106,42.146652736000135],[44.5584206260001,42.146695271],[44.55933018400003,42.14682782900013],[44.561020823000035,42.14686656000009],[44.56245310500009,42.14664618900002],[44.56384266700013,42.14632882500007],[44.56570870400009,42.14607778300007],[44.56705182200017,42.146211920999974],[44.56813373500006,42.146506389000194],[44.56887596600012,42.14672575200012],[44.56890276500013,42.146733672000096],[44.56912895100015,42.14680051400012],[44.57008099600017,42.14706220800008],[44.57090391100013,42.14719434900013],[44.571812851000175,42.14742358700005],[44.57220193800015,42.147681675000115],[44.57254663200007,42.147910317000026],[44.57297586500016,42.14855719000013],[44.5730787170001,42.14870513100004],[44.57344822500016,42.14923650100013],[44.573878556000125,42.14972209299998],[44.574698881000074,42.15024135100015],[44.57504445300003,42.1504362230001],[44.575908070000025,42.150971787000174],[44.57595592100017,42.15100208600012],[44.57595594700018,42.15100210300005],[44.576728428000195,42.15149106100017],[44.57741917200019,42.151945321000085],[44.57836791900007,42.15272316300013],[44.57914474900019,42.15327452100013],[44.57961619300016,42.1541151080001],[44.579777890000116,42.15457959500009],[44.57983998499998,42.154757956000026],[44.57983349900019,42.15578790300009],[44.57982701200007,42.156817977],[44.579229563000126,42.15856013700011],[44.57888598500011,42.15956197300005],[44.57333801300007,42.160914963000096],[44.57238300500012,42.16571896400012],[44.57325132000011,42.16680772900003],[44.57326675100006,42.166827068000146],[44.5732770300001,42.16683997500007],[44.57329059300008,42.1668570060001],[44.575129006000054,42.16916198200005],[44.57880399700008,42.171922976000076],[44.57968633399997,42.172926819000054],[44.5806151000001,42.17381505100019],[44.58128814100007,42.17482874800015],[44.580855366000094,42.17602802900018],[44.580932841,42.17716595600007],[44.58245770200017,42.177866756000185],[44.58355361700012,42.1791980050001],[44.58456210000003,42.1809081400001],[44.584470942999985,42.18185583000019],[44.58429643900013,42.18255043900018],[44.58429023800005,42.18349847000019],[44.5845397600001,42.18432098400001],[44.58538417200015,42.18514568400008],[44.586823078,42.186035709000066],[44.5878370960001,42.186924218000115],[44.589365146000034,42.18718249400018],[44.59208378300019,42.18731861000009],[44.59386600400012,42.18770414800019],[44.59666603600016,42.1884092360001],[44.59929736600009,42.18892406800006],[44.60226708200014,42.18969286700013],[44.60404827600007,42.18973916300007],[44.605071230000135,42.18976574300012],[44.60787382400008,42.190091383000095],[44.60982813700019,42.19016123400007],[44.61186432700009,42.19073697700003],[44.61304874800015,42.191625809000016],[44.614659706,42.192263254000125],[44.61686598600011,42.192839479999975],[44.618137051000076,42.19347574000005],[44.61932426600015,42.19392211700011],[44.620062537000194,42.194402190000176],[44.62059424500012,42.19474793900008],[44.621014684000045,42.19550776600016],[44.621014697000135,42.19550779200017],[44.621033143000034,42.19557224800013],[44.62140394000011,42.19686832900004],[44.62143096400018,42.19696279300018],[44.6210830550001,42.19828890700012],[44.62064935400019,42.19974113800015],[44.619798544000105,42.201086525000164],[44.61923338700018,42.201980146000096],[44.61820651200003,42.20311437200019],[44.617381986,42.20433495800006],[44.61550598300016,42.2091359800001],[44.613993607000054,42.21093739200012],[44.61321804800008,42.21264124900017],[44.613359069000126,42.21306875700003],[44.61345730900007,42.213366573000144],[44.61363544700009,42.213906697000084],[44.614578718000075,42.21496891400011],[44.61464874799998,42.21504774200008],[44.615235465000126,42.216440184000135],[44.61531126200009,42.217957287],[44.61504738300005,42.21941006000003],[44.614440650000176,42.221304082000074],[44.61426443800019,42.22231475000001],[44.61417288300015,42.22338886699998],[44.613740779000125,42.22452506900004],[44.61296658800006,42.22597611800012],[44.612193565000155,42.227237545000094],[44.61201304300016,42.22894340100004],[44.613190459000066,42.23109623800008],[44.615130684000064,42.23369405400007],[44.61580414000019,42.23483397400008],[44.616138964000186,42.23571992],[44.61621671500012,42.2369210280001],[44.61610366400009,42.237724690000164],[44.61603895400009,42.23818446900009],[44.61603604000004,42.23866521700012],[44.61603052400011,42.239574880000134],[44.61622439400014,42.24003828900004],[44.61653361000015,42.24077741100007],[44.617887994000114,42.24185637300019],[44.61864319900019,42.243565347000185],[44.61863482600012,42.244955756000024],[44.61828506100005,42.24653464900018],[44.61615897900015,42.25377497300008],[44.616927512000075,42.259132979000185],[44.617045997,42.25995897200005],[44.61516799300006,42.26475997400013],[44.615326535,42.26503827000005],[44.61533389300013,42.26505115500015],[44.615334216000065,42.26505172000009],[44.61534109700017,42.265063768],[44.615352913000095,42.26508451300003],[44.61791198200018,42.26957596700004],[44.61788299700015,42.274382978000176],[44.61415498700006,42.27917698000016],[44.60949401000016,42.285341980000055],[44.60926511800005,42.286965068000086],[44.60852600300012,42.2922059600001],[44.60389299000019,42.293563978],[44.59832099400012,42.296977978000086],[44.59644500700006,42.301091984000095],[44.59733999900004,42.30590197100008],[44.59652595900019,42.30827037200004],[44.59651847400005,42.30829218400004],[44.596508712000116,42.308320560000084],[44.59590474900011,42.310077745000115],[44.5959000470001,42.31009135700015],[44.59589598000019,42.31010315600014],[44.59588849300002,42.31012496700009],[44.59545401000008,42.31138897900007],[44.58800800200004,42.31822997500012],[44.58149900100011,42.323012980000044],[44.57869499200001,42.32712297500018],[44.57801618399998,42.32808166300009],[44.57828530200004,42.32892734900008],[44.57860012900011,42.32991664800011],[44.57898605300005,42.331027054000174],[44.57943590900015,42.33232137300007],[44.58053143000012,42.33409500500011],[44.581373165,42.33561492700005],[44.58186349900012,42.33612954400013],[44.581951102000176,42.33622148500018],[44.58221916600013,42.33650282000008],[44.583578752000165,42.33701337200006],[44.58482544300006,42.337370928000155],[44.5851398530001,42.33746108600013],[44.58536430100003,42.33752544600014],[44.586141960000134,42.33794182300005],[44.58714694800017,42.33847990400005],[44.58808266900007,42.33884246800005],[44.588184246000026,42.33888182600009],[44.588248334000184,42.33890665700011],[44.58978114100006,42.33950056700007],[44.59138866500007,42.34121274000006],[44.591806456000086,42.34247823900006],[44.59201828700009,42.343251168000165],[44.592222587000094,42.34399656400018],[44.592725586000086,42.34526236400012],[44.59331708200017,42.34602286800015],[44.5950960720001,42.34760919300004],[44.59695629300012,42.34982777900012],[44.59810978900015,42.350883655000075],[44.598410223000144,42.35115869200018],[44.598481051000135,42.35122353400004],[44.59848107800008,42.351223551000146],[44.59966952600013,42.35192291599998],[44.601111575000175,42.352939150000054],[44.602639335000106,42.35389247700016],[44.60356840200018,42.355197618000034],[44.60390050500018,42.35658920600008],[44.604151,42.357411661000185],[44.604827936000106,42.358172432000174],[44.605556575000094,42.35865372400019],[44.6062706460001,42.35912538700006],[44.606988718000025,42.359722669000064],[44.60703359900009,42.359760001000154],[44.6070336250001,42.35976002400008],[44.60805033000008,42.3607115100001],[44.60857956799998,42.361324291000074],[44.608981022000194,42.36178910900003],[44.60931327600014,42.363180649000014],[44.60887387100013,42.36532799300005],[44.60818345600012,42.36671604300017],[44.607670509,42.36773400300018],[44.607579396,42.36791479900006],[44.607057015000066,42.36968261700014],[44.60653854900016,42.370818475000135],[44.606191711000065,42.371765273000165],[44.60618547600018,42.37276297600016],[44.6061846020001,42.37290288400004],[44.606179865000115,42.37366127000007],[44.60589580100009,42.37386995500003],[44.60532357500017,42.37429032900019],[44.6048804670001,42.374630625000066],[44.60438142100003,42.37501387600008],[44.60349661900017,42.37544936500012],[44.603496587000166,42.375449381000124],[44.60244901500016,42.375964977000194],[44.5978100100001,42.377321958000095],[44.59546843300012,42.37756165600001],[44.59132203000013,42.37798599200016],[44.58296798200007,42.38070297500013],[44.57919183500019,42.38168668300017],[44.57586433400013,42.382116807000045],[44.573130536000065,42.38299145900015],[44.57057312300009,42.38298191200016],[44.5679309300001,42.38290879900006],[44.565376625000056,42.382456729000126],[44.563902699000096,42.381679378],[44.559799001000044,42.38267595800005],[44.55514798700017,42.38540497300016],[44.544924004,42.39017195800017],[44.54408300300014,42.39047896300008],[44.539350981000155,42.39220996300014],[44.53538291000018,42.39428676100016],[44.535358096000095,42.3942997260001],[44.53534718900016,42.3943054450001],[44.535326253,42.394316436000054],[44.532840991000114,42.39561697700009],[44.532663402000026,42.39567443400017],[44.532651768000164,42.39567818600011],[44.53265164900006,42.39567822400011],[44.53265138400013,42.395678309],[44.53263552400006,42.39568342500007],[44.532607694000035,42.39569244500012],[44.53134665300007,42.39610038200004],[44.52940903300015,42.39652882400014],[44.529382304000194,42.39653473400011],[44.52826629000003,42.39754134600008],[44.52689825800019,42.39804130900012],[44.52535443100004,42.399235739],[44.52407063700008,42.399862416000076],[44.52293669900001,42.400032326000144],[44.52193642900005,42.40018220100018],[44.52079001900006,42.40055734400005],[44.51945736600004,42.400993419000145],[44.51800193700012,42.401265281000065],[44.51798698700014,42.40126809300017],[44.51798100600007,42.40126922000013],[44.51796876700001,42.40127152700006],[44.51795395100004,42.40127432100013],[44.51793931999998,42.40127708100016],[44.517505189000076,42.40135814100012],[44.516810123000084,42.40148792100001],[44.515099862000056,42.40211269900004],[44.513812488000156,42.40318162900019],[44.51356986700006,42.40347329000008],[44.512607429000184,42.40463012300012],[44.51208892700009,42.405512714000054],[44.51114401200016,42.406393516000094],[44.50986091200019,42.406893637],[44.50865864800005,42.40796290200012],[44.50771167,42.40909643700019],[44.506340254000065,42.409975334000194],[44.50478515300006,42.410607245000165],[44.503816261000054,42.411000931000046],[44.50185128500016,42.411434792000136],[44.49912118100002,42.41154929600003],[44.49878877300006,42.41157247200016],[44.49841631700019,42.4115984390001],[44.49838445300003,42.411600647000114],[44.4983541900001,42.41160276200003],[44.496561170000064,42.41172769600007],[44.49575937900005,42.41177656399998],[44.49365997100011,42.41190450400012],[44.49135116900004,42.41265271000003],[44.490325704000156,42.41290095400012],[44.48938857500019,42.412770383000066],[44.487852938,42.412826717000144],[44.487763359000155,42.41282631700011],[44.486488381000186,42.412820614000054],[44.48537707700007,42.41313164400003],[44.48417687000017,42.413884646000156],[44.48322988500007,42.414954791000184],[44.48253667100005,42.416278842],[44.4818980820001,42.416831208000076],[44.481591743000024,42.41709618500005],[44.481379466000135,42.41760903800014],[44.4810695540001,42.41835782800007],[44.480891653000015,42.419241833000115],[44.48037206800012,42.420187460000136],[44.47979440400013,42.42070771800019],[44.47925489000005,42.42119361400006],[44.477281513000094,42.42257502400014],[44.475564982000094,42.42383117500009],[44.47367782300017,42.425086549000184],[44.47298376700013,42.426473749000024],[44.472121190999985,42.42760737300006],[44.470237052000186,42.42848346900007],[44.470237025000074,42.428483488000154],[44.46851860700019,42.429929123000136],[44.46798389200006,42.43032032800011],[44.467402669000194,42.43074555499999],[44.46684640400008,42.430985956000086],[44.46652160200006,42.43112632500009],[44.46560992900004,42.43201510500006],[44.46481816400018,42.432095126000036],[44.46450824600009,42.43309833600006],[44.46426484900013,42.43513439400016],[44.46397376200008,42.43548870000012],[44.46392226300003,42.43555138500011],[44.46406700300008,42.43624975400007],[44.4636664680001,42.43683389600005],[44.462496952000095,42.43772545500019],[44.459864745,42.439946105000104],[44.45919523900005,42.441492194000034],[44.458534855000096,42.44197512700009],[44.45774597400015,42.44309533800015],[44.456792392000125,42.444275554000114],[44.45501672100016,42.4456645300001],[44.4542721360001,42.44639001700017],[44.45381805400001,42.44672202000004],[44.453805914999975,42.44811932100009],[44.45367573000016,42.44893891500004],[44.453833760000066,42.44963834800012],[44.45312824400014,42.450576688000126],[44.45208614400008,42.4524855140001],[44.45185595100014,42.45316620600016],[44.451286081000035,42.45485114300004],[44.450126359000194,42.45612140800006],[44.44945670400011,42.45763708500016],[44.44831530500011,42.45774511700017],[44.44648583900005,42.45814836200009],[44.444975240000076,42.458779439000125],[44.44468806000009,42.458899405000125],[44.4426987010001,42.45967519900017],[44.44004611000008,42.460718168000085],[44.43746703500011,42.46131073600009],[44.436423509000065,42.461318489000064],[44.434320803,42.46114075600002],[44.431923845000085,42.46081986300004],[44.42902488600015,42.460238853000135],[44.42779552100012,42.45965328200009],[44.427430764000064,42.459599947000186],[44.427011193000055,42.45984254100017],[44.42611692700012,42.460649273000115],[44.4249624040001,42.46139034600009],[44.423450987000194,42.461932969000145],[44.42271048200013,42.462319017000084],[44.422307912,42.46260026900012],[44.4217053160001,42.46307301200005],[44.42136196000007,42.46334235600011],[44.42078414500014,42.463764381000146],[44.41955098300008,42.46359072300015],[44.41930915000006,42.46340924500004],[44.418584853000084,42.462748863000115],[44.417838466000035,42.46259053400007],[44.41664083700016,42.46233979900006],[44.41638174400015,42.46214534900014],[44.41549653200008,42.46196054000018],[44.414679095000054,42.46196924700013],[44.41282817300004,42.46277103099999],[44.41181241700019,42.46352551500007],[44.411306098000125,42.46374184900003],[44.41057529900013,42.463776729000074],[44.409774988000095,42.4638112450001],[44.4093393820001,42.46389910500011],[44.40865772900008,42.464256141000135],[44.408259086000044,42.464112466000074],[44.407496228000184,42.46386383500004],[44.40549739400018,42.463737624000146],[44.40410932800006,42.463395622000064],[44.40348343600016,42.46337948800016],[44.40191742100018,42.4634614310001],[44.400909748,42.46335318600012],[44.40012965800014,42.46309158300005],[44.3992658140001,42.462494696000135],[44.39867983099998,42.4619379400001],[44.39788681800019,42.46121267500001],[44.39692064600018,42.46040922300017],[44.39650923800008,42.45978898300018],[44.39633965000007,42.45933743500012],[44.39585562800016,42.45900364700003],[44.3952858880001,42.45861077800015],[44.39492488100018,42.458683081000174],[44.39199092700005,42.459263250000106],[44.391037229,42.45952426700012],[44.39053894500017,42.45966062400015],[44.386113256000044,42.46140027000018],[44.383459158000164,42.46295867800018],[44.37980228000009,42.46827646800017],[44.37817729500006,42.46986413600007],[44.37525583800016,42.47166383400014],[44.374584539000125,42.47189383000017],[44.37290687200016,42.472289703000115],[44.37036714400017,42.471989842000085],[44.36438995300006,42.47105140000008],[44.359572226000125,42.47004762400019],[44.35712899200013,42.46977183000007],[44.35595370600004,42.4698321460001],[44.355035833000045,42.469879218000074],[44.354064692000065,42.47042180200003],[44.350156544000185,42.47485554500014],[44.34847172700012,42.47591826300015],[44.345525131000045,42.47759327099999],[44.34351303200009,42.47915441200013],[44.342048866000084,42.4806472030001],[44.33981689000018,42.484732752000184],[44.33894582600004,42.48796835000019],[44.33783818500012,42.48920102500017],[44.336768033000055,42.489933496000106],[44.33495378700002,42.490995263000116],[44.33417000500003,42.49203912700011],[44.3343910640001,42.492445494000094],[44.34078456100019,42.49681911700003],[44.3439521950001,42.498743558],[44.34570570100004,42.50042155200015],[44.34919661800018,42.50225232000008],[44.35221582300011,42.50300812800009],[44.354305679,42.503329677000124],[44.359197976000075,42.503571566000176],[44.36515442200016,42.50367622200014],[44.370948921000036,42.503874962000054],[44.376267055000085,42.50408819900019],[44.37630014100017,42.50423711000019],[44.377085261000104,42.50558423900014],[44.37786461400003,42.50752220300012],[44.37912689600017,42.50957017200017],[44.37941011300006,42.510613004000106],[44.37785507900003,42.51153388300003],[44.37670396699997,42.511981656000046],[44.37541420100001,42.51248337200019],[44.37441165400014,42.51287334900019],[44.372340371000064,42.513822403],[44.37179085100007,42.51407421100009],[44.37013538100007,42.51535182900011],[44.368333481000036,42.51677158300015],[44.366416854000136,42.51997778600014],[44.3642401570001,42.523459664000086],[44.36361724100004,42.52446575600004],[44.36206454000012,42.52510045100007],[44.35993965000017,42.52498139000005],[44.357720666000034,42.52461153400003],[44.35579274200006,42.524136103000046],[44.35400683600005,42.52394733000011],[44.35129887200003,42.52414646100016],[44.34921050000008,42.525171141000044],[44.34841163200002,42.52565593200012],[44.34745990000016,42.526233461000174],[44.34697078800019,42.5268025420001],[44.34676522300015,42.52798081300017],[44.34757508500019,42.52909345400013],[44.34891025100018,42.530816649000144],[44.348761587000126,42.53117319800009],[44.34748105400013,42.5334891330001],[44.34659293100009,42.53523542700003],[44.34604607600005,42.53669772500001],[44.34593932300004,42.53766212900007],[44.346645648000106,42.5394532630001],[44.34653032600016,42.54123966500015],[44.34515990200009,42.5428759780001],[44.344372388000124,42.544229634000146],[44.344692757000075,42.545947063000085],[44.344594760000064,42.54692065500018],[44.34458490400016,42.54701871700007],[44.33990373200004,42.54707384300002],[44.33926656500017,42.54713114000009],[44.33717987200009,42.54790542600017],[44.335680939000156,42.54852368100012],[44.33201911100008,42.549017387000106],[44.32986095600012,42.54975712600009],[44.32718902700009,42.55099245700006],[44.32562473000007,42.55161866200012],[44.322829353000145,42.55182457300003],[44.320746955000175,42.55216964100015],[44.31996578200011,42.552879838000194],[44.319512079000106,42.55459273800017],[44.319351223000126,42.555024869000135],[44.319312892000085,42.555127712],[44.31887703400008,42.555196582],[44.31773972900004,42.555153343000086],[44.31655434400011,42.5553972240001],[44.31446162300006,42.55667141700013],[44.313143085000036,42.55787870900019],[44.311873186000184,42.55905057100017],[44.31060369400012,42.56018666699998],[44.310064772000146,42.56082679300005],[44.30881714000009,42.56435766800007],[44.30821124000005,42.56667721700006],[44.30793516700004,42.56978504300014],[44.30713938600019,42.57178175300015],[44.307065696000166,42.57406875700019],[44.30702540600004,42.57770771800011],[44.307020586000135,42.578143025000145],[44.30682398600004,42.578427766000175],[44.30614693700005,42.57842366800003],[44.305678970000145,42.57835027400017],[44.30353998700019,42.578014708000126],[44.301993325000126,42.57793379100008],[44.30179630400005,42.57825427400019],[44.30173995500013,42.578968757999974],[44.30176279200015,42.582044027000165],[44.301651697000125,42.58254235500016],[44.30135477400012,42.58314815900019],[44.30028038700016,42.584070900000086],[44.29763994300015,42.58662811900018],[44.29476382000013,42.58861196500004],[44.29378277800015,42.58982110400012],[44.292418796000106,42.59067047900015],[44.29041786400006,42.592230765000124],[44.28900180400018,42.59340141500019],[44.28729293100008,42.59478474000014],[44.28515685100007,42.59545050500009],[44.279668233000166,42.59738188600011],[44.27786404,42.5986215050001],[44.27616015700016,42.59954000200014],[44.273634307000066,42.60041755800012],[44.2723219560001,42.600945337000155],[44.2717257810001,42.60148116800019],[44.27129522600006,42.60186810500011],[44.27045563500013,42.60289138800016],[44.27011709400011,42.60332600600003],[44.269575669000176,42.60376824500014],[44.26908143800006,42.604171878000045],[44.26894475600011,42.60428353200007],[44.26821617200005,42.60452905800008],[44.267448401000195,42.603988045],[44.26581611500012,42.60290533800003],[44.26404508200005,42.60128561000016],[44.259762478000084,42.599328018000165],[44.2553706650001,42.59844176900015],[44.2545088600001,42.59768558800016],[44.25297971400005,42.596103014000164],[44.252323050000086,42.59438315200015],[44.25191035800003,42.592486161000124],[44.251100484000176,42.59144436300005],[44.250235031000045,42.59100980800008],[44.24846029400004,42.59157553300008],[44.2475606430001,42.59217174800011],[44.245902548000174,42.593743817000075],[44.24448360000014,42.59461765500009],[44.24300181000012,42.597145489000184],[44.24156822599997,42.599673667000104],[44.24020006800015,42.60160324900005],[44.239618784000186,42.602570337000145],[44.23776591600017,42.604850367000154],[44.237386668000056,42.60536449700004],[44.23610840100008,42.605838008000035],[44.23549118100016,42.606066687000066],[44.23509031900005,42.60642716400014],[44.23426812000014,42.60716648300013],[44.23292269100011,42.606406908000054],[44.23215520600007,42.60586566100011],[44.23070644800015,42.60564151800014],[44.2297357920001,42.60588517200006],[44.228444772000046,42.60631470000004],[44.22759211100009,42.607085916000074],[44.22690510199999,42.60786761000014],[44.22610933699997,42.60961356400014],[44.225755127000184,42.6108620980001],[44.22627986100008,42.61147325400003],[44.22723382800001,42.61258765500014],[44.2277070400001,42.61344863300013],[44.228313994000075,42.6152398000001],[44.229304557000034,42.61731942800003],[44.230869197000175,42.61993905200006],[44.231180709,42.62215711099998],[44.231382838000115,42.626418664000084],[44.232160088000114,42.62714265800014],[44.23263668400011,42.627935868],[44.23263666500003,42.62793589400002],[44.23252792400018,42.628083057000026],[44.23220002700015,42.62874997600005],[44.231316018000086,42.629415957],[44.23040097500018,42.62969898299997],[44.229387997000174,42.62986296500003],[44.22843185200003,42.630164656000034],[44.22811401200005,42.63026495399998],[44.2272388720001,42.63047496300004],[44.22664298500007,42.63061795800007],[44.22566299400012,42.63085395000007],[44.22461797000011,42.630850979000115],[44.22357297200017,42.63089496300017],[44.22279002200008,42.630701977],[44.22128899900014,42.63043498900015],[44.22024398300016,42.63043197800016],[44.21929700700014,42.63059596000005],[44.217630975000134,42.630972961000055],[44.216814029000034,42.631279963000054],[44.21583401000004,42.63132495100007],[44.21492000500018,42.631274969000174],[44.21410397800008,42.63108097600019],[44.2127990140001,42.63076695200016],[44.21159101400019,42.63083496700017],[44.210252024000056,42.630830967],[44.20858697700004,42.63077895200007],[44.207282000000134,42.630607963000045],[44.20614001399997,42.630245955000134],[44.20506202200016,42.63040994700003],[44.20424500800004,42.63071798400017],[44.203100978000066,42.63128697600018],[44.201596001000155,42.63216494400018],[44.19983202100008,42.63254095800005],[44.19852498900008,42.63279996300008],[44.19627201000009,42.632816959000024],[44.194769989000065,42.63281194900014],[44.19323598400007,42.63254499200019],[44.191638017000116,42.631943951000096],[44.19017099000013,42.63139095800011],[44.18915997900007,42.63079195900019],[44.188215991000106,42.62997796700017],[44.18746699800005,42.62928395300008],[44.18738165100018,42.62914637300008],[44.186785002000136,42.62818497900014],[44.18636201700019,42.62746796600004],[44.18623501500019,42.62644195700017],[44.186107034000145,42.62543998400014],[44.186011023000106,42.624651987],[44.18599306300007,42.623826226000176],[44.18598298900008,42.62336398600013],[44.18569200500019,42.622289981000165],[44.185270014000025,42.6214539610001],[44.18471601100009,42.62097497400015],[44.18445597400017,42.6208069700001],[44.18367299700009,42.620494977000135],[44.18266096800011,42.620252985000036],[44.182405081000184,42.62013188000003],[44.18174800900016,42.61982095300016],[44.18112996900004,42.61934198600005],[44.18070528900006,42.6188520610001],[44.180446015000086,42.61855297600016],[44.179859983000085,42.61795495200005],[44.17907903400004,42.61726097000019],[44.178166021000095,42.61682895300004],[44.177779307000094,42.61664903800016],[44.17653701500012,42.616070960000116],[44.17599914600015,42.615639236000106],[44.17572599200008,42.615419966000104],[44.17455798499998,42.61445497900007],[44.17441115100013,42.61433306600003],[44.17316298500003,42.613296973],[44.17163799300016,42.612185965000094],[44.170697998000094,42.61126995700016],[44.17014198700019,42.61138899200017],[44.168935,42.61129095200005],[44.16802198,42.61116896400006],[44.16717399200019,42.61097498999999],[44.166819018000126,42.61054095000014],[44.166430976000186,42.609985947000155],[44.16610900600017,42.609431964000066],[44.165788994000025,42.608612959000084],[44.16533702900017,42.60805798300015],[44.16462398600004,42.60733494700003],[44.163227027,42.60648997599998],[44.162020010000106,42.6063429620001],[44.160746988000085,42.606340983],[44.15953801200004,42.60636296500007],[44.158424001000185,42.60691498200015],[44.15705099000019,42.607080993000125],[44.15600796700011,42.60690995200008],[44.15499796900019,42.60659595500016],[44.154120988000045,42.606015960000036],[44.15265697300015,42.6053639860001],[44.151289980000115,42.60490399100013],[44.15011800200011,42.60449297600013],[44.14894098900015,42.60465894800018],[44.14792197200012,42.605427974000065],[44.14775550000002,42.60555803800014],[44.14697001600007,42.606171960000154],[44.145852994,42.606940958000166],[44.14493699800005,42.60715597800004],[44.143630023000185,42.607321961000025],[44.14235402900016,42.60763297100016],[44.141505031000065,42.60765498000012],[44.14084801600012,42.608135953000044],[44.14019001000008,42.6087369600001],[44.13963098800019,42.60933798600007],[44.138970027000084,42.610226963],[44.138215983000066,42.61065896700006],[44.137006001000145,42.61094596300018],[44.136219010000104,42.61132997600009],[44.135596981000106,42.61149697600001],[44.13507299300005,42.61168898300019],[44.13372999200004,42.612263976000065],[44.132354002000056,42.612815964000106],[44.131733013000144,42.61295895100011],[44.13114601800015,42.612813968000125],[44.129089992,42.61268997400015],[44.12791499100007,42.61268796999997],[44.12660500600009,42.61311895100005],[44.125524983,42.61352596100011],[44.12365602199998,42.61443795100007],[44.12270502400003,42.61496596600017],[44.12132897600003,42.61558896500014],[44.120117013000026,42.6161169830001],[44.11857697800002,42.616739949000134],[44.11694098100014,42.617170967000106],[44.115668,42.61716794700004],[44.11420201800007,42.616780952000056],[44.11264003200017,42.616127980000044],[44.11166297900007,42.61581295700017],[44.11061699300018,42.61588296500008],[44.109733983000126,42.61604996000017],[44.10865499100004,42.61624095400015],[44.10741499700009,42.61623895400015],[44.10630697800019,42.61594794500013],[44.105558035000115,42.61565797300017],[44.105233977000125,42.6153919840001],[44.104814007000186,42.61483796500016],[44.10429498400015,42.614355981000074],[44.103713033000076,42.61367997100007],[44.10286901300003,42.613148969],[44.10235001800015,42.612666976000185],[44.100755990000096,42.61191795100012],[44.09919298200009,42.6114089670001],[44.097500023000066,42.61082896500011],[44.09616501800019,42.61036897100007],[44.094211024000174,42.609738950000065],[44.09333102200003,42.60952085300005],[44.09293998000015,42.60942396400009],[44.09206203000019,42.60906097300017],[44.09171626800014,42.60854563200007],[44.091641984000034,42.608434995000096],[44.091613007000035,42.607928965000156],[44.09129302000014,42.60713397800015],[44.091269020000084,42.60605095300019],[44.090852985000026,42.605062978000035],[44.09023302200018,42.60503797400014],[44.08889298800017,42.605227970000044],[44.087682992000055,42.605465950000166],[44.087487455000144,42.60546569900009],[44.08624602599997,42.605463954000186],[44.08487902000002,42.60497997800013],[44.0837719860001,42.60449698400009],[44.082276025000056,42.60384399100019],[44.081639392000056,42.60363950500016],[44.08107101200011,42.60345695100011],[44.079410975000144,42.60282795500012],[44.07771597600015,42.60246395900003],[44.07657399300007,42.602364974000125],[44.075364984000146,42.60250795800005],[44.07398275300005,42.60254763000012],[44.073801439000135,42.60252180500004],[44.07339599500017,42.60246395200011],[44.073305859000186,42.60246322300014],[44.07219899900008,42.60226095900009],[44.070504973000084,42.6018969540001],[44.06926701700013,42.601461973000085],[44.06780399500008,42.60076096900019],[44.06607797200019,42.600131963000194],[44.06434597200001,42.60041798800012],[44.06365703500012,42.600777987000185],[44.063233025000045,42.60077695300009],[44.06221603000017,42.601328962000025],[44.06120003200016,42.60178497099997],[44.059824982000066,42.602287960000126],[44.058709996000175,42.60291198900018],[44.057531992000065,42.60314995900012],[44.05678101900003,42.60314895700003],[44.055345025,42.60317098600018],[44.05374502400008,42.60319195900007],[44.05253602000005,42.603285981],[44.050707991000024,42.60325896100011],[44.04943602300017,42.603087980000055],[44.047969016000025,42.602820984000175],[44.04682169600011,42.60281891900007],[44.04630301200018,42.60281798000011],[44.04450897400005,42.602597973000115],[44.043435023000086,42.602162956000086],[44.04272001700008,42.60182395600009],[44.04177900900004,42.601027963000035],[44.04148075100005,42.6006721330001],[44.04097097200008,42.60006395000016],[44.04029301700018,42.59914798600005],[44.039511017000166,42.59883294499997],[44.038988006000125,42.598976972000116],[44.038268011000184,42.59921597300007],[44.03732001800017,42.599358945000176],[44.03549100100008,42.59940394400007],[44.03363201600018,42.59913598600008],[44.032559020000065,42.598923674000105],[44.0320350130001,42.598819961000174],[44.030501972000025,42.59862499400009],[44.02893799800012,42.59821298000014],[44.02769901300019,42.59794594700014],[44.02597101000009,42.59770198600012],[44.023883003000094,42.59748194800005],[44.02264399300009,42.59721495000014],[44.02196601300011,42.59634696700016],[44.0215384550001,42.595499535000044],[44.02151599299998,42.595454945000085],[44.02099899400014,42.594707971000105],[44.019892976999984,42.59417596300011],[44.01927598700013,42.593837971000085],[44.01801386200003,42.593636195000045],[44.01790602000017,42.59361897100007],[44.01650502899997,42.59330395900008],[44.01543001800013,42.5930129840001],[44.01412801600003,42.59250499300009],[44.012762022000175,42.59185198500006],[44.01266116700009,42.591805502],[44.011558010000044,42.59129694400002],[44.010454014000175,42.59059596200012],[44.0095469900001,42.58967995200004],[44.00867201500006,42.588811988000145],[44.00805702500003,42.5881359710001],[44.00757301400017,42.58748598600005],[44.00695998499998,42.58654598000004],[44.006345004000025,42.58591795400014],[44.00536700499998,42.58567595200003],[44.004454978000126,42.58538597400019],[44.00432801200009,42.584951970000134],[44.004175025000166,42.58367598400008],[44.00382401800016,42.582663986],[44.003340973000036,42.58184396500013],[44.00230500200007,42.580782955000075],[44.00162697300016,42.579770984000106],[44.001111008,42.57902397200013],[44.00085497300006,42.57827697400012],[44.000766024000086,42.577192955000044],[44.000349010000036,42.576252955000086],[43.99964699300011,42.57607198400012],[43.998468027000115,42.57581299300011],[43.99758199700017,42.575477979000084],[43.99603997600019,42.57485596600003],[43.99486202700018,42.57464598300015],[43.994301023000105,42.574210951000055],[43.993904990000146,42.573848959000145],[43.99324100200005,42.57297696400019],[43.99264302900008,42.57215296000004],[43.992491815000164,42.57202847800005],[43.991851010000175,42.57150096400011],[43.99092600200004,42.57067997100012],[43.99062597500017,42.57014698600017],[43.99068601200008,42.56975594900007],[43.99113500200008,42.569119962000116],[43.99171499300019,42.56853096500009],[43.99206700700017,42.56791996700019],[43.99189697600008,42.56740996700012],[43.991013008000095,42.56717195600004],[43.98866297000018,42.567310952000184],[43.987552028000096,42.56719798100016],[43.9864999940001,42.566644963000044],[43.98570201100006,42.56548198100006],[43.98493601400003,42.56434296200007],[43.98414399300009,42.56364196600015],[43.98276599400003,42.56309196800015],[43.981035007000116,42.56310495400015],[43.98008400200018,42.56272194700017],[43.97935998300005,42.56233798300019],[43.97830998300003,42.56193098000017],[43.97673699400019,42.561431988000095],[43.97587601100008,42.56046397700004],[43.97514901500017,42.55981096000011],[43.9748790160001,42.55910695900019],[43.97490197400003,42.558351950000144],[43.97456502900013,42.55747795200017],[43.97403403300012,42.55682398000005],[43.973505994,42.55641395100014],[43.97404699900011,42.55528899100011],[43.974465003000034,42.554774952000116],[43.974553002000164,42.55394595700005],[43.97454500100008,42.553288967000185],[43.97433901,42.55253497000007],[43.97371297400008,42.552052964000154],[43.97227101600015,42.55162496800011],[43.971027996000146,42.551462967000134],[43.969980003000046,42.55125195900007],[43.96870100000018,42.55079796000007],[43.96758501500011,42.550319975000036],[43.966756008000175,42.549302967000074],[43.96615697700008,42.54842995700017],[43.96549099400016,42.547411978000014],[43.964018997000096,42.547178985000016],[43.96353602600004,42.54769397400008],[43.962206987000116,42.54845895400018],[43.96181207400002,42.54884392600002],[43.9611750040001,42.54946494700016],[43.95965898400004,42.55098598400019],[43.95875996500018,42.55216197300001],[43.95745098600014,42.55197594600003],[43.955350980000105,42.551138969000135],[43.95431599000011,42.55195098000007],[43.9541260150001,42.55238998300007],[43.95413601200016,42.55316996500011],[43.95361798200008,42.55356297100013],[43.95270099900017,42.55330198400014],[43.95217299899997,42.55286695600017],[43.95131397200004,42.55206997500005],[43.95019702400003,42.55151796600012],[43.948783976000186,42.55082197600012],[43.94763601200003,42.550367954000194],[43.94636102100014,42.55027995900008],[43.945450994000055,42.55062695000015],[43.94467697000016,42.551362972000106],[43.944169013000135,42.55253596300008],[43.94388498900008,42.55329297300017],[43.944577999000046,42.55389697400017],[43.94526599000005,42.55406198900005],[43.94621898400004,42.55456697000017],[43.947266981000155,42.55482696100012],[43.94805800000012,42.55535695900005],[43.948487029000034,42.555718963000174],[43.948690015000125,42.55635095100007],[43.94840197800016,42.556815972000095],[43.94801899500004,42.55747599300008],[43.94777002800009,42.558427991000144],[43.946770028000174,42.559409966000146],[43.94596002700018,42.55995096100003],[43.94434098000005,42.56100997900006],[43.94314000300011,42.56155496200017],[43.942064020000146,42.56168398900007],[43.940594024,42.56167094600016],[43.9396459780001,42.561531955000135],[43.93794698200003,42.56147096500001],[43.93693697500004,42.561623971000074],[43.93583098800008,42.56199797500011],[43.93488897700007,42.562320989],[43.93420401700007,42.562374958000134],[43.93299898200007,42.56267596800018],[43.931635985000185,42.56329496700016],[43.930726005000054,42.56369096700007],[43.92952397500005,42.56413799500007],[43.928024985000036,42.56441697800017],[43.9262689840001,42.56496595500005],[43.925001988000076,42.56548599200016],[43.92441198700004,42.56527197400004],[43.92281497300007,42.565477969000085],[43.9216730010001,42.56558398500016],[43.92027401000007,42.565983989000074],[43.9194639750001,42.56647697500017],[43.91868799800011,42.56704295300011],[43.917809979000026,42.56738998100002],[43.917358013000126,42.56780699500007],[43.916319018000195,42.568277983000144],[43.9147560290001,42.56855695200005],[43.91328600700018,42.568518974000085],[43.913129994000144,42.56910497600012],[43.91294200600004,42.569714990000136],[43.91259702600007,42.57088596],[43.911966027000176,42.57257095600016],[43.91155198000013,42.573426971],[43.910882985000114,42.57474696100019],[43.91053301,42.575479978000146],[43.9096859980001,42.57565698600007],[43.908610008000096,42.575785968000105],[43.90700698100005,42.57555396700013],[43.90534302600014,42.5755909880001],[43.903292030000046,42.57609297900018],[43.902899996000144,42.57607099000006],[43.901147991000016,42.57700996500017],[43.89945898500008,42.577654946000166],[43.89867801200006,42.57790495700016],[43.89750700900004,42.57820497300014],[43.896003978000124,42.578191986000036],[43.895019022000156,42.57776098300013],[43.894488019,42.57708296100003],[43.893112018000124,42.57667896600009],[43.89230097200016,42.57709898400003],[43.89168402700017,42.577346976000115],[43.890381976000185,42.57772098400011],[43.88946901300005,42.577825969],[43.887704983000106,42.577740954000035],[43.8867889820001,42.57762597200008],[43.8857740200001,42.577364984000155],[43.884864989000164,42.577785977000076],[43.883761992000075,42.57837897200005],[43.88321300500007,42.57884497600003],[43.88319998500003,42.58040398900016],[43.88281902300014,42.581234960000074],[43.882370990000084,42.581992959],[43.88164998200011,42.581754975000024],[43.880730991000064,42.58137195300014],[43.87909297500005,42.580920968000044],[43.87712301600004,42.58010796800011],[43.87610997900015,42.58001797500003],[43.87536198100008,42.58029098000014],[43.87478400500004,42.58104997000004],[43.87446799600008,42.581904965000035],[43.87422099000008,42.58297798700016],[43.87403097300006,42.58349096900014],[43.8738779840001,42.584295962000056],[43.873820015000035,42.5848319910001],[43.873238975000106,42.585371972000075],[43.87246397000018,42.58610798400008],[43.87162298000004,42.58674797200007],[43.870329,42.58770696800019],[43.86968101100007,42.588100965000194],[43.86929300200018,42.58837198700007],[43.868908030000114,42.58888596300011],[43.86780598300015,42.58955198299998],[43.86712403200016,42.58989799000011],[43.86627697200004,42.590049955000154],[43.86530199300012,42.590349960000026],[43.864260989000115,42.59069797700016],[43.86295597600008,42.590804986000194],[43.86204702100008,42.59122597800001],[43.86087598000012,42.59157496900002],[43.86003001100016,42.59175197900015],[43.85921699200014,42.59204998600018],[43.856997988000046,42.59211495200003],[43.85595196999998,42.592049983000095],[43.85507299800008,42.592250987],[43.85402899800005,42.592331955000134],[43.85321899700011,42.592848965000144],[43.852475016000085,42.59334096500015],[43.85097798200019,42.593741973000135],[43.849122028000124,42.59416997500017],[43.848407003000034,42.59446695300005],[43.84762897200005,42.59493498400013],[43.8466579950001,42.59555096500003],[43.84539102100007,42.59609596300004],[43.84512899000015,42.596024968999984],[43.843991006000124,42.5963989760001],[43.84370401100011,42.59698594400004],[43.84276098800012,42.59725996200012],[43.84198201300006,42.597606955000174],[43.84088298500012,42.59853998500006],[43.83984303700004,42.59893795000005],[43.837945992000186,42.598658958000044],[43.836573985000086,42.59862098800011],[43.836279021,42.59852496399998],[43.83558798000013,42.59806797900012],[43.83493297400008,42.597950957000194],[43.834401968000066,42.59722398399998],[43.833412978000126,42.596499956000116],[43.832751988000155,42.59587197400003],[43.83199200100006,42.59517098000015],[43.831201027000134,42.59459299500003],[43.82956201900009,42.59401998800013],[43.82861001700019,42.59363697700013],[43.827398002000166,42.59335396000006],[43.82690801900003,42.59330895900018],[43.82609299900008,42.59341196500014],[43.82518102800003,42.59358898600016],[43.823420980000094,42.5938209630001],[43.8222470180001,42.59395195400015],[43.820449979000045,42.59389195000017],[43.81884802700017,42.59370897700006],[43.81767102500015,42.59361997300016],[43.81692397700016,42.59386896500013],[43.81598299800015,42.59436297000008],[43.81481801500013,42.59519897700005],[43.81356402900013,42.5967669690001],[43.81295499200007,42.59767296900009],[43.81224497900007,42.59831094800006],[43.811569001000066,42.599119976],[43.81082297500018,42.59948997200007],[43.809977033000166,42.59969097300012],[43.808637995000026,42.59970096500007],[43.8078820020001,42.59931698300005],[43.80680000400014,42.598910960000126],[43.805982021000034,42.59877095700017],[43.80513502700012,42.59894696499998],[43.80431996800007,42.59907498500013],[43.803211981000175,42.599228983000046],[43.801908031000096,42.599408972000106],[43.80102698500019,42.5994399650001],[43.80030499100013,42.599128964000045],[43.799125991000096,42.59884495800003],[43.79765000800012,42.59831998800007],[43.79584698500008,42.597748965000164],[43.79433998700006,42.597393965000094],[43.79300303000019,42.59752595700019],[43.79143599500014,42.59751294800009],[43.79019397400015,42.59742495800009],[43.78953198100015,42.596747952000044],[43.7892329770001,42.59633598500017],[43.78899399900007,42.59550895500013],[43.788984999000036,42.59480295900016],[43.788578009000105,42.5935639490001],[43.788144985000145,42.592860988000155],[43.78757698400017,42.59189097800015],[43.787110030000065,42.591065989000015],[43.78661897600011,42.59099698400007],[43.785668998000176,42.5907359790001],[43.78452302900013,42.590475948000176],[43.7829519820001,42.59017095600012],[43.78200203200004,42.58990996500012],[43.78062798200017,42.58970096300004],[43.779121001000135,42.589321989000155],[43.77748601700017,42.589138986000194],[43.77585201699998,42.588980961000175],[43.77411901800002,42.588846979000095],[43.772518978000164,42.58880994400016],[43.771347012000035,42.589086955000084],[43.77030698300001,42.58948397300003],[43.76891100299997,42.590078972000185],[43.76764501800011,42.590671975000134],[43.766932998000186,42.591237968000144],[43.76654901900014,42.59182495900012],[43.765811025000176,42.59282896500008],[43.76506898200017,42.59361395200011],[43.76448901900005,42.594201975000146],[43.76371300700015,42.594816968000146],[43.76306300400012,42.5950409890001],[43.76215498700003,42.595509961],[43.761146024000084,42.59576098100018],[43.759912010000164,42.59635496400006],[43.759103019000065,42.59689599200004],[43.75822600400011,42.59726796400008],[43.757742968000116,42.597806977000175],[43.75696499000003,42.59822697700014],[43.75589499600011,42.59886799400016],[43.75515103100014,42.599408980000135],[43.754049974000054,42.60009899200003],[43.75324302000007,42.600859961000026],[43.75370099700007,42.60097895400003],[43.754167026000175,42.60163296200011],[43.754730971000185,42.60233495200009],[43.75559797400007,42.603765987000145],[43.75560401600006,42.604276982000044],[43.75509197600013,42.605083988],[43.75458002400006,42.60589198300016],[43.754296009000086,42.60669795200016],[43.75462997699998,42.607303963000106],[43.75516097900004,42.60800698700018],[43.756118974000174,42.6088519810001],[43.756487006999976,42.60960397499997],[43.756496969000125,42.610334972000146],[43.75660498400009,42.6111379510001],[43.75655201800015,42.61216098900019],[43.756558972000164,42.61269698300009],[43.75650298400018,42.613451984000164],[43.75622302099998,42.614500969000176],[43.756425998,42.61505998400014],[43.756171022000046,42.61562195200008],[43.75604797600016,42.616207955000164],[43.755726998000114,42.61659999200003],[43.755177020000076,42.61706599500013],[43.753941971000074,42.61748897500013],[43.7529659760001,42.61776396400006],[43.751955019000036,42.617868990000034],[43.75090998000013,42.61785197100011],[43.75022397900011,42.61787096500012],[43.74885301000012,42.61789697500012],[43.746993004000046,42.61804297600003],[43.7459490330001,42.618236968000076],[43.745036004000156,42.61840698900005],[43.744482012000105,42.61852798700011],[43.743837982000116,42.619636979],[43.743026020000116,42.62023995100003],[43.741597008000156,42.6212289610001],[43.74068998700017,42.622289973000136],[43.739617005000014,42.62289297700016],[43.738675009000076,42.62349696400008],[43.7373110260001,42.62443796100007],[43.736564978,42.625112982000076],[43.735785991000114,42.625835994],[43.734843007999984,42.62627094900006],[43.733670009000036,42.62660996800008],[43.7329870100001,42.626923956000155],[43.73233801600003,42.627550988000166],[43.73155900900014,42.628177972000174],[43.73061602100012,42.628684981000106],[43.72908501900008,42.62916799000004],[43.72810800000019,42.629409975000044],[43.72654197700018,42.62962897000017],[43.72497499900004,42.62970298900012],[43.72347399100016,42.629824956],[43.72259402200012,42.630018986000096],[43.72155101900006,42.63018795500011],[43.719855004000124,42.63043098300017],[43.71881099900003,42.630552952000016],[43.717800985999986,42.63081897400019],[43.71676102000009,42.63147098800016],[43.71604901799998,42.632313982000085],[43.715725017000125,42.632723972000065],[43.71572997300018,42.633422987000074],[43.71593300799998,42.634337969000114],[43.71607103000002,42.63530098600012],[43.71591197400005,42.63587996600006],[43.716372982000166,42.6364329810001],[43.716996016,42.63679396600003],[43.718205985000054,42.636984965000124],[43.71886099000017,42.63734598300016],[43.71942100600012,42.63794696700012],[43.720112977999975,42.638837957000135],[43.72106598400018,42.639654952000114],[43.72218000100003,42.64018398400003],[43.72296602400013,42.640543963000084],[43.72378497700015,42.640832980000084],[43.72470398700017,42.641457974000105],[43.72532698800012,42.641914957000154],[43.726046006000104,42.64196195000005],[43.727059027000166,42.642129953],[43.72800898100007,42.642513962000066],[43.72859898400009,42.642849978000186],[43.7294490000001,42.64299395100011],[43.73007000100006,42.643065993],[43.73082498000008,42.64357096700007],[43.731807000000174,42.64397898500005],[43.73278800800017,42.64412195200009],[43.73347501800015,42.644241984000075],[43.734097987999974,42.64467496399999],[43.734558972000116,42.645131952000156],[43.734922984000036,42.6459019780001],[43.73532200200003,42.64676897300018],[43.735686022000095,42.64739495400016],[43.73673498500011,42.648043979000136],[43.737719,42.648596956000176],[43.73902998700015,42.64926996600008],[43.740012017000026,42.649605960000144],[43.74046797200003,42.64950898700005],[43.74128202600002,42.64921895500004],[43.74225997200011,42.64895295900004],[43.742847009000116,42.64890397500005],[43.74418701600007,42.649022958000046],[43.74520102000014,42.649310989000185],[43.74670696700008,42.64981498700013],[43.74785297800014,42.65034398400013],[43.749161973000184,42.650654971000165],[43.750141015,42.65067795100009],[43.75081200600005,42.650920989000156],[43.751943974000085,42.65106296200008],[43.75233199200005,42.65120596300011],[43.753560990000096,42.65144398500007],[43.75469301900006,42.65170597399998],[43.755405009000185,42.65194398300008],[43.75601902699998,42.65230195600009],[43.75666603200017,42.65261197000018],[43.75783001000019,42.65323197200013],[43.75905803100011,42.653828972000156],[43.759543020000194,42.654210969000076],[43.76009198200012,42.65475998699998],[43.760414027000195,42.65557297300012],[43.761092018000056,42.65643294500006],[43.76154400600018,42.657172994000064],[43.762189987000056,42.658248969],[43.762836026000116,42.659036947],[43.763319986000056,42.65982497200014],[43.7643209740001,42.66087595000005],[43.764739972000086,42.66166497900002],[43.76503099100012,42.662166974000115],[43.76580598400005,42.663002974000165],[43.76638702400015,42.66398195700009],[43.76725900800017,42.66510495800003],[43.767937019000044,42.666084977000025],[43.768267008000066,42.66689298200015],[43.76898202299998,42.66806498300008],[43.769338987000026,42.66854295500019],[43.77002200600015,42.66945196200015],[43.77060600100009,42.67059998600013],[43.771091000000126,42.67177198100018],[43.77170803100012,42.672799951000115],[43.77245697900008,42.673565968],[43.77343301400015,42.67449898600012],[43.77434400700008,42.67531197800008],[43.77548501100017,42.67591097600007],[43.776299983000115,42.67624595300015],[43.77799600500009,42.67689295500003],[43.77916898899997,42.677466953000135],[43.77968997800019,42.67816097000008],[43.77994900600015,42.67871099000013],[43.78007696600008,42.67940397000007],[43.780205003000106,42.680192948000126],[43.78046298400005,42.68107795700013],[43.780591028000174,42.681866979000176],[43.78114401000005,42.682512971000165],[43.781795017000036,42.68315896700017],[43.782576011000174,42.683780991000106]]]}}]}
