{"type":"FeatureCollection","features":[{"type":"Feature","properties":{"place":"tigri","region":"area/tigri","donors":"GY SR","rank":3,"whose_line":"OSM mappers: the New River Triangle between both parties' lines (Courantyne and New River)","publisher":"OpenStreetMap contributors","source_url":"https://www.openstreetmap.org/relation/12934144","version_or_date":"snapshot 2026-10-04T06:57:51Z (Overpass attic query); relation 12934144 v4","feature_id":"relation 12934144","licence":"ODbL 1.0","notes":"Held by Guyana, claimed by Suriname. Natural Earth B15 is the same area (14,319 km²).","input_sha256":"7f7544b823127e19cf6ff6cdf7883afab17dd2502ddefc3cba79c162c78d9883","operation":"assembled from the OSM element's member ways (outer minus inner)","crs":"WGS84 longitude/latitude, as in the source (no reprojection)","source_features":[{"id":"relation 12934144 v4","osm":"relation/12934144","version":4,"timestamp":"2023-12-12T02:35:37Z","name":"Tigri Area","boundary":"disputed","place":"region","claimed_by":"GY;SR","controlled_by":"GY","disputed_by":"SR"}]},"geometry":{"type":"Polygon","coordinates":[[[-56.8734549,2.2900531],[-56.8717598,2.2894528],[-56.8694723,2.2902324],[-56.8687534,2.2902324],[-56.8681549,2.2897959],[-56.867981,2.2894391],[-56.8680668,2.2890639],[-56.8687213,2.2884314],[-56.8687427,2.2876488],[-56.868217,2.2874773],[-56.8676399,2.2875661],[-56.8667364,2.2882921],[-56.8664575,2.2890961],[-56.8660413,2.2895707],[-56.8643677,2.2913396],[-56.8625951,2.2923979],[-56.8620265,2.2923443],[-56.8615544,2.2921835],[-56.8609965,2.2915189],[-56.8609965,2.2904254],[-56.8614708,2.2890777],[-56.8619084,2.2870914],[-56.8618548,2.285612],[-56.8605847,2.2856434],[-56.859395,2.2852318],[-56.8579173,2.2852261],[-56.8558145,2.2862016],[-56.8537783,2.286226],[-56.8528426,2.2870378],[-56.852113,2.2873487],[-56.8506669,2.2872337],[-56.8493021,2.2860944],[-56.8484867,2.2857942],[-56.847918,2.2863088],[-56.8472743,2.2862123],[-56.8467808,2.2856763],[-56.8463539,2.283964],[-56.8441223,2.2796759],[-56.8381142,2.2786468],[-56.8357109,2.2774461],[-56.8337905,2.2756343],[-56.8297028,2.2755593],[-56.8274712,2.2743586],[-56.8269562,2.2710996],[-56.8265784,2.2695529],[-56.825894,2.2679692],[-56.8250572,2.2673689],[-56.8238425,2.2676875],[-56.8229413,2.2683093],[-56.8213772,2.2697489],[-56.8208492,2.270968],[-56.8199587,2.2717077],[-56.8195295,2.2712681],[-56.8188881,2.2704135],[-56.8165492,2.2686018],[-56.8125366,2.2674975],[-56.8111634,2.2657823],[-56.8049835,2.2613226],[-56.8041145,2.2610224],[-56.8046916,2.2595185],[-56.8048096,2.2583071],[-56.8049061,2.2574602],[-56.8058181,2.2560773],[-56.8059683,2.2556163],[-56.8057001,2.2549302],[-56.8057024,2.2543328],[-56.8056771,2.2503955],[-56.8056702,2.2493156],[-56.8060005,2.248069],[-56.8069232,2.2471149],[-56.8071723,2.246303],[-56.807127,2.2454103],[-56.8074918,2.2444669],[-56.8087708,2.243162],[-56.809895,2.2421191],[-56.8102491,2.2418403],[-56.8104744,2.2413043],[-56.8102813,2.2406075],[-56.809777,2.240318],[-56.8094659,2.2399428],[-56.8100774,2.2394496],[-56.8099832,2.2388094],[-56.8100989,2.2384312],[-56.8109357,2.2384097],[-56.8117642,2.2380053],[-56.8113971,2.237209],[-56.8105388,2.2370161],[-56.8095303,2.2374234],[-56.8086076,2.2363085],[-56.809144,2.2351078],[-56.8094444,2.2336283],[-56.8103028,2.2333496],[-56.8105173,2.232835],[-56.8102813,2.2320202],[-56.8096376,2.2316128],[-56.8095433,2.2308011],[-56.8100345,2.2299725],[-56.8105817,2.2289862],[-56.8106353,2.2280214],[-56.810807,2.2270887],[-56.8105817,2.2264776],[-56.810233,2.2263168],[-56.8099939,2.2265771],[-56.8097341,2.2265205],[-56.8095625,2.2263597],[-56.8094659,2.2258879],[-56.8091333,2.22577],[-56.8089187,2.2260488],[-56.808393,2.2259952],[-56.8082783,2.2252994],[-56.8079486,2.2225711],[-56.807918,2.2211432],[-56.8086505,2.2198415],[-56.8105626,2.2192334],[-56.8128162,2.2201837],[-56.8130923,2.2189624],[-56.8131566,2.2173328],[-56.8123198,2.2161964],[-56.8111707,2.2158838],[-56.8116009,2.2154352],[-56.8123006,2.2154816],[-56.813103,2.2152529],[-56.8137896,2.2146955],[-56.8139771,2.2138927],[-56.8141449,2.2127103],[-56.8145425,2.2122419],[-56.8150771,2.2121332],[-56.8155491,2.2120153],[-56.8151134,2.210793],[-56.8147445,2.2106323],[-56.8138173,2.2107904],[-56.8121159,2.2114256],[-56.8101933,2.2126757],[-56.8098521,2.2134304],[-56.8088549,2.2139222],[-56.8085432,2.2133768],[-56.8084074,2.2126567],[-56.8081487,2.2118067],[-56.8070734,2.2117151],[-56.8061383,2.2116346],[-56.8063009,2.2107609],[-56.8067086,2.2101927],[-56.806376,2.2096995],[-56.8059039,2.2090349],[-56.8059254,2.2085095],[-56.8054104,2.2083702],[-56.8050886,2.2090027],[-56.8044984,2.2092171],[-56.8036295,2.2086596],[-56.8030286,2.2089491],[-56.8025136,2.2084023],[-56.8018645,2.208011],[-56.8016714,2.2079413],[-56.8012208,2.2077644],[-56.8013924,2.2074696],[-56.8017948,2.2072069],[-56.8016982,2.2067835],[-56.8013173,2.2067942],[-56.8010598,2.2068424],[-56.8000352,2.206687],[-56.7999494,2.2060116],[-56.7999494,2.2055613],[-56.7997778,2.2050252],[-56.7994559,2.204575],[-56.7993057,2.2041354],[-56.7992628,2.20346],[-56.7997563,2.202345],[-56.7996812,2.2015946],[-56.7994344,2.2006297],[-56.8004859,2.1990215],[-56.8008828,2.1975635],[-56.8000031,2.1963413],[-56.8000245,2.195355],[-56.8002606,2.1940256],[-56.8004108,2.1922459],[-56.8000889,2.1917742],[-56.7992735,2.1914525],[-56.7985225,2.1911524],[-56.7981148,2.1905949],[-56.7980075,2.1898015],[-56.7975354,2.1889653],[-56.7968273,2.1888581],[-56.795733,2.1893298],[-56.7946172,2.1900159],[-56.7932224,2.1903804],[-56.7920637,2.1902089],[-56.7913342,2.1897801],[-56.7908836,2.1891368],[-56.790905,2.1883649],[-56.7914629,2.1876788],[-56.7917419,2.1869926],[-56.7917848,2.1863493],[-56.7918491,2.1860706],[-56.7915917,2.1857275],[-56.7915273,2.1853416],[-56.7918062,2.184902],[-56.7921281,2.1846125],[-56.7919135,2.1841194],[-56.7913234,2.183787],[-56.7912483,2.1834654],[-56.7914093,2.1829829],[-56.7912161,2.1823397],[-56.7909801,2.1820073],[-56.7901754,2.1816857],[-56.7894566,2.1814284],[-56.7888773,2.1807637],[-56.7888129,2.180099],[-56.7891133,2.1791126],[-56.7894352,2.1791448],[-56.7898214,2.1791662],[-56.7904437,2.1789947],[-56.7904008,2.1785766],[-56.7896605,2.1784694],[-56.7893279,2.1781584],[-56.7894459,2.1775581],[-56.7897034,2.1772579],[-56.7902613,2.1769041],[-56.7902076,2.1766253],[-56.7898107,2.1762287],[-56.7884588,2.1755961],[-56.7874503,2.1750279],[-56.7874289,2.1745133],[-56.7875683,2.1742238],[-56.7875147,2.1735913],[-56.7873967,2.173216],[-56.7872572,2.1727121],[-56.7869568,2.1725513],[-56.7869675,2.1729266],[-56.7871285,2.1732589],[-56.7868173,2.1734948],[-56.7863453,2.173334],[-56.7860556,2.1729802],[-56.786077,2.1724119],[-56.786077,2.1717687],[-56.7859161,2.171447],[-56.7854655,2.1717365],[-56.7848539,2.1719938],[-56.784339,2.1720153],[-56.7838454,2.1717151],[-56.7837381,2.1712541],[-56.7836738,2.1708359],[-56.7832661,2.1704714],[-56.7829442,2.17045],[-56.7823327,2.1704178],[-56.7819572,2.1702248],[-56.7818499,2.1696673],[-56.7820859,2.1692278],[-56.7820966,2.1689276],[-56.7820108,2.1687346],[-56.7814314,2.1685845],[-56.7811632,2.1683057],[-56.7813671,2.1680699],[-56.7818177,2.1677375],[-56.7823434,2.1680699],[-56.7828262,2.1679305],[-56.7830086,2.1674802],[-56.7831051,2.1666654],[-56.783073,2.1659792],[-56.7827618,2.165411],[-56.7824936,2.1655826],[-56.7823541,2.1659042],[-56.7819089,2.1660436],[-56.781528,2.1656683],[-56.7810291,2.1654807],[-56.7803961,2.1651537],[-56.7801869,2.1645855],[-56.7800367,2.1642531],[-56.7796558,2.1640548],[-56.779114,2.1640065],[-56.7784971,2.163894],[-56.7781967,2.1636796],[-56.778068,2.1635027],[-56.7779821,2.1632185],[-56.7781591,2.162779],[-56.7783201,2.1623126],[-56.7784274,2.1618569],[-56.7782825,2.1617819],[-56.7779285,2.1619213],[-56.777612,2.1621625],[-56.7773598,2.1619106],[-56.7773706,2.1613477],[-56.7772901,2.1610421],[-56.7770165,2.1606401],[-56.7770541,2.1601201],[-56.7774242,2.1600236],[-56.7775476,2.1601898],[-56.7776012,2.1604793],[-56.777789,2.1607473],[-56.7780572,2.1608063],[-56.7784488,2.1603667],[-56.7787761,2.1602059],[-56.7789316,2.1600772],[-56.7792374,2.1596269],[-56.7792857,2.1594072],[-56.7790014,2.1592195],[-56.7784649,2.1591606],[-56.7782289,2.1590212],[-56.778363,2.1587317],[-56.778819,2.1586031],[-56.7795217,2.1585441],[-56.7797846,2.1582332],[-56.7799133,2.1578633],[-56.7802566,2.156893],[-56.7803049,2.1563462],[-56.7802942,2.1559656],[-56.7802995,2.155242],[-56.7802727,2.1548131],[-56.7802084,2.1544593],[-56.7801654,2.1541109],[-56.7801869,2.1538482],[-56.7802084,2.1531728],[-56.780203,2.1527493],[-56.7798382,2.1525188],[-56.7794091,2.1526045],[-56.7789692,2.1526903],[-56.778717,2.1524651],[-56.77854,2.1522668],[-56.7783576,2.1520417],[-56.778186,2.1518165],[-56.7779982,2.1512376],[-56.7778319,2.1509374],[-56.7772418,2.1508945],[-56.7767912,2.1507605],[-56.7765069,2.1503263],[-56.7762977,2.150085],[-56.7760348,2.1499671],[-56.7759866,2.1496455],[-56.7758042,2.1493077],[-56.7754662,2.149238],[-56.7752516,2.1495007],[-56.7753321,2.1498438],[-56.7752355,2.1501601],[-56.7748225,2.1503423],[-56.7742807,2.150471],[-56.7740661,2.1504549],[-56.7733634,2.1499832],[-56.7731863,2.1496186],[-56.7732132,2.1493935],[-56.7731541,2.149163],[-56.7728698,2.1490129],[-56.772666,2.1489057],[-56.7725909,2.1486966],[-56.7726177,2.1484232],[-56.7724997,2.1482195],[-56.7722422,2.1479997],[-56.7721564,2.1477692],[-56.7724943,2.1475548],[-56.7729074,2.1474744],[-56.7732024,2.1476191],[-56.7734921,2.1479997],[-56.7736691,2.148241],[-56.7739266,2.1483696],[-56.7740822,2.1480855],[-56.7740232,2.1478764],[-56.7739159,2.1476567],[-56.773696,2.1472546],[-56.7735457,2.1468097],[-56.77324,2.1465041],[-56.772784,2.1460538],[-56.7725426,2.1457697],[-56.7721671,2.1458555],[-56.7720437,2.1462575],[-56.7717218,2.1463594],[-56.7715663,2.1459627],[-56.7714644,2.1455553],[-56.7712337,2.1452658],[-56.7708957,2.1444992],[-56.7708635,2.143797],[-56.7708528,2.1431537],[-56.7707241,2.1427624],[-56.7705256,2.1423442],[-56.7703164,2.1415616],[-56.7692757,2.1411863],[-56.7685247,2.1409505],[-56.768294,2.1405538],[-56.7680311,2.1400767],[-56.7675912,2.1398998],[-56.7675,2.1396746],[-56.767382,2.1394173],[-56.7673981,2.1388705],[-56.7674571,2.1384953],[-56.7672962,2.1380771],[-56.7670816,2.1375947],[-56.7669529,2.1369407],[-56.7667705,2.1368495],[-56.7660677,2.1373106],[-56.765703,2.1376215],[-56.7645603,2.1381307],[-56.7641795,2.1382112],[-56.7636484,2.1380289],[-56.7635089,2.1375947],[-56.763922,2.1370264],[-56.7640722,2.1366941],[-56.7640883,2.13641],[-56.763643,2.1356756],[-56.7630529,2.135429],[-56.7624253,2.1352789],[-56.7618728,2.1352306],[-56.7613363,2.1352145],[-56.761111,2.1350805],[-56.7612881,2.1347053],[-56.7614758,2.1344587],[-56.7620015,2.1338797],[-56.7625487,2.1337028],[-56.7627204,2.1333383],[-56.762833,2.1328558],[-56.7626667,2.1324162],[-56.7620552,2.1323305],[-56.7615777,2.1324806],[-56.761111,2.1328558],[-56.7608482,2.1329255],[-56.7605531,2.1327915],[-56.7604941,2.1322876],[-56.7605478,2.131907],[-56.7606175,2.1316014],[-56.7611861,2.1302988],[-56.7610681,2.1295054],[-56.7608321,2.1289264],[-56.7607463,2.1279829],[-56.7601991,2.1275219],[-56.7596626,2.1275326],[-56.7589653,2.1276613],[-56.7583859,2.1273075],[-56.7578495,2.1262997],[-56.7576027,2.1259566],[-56.7572272,2.1254098],[-56.756444,2.1247129],[-56.7554033,2.123823],[-56.7552853,2.1228581],[-56.7549098,2.1222577],[-56.7539656,2.1222577],[-56.7526031,2.1233942],[-56.7519379,2.1238016],[-56.7514658,2.1237694],[-56.7511118,2.1232655],[-56.7508972,2.1226437],[-56.7505968,2.1220647],[-56.749953,2.1216358],[-56.7489016,2.1215179],[-56.7484295,2.1213464],[-56.7483652,2.120553],[-56.7482472,2.1197703],[-56.7481828,2.1189447],[-56.7483759,2.1183122],[-56.7490089,2.1173044],[-56.7492664,2.1172508],[-56.7493308,2.1169505],[-56.7489767,2.1162644],[-56.7484081,2.1161893],[-56.7469704,2.1166396],[-56.7455864,2.1173472],[-56.7447281,2.1180227],[-56.7437303,2.1181942],[-56.7425394,2.1176367],[-56.7414558,2.1171435],[-56.7413163,2.1166932],[-56.7415524,2.115857],[-56.7415416,2.1153852],[-56.7414665,2.114624],[-56.7412627,2.1136269],[-56.7406833,2.1135733],[-56.7402005,2.113852],[-56.7392564,2.1147419],[-56.7387843,2.1150636],[-56.7380333,2.1148062],[-56.7375934,2.1147419],[-56.7374218,2.1144739],[-56.7376793,2.1141308],[-56.7382372,2.1137984],[-56.738559,2.1137019],[-56.7386234,2.1129514],[-56.7384195,2.1123725],[-56.7379904,2.1119114],[-56.7377329,2.1116005],[-56.7379367,2.1110323],[-56.7380011,2.1105069],[-56.7378187,2.1097886],[-56.7373574,2.1088772],[-56.7369926,2.1088022],[-56.7370355,2.1091774],[-56.7370892,2.1093383],[-56.7367673,2.1093704],[-56.7363918,2.1094347],[-56.7361236,2.1096599],[-56.7358661,2.1095849],[-56.7358124,2.109349],[-56.7355657,2.1091131],[-56.7352331,2.1091774],[-56.7349756,2.1093597],[-56.7344284,2.1094455],[-56.7341817,2.1091667],[-56.734246,2.1078587],[-56.7349112,2.1069366],[-56.7349219,2.1060896],[-56.7350507,2.1053498],[-56.7349005,2.1048888],[-56.7347288,2.1042884],[-56.7339349,2.1034628],[-56.7331517,2.1024979],[-56.7320359,2.1021762],[-56.7313707,2.1020905],[-56.7307592,2.1017366],[-56.7304373,2.101147],[-56.7301583,2.1006645],[-56.7295897,2.099914],[-56.7276371,2.0984237],[-56.7264676,2.0975552],[-56.7254484,2.0971692],[-56.7251694,2.097448],[-56.7246544,2.0976303],[-56.7241395,2.0970513],[-56.7242146,2.0964187],[-56.724751,2.0955717],[-56.7251051,2.0948962],[-56.72503,2.0944245],[-56.7245793,2.0944781],[-56.7240751,2.0946925],[-56.7237961,2.0945853],[-56.7241502,2.0941136],[-56.7242038,2.0934059],[-56.7237425,2.0928162],[-56.7230666,2.0927197],[-56.7222297,2.0929449],[-56.7215538,2.0928484],[-56.7210066,2.0927733],[-56.7206526,2.0927626],[-56.7204166,2.092441],[-56.7205024,2.0918834],[-56.7210174,2.0917333],[-56.721586,2.0914867],[-56.7218864,2.0910257],[-56.7215431,2.0908327],[-56.7208564,2.0908649],[-56.7205346,2.0908434],[-56.7202664,2.0909292],[-56.7198372,2.0908971],[-56.7196334,2.0906826],[-56.7196977,2.0902537],[-56.7197299,2.0897713],[-56.7194295,2.0893317],[-56.7187965,2.0888921],[-56.7180777,2.0885276],[-56.718024,2.0881416],[-56.7179275,2.0877449],[-56.7175734,2.0873696],[-56.7172301,2.0872088],[-56.7171443,2.0870158],[-56.7171657,2.0867585],[-56.7181099,2.0864154],[-56.7186785,2.0860937],[-56.7189682,2.0854504],[-56.7186785,2.0850644],[-56.7180026,2.0846892],[-56.7170906,2.084196],[-56.7167366,2.0842818],[-56.7162323,2.0844319],[-56.7157173,2.0844319],[-56.7153418,2.0842818],[-56.7151702,2.0840673],[-56.7153525,2.0836063],[-56.7153096,2.0833597],[-56.7148483,2.0831131],[-56.7135608,2.0830273],[-56.7131317,2.0830059],[-56.7128635,2.0823518],[-56.7124558,2.0818372],[-56.7119408,2.0815048],[-56.7117262,2.0811188],[-56.7117906,2.0808937],[-56.7125309,2.0806042],[-56.7124987,2.0800681],[-56.7124343,2.0794034],[-56.7120266,2.0787386],[-56.7115975,2.0783312],[-56.7110396,2.0778165],[-56.7111898,2.0775056],[-56.7109752,2.0770231],[-56.7105675,2.0767765],[-56.7108142,2.0757043],[-56.7110074,2.0746536],[-56.7104709,2.0744606],[-56.7101598,2.0750074],[-56.7098379,2.0760474],[-56.7093659,2.0761118],[-56.7093122,2.0751897],[-56.7093873,2.0746214],[-56.7092478,2.0740746],[-56.7087114,2.0741604],[-56.7083144,2.0743748],[-56.7079818,2.0740425],[-56.7078209,2.0737101],[-56.7077887,2.0733027],[-56.7079389,2.0728631],[-56.7082179,2.0726701],[-56.7084646,2.0721447],[-56.7083681,2.071941],[-56.7078638,2.0719731],[-56.7073166,2.0717265],[-56.7071772,2.0713084],[-56.7073059,2.0711047],[-56.7079604,2.0708688],[-56.708293,2.0708581],[-56.7086148,2.0704292],[-56.7083788,2.0700111],[-56.7078424,2.0698181],[-56.7070806,2.0695929],[-56.7068553,2.0693034],[-56.7071986,2.0686494],[-56.7073381,2.0682848],[-56.707263,2.067663],[-56.7071343,2.0673413],[-56.7067158,2.067277],[-56.7062223,2.0672341],[-56.7058575,2.0669017],[-56.7055357,2.0669553],[-56.7054284,2.067277],[-56.7052245,2.0676308],[-56.7047525,2.0675236],[-56.7047739,2.0671269],[-56.7049456,2.0667731],[-56.7048597,2.0666015],[-56.7043984,2.0664407],[-56.7039049,2.065926],[-56.7036152,2.0653578],[-56.703229,2.0645644],[-56.70295,2.0647037],[-56.7031109,2.0650361],[-56.7032182,2.0651969],[-56.7028964,2.0654114],[-56.7025423,2.0654007],[-56.7022526,2.0654864],[-56.7020059,2.0649932],[-56.7024028,2.0641462],[-56.7023063,2.0631383],[-56.7020166,2.0625808],[-56.7015231,2.0621412],[-56.700933,2.0618624],[-56.7004931,2.0613585],[-56.6998923,2.0613907],[-56.6987014,2.060801],[-56.6974998,2.0604793],[-56.6971672,2.0602756],[-56.6971672,2.0595143],[-56.6975641,2.058603],[-56.6977894,2.0579597],[-56.697489,2.0578417],[-56.6971886,2.0576058],[-56.6969955,2.0572413],[-56.6970813,2.0566516],[-56.6967595,2.0554722],[-56.6965127,2.0545179],[-56.6959977,2.0542713],[-56.695751,2.0546466],[-56.6954506,2.055247],[-56.6950321,2.0555365],[-56.6946888,2.0552149],[-56.6949678,2.0543142],[-56.6950965,2.0537888],[-56.6948605,2.0531241],[-56.6945708,2.0525236],[-56.6942597,2.0524486],[-56.6938841,2.0522878],[-56.6939485,2.0518696],[-56.6946459,2.0514515],[-56.6944313,2.051044],[-56.6939056,2.050851],[-56.6925752,2.0509261],[-56.6916955,2.0507867],[-56.6900003,2.0497574],[-56.6895068,2.0494464],[-56.6894853,2.0490497],[-56.6899681,2.0486852],[-56.6899896,2.048192],[-56.6894746,2.0479346],[-56.6889167,2.0482456],[-56.688509,2.0485244],[-56.6880369,2.0480633],[-56.6877794,2.0475058],[-56.6881228,2.0469911],[-56.6887343,2.0471091],[-56.6894746,2.0470769],[-56.689657,2.0468088],[-56.6895282,2.0463692],[-56.6892064,2.0457152],[-56.6889382,2.0452005],[-56.6880155,2.0455008],[-56.6868246,2.0455544],[-56.6857731,2.0453185],[-56.6854835,2.0446537],[-56.6857624,2.0437745],[-56.6857624,2.043603],[-56.6855908,2.0431205],[-56.6859233,2.0429918],[-56.6864491,2.0433135],[-56.6864169,2.0428953],[-56.6863632,2.0424879],[-56.6865563,2.0421555],[-56.6866207,2.0418231],[-56.6865242,2.0414371],[-56.6866207,2.0406008],[-56.6869104,2.040129],[-56.6868675,2.0398074],[-56.6861272,2.0397001],[-56.6854835,2.0393999],[-56.6851616,2.039089],[-56.6855478,2.0387673],[-56.6859126,2.0384564],[-56.6861272,2.0381026],[-56.6861594,2.0376415],[-56.686374,2.0368695],[-56.6863847,2.0362262],[-56.6859448,2.0359903],[-56.6857302,2.0359367],[-56.6856873,2.0357973],[-56.6860414,2.0356901],[-56.6863525,2.0356043],[-56.6865027,2.0350897],[-56.6871786,2.0341783],[-56.6874468,2.0336315],[-56.6874039,2.0331275],[-56.6871572,2.0325914],[-56.687125,2.0305864],[-56.6870606,2.0297393],[-56.6863418,2.029289],[-56.6856766,2.0287315],[-56.6853333,2.0283133],[-56.6844964,2.0277343],[-56.6839492,2.0270374],[-56.6841102,2.026512],[-56.6843355,2.0263404],[-56.6845852,2.026111],[-56.6841736,2.026111],[-56.6769506,2.026111],[-56.6702846,2.026111],[-56.6641736,2.026667],[-56.6580626,2.0275],[-56.6511176,2.0275],[-56.6461176,2.028056],[-56.6394506,2.028056],[-56.6325066,2.028056],[-56.6258396,2.028056],[-56.6188956,2.028056],[-56.6136176,2.028056],[-56.6066736,2.028056],[-56.5997286,2.028056],[-56.5927846,2.028056],[-56.5858396,2.028056],[-56.5797286,2.0275],[-56.5736176,2.026667],[-56.5680626,2.025278],[-56.5627846,2.023889],[-56.5577846,2.021944],[-56.5536176,2.019167],[-56.5491736,2.017222],[-56.5455626,2.013611],[-56.5413956,2.010833],[-56.5372286,2.008333],[-56.5338956,2.004722],[-56.5313956,2.000556],[-56.5277846,1.997222],[-56.5255626,1.9925],[-56.5222286,1.989167],[-56.5194506,1.985],[-56.5152846,1.982222],[-56.5111176,1.979444],[-56.5066736,1.9775],[-56.5002846,1.976667],[-56.4950066,1.975278],[-56.4891736,1.973889],[-56.4852846,1.971111],[-56.4811176,1.968611],[-56.4783396,1.964444],[-56.4763956,1.959444],[-56.4736176,1.955556],[-56.4689543,1.9491824],[-56.4828502,1.9540707],[-56.4955701,1.9379733],[-56.5179882,1.9322799],[-56.5249068,1.9246832],[-56.5466524,1.9153706],[-56.5555436,1.9172727],[-56.560955,1.9110326],[-56.5797602,1.9058802],[-56.5964263,1.9258777],[-56.5984018,1.9364636],[-56.607845,1.9342945],[-56.621453,1.9458777],[-56.6299317,1.9424416],[-56.6410158,1.9313162],[-56.6491498,1.9311383],[-56.6510427,1.9171158],[-56.6734593,1.9126861],[-56.6791516,1.9209203],[-56.6823488,1.9123253],[-56.7046484,1.9239109],[-56.7209559,1.9258145],[-56.7268486,1.9184855],[-56.7347309,1.91722],[-56.7376016,1.9086276],[-56.7497631,1.9028388],[-56.753539,1.8926164],[-56.764902,1.8883664],[-56.7681182,1.8759717],[-56.7738493,1.8688258],[-56.7886538,1.8641234],[-56.7880363,1.8543518],[-56.7979303,1.8533579],[-56.7957597,1.8613201],[-56.8010151,1.866025],[-56.7988504,1.8725392],[-56.8092602,1.8737158],[-56.8209263,1.8792367],[-56.8215708,1.8832172],[-56.8286237,1.8815889],[-56.8309543,1.8888274],[-56.8378197,1.8880132],[-56.8458185,1.8932615],[-56.8562568,1.8891906],[-56.8595675,1.8905482],[-56.8586476,1.8952528],[-56.864537,1.8966105],[-56.8665894,1.8930819],[-56.8868205,1.8968833],[-56.8914539,1.9018594],[-56.8934819,1.8993271],[-56.9072073,1.9104557],[-56.9062885,1.9151601],[-56.9197084,1.9303603],[-56.949817,1.9194146],[-56.9505146,1.922671],[-56.9591731,1.924391],[-56.9682009,1.9166102],[-56.9714823,1.9055727],[-56.9760968,1.9029493],[-56.9828174,1.9072926],[-57.0007036,1.9072931],[-57.0091512,1.9169732],[-57.014207,1.9148926],[-57.0243953,1.9278294],[-57.0249314,1.9397718],[-57.0319541,1.9469198],[-57.0473694,1.953162],[-57.0537857,1.9524379],[-57.0564541,1.9567803],[-57.0639309,1.9559657],[-57.0712086,1.9687215],[-57.0711161,1.9965861],[-57.0734549,2.0023766],[-57.0825439,2.007533],[-57.0815665,2.0188418],[-57.0866765,2.026442],[-57.0962871,2.0178467],[-57.111626,2.029516],[-57.1165936,2.0278883],[-57.116318,2.0148593],[-57.1199674,2.0101549],[-57.1408385,2.0010164],[-57.1474575,1.9890735],[-57.1639541,1.9947713],[-57.1790909,1.9901552],[-57.1833402,1.9795716],[-57.1998951,1.9786649],[-57.2147286,1.961292],[-57.229122,1.953511],[-57.2292284,1.937587],[-57.2554237,1.9503399],[-57.2564503,1.9611057],[-57.2622858,1.9617381],[-57.2734285,1.9741309],[-57.267813,1.9798318],[-57.26881,1.983631],[-57.2772292,1.9829968],[-57.3071169,1.9966525],[-57.3131993,1.9771995],[-57.3292574,1.9796402],[-57.3381752,1.975296],[-57.3456176,1.9802709],[-57.3562303,1.9704072],[-57.3542261,1.9610898],[-57.3691185,1.9563808],[-57.3681482,1.9521298],[-57.3570379,1.9471568],[-57.3676777,1.9237219],[-57.3757292,1.9222751],[-57.3850321,1.9274277],[-57.3984233,1.9218157],[-57.4028723,1.9126783],[-57.4276999,1.9094143],[-57.4334283,1.9059761],[-57.4324808,1.8908673],[-57.4361187,1.8805529],[-57.4292299,1.8738618],[-57.432366,1.8693367],[-57.4319234,1.8584786],[-57.4449851,1.8411067],[-57.4377596,1.8268143],[-57.4447595,1.8222892],[-57.4488401,1.8119751],[-57.4517861,1.8114324],[-57.4508957,1.8063645],[-57.4740088,1.7958656],[-57.4762076,1.7989405],[-57.4776465,1.7946879],[-57.485143,1.7999336],[-57.4870343,1.7925154],[-57.4937039,1.7925136],[-57.5018694,1.7860882],[-57.4972855,1.7668187],[-57.5017905,1.7579525],[-57.508512,1.7574073],[-57.5145056,1.7472738],[-57.5167047,1.7317126],[-57.5142263,1.7230283],[-57.5188691,1.7211278],[-57.5260894,1.7279998],[-57.5318382,1.7214857],[-57.5412906,1.7203967],[-57.5341774,1.7081865],[-57.5375973,1.7004953],[-57.5503403,1.7006732],[-57.5532281,1.6924397],[-57.5645041,1.6958742],[-57.5726422,1.6887261],[-57.5770937,1.6903525],[-57.576037,1.7026558],[-57.581733,1.7060922],[-57.5839273,1.7020193],[-57.5978346,1.700478],[-57.6047596,1.6929676],[-57.6193956,1.6957671],[-57.6219463,1.6997471],[-57.6293412,1.6984796],[-57.6329219,1.6914205],[-57.6504207,1.6823689],[-57.6555151,1.6904188],[-57.6605346,1.6891504],[-57.669505,1.6999129],[-57.6723944,1.71086],[-57.6750624,1.7059725],[-57.687007,1.7064198],[-57.6980392,1.7137439],[-57.6971172,1.7207993],[-57.7050904,1.7309311],[-57.7118981,1.728576],[-57.7081703,1.7207066],[-57.7101415,1.7176299],[-57.7183973,1.7154553],[-57.7164474,1.7207041],[-57.7196438,1.7228718],[-57.7311477,1.7188886],[-57.7449686,1.7228638],[-57.7582255,1.7186985],[-57.7602284,1.7226777],[-57.7667259,1.7225846],[-57.7743072,1.7297274],[-57.7803708,1.7192315],[-57.7922574,1.7266444],[-57.7968926,1.7032116],[-57.80365,1.7018529],[-57.7963673,1.691],[-57.7997891,1.6852101],[-57.8090868,1.6883719],[-57.819502,1.6838443],[-57.8363938,1.6865515],[-57.8400618,1.6835649],[-57.8441712,1.6888994],[-57.8469794,1.6810284],[-57.8530565,1.6778602],[-57.8520564,1.6678195],[-57.8771193,1.6802922],[-57.8771475,1.6717891],[-57.8846474,1.6697045],[-57.8892307,1.6742266],[-57.8949833,1.6743136],[-57.9020861,1.6677067],[-57.9047235,1.6556754],[-57.9135058,1.6476192],[-57.9267567,1.6448089],[-57.9501979,1.6476029],[-57.9594244,1.6511266],[-57.9577779,1.6542036],[-57.9618636,1.657096],[-57.9704226,1.6543778],[-57.9788374,1.6559118],[-57.9810298,1.6593474],[-57.990093,1.6584388],[-57.9901968,1.651473],[-58.0023609,1.6494765],[-58.0026149,1.645678],[-57.9803111,1.6332058],[-57.9820343,1.6178268],[-57.9852844,1.6167397],[-57.9813626,1.596298],[-57.9838686,1.5862565],[-57.9785588,1.5727793],[-57.9825365,1.5658133],[-57.9898625,1.5673475],[-57.9888108,1.5624634],[-57.9943109,1.5531446],[-57.989368,1.5476291],[-57.9902786,1.5405716],[-57.994922,1.5387605],[-58.0012287,1.5281737],[-58.0004512,1.5207568],[-58.0055022,1.5167745],[-58.004228,1.5030255],[-58.0238689,1.5107955],[-58.0271709,1.5086234],[-58.0405571,1.5209187],[-58.0609273,1.5253413],[-58.0652259,1.5222653],[-58.0694494,1.5073371],[-58.0849499,1.5079622],[-58.085502,1.5148366],[-58.0975885,1.5139262],[-58.1113126,1.5011664],[-58.1294253,1.4988945],[-58.1495564,1.5100096],[-58.1460619,1.5153487],[-58.1552029,1.5299973],[-58.1536186,1.543024],[-58.1565853,1.5436559],[-58.1606434,1.5601143],[-58.1838097,1.5652573],[-58.1930347,1.5722181],[-58.1973399,1.5671506],[-58.2128628,1.5647908],[-58.2360026,1.5466869],[-58.2413364,1.5541005],[-58.2544739,1.5618716],[-58.2572285,1.5691061],[-58.2622552,1.5707318],[-58.2717291,1.5673803],[-58.2881648,1.5724339],[-58.2928139,1.5642919],[-58.3171388,1.5684372],[-58.3143338,1.5939437],[-58.3223661,1.5970146],[-58.3152581,1.5988183],[-58.3012677,1.6012206],[-58.2882214,1.6044809],[-58.276806,1.6094571],[-58.2658196,1.6151197],[-58.258524,1.6199243],[-58.248911,1.630134],[-58.2405854,1.6397432],[-58.2340623,1.647379],[-58.2296171,1.6527705],[-58.228543,1.6558673],[-58.2283218,1.6570611],[-58.228543,1.6589843],[-58.229693,1.6607086],[-58.230069,1.6624108],[-58.2313517,1.6645773],[-58.2320373,1.6660142],[-58.2327229,1.6666553],[-58.2332536,1.6675396],[-58.2331431,1.6691091],[-58.2338729,1.6699713],[-58.23447,1.6709882],[-58.2350671,1.6731104],[-58.2359297,1.6740609],[-58.2357748,1.6754315],[-58.2359739,1.6771116],[-58.2369028,1.6778853],[-58.2374557,1.6792117],[-58.2374557,1.6807592],[-58.2381412,1.6818645],[-58.2389153,1.6829256],[-58.2385836,1.684252],[-58.2399326,1.6851804],[-58.2408394,1.6862415],[-58.24095,1.6873468],[-58.2416577,1.6884521],[-58.2429404,1.6900217],[-58.2444443,1.6909501],[-58.2453952,1.692166],[-58.246877,1.6938461],[-58.2472751,1.695504],[-58.2473635,1.6964988],[-58.2480934,1.6978694],[-58.2475184,1.698422],[-58.2473193,1.699041],[-58.2480545,1.7003996],[-58.2498171,1.7015796],[-58.2509201,1.7017708],[-58.252891,1.7013782],[-58.2528229,1.7022128],[-58.2515263,1.7027821],[-58.2500672,1.7034304],[-58.2497809,1.7038641],[-58.250272,1.7054214],[-58.2500921,1.706893],[-58.2511782,1.7080324],[-58.2504217,1.7105564],[-58.2508357,1.7115088],[-58.2502386,1.7122825],[-58.2502165,1.7130783],[-58.2510126,1.7140289],[-58.2506588,1.7150457],[-58.2488011,1.7151784],[-58.2471645,1.7151342],[-58.2462799,1.7160847],[-58.2466116,1.7187595],[-58.2469212,1.7212133],[-58.2464126,1.7216996],[-58.2444885,1.7202185],[-58.2423211,1.7191795],[-58.2412375,1.7185606],[-58.2403971,1.7193564],[-58.2405076,1.7206385],[-58.2415913,1.720528],[-58.243051,1.7204617],[-58.2433827,1.7215891],[-58.2420779,1.7237333],[-58.2419452,1.7246397],[-58.2437144,1.7249271],[-58.2429846,1.7258334],[-58.2426529,1.7266513],[-58.2416577,1.7277124],[-58.2423654,1.7283314],[-58.2444885,1.7295472],[-58.2451741,1.7295251],[-58.2461914,1.7291935],[-58.2461029,1.7306082],[-58.2470318,1.7317356],[-58.2492213,1.7325535],[-58.2483809,1.7344546],[-58.2471645,1.7350515],[-58.2454395,1.7359578],[-58.245926,1.736422],[-58.2471645,1.7366431],[-58.2468328,1.7379915],[-58.2466558,1.7391852],[-58.2470981,1.7402684],[-58.2484693,1.7417495],[-58.2474078,1.743319],[-58.2476289,1.7446011],[-58.2488674,1.7449548],[-58.2492655,1.7459938],[-58.2491328,1.7467675],[-58.2491328,1.7471433],[-58.2494424,1.7483149],[-58.2497963,1.7497959],[-58.2494203,1.7501054],[-58.2491992,1.7493317],[-58.2485357,1.7485801],[-58.2483366,1.7492875],[-58.2486463,1.7499728],[-58.2473193,1.7505254],[-58.2473635,1.7514096],[-58.247651,1.7523159],[-58.2473414,1.7533107],[-58.2463904,1.7547033],[-58.2461029,1.7559855],[-58.2454837,1.7570465],[-58.2449308,1.7572455],[-58.243626,1.7583065],[-58.2445106,1.7592571],[-58.2443558,1.7600529],[-58.2447096,1.7608486],[-58.2457712,1.7614676],[-58.2466779,1.7619318],[-58.2472308,1.7633244],[-58.2489297,1.7645475],[-58.2490584,1.7649925],[-58.2491952,1.7655877],[-58.2493347,1.7664563],[-58.2495037,1.7672204],[-58.2495309,1.7679445],[-58.2494203,1.768696],[-58.2490443,1.7699118],[-58.2488036,1.7708611],[-58.2486239,1.7712176],[-58.2483798,1.7716573],[-58.2482243,1.7720836],[-58.2482028,1.7725098],[-58.2481787,1.7729415],[-58.2481036,1.7732739],[-58.2479775,1.773475],[-58.2478219,1.7735849],[-58.2474464,1.773668],[-58.2467866,1.7740004],[-58.2461858,1.7741801],[-58.245872,1.7743221],[-58.2456145,1.7744937],[-58.245306,1.7745125],[-58.2451344,1.7743999],[-58.2451102,1.7742498],[-58.2451665,1.7740728],[-58.2452497,1.7737618],[-58.2453489,1.7735554],[-58.245306,1.7734616],[-58.2451531,1.7734321],[-58.2450029,1.7734562],[-58.2447159,1.7735929],[-58.2442519,1.773979],[-58.243871,1.7744428],[-58.2437047,1.7749173],[-58.2435867,1.7753141],[-58.2434043,1.7754776],[-58.2432273,1.7755071],[-58.2430932,1.7754562],[-58.2429215,1.7753248],[-58.2426882,1.7752551],[-58.242428,1.7752846],[-58.2422322,1.7755554],[-58.24209,1.7757645],[-58.2417494,1.7760433],[-58.2414195,1.7762229],[-58.2411701,1.7764964],[-58.2411405,1.776668],[-58.2412237,1.7769039],[-58.241221,1.7771425],[-58.2411191,1.7773007],[-58.2409287,1.7773998],[-58.2406899,1.7774106],[-58.2404298,1.7774535],[-58.2400999,1.7776519],[-58.2396975,1.7778958],[-58.2395071,1.7780996],[-58.2392308,1.7782068],[-58.2390592,1.7781585],[-58.2389492,1.7780031],[-58.2389411,1.7777537],[-58.2389814,1.7774749],[-58.2390806,1.7772578],[-58.2391208,1.7770192],[-58.2390994,1.7767806],[-58.2389841,1.7765661],[-58.2387024,1.7764857],[-58.2384449,1.7765956],[-58.2383457,1.7767966],[-58.2383229,1.7770017],[-58.2382518,1.7771612],[-58.2380614,1.7773864],[-58.2377958,1.7777216],[-58.2376885,1.777928],[-58.2376537,1.7781344],[-58.2376698,1.7783087],[-58.2377449,1.7785071],[-58.2378414,1.7787376],[-58.2378307,1.7789065],[-58.2377771,1.7790647],[-58.2376295,1.7790781],[-58.2373774,1.7789709],[-58.2369536,1.7787483],[-58.2366934,1.7786036],[-58.2365057,1.778424],[-58.2364467,1.778239],[-58.2364976,1.7781103],[-58.2367122,1.7779736],[-58.2369322,1.7778636],[-58.2370797,1.777735],[-58.2371387,1.7775527],[-58.2371253,1.777365],[-58.2370234,1.7772685],[-58.236841,1.7772497],[-58.2365862,1.7773221],[-58.2363448,1.7775795],[-58.236098,1.7779333],[-58.2359545,1.7782872],[-58.2360014,1.7784642],[-58.2361262,1.7786116],[-58.2363005,1.7787336],[-58.236444,1.7789977],[-58.236503,1.7794776],[-58.2365754,1.7799467],[-58.2368239,1.7804525],[-58.2367444,1.780936],[-58.2367176,1.7813247],[-58.2367256,1.7815499],[-58.2366559,1.7816947],[-58.236562,1.7817885],[-58.2363555,1.7818207],[-58.2361087,1.7817322],[-58.2358968,1.7816464],[-58.2356313,1.7813917],[-58.2352397,1.7809815],[-58.2347783,1.7805499],[-58.234368,1.7802202],[-58.23392,1.7799708],[-58.2335016,1.7798556],[-58.2331342,1.7798448],[-58.2328954,1.7799199],[-58.2326165,1.7800968],[-58.2323751,1.7803891],[-58.2322785,1.7806598],[-58.2321605,1.7808502],[-58.2320613,1.7809896],[-58.2319084,1.7810539],[-58.2317233,1.781011],[-58.2315758,1.7808555],[-58.2314551,1.7806438],[-58.2313156,1.7803113],[-58.2311869,1.7798985],[-58.2310528,1.7796196],[-58.2309401,1.7794481],[-58.230814,1.7794293],[-58.2306236,1.7794695],[-58.2304922,1.7796143],[-58.2303554,1.7797644],[-58.2302374,1.7798154],[-58.2301086,1.7798234],[-58.2299987,1.7797751],[-58.2299299,1.7796687],[-58.2298511,1.7791103],[-58.2297251,1.778365],[-58.229371,1.7777447],[-58.2288122,1.7767309],[-58.228688,1.7760689],[-58.2271149,1.7757792],[-58.2261834,1.7764413],[-58.2253555,1.7760689],[-58.2247345,1.7759241],[-58.2235547,1.7750345],[-58.2232649,1.7738345],[-58.2224991,1.7725311],[-58.2214021,1.7727794],[-58.2195392,1.7727587],[-58.2187112,1.7731518],[-58.2180282,1.7736069],[-58.2177177,1.7734621],[-58.2174279,1.7724484],[-58.2167449,1.7731518],[-58.2162481,1.7741242],[-58.2151097,1.7745793],[-58.2146129,1.7741862],[-58.2154823,1.7735449],[-58.2160825,1.7726553],[-58.215089,1.7720346],[-58.2133089,1.7715794],[-58.2122119,1.7724691],[-58.2126259,1.7735035],[-58.212067,1.7738552],[-58.2109907,1.7744138],[-58.2102248,1.7753448],[-58.2094797,1.7754069],[-58.208838,1.7746414],[-58.2085689,1.7737311],[-58.2076375,1.7728415],[-58.2072649,1.7732552],[-58.206644,1.7733794],[-58.2059195,1.7739586],[-58.2061265,1.7752],[-58.2062093,1.7761516],[-58.2068717,1.7764206],[-58.2068096,1.7769585],[-58.2057746,1.7782619],[-58.2046362,1.778055],[-58.2036427,1.7778895],[-58.2030424,1.7781791],[-58.2022973,1.7789239],[-58.2018833,1.7786963],[-58.2017798,1.777786],[-58.2012209,1.7778688],[-58.2008277,1.7781171],[-58.2009519,1.7789032],[-58.2006828,1.7795032],[-58.2003516,1.7791722],[-58.2004137,1.7786136],[-58.1999376,1.7776205],[-58.1990476,1.7779102],[-58.1992132,1.7790687],[-58.1993995,1.779917],[-58.1986543,1.7804549],[-58.1985922,1.7800204],[-58.1979299,1.779317],[-58.1974952,1.7789032],[-58.1971226,1.7779309],[-58.1961912,1.7769585],[-58.1944525,1.7769999],[-58.1930243,1.7779722],[-58.1916789,1.7786963],[-58.1913715,1.7796173],[-58.190142,1.7827187],[-58.1899078,1.7850593],[-58.1885028,1.7861711],[-58.1860439,1.7878095],[-58.1852243,1.789331],[-58.1850487,1.7917301],[-58.183468,1.7921397],[-58.1822971,1.7923738],[-58.1810091,1.7938367],[-58.1799553,1.7957092],[-58.1801895,1.796704],[-58.1798967,1.7981083],[-58.1791942,1.7978158],[-58.1778477,1.7978158],[-58.1766768,1.7978158],[-58.1755644,1.7983424],[-58.1747448,1.7992786],[-58.1739252,1.8000393],[-58.1738667,1.8013267],[-58.1741594,1.8029066],[-58.1735154,1.8046621],[-58.1732929,1.8075506],[-58.1734171,1.808585],[-58.1729617,1.8109435],[-58.1724236,1.8126813],[-58.1710574,1.812433],[-58.1698155,1.8113159],[-58.1691118,1.8117296],[-58.1681596,1.8141708],[-58.168408,1.8168603],[-58.1677871,1.8181843],[-58.166007,1.8177706],[-58.162985,1.8165707],[-58.1614947,1.8160328],[-58.159549,1.8153707],[-58.1572722,1.8145018],[-58.1553679,1.8144605],[-58.15454,1.8164465],[-58.1542838,1.8173252],[-58.1538776,1.8187187],[-58.1529255,1.8186773],[-58.1518078,1.818429],[-58.1508349,1.8177877],[-58.1508142,1.8168361],[-58.1507107,1.816174],[-58.1500277,1.8147259],[-58.148496,1.8140018],[-58.1473369,1.8142707],[-58.1469436,1.8157189],[-58.1460535,1.8160085],[-58.144853,1.8152638],[-58.144377,1.8146638],[-58.1440251,1.8132156],[-58.1429488,1.8121398],[-58.1417689,1.8118502],[-58.1411894,1.8111468],[-58.1417275,1.8102158],[-58.142452,1.8090159],[-58.1433834,1.8090366],[-58.1442942,1.8101951],[-58.1449979,1.8098434],[-58.1449151,1.8092021],[-58.144377,1.808478],[-58.1443149,1.8076505],[-58.1452877,1.8074436],[-58.1464882,1.8081056],[-58.1472748,1.8082091],[-58.1475231,1.8072367],[-58.1482683,1.8071126],[-58.1488686,1.8067609],[-58.1486409,1.8054782],[-58.1476473,1.8043403],[-58.146985,1.8028922],[-58.1461363,1.8018164],[-58.1451842,1.8015888],[-58.1441907,1.8009888],[-58.1433834,1.79952],[-58.143342,1.7985269],[-58.1431557,1.7968512],[-58.1418103,1.7958374],[-58.1401958,1.7955478],[-58.1376706,1.7955685],[-58.1368634,1.7971201],[-58.1343588,1.8005544],[-58.1323097,1.7999544],[-58.1298465,1.7990855],[-58.1276318,1.7982166],[-58.126245,1.7980718],[-58.1258517,1.7989407],[-58.1248375,1.7996234],[-58.1236577,1.79952],[-58.1218776,1.7992924],[-58.1183174,1.7988786],[-58.1174481,1.7996648],[-58.1165994,1.8012785],[-58.1156887,1.8003682],[-58.1146124,1.7993958],[-58.1136188,1.7991269],[-58.1122941,1.7985062],[-58.1115904,1.7974304],[-58.1101498,1.7969505],[-58.1096654,1.7967891],[-58.1088619,1.7978615],[-58.1081574,1.7992173],[-58.1076538,1.8002377],[-58.1072958,1.8009313],[-58.1061884,1.8028592],[-58.105893,1.8039314],[-58.1054904,1.8040492],[-58.105024,1.8034833],[-58.1048761,1.8026297],[-58.1056052,1.8015663],[-58.1052749,1.8005707],[-58.1047233,1.8008437],[-58.1037372,1.8006207],[-58.1031799,1.8006275],[-58.1033873,1.8012353],[-58.1040272,1.8028997],[-58.1037539,1.8034197],[-58.1033733,1.8035645],[-58.1024228,1.8036677],[-58.102093,1.803255],[-58.1020289,1.8020342],[-58.1015914,1.8007789],[-58.1004107,1.7997853],[-58.099685,1.7994684],[-58.0984556,1.7983566],[-58.0974634,1.798027],[-58.097827,1.7990403],[-58.0981489,1.7999763],[-58.0990688,1.8008059],[-58.0985881,1.8011038],[-58.0978639,1.8009312],[-58.0975688,1.7998349],[-58.0964065,1.7994099],[-58.0954698,1.7985321],[-58.0945917,1.7978884],[-58.093772,1.7978884],[-58.0920157,1.7986492],[-58.0909619,1.7994684],[-58.0903765,1.7989417],[-58.0892641,1.798181],[-58.0885616,1.7990002],[-58.0887958,1.8008727],[-58.0880347,1.8022186],[-58.0869809,1.801809],[-58.0856344,1.8004631],[-58.0843464,1.7999365],[-58.0830584,1.7990002],[-58.0821802,1.7966011],[-58.0827657,1.7945531],[-58.0834623,1.794228],[-58.0835451,1.7935453],[-58.0828828,1.7929146],[-58.0818875,1.7915102],[-58.0804239,1.7904569],[-58.0794872,1.7912177],[-58.0781992,1.7926805],[-58.075916,1.7926805],[-58.0722277,1.7918613],[-58.0695346,1.7916273],[-58.0682466,1.7919784],[-58.0673099,1.794202],[-58.0663732,1.79625],[-58.0644413,1.7964256],[-58.0614555,1.7967181],[-58.0591137,1.7959574],[-58.0591723,1.7947286],[-58.0594064,1.792505],[-58.0576822,1.7888005],[-58.0569091,1.7869975],[-58.0566801,1.7860245],[-58.0570809,1.7845649],[-58.0566801,1.7831053],[-58.0559642,1.7828477],[-58.0539565,1.7830813],[-58.0532384,1.7827161],[-58.0528468,1.7823729],[-58.0524525,1.7821933],[-58.0522138,1.7821826],[-58.0519268,1.7822764],[-58.0515808,1.7825901],[-58.051297,1.782905],[-58.0508995,1.7831397],[-58.0501056,1.7835767],[-58.049494,1.7838233],[-58.0491373,1.784011],[-58.0488986,1.7840458],[-58.0486786,1.7840324],[-58.0484131,1.7838608],[-58.0481315,1.7835928],[-58.0475521,1.7831692],[-58.0467689,1.7827644],[-58.0458194,1.7823917],[-58.0443898,1.7819199],[-58.0435878,1.7816303],[-58.0430594,1.7814588],[-58.0425578,1.7813515],[-58.0420697,1.7812738],[-58.04167,1.7813086],[-58.0413079,1.7812899],[-58.0410102,1.7811933],[-58.0407715,1.7810084],[-58.0406454,1.780625],[-58.0402511,1.7786438],[-58.0399615,1.7772792],[-58.0396423,1.7764562],[-58.0392212,1.7758047],[-58.0388886,1.7751693],[-58.0386579,1.7749361],[-58.0384058,1.774853],[-58.0382234,1.7748905],[-58.0380625,1.7750433],[-58.0379149,1.7754133],[-58.0378532,1.7759897],[-58.0378988,1.7766948],[-58.037872,1.7771049],[-58.0378184,1.7773087],[-58.0376494,1.7774025],[-58.0373973,1.7774213],[-58.0371881,1.7773355],[-58.036952,1.7771907],[-58.0367857,1.7770808],[-58.0363807,1.7769682],[-58.0359703,1.7769414],[-58.0355385,1.776995],[-58.0350691,1.7772658],[-58.0343462,1.7776104],[-58.0338299,1.7779012],[-58.0332854,1.778239],[-58.0330226,1.7785151],[-58.0328858,1.778802],[-58.0328563,1.7790915],[-58.0328429,1.779432],[-58.0329689,1.7798502],[-58.0330735,1.780381],[-58.0330843,1.7807912],[-58.033036,1.7812202],[-58.0329207,1.7814748],[-58.0327088,1.7816223],[-58.0324325,1.7816705],[-58.0314723,1.7817751],[-58.0309063,1.7818475],[-58.0305147,1.7819145],[-58.0301473,1.7818957],[-58.02993,1.7818475],[-58.0296189,1.7815955],[-58.029305,1.7813864],[-58.0289134,1.781247],[-58.0286318,1.7812148],[-58.0283985,1.7812791],[-58.0281946,1.7814239],[-58.0280927,1.7816464],[-58.0280069,1.782011],[-58.0278835,1.7824587],[-58.0276877,1.7829118],[-58.0276179,1.7833139],[-58.0276206,1.7838153],[-58.0276904,1.784322],[-58.0276501,1.7847107],[-58.0275536,1.7849761],[-58.0273229,1.7852925],[-58.0267382,1.7860806],[-58.0262768,1.7865364],[-58.0257511,1.7869707],[-58.0253541,1.7872602],[-58.0251235,1.7873996],[-58.0248714,1.7874479],[-58.0246326,1.7874533],[-58.024402,1.7874184],[-58.0242223,1.787346],[-58.0239058,1.7870592],[-58.0234739,1.7865846],[-58.0230045,1.7860619],[-58.0223581,1.7853997],[-58.0220389,1.7848742],[-58.0218029,1.7844909],[-58.0216259,1.7841986],[-58.0214703,1.7841129],[-58.0213094,1.7840673],[-58.0211458,1.7840994],[-58.0210841,1.7842174],[-58.0210036,1.7844024],[-58.0208883,1.7846732],[-58.0205798,1.7850967],[-58.0202794,1.7854453],[-58.0199844,1.7856839],[-58.019692,1.7858125],[-58.0194694,1.7858233],[-58.0192414,1.7858045],[-58.0190671,1.785767],[-58.0188605,1.7856195],[-58.0185121,1.7852804],[-58.0181283,1.7850056],[-58.0176455,1.7847134],[-58.0172834,1.7845338],[-58.0169964,1.784456],[-58.0166477,1.7844212],[-58.0163714,1.7844453],[-58.0161515,1.7845418],[-58.0160388,1.7846892],[-58.0159664,1.7848984],[-58.0159208,1.7851772],[-58.0159315,1.7854935],[-58.0159924,1.7859672],[-58.0160362,1.7863058],[-58.0160013,1.7864855],[-58.0158672,1.7866195],[-58.0156848,1.7866946],[-58.0154407,1.7866812],[-58.0151027,1.7865873],[-58.0147594,1.7864881],[-58.0142525,1.7862522],[-58.0139548,1.7861235],[-58.0136329,1.7860592],[-58.0132306,1.7860672],[-58.0129838,1.7860806],[-58.0126753,1.786019],[-58.0123428,1.7858769],[-58.0118197,1.7855311],[-58.0115435,1.7853836],[-58.0112779,1.7852254],[-58.0108058,1.7851182],[-58.0105376,1.7851396],[-58.0101755,1.7852147],[-58.0098242,1.7852978],[-58.0096579,1.7854587],[-58.0095667,1.7857053],[-58.0095264,1.7859171],[-58.0095372,1.7861986],[-58.0096525,1.786456],[-58.0099234,1.7868769],[-58.0101112,1.7873836],[-58.0103445,1.7879224],[-58.0104759,1.7884184],[-58.0104893,1.7887106],[-58.0104518,1.7890028],[-58.0103418,1.789287],[-58.0100226,1.7895042],[-58.0097218,1.7896305],[-58.0093333,1.7898527],[-58.008998,1.790035],[-58.0086789,1.7901476],[-58.0084267,1.7901771],[-58.008247,1.790169],[-58.007893,1.7901315],[-58.0076194,1.7901074],[-58.0069649,1.7900537],[-58.0061013,1.7899733],[-58.0054924,1.7899063],[-58.0049077,1.7899143],[-58.0042613,1.7901047],[-58.0034539,1.7904344],[-58.0023381,1.7907937],[-58.0011231,1.7910859],[-57.9998356,1.7913245],[-57.9986662,1.7914103],[-57.9977033,1.7916355],[-57.9967323,1.7919196],[-57.9957774,1.7922092],[-57.9949325,1.7925872],[-57.9945248,1.7928848],[-57.9941708,1.79311],[-57.9938006,1.7932172],[-57.9933983,1.7931931],[-57.9930013,1.7931743],[-57.9926875,1.7932199],[-57.9924408,1.7933244],[-57.9921591,1.7935711],[-57.9914859,1.794118],[-57.9902709,1.7950509],[-57.9898256,1.795378],[-57.9894877,1.7954718],[-57.9890478,1.7955978],[-57.9887581,1.7956354],[-57.9883692,1.7956059],[-57.9880822,1.7955469],[-57.9879025,1.7954289],[-57.9878086,1.7952708],[-57.9877844,1.7949893],[-57.9879078,1.794563],[-57.9881734,1.7939732],[-57.9883155,1.7937319],[-57.9884899,1.7935469],[-57.9887366,1.7934853],[-57.9890934,1.793496],[-57.9894581,1.793563],[-57.9897639,1.7935898],[-57.9901233,1.7935604],[-57.9903969,1.7934746],[-57.9906383,1.7933298],[-57.9907966,1.7931689],[-57.9908234,1.793],[-57.9907483,1.7928204],[-57.9905096,1.792614],[-57.990067,1.7922869],[-57.989265,1.791807],[-57.9886562,1.7913835],[-57.9879507,1.7909384],[-57.9876047,1.7907722],[-57.9873902,1.7907025],[-57.9872185,1.7906811],[-57.9870763,1.7906891],[-57.9868966,1.7907535],[-57.986674,1.7908875],[-57.9862958,1.7910698],[-57.9859284,1.7912601],[-57.9855099,1.7913808],[-57.9849923,1.791488],[-57.9841474,1.7915872],[-57.9832435,1.7916328],[-57.9825488,1.7916274],[-57.9817951,1.7915792],[-57.9812613,1.7914666],[-57.9803145,1.7908768],[-57.9794852,1.7903174],[-57.9786059,1.7898768],[-57.9781392,1.7896275],[-57.977871,1.789413],[-57.9776484,1.7891047],[-57.9774419,1.7888044],[-57.9773828,1.7885042],[-57.9773748,1.7883058],[-57.9774606,1.7880699],[-57.9776242,1.7878581],[-57.9778522,1.7876463],[-57.9783323,1.7873996],[-57.9785952,1.7872468],[-57.9787132,1.787145],[-57.9787481,1.7870565],[-57.9787427,1.7869787],[-57.9786918,1.7869198],[-57.9785872,1.7868983],[-57.9784155,1.7868903],[-57.9782411,1.7869198],[-57.9780453,1.787027],[-57.9778174,1.7871959],[-57.9774767,1.7874023],[-57.9771549,1.7875578],[-57.9767498,1.7876543],[-57.97631,1.7876731],[-57.9759881,1.7876731],[-57.975744,1.7877642],[-57.9755187,1.7878822],[-57.9753926,1.7880163],[-57.9753417,1.7881476],[-57.9753229,1.7883406],[-57.9753739,1.7885766],[-57.9755643,1.7890109],[-57.9756904,1.7893031],[-57.975744,1.7896033],[-57.9757467,1.7899465],[-57.9756984,1.7901958],[-57.975634,1.7903138],[-57.9755455,1.7903781],[-57.9753792,1.7904076],[-57.9752505,1.7903728],[-57.97506,1.7902575],[-57.9748106,1.7900886],[-57.9744539,1.7898205],[-57.9741159,1.7896409],[-57.9739174,1.7895712],[-57.9737619,1.7895605],[-57.9735929,1.7895926],[-57.9734829,1.789673],[-57.973389,1.7898312],[-57.9733461,1.7900269],[-57.9733166,1.7903647],[-57.9732442,1.7906516],[-57.9730511,1.7908634],[-57.9728204,1.791043],[-57.9725173,1.7911663],[-57.9723001,1.7912172],[-57.9720104,1.7911878],[-57.9717207,1.7912119],[-57.9714713,1.7911904],[-57.9710609,1.7910323],[-57.9707068,1.7908741],[-57.9702213,1.7906167],[-57.9699022,1.7903754],[-57.9695186,1.7900216],[-57.9690385,1.7896328],[-57.9684967,1.7891824],[-57.9677135,1.7884693],[-57.9670858,1.7879144],[-57.9666916,1.7876061],[-57.9664663,1.7874962],[-57.9663134,1.7874667],[-57.9661551,1.787472],[-57.9660264,1.7875256],[-57.9659191,1.7876088],[-57.965726,1.7878313],[-57.9654712,1.7881262],[-57.9650474,1.7885551],[-57.9644009,1.7890779],[-57.9638752,1.7894291],[-57.9631591,1.7900162],[-57.9627407,1.7903915],[-57.9624188,1.7906114],[-57.9621318,1.7907481],[-57.9618758,1.7908325],[-57.961354,1.7909358],[-57.9609382,1.7909626],[-57.960619,1.7910349],[-57.9604071,1.7911154],[-57.9600558,1.7913701],[-57.9596213,1.791799],[-57.9593799,1.7921502],[-57.9591787,1.7926381],[-57.9589319,1.7930537],[-57.9586718,1.7934075],[-57.9583982,1.7936488],[-57.9580387,1.7938472],[-57.9576847,1.7940322],[-57.9572904,1.7941957],[-57.9569364,1.7942922],[-57.956644,1.7944236],[-57.9563221,1.7946166],[-57.9561102,1.7948633],[-57.9559493,1.7950536],[-57.9557428,1.795193],[-57.9554263,1.7953539],[-57.9551554,1.79537],[-57.9548416,1.7953887],[-57.9546216,1.7952922],[-57.9544365,1.795185],[-57.9543373,1.7949812],[-57.9543078,1.7947051],[-57.954348,1.7943244],[-57.9543051,1.7940429],[-57.9542327,1.7938043],[-57.9540235,1.7935523],[-57.9538089,1.7935201],[-57.9535648,1.7935898],[-57.9533073,1.7937373],[-57.9530579,1.7938338],[-57.9528111,1.7938767],[-57.9525563,1.7938499],[-57.9523042,1.7937185],[-57.952154,1.7935469],[-57.9520065,1.7934156],[-57.9517946,1.7933995],[-57.9516283,1.7934424],[-57.9514781,1.7935684],[-57.9514003,1.7937239],[-57.951403,1.7938955],[-57.9514593,1.7940885],[-57.9516497,1.794311],[-57.9518911,1.7945094],[-57.9519555,1.7947265],[-57.9519689,1.7949142],[-57.951934,1.7951635],[-57.9518268,1.7953324],[-57.9516444,1.7954504],[-57.9514566,1.79563],[-57.9513145,1.7959946],[-57.9512501,1.7961849],[-57.9511213,1.7963833],[-57.950955,1.7965093],[-57.9507297,1.7966005],[-57.9504186,1.7966219],[-57.9500297,1.7966112],[-57.9494637,1.7966434],[-57.949107,1.7967158],[-57.9486537,1.7968686],[-57.9479376,1.7971554],[-57.9474092,1.7974208],[-57.9469639,1.7976916],[-57.9462422,1.7981876],[-57.9457784,1.7985897],[-57.9455182,1.798772],[-57.9451802,1.7988766],[-57.9448664,1.7989221],[-57.9444963,1.7988739],[-57.9441422,1.7986621],[-57.943646,1.7983779],[-57.9432088,1.7981903],[-57.9426724,1.7980937],[-57.9422995,1.7981232],[-57.9419535,1.7981822],[-57.9416129,1.7982492],[-57.9413152,1.7982519],[-57.941047,1.7982037],[-57.9408431,1.7982573],[-57.9406768,1.7984342],[-57.940481,1.7986969],[-57.9401296,1.7990991],[-57.9399097,1.7993135],[-57.9397193,1.7994154],[-57.939553,1.7994422],[-57.9393277,1.7994047],[-57.9390809,1.799209],[-57.9385927,1.79878],[-57.9379624,1.798209],[-57.9375413,1.7977533],[-57.9372758,1.797319],[-57.9370424,1.7969249],[-57.936691,1.7965817],[-57.9362726,1.796327],[-57.9359615,1.7962037],[-57.9356959,1.7961581],[-57.9355055,1.7961555],[-57.935358,1.7962412],[-57.9352507,1.7963458],[-57.9351783,1.7965361],[-57.935138,1.7968686],[-57.935138,1.7975763],[-57.9351783,1.7982787],[-57.9351649,1.7989731],[-57.93513,1.7994127],[-57.9350388,1.7995816],[-57.9348806,1.7997532],[-57.9346445,1.7998015],[-57.9343522,1.7998256],[-57.9335663,1.7999409],[-57.9328206,1.8000856],[-57.9319301,1.8001822],[-57.9302641,1.8007039],[-57.9299593,1.8008074],[-57.9289065,1.8028715],[-57.9291899,1.8047333],[-57.928947,1.805907],[-57.9283396,1.8072021],[-57.9284205,1.8083354],[-57.9297163,1.810359],[-57.9308906,1.8129493],[-57.9310121,1.8139207],[-57.9307287,1.8154586],[-57.9297973,1.8150539],[-57.9282586,1.8147706],[-57.9270843,1.8148515],[-57.9261529,1.8160253],[-57.9255455,1.8174823],[-57.9246547,1.8180894],[-57.9239663,1.8189798],[-57.9233589,1.8201535],[-57.922792,1.823877],[-57.9219011,1.825334],[-57.9212532,1.8270744],[-57.9217391,1.8287742],[-57.9212127,1.8299479],[-57.9205648,1.8318906],[-57.9188394,1.8333789],[-57.9165201,1.8342947],[-57.9153748,1.8350388],[-57.9153462,1.8359546],[-57.9169496,1.8370134],[-57.9186676,1.8377575],[-57.9198702,1.8393315],[-57.9200993,1.8405049],[-57.9206433,1.8422506],[-57.9210155,1.843567],[-57.9205003,1.8449731],[-57.9200506,1.8451588],[-57.9196125,1.844998],[-57.9190398,1.8441966],[-57.9182667,1.8436243],[-57.917236,1.8435957],[-57.915518,1.844168],[-57.9140577,1.8463716],[-57.9131987,1.8482032],[-57.9124542,1.8492907],[-57.9111657,1.8520667],[-57.9104213,1.8535262],[-57.9085601,1.8544133],[-57.9079875,1.8552433],[-57.9071571,1.858706],[-57.9059259,1.8635711],[-57.9054105,1.866347],[-57.9055536,1.8686079],[-57.9054964,1.8698384],[-57.9048665,1.8719275],[-57.9049524,1.8737305],[-57.9053246,1.8763347],[-57.9056395,1.8811997],[-57.904981,1.8829167],[-57.9036066,1.8839756],[-57.9027476,1.8846624],[-57.9024613,1.8858357],[-57.9028908,1.887238],[-57.9033489,1.8883255],[-57.9047233,1.8895274],[-57.9062981,1.890529],[-57.9084742,1.8933335],[-57.9089037,1.8947072],[-57.9084742,1.8963384],[-57.9080447,1.8967962],[-57.9080447,1.8978551],[-57.9091328,1.8983702],[-57.9109939,1.9009458],[-57.9117957,1.902348],[-57.9129124,1.9037216],[-57.9143154,1.903922],[-57.9165488,1.9043226],[-57.9181236,1.9042368],[-57.9196411,1.9041223],[-57.9205288,1.9050667],[-57.9203283,1.9061255],[-57.9213878,1.9067837],[-57.9234493,1.906612],[-57.9261981,1.9062686],[-57.9281165,1.9059252],[-57.9289755,1.906612],[-57.9294337,1.9076708],[-57.9298059,1.9086152],[-57.9299777,1.9094737],[-57.9298345,1.9103895],[-57.9288324,1.9105612],[-57.9275439,1.9105898],[-57.9259691,1.9103322],[-57.9252246,1.9103036],[-57.9238502,1.9114769],[-57.9236784,1.9125358],[-57.9232775,1.9137663],[-57.9221608,1.9139952],[-57.9204429,1.9142242],[-57.9185244,1.9149396],[-57.9172932,1.9167711],[-57.9165201,1.91969],[-57.9161479,1.9222083],[-57.915203,1.9236678],[-57.9144299,1.9236964],[-57.9139145,1.9232099],[-57.9135423,1.9221225],[-57.9133419,1.9204627],[-57.9134564,1.9192322],[-57.9136568,1.9172003],[-57.9137427,1.9146248],[-57.9136855,1.9130795],[-57.9120247,1.9122496],[-57.910679,1.9128792],[-57.9098486,1.914682],[-57.9093332,1.9157409],[-57.9083311,1.9163704],[-57.9071285,1.9172862],[-57.9051242,1.919919],[-57.9042079,1.9215501],[-57.9034921,1.9230096],[-57.9022322,1.9248697],[-57.9025185,1.9257568],[-57.903807,1.9265009],[-57.9054391,1.9263292],[-57.9059545,1.9272735],[-57.9060118,1.9283896],[-57.9059831,1.9305358],[-57.9065558,1.9333117],[-57.9070426,1.9346281],[-57.9072716,1.9366026],[-57.9068994,1.939035],[-57.9063554,1.9431844],[-57.9065272,1.9443005],[-57.9070426,1.945531],[-57.9078443,1.9462178],[-57.910049,1.9466471],[-57.9111944,1.9473625],[-57.9121106,1.9487647],[-57.913485,1.9492225],[-57.9144299,1.9502241],[-57.9158329,1.9505675],[-57.9167778,1.9491653],[-57.9179518,1.9473339],[-57.9199275,1.9458744],[-57.9219032,1.9449301],[-57.9240506,1.9442433],[-57.9245913,1.944371],[-57.9256255,1.9446153],[-57.9256827,1.9458458],[-57.9249383,1.9463895],[-57.9237357,1.9469046],[-57.9235925,1.9480207],[-57.9251387,1.948965],[-57.9267994,1.9500238],[-57.928317,1.9513688],[-57.9288896,1.9527138],[-57.9289183,1.9538012],[-57.928002,1.9550317],[-57.927687,1.9555182],[-57.9259118,1.9561191],[-57.9245088,1.9571779],[-57.9235925,1.9594386],[-57.9226476,1.9609267],[-57.9229626,1.9633304],[-57.9230485,1.965076],[-57.9230485,1.9664782],[-57.9219032,1.9666785],[-57.920586,1.9662493],[-57.9193262,1.9659631],[-57.9179804,1.9661348],[-57.9164629,1.9665355],[-57.9150312,1.9668216],[-57.9131316,1.9676348],[-57.9122007,1.9681098],[-57.9110917,1.968763],[-57.9082002,1.9711777],[-57.9065366,1.9718111],[-57.9061207,1.9731174],[-57.9061801,1.9741862],[-57.9060415,1.9755124],[-57.9062,1.976502],[-57.9070714,1.976502],[-57.9077843,1.9758884],[-57.9089132,1.9752155],[-57.9099826,1.9755717],[-57.9104183,1.9765218],[-57.9118047,1.9773333],[-57.9137653,1.9774125],[-57.9155675,1.977551],[-57.9166172,1.9781646],[-57.9163201,1.9797084],[-57.9157458,1.9800845],[-57.9155873,1.9813512],[-57.9155873,1.9821232],[-57.916023,1.982994],[-57.9166568,1.9839639],[-57.9170727,1.9852108],[-57.9168746,1.9872099],[-57.9164587,1.9876255],[-57.9155873,1.9883381],[-57.915726,1.9894267],[-57.9167558,1.9898621],[-57.918459,1.990733],[-57.9205979,1.9914653],[-57.9226972,1.9925341],[-57.9236676,1.9939592],[-57.9240439,1.9945727],[-57.92545,1.9953842],[-57.9274503,1.9954634],[-57.9292129,1.9951467],[-57.9306388,1.995404],[-57.9314706,1.9961561],[-57.9316291,1.9977791],[-57.9319261,1.999798],[-57.9328371,2.0015397],[-57.9347186,2.0021137],[-57.9354711,2.0015397],[-57.9360851,1.9998771],[-57.9372932,1.9987094],[-57.9393132,1.9989271],[-57.9409174,1.9988875],[-57.9416502,1.997601],[-57.9416898,1.9963145],[-57.9429969,1.9954634],[-57.9435712,1.996453],[-57.9437297,1.9978385],[-57.9434722,1.9990261],[-57.9432345,2.0013814],[-57.9433138,2.0029252],[-57.9436108,2.0046669],[-57.9430563,2.005617],[-57.9426404,2.0062503],[-57.9433534,2.0082692],[-57.9436504,2.0090609],[-57.9437297,2.0110401],[-57.9434722,2.0123662],[-57.9428781,2.0136725],[-57.9420463,2.0152163],[-57.9414521,2.0172549],[-57.9401054,2.0177497],[-57.939234,2.0160278],[-57.9385805,2.0152361],[-57.9378081,2.0140881],[-57.9362831,2.01296],[-57.9346393,2.0132173],[-57.9335303,2.0137517],[-57.9333322,2.0148798],[-57.9321836,2.0157111],[-57.9308765,2.0160278],[-57.9290545,2.015335],[-57.9285791,2.0154934],[-57.9284405,2.0166611],[-57.9287178,2.0179674],[-57.9285593,2.0201248],[-57.9274305,2.0209759],[-57.9270344,2.0218269],[-57.9258065,2.0228561],[-57.9245588,2.0238655],[-57.9232517,2.0241624],[-57.9225387,2.023727],[-57.9221228,2.0223613],[-57.921806,2.0204613],[-57.921806,2.0187789],[-57.9212118,2.0177497],[-57.9198651,2.0174132],[-57.9190333,2.0177497],[-57.9181421,2.0180268],[-57.9163399,2.0178091],[-57.914102,2.0181851],[-57.9109729,2.0187393],[-57.9093291,2.0189175],[-57.9089924,2.0195904],[-57.9079824,2.021055],[-57.9077645,2.0218071],[-57.9086755,2.0226186],[-57.910854,2.023727],[-57.9129335,2.024202],[-57.9143792,2.0250531],[-57.9147753,2.0261812],[-57.9154883,2.0280813],[-57.9160428,2.0298032],[-57.915825,2.0309313],[-57.9153695,2.0330887],[-57.914914,2.0341575],[-57.9141812,2.0352658],[-57.9136069,2.0352064],[-57.9127949,2.0345929],[-57.9115868,2.0340387],[-57.9111115,2.03487],[-57.9103193,2.0356221],[-57.9097846,2.0368294],[-57.9091904,2.0387096],[-57.9083388,2.0399763],[-57.9068676,2.0404511],[-57.8964734,2.0416774],[-57.8931316,2.0466997],[-57.893392,2.048137],[-57.8957373,2.0496725],[-57.8995862,2.0482398],[-57.903606,2.0476563],[-57.9069835,2.0499974],[-57.9097603,2.0539312],[-57.9102833,2.0560673],[-57.9085842,2.0576062],[-57.9084703,2.061195],[-57.9097032,2.0641665],[-57.913734,2.067213],[-57.9173389,2.0685854],[-57.9191656,2.0707166],[-57.9185759,2.0732533],[-57.9183099,2.0741586],[-57.919434,2.0772388],[-57.9185637,2.0779273],[-57.9176822,2.0771629],[-57.9156265,2.0772025],[-57.9151158,2.0772874],[-57.9143211,2.0778186],[-57.9139431,2.0804839],[-57.9164243,2.0816054],[-57.9173061,2.0824797],[-57.9157951,2.0871863],[-57.9142305,2.0885449],[-57.9133383,2.0888772],[-57.9122361,2.0892878],[-57.9099332,2.0917132],[-57.9101148,2.0941617],[-57.9104593,2.0961366],[-57.9093352,2.0985645],[-57.9093533,2.1004851],[-57.9100241,2.100775],[-57.9105499,2.1014273],[-57.910423,2.1023151],[-57.9097522,2.1028949],[-57.907377,2.1037464],[-57.9067425,2.1026412],[-57.90696,2.1009924],[-57.9071776,2.0994161],[-57.9067243,2.098184],[-57.9057384,2.097629],[-57.9041316,2.0980029],[-57.9006877,2.0999787],[-57.8997258,2.0998872],[-57.8986199,2.1008837],[-57.8991638,2.1021339],[-57.9007412,2.1030217],[-57.9024044,2.1052966],[-57.9024455,2.1064642],[-57.9026993,2.1073702],[-57.9070392,2.1095852],[-57.9108453,2.1113218],[-57.9143992,2.1135951],[-57.9155231,2.1153745],[-57.9165316,2.1176903],[-57.9167676,2.1203064],[-57.9156947,2.1218074],[-57.9149356,2.1217649],[-57.9144502,2.1216144],[-57.9139271,2.1208642],[-57.913785,2.1187196],[-57.9135275,2.1173901],[-57.9121542,2.1159106],[-57.9104724,2.1149031],[-57.9073048,2.1171757],[-57.9055882,2.1183551],[-57.9044428,2.1197707],[-57.9026699,2.1212928],[-57.9008675,2.1216573],[-57.8992715,2.1231158],[-57.8985715,2.1247451],[-57.8982544,2.1277089],[-57.9026404,2.1287338],[-57.9053521,2.131714],[-57.9078975,2.1353168],[-57.9088927,2.1360669],[-57.9119611,2.1358525],[-57.9135109,2.1361359],[-57.9133129,2.1381468],[-57.9135919,2.1395621],[-57.9147506,2.1412989],[-57.9148284,2.1421355],[-57.9128623,2.1443438],[-57.91224,2.1453516],[-57.912468,2.1473461],[-57.9132056,2.1495115],[-57.9149652,2.1517629],[-57.9162016,2.1527926],[-57.9180765,2.1510982],[-57.9209438,2.1495547],[-57.9242563,2.1495543],[-57.9284969,2.1504124],[-57.9291058,2.1519773],[-57.9291702,2.1534783],[-57.9277969,2.1541645],[-57.9268313,2.1555368],[-57.9262653,2.1586463],[-57.9277539,2.1643496],[-57.9272094,2.1670732],[-57.9258228,2.1689597],[-57.9244495,2.1703106],[-57.9225397,2.1710825],[-57.9211155,2.1730556],[-57.9210592,2.1746419],[-57.922175,2.1761858],[-57.9213166,2.1783729],[-57.9194069,2.1793163],[-57.9186692,2.1781803],[-57.9176474,2.1774723],[-57.9163948,2.1770439],[-57.9121971,2.1764002],[-57.9097939,2.1766146],[-57.9083052,2.1773441],[-57.907404,2.1800886],[-57.9081979,2.1824472],[-57.908957,2.1822539],[-57.9091931,2.1813748],[-57.9090992,2.1794025],[-57.911017,2.1801311],[-57.912468,2.1814609],[-57.9133558,2.1840122],[-57.9146433,2.1860921],[-57.9163385,2.1869497],[-57.9164458,2.1881076],[-57.9156518,2.1894156],[-57.9143349,2.1892015],[-57.9118324,2.1881934],[-57.910738,2.1881934],[-57.9101291,2.1886655],[-57.9095578,2.1902732],[-57.9079485,2.1921816],[-57.9073262,2.1934038],[-57.9073825,2.1943261],[-57.9086137,2.1952263],[-57.9109311,2.1950119],[-57.9136911,2.1967276],[-57.915051,2.1983568],[-57.9155548,2.1986156],[-57.916596,2.1991502],[-57.9185405,2.1991291],[-57.9218745,2.2004153],[-57.9238272,2.2017018],[-57.9252219,2.2043177],[-57.9268018,2.2046396],[-57.9287839,2.2045107],[-57.9306507,2.2057543],[-57.9314876,2.207148],[-57.9329944,2.2082676],[-57.9382897,2.2083487],[-57.9393759,2.209314],[-57.9401565,2.2104071],[-57.9410925,2.21223],[-57.9397273,2.2140093],[-57.9376674,2.2144167],[-57.935535,2.2155964],[-57.9329896,2.2180832],[-57.9295912,2.2195416],[-57.9286766,2.2215997],[-57.9272953,2.2246876],[-57.9273034,2.2310339],[-57.9267455,2.2327064],[-57.9256644,2.2338324],[-57.9237843,2.2370268],[-57.9207721,2.2394393],[-57.9201794,2.2435557],[-57.9206005,2.2469866],[-57.924892,2.2497311],[-57.9257503,2.2541908],[-57.9230037,2.2572783],[-57.9168239,2.25522],[-57.913219,2.258479],[-57.9080692,2.2577929],[-57.8993145,2.2586506],[-57.8881565,2.2591651],[-57.8871265,2.2641394],[-57.8922763,2.2710005],[-57.8965679,2.2759748],[-57.9006877,2.2759748],[-57.9060093,2.2771755],[-57.9084898,2.2823041],[-57.9051509,2.283865],[-57.8994861,2.2857517],[-57.8946796,2.2927842],[-57.8948513,2.2970723],[-57.8953662,2.3010173],[-57.893993,2.3035902],[-57.8965679,2.3035902],[-57.8984562,2.3053054],[-57.8915897,2.3152537],[-57.8866171,2.3164705],[-57.8831783,2.3173119],[-57.8758741,2.3241556],[-57.8708187,2.3409816],[-57.8651538,2.3425253],[-57.8656688,2.3486999],[-57.8629222,2.3485284],[-57.8576007,2.3502436],[-57.8522792,2.3483569],[-57.8481594,2.3574473],[-57.8473011,2.3634503],[-57.8510776,2.3759709],[-57.8504682,2.3809276],[-57.8541675,2.3806018],[-57.8591457,2.3819739],[-57.8588796,2.3766398],[-57.8642955,2.3747703],[-57.8666988,2.3735697],[-57.8627506,2.3677382],[-57.8613773,2.3673952],[-57.8588024,2.3665376],[-57.8602529,2.3622326],[-57.870647,2.3625928],[-57.8723636,2.3732267],[-57.8751102,2.3732267],[-57.8793073,2.3660059],[-57.8849721,2.3661774],[-57.8943363,2.3601915],[-57.8921047,2.3569327],[-57.8878904,2.3536568],[-57.8940702,2.3476537],[-57.8984562,2.3480139],[-57.9058376,2.3557321],[-57.9171672,2.3679097],[-57.9224887,2.3663661],[-57.924892,2.3667091],[-57.9247203,2.3730552],[-57.9183689,2.3764854],[-57.9187122,2.3821454],[-57.9183977,2.383193],[-57.9156223,2.3924361],[-57.9078975,2.3996396],[-57.8967395,2.3950088],[-57.8905597,2.3934652],[-57.8879848,2.3975815],[-57.8897014,2.4001541],[-57.8903881,2.4027268],[-57.8855815,2.4071861],[-57.8810798,2.4143205],[-57.8806034,2.4150755],[-57.8764835,2.4202207],[-57.870647,2.4185057],[-57.8685877,2.4182588],[-57.8620639,2.4174766],[-57.8543392,2.4178196],[-57.8531375,2.4239939],[-57.8533092,2.4301682],[-57.8560558,2.4329123],[-57.856133,2.4366683],[-57.8582874,2.4449177],[-57.8569141,2.4488623],[-57.8509059,2.4497198],[-57.8466144,2.4492053],[-57.8414646,2.4449177],[-57.8327098,2.4430311],[-57.8263584,2.4408016],[-57.8122821,2.4444032],[-57.8035274,2.4411446],[-57.8018108,2.4377145],[-57.7906528,2.4294822],[-57.7843013,2.4289676],[-57.7789798,2.4330838],[-57.7782932,2.4356564],[-57.7824131,2.4380575],[-57.7896228,2.4521209],[-57.7944294,2.4644691],[-57.7865329,2.4711577],[-57.7836147,2.4876218],[-57.783958,2.4934528],[-57.7786365,2.4997982],[-57.7695385,2.5013417],[-57.764217,2.5076871],[-57.7691951,2.511803],[-57.7777782,2.5133465],[-57.7822414,2.5191773],[-57.7872196,2.5214068],[-57.7882495,2.5346118],[-57.7909961,2.5431865],[-57.7944294,2.5491887],[-57.7944294,2.5541619],[-57.7918544,2.5683956],[-57.7887645,2.57697],[-57.7832714,2.5819432],[-57.7757183,2.5824576],[-57.7683368,2.5812572],[-57.7542606,2.5841725],[-57.7340046,2.5795423],[-57.7279964,2.5824576],[-57.7204433,2.584001],[-57.7164951,2.5898315],[-57.7135768,2.6038933],[-57.7101436,2.6160686],[-57.7019039,2.621899],[-57.6898962,2.6157257],[-57.6799398,2.6143538],[-57.6691251,2.612639],[-57.663632,2.6193268],[-57.6581388,2.6291012],[-57.6526456,2.6328738],[-57.6492124,2.6294442],[-57.6459508,2.6234424],[-57.6342779,2.6217275],[-57.6335912,2.6251572],[-57.628613,2.630816],[-57.6246648,2.6368178],[-57.630055,2.6464035],[-57.6334196,2.6445344],[-57.6385694,2.6534513],[-57.6373678,2.6601389],[-57.6356512,2.6656261],[-57.6432729,2.6788125],[-57.6457792,2.6832879],[-57.6454359,2.6853456],[-57.6371961,2.6870604],[-57.6322179,2.6875748],[-57.6224332,2.6783152],[-57.6126485,2.6748857],[-57.5951391,2.6613392],[-57.5903326,2.6613392],[-57.5814062,2.6668264],[-57.576428,2.6743713],[-57.5751987,2.6796924],[-57.5743681,2.6832879],[-57.563725,2.6836309],[-57.5630384,2.6877462],[-57.5580602,2.6961484],[-57.555657,2.7033501],[-57.5520521,2.7083228],[-57.5432973,2.7084942],[-57.5405508,2.7119236],[-57.5275045,2.7151815],[-57.5209814,2.7126095],[-57.5070768,2.7117522],[-57.489224,2.7108948],[-57.4772077,2.7136383],[-57.4705129,2.7198112],[-57.4628625,2.7289226],[-57.4615865,2.7304422],[-57.4539135,2.7411218],[-57.4511152,2.7450167],[-57.434464,2.7541043],[-57.4247132,2.7608361],[-57.4227911,2.762163],[-57.4217553,2.7636751],[-57.4160963,2.7719363],[-57.4182249,2.7830641],[-57.4188313,2.7843311],[-57.4192582,2.785223],[-57.4236494,2.7943974],[-57.4254046,2.7995867],[-57.4279409,2.8070852],[-57.4353223,2.8163438],[-57.438109,2.8230489],[-57.4390989,2.8254308],[-57.4403005,2.8295456],[-57.445622,2.8348606],[-57.4430471,2.8418901],[-57.4361806,2.8535487],[-57.4317174,2.8664073],[-57.4361806,2.8708649],[-57.4452787,2.8809801],[-57.4806409,2.8770369],[-57.490769,2.8792657],[-57.4952322,2.8850948],[-57.4945455,2.8893809],[-57.488194,2.8969243],[-57.4792677,2.9104682],[-57.4797826,2.9192116],[-57.4708562,2.9342981],[-57.4741178,2.9423556],[-57.4699979,2.9486986],[-57.469483,2.9541845],[-57.4765211,2.964299],[-57.4888807,2.9738992],[-57.490769,2.9802421],[-57.4907542,2.9883244],[-57.4923826,2.9958249],[-57.4939351,2.9976889],[-57.499651,2.9992111],[-57.5034782,3.0028344],[-57.5072556,3.0047702],[-57.5117786,3.0090553],[-57.5144957,3.0120334],[-57.5181075,3.0132412],[-57.5229949,3.0170465],[-57.5294564,3.0211165],[-57.5310634,3.0215466],[-57.53219,3.0221257],[-57.533914,3.0229317],[-57.535613,3.0235501],[-57.536645,3.0244063],[-57.5368515,3.0256114],[-57.5380106,3.0260712],[-57.5389633,3.0281642],[-57.5407099,3.0302096],[-57.5422818,3.0311927],[-57.5429804,3.032033],[-57.5445524,3.0328893],[-57.5474263,3.0330637],[-57.5513482,3.03633],[-57.5535236,3.0381693],[-57.5566992,3.0392158],[-57.5652417,3.0464302],[-57.5659566,3.0505258],[-57.5705926,3.0576401],[-57.5737524,3.0610966],[-57.5732838,3.0642493],[-57.5752264,3.0657819],[-57.5852958,3.070927],[-57.5899892,3.0760668],[-57.5922262,3.0794519],[-57.5926474,3.0826599],[-57.5911708,3.0853395],[-57.5894956,3.0867902],[-57.5870583,3.0870518],[-57.5859389,3.0865762],[-57.5850894,3.0865207],[-57.5844961,3.08738],[-57.5842649,3.0901597],[-57.5846565,3.0930898],[-57.587586,3.0968077],[-57.5919055,3.1068717],[-57.5939018,3.1107867],[-57.5957437,3.1129747],[-57.5958707,3.1165261],[-57.5980936,3.1188409],[-57.6024919,3.1205691],[-57.6042819,3.1215358],[-57.6095586,3.1257757],[-57.6106692,3.1318892],[-57.6112249,3.1382627],[-57.60978,3.1420836],[-57.6097482,3.1434947],[-57.6108915,3.1449533],[-57.6152235,3.147544],[-57.6203072,3.1517706],[-57.6234035,3.1584135],[-57.6242927,3.1624721],[-57.6260075,3.1660868],[-57.6269761,3.1694954],[-57.6271507,3.1724284],[-57.6254359,3.1737918],[-57.6248484,3.174854],[-57.6247595,3.1768502],[-57.6265632,3.1806089],[-57.6263568,3.1829394],[-57.6263251,3.1850004],[-57.6268967,3.186126],[-57.6268014,3.1881077],[-57.6273889,3.1915797],[-57.629072,3.1940528],[-57.6322476,3.1977308],[-57.6330733,3.2031844],[-57.635328,3.2099062],[-57.6348834,3.2142817],[-57.6357409,3.2214473],[-57.635074,3.2240789],[-57.6334921,3.2281925],[-57.6319608,3.2303269],[-57.63025,3.2309744],[-57.6294714,3.2323847],[-57.6286815,3.2339277],[-57.6272967,3.2343987],[-57.62525,3.2336466],[-57.6229978,3.2317779],[-57.6220315,3.2314056],[-57.620545,3.2318706],[-57.619901,3.2331225],[-57.6179989,3.2340037],[-57.6161804,3.2341632],[-57.6155108,3.233639],[-57.6145065,3.2330237],[-57.6123912,3.233206],[-57.6095684,3.2324084],[-57.6084499,3.2317095],[-57.6069815,3.2312081],[-57.6048739,3.2312917],[-57.6035499,3.2322716],[-57.6029108,3.2338669],[-57.6012521,3.2375285],[-57.6010847,3.2434538],[-57.602363,3.2459151],[-57.6032912,3.2493335],[-57.6051021,3.2504881],[-57.6056956,3.2526455],[-57.6046608,3.2537546],[-57.6027558,3.2550383],[-57.6018152,3.2569299],[-57.6012217,3.2595279],[-57.6012658,3.2613494],[-57.6010999,3.2640553],[-57.5989391,3.2644048],[-57.5968568,3.2657263],[-57.5956521,3.2676864],[-57.5956057,3.2700913],[-57.5979169,3.2738729],[-57.5975666,3.2760223],[-57.5973236,3.277061],[-57.5965017,3.279327],[-57.5923043,3.2852793],[-57.5907825,3.2880899],[-57.5906483,3.2902175],[-57.5914913,3.2915333],[-57.5923491,3.2935632],[-57.5924085,3.2942905],[-57.5924133,3.2978905],[-57.5928644,3.2998746],[-57.593449,3.3004606],[-57.5913639,3.3040955],[-57.5912601,3.306383],[-57.5925991,3.3073526],[-57.594268,3.3077573],[-57.5948243,3.3094988],[-57.5945603,3.3106943],[-57.5930422,3.3117486],[-57.5920616,3.3127087],[-57.5919767,3.3138289],[-57.5922125,3.3150621],[-57.5925708,3.3164835],[-57.5922125,3.3172177],[-57.5905812,3.3180367],[-57.5867617,3.317956],[-57.5850873,3.3185979],[-57.5834623,3.3194581],[-57.5825948,3.3207853],[-57.581501,3.3221597],[-57.5812465,3.323967],[-57.5811993,3.3256426],[-57.5806147,3.3269886],[-57.5787478,3.3277135],[-57.5773448,3.3294432],[-57.5759567,3.3312999],[-57.5744982,3.3327062],[-57.5743915,3.3335967],[-57.5749135,3.3338897],[-57.5757574,3.3339632],[-57.5762868,3.3345003],[-57.5760133,3.3365806],[-57.5743911,3.3377009],[-57.5739557,3.3382023],[-57.5736843,3.3393669],[-57.5732391,3.3396867],[-57.5726899,3.3405626],[-57.5725224,3.3411644],[-57.5728908,3.3417862],[-57.5733596,3.3430165],[-57.5727234,3.3446479],[-57.5724086,3.3450825],[-57.571776,3.3459255],[-57.5711825,3.3476383],[-57.5712894,3.349147],[-57.5713648,3.3498154],[-57.5697807,3.3504931],[-57.5685172,3.3515568],[-57.5679326,3.3523286],[-57.567744,3.353157],[-57.5678819,3.3539984],[-57.5677908,3.3541483],[-57.5677478,3.3542822],[-57.5676835,3.3543357],[-57.5675654,3.3543357],[-57.567426,3.3543143],[-57.567265,3.3543143],[-57.5668949,3.3545071],[-57.5659561,3.3549837],[-57.5651836,3.355305],[-57.5642663,3.3556049],[-57.5635421,3.3558352],[-57.5632417,3.3559155],[-57.5628179,3.3559584],[-57.5622869,3.3559798],[-57.5616109,3.3561083],[-57.5609458,3.3562904],[-57.560361,3.3564832],[-57.559889,3.3566813],[-57.5593257,3.3569598],[-57.5586444,3.3572222],[-57.5579953,3.3574471],[-57.5576145,3.3575649],[-57.5570887,3.3577256],[-57.5561553,3.358063],[-57.5559622,3.3581647],[-57.555753,3.3583147],[-57.5555223,3.3584753],[-57.5552273,3.3586306],[-57.5547016,3.3587699],[-57.5538674,3.3589305],[-57.5535858,3.358976],[-57.5533497,3.3589975],[-57.5531405,3.3589734],[-57.5530225,3.3589171],[-57.5529206,3.3588984],[-57.5528455,3.3589278],[-57.5526121,3.3590296],[-57.5523224,3.3591153],[-57.5521722,3.3591313],[-57.5519496,3.3590805],[-57.5517002,3.3589814],[-57.5514507,3.3588475],[-57.5511423,3.3586788],[-57.5509143,3.358569],[-57.5507802,3.3585289],[-57.550638,3.3585262],[-57.550402,3.3585583],[-57.5501955,3.358569],[-57.5499862,3.3585423],[-57.5496778,3.3584485],[-57.5493425,3.3583709],[-57.5490502,3.3583334],[-57.5486854,3.3583307],[-57.5484735,3.3583575],[-57.5482562,3.3584137],[-57.5479773,3.3585717],[-57.5475937,3.3587779],[-57.5472182,3.3588743],[-57.5468963,3.3589037],[-57.5466335,3.3589064],[-57.5464323,3.3588877],[-57.5462338,3.3588395],[-57.5459254,3.3587645],[-57.5455016,3.3586199],[-57.5450993,3.3585423],[-57.5446862,3.3585316],[-57.5442678,3.3585664],[-57.5439835,3.3586226],[-57.5437447,3.3587136],[-57.5435704,3.358893],[-57.543388,3.3592465],[-57.5433049,3.3594366],[-57.5432164,3.3596213],[-57.5430715,3.3597927],[-57.5428462,3.35994],[-57.5425538,3.3600899],[-57.5423446,3.360181],[-57.5421649,3.3602961],[-57.5419933,3.3604621],[-57.5418162,3.3607406],[-57.5416794,3.3609307],[-57.5415829,3.3611074],[-57.5414354,3.3614126],[-57.5413147,3.3617366],[-57.5412315,3.361908],[-57.5411001,3.3620178],[-57.5409311,3.3620981],[-57.5406656,3.3621731],[-57.5399387,3.3623926],[-57.5396571,3.3624194],[-57.5392896,3.3623953],[-57.5390241,3.3622909],[-57.5388068,3.3622079],[-57.5384662,3.3620928],[-57.5380102,3.3620606],[-57.5376695,3.3620526],[-57.5374121,3.3620526],[-57.5370526,3.3620901],[-57.5365832,3.362141],[-57.5363204,3.3621543],[-57.5360173,3.3621302],[-57.5356177,3.3621276],[-57.5353146,3.3621731],[-57.5350383,3.3622695],[-57.5347862,3.362406],[-57.5345877,3.362572],[-57.5342846,3.3628585],[-57.5341317,3.3630165],[-57.5340137,3.3631129],[-57.5338769,3.3631852],[-57.5337106,3.3632307],[-57.5334477,3.3632334],[-57.5331661,3.3632575],[-57.5329193,3.3632896],[-57.5327826,3.3633218],[-57.5326484,3.363386],[-57.5324205,3.3635735],[-57.5321683,3.3639216],[-57.5318572,3.3644571],[-57.5317284,3.3647623],[-57.5316373,3.3651131],[-57.5315622,3.3654397],[-57.5314629,3.3660476],[-57.5314334,3.366393],[-57.5314307,3.3667571],[-57.5314522,3.3671079],[-57.5314683,3.3675095],[-57.5314683,3.3678951],[-57.5314495,3.3681896],[-57.5313985,3.3684547],[-57.5312671,3.3687064],[-57.5310794,3.369009],[-57.5308138,3.3693544],[-57.5301889,3.3700318],[-57.5297999,3.3703103],[-57.5293145,3.3705512],[-57.5287673,3.3707226],[-57.5282094,3.370819],[-57.5275201,3.3708886],[-57.527158,3.3708806],[-57.5267959,3.3708404],[-57.5263882,3.3707762],[-57.5255996,3.3706423],[-57.5251865,3.3705914],[-57.5247359,3.3705593],[-57.5242102,3.3705968],[-57.5234431,3.3706664],[-57.5230891,3.3706583],[-57.5227323,3.3706128],[-57.5224882,3.3705887],[-57.5223112,3.3706021],[-57.5220564,3.3706557],[-57.521866,3.3706958],[-57.5216997,3.3706958],[-57.5215334,3.3706557],[-57.5213322,3.3706209],[-57.5211203,3.3705994],[-57.520777,3.370586],[-57.5199375,3.3705593],[-57.5194278,3.3705271],[-57.5190765,3.3704923],[-57.5187573,3.3704093],[-57.5184837,3.3703344],[-57.5181913,3.3702915],[-57.5179017,3.3702808],[-57.517561,3.3703317],[-57.5171936,3.3703986],[-57.5165096,3.3705378],[-57.5155279,3.3707815],[-57.515147,3.3708431],[-57.5148493,3.3708297],[-57.5145704,3.370728],[-57.5142458,3.3705325],[-57.5137174,3.3701924],[-57.5130308,3.3697051],[-57.5122851,3.3691857],[-57.5116628,3.3685109],[-57.5113571,3.3680075],[-57.5111479,3.3676166],[-57.5109547,3.3672525],[-57.5106973,3.3666688],[-57.510531,3.36631],[-57.5103217,3.3659083],[-57.510134,3.3655817],[-57.510016,3.3653621],[-57.5099194,3.3652014],[-57.5097424,3.364939],[-57.5095761,3.3647355],[-57.5093615,3.3644731],[-57.5091791,3.3642589],[-57.5089592,3.3640447],[-57.5086534,3.3637823],[-57.5084388,3.363627],[-57.5081974,3.3634449],[-57.5078273,3.3631772],[-57.5076932,3.3630915],[-57.5075215,3.3630326],[-57.5073177,3.3629737],[-57.5070763,3.3629416],[-57.5068456,3.3628987],[-57.5064433,3.3628291],[-57.5060517,3.3628184],[-57.5057834,3.3628398],[-57.5054884,3.3628345],[-57.5051397,3.3628023],[-57.5048822,3.362797],[-57.5046033,3.362797],[-57.5043297,3.362888],[-57.5040346,3.3630165],[-57.5038469,3.3630861],[-57.5035626,3.3632093],[-57.5034446,3.3632307],[-57.5032514,3.3632147],[-57.5030959,3.3631772],[-57.5028008,3.3631665],[-57.5025004,3.3632147],[-57.5022751,3.3632468],[-57.5019854,3.3633378],[-57.5015509,3.3634396],[-57.5009447,3.3635467],[-57.5005746,3.3636431],[-57.500124,3.3638359],[-57.4999309,3.3639269],[-57.4998021,3.3639698],[-57.4995554,3.3639912],[-57.499314,3.3639965],[-57.4991316,3.3639965],[-57.4990082,3.3640179],[-57.4987882,3.3640822],[-57.4985629,3.3641304],[-57.4984074,3.3641465],[-57.4980855,3.3641947],[-57.497769,3.3642054],[-57.497431,3.364184],[-57.4971521,3.3641411],[-57.4969,3.3641197],[-57.4965298,3.3640179],[-57.4962187,3.3638841],[-57.4958915,3.3636217],[-57.4956823,3.3633593],[-57.4954784,3.3631236],[-57.4953282,3.3629898],[-57.4950922,3.3627863],[-57.4948803,3.3625319],[-57.494773,3.3622347],[-57.4946898,3.3619214],[-57.4946147,3.3615465],[-57.4946201,3.3612252],[-57.494604,3.3610565],[-57.4945906,3.3609816],[-57.4944994,3.360853],[-57.4944431,3.3607486],[-57.4944404,3.3606067],[-57.4944457,3.3604835],[-57.4944136,3.360272],[-57.4945799,3.3591233],[-57.494671,3.3587672],[-57.4947891,3.3584057],[-57.4948615,3.3582102],[-57.4949393,3.3580121],[-57.4949929,3.3577202],[-57.4950868,3.3573855],[-57.4951726,3.357016],[-57.4952316,3.3566358],[-57.4952611,3.356427],[-57.4952477,3.3561913],[-57.4951994,3.3559021],[-57.4951994,3.3557201],[-57.495237,3.3555728],[-57.4953121,3.3553586],[-57.4953899,3.3551845],[-57.4954569,3.3550667],[-57.4955133,3.3549489],[-57.495532,3.3548525],[-57.4955159,3.3547642],[-57.4954677,3.3547026],[-57.4954087,3.3546035],[-57.495347,3.3543866],[-57.4953175,3.3542179],[-57.4953228,3.3540948],[-57.4953657,3.3539314],[-57.4954167,3.3537252],[-57.4954918,3.3535673],[-57.4955776,3.3534682],[-57.4956527,3.3532808],[-57.4957171,3.3531469],[-57.4958029,3.3530317],[-57.4959987,3.3529032],[-57.496165,3.3527506],[-57.4963394,3.3525096],[-57.4964654,3.3522338],[-57.4964923,3.3520919],[-57.4964976,3.3519473],[-57.496495,3.3518295],[-57.4964976,3.3513502],[-57.4964681,3.3511681],[-57.4964118,3.3509245],[-57.4963743,3.3507584],[-57.4963099,3.3505576],[-57.4961999,3.3503782],[-57.4960899,3.3502283],[-57.4957922,3.3498989],[-57.4956661,3.3497784],[-57.4954945,3.3496606],[-57.4953228,3.3495562],[-57.4952075,3.349516],[-57.4951029,3.3495053],[-57.495001,3.3494544],[-57.4947864,3.3493072],[-57.4943465,3.3490849],[-57.4941748,3.34901],[-57.4939844,3.3489671],[-57.4937886,3.348935],[-57.4936304,3.3489162],[-57.4934641,3.3488627],[-57.4931851,3.3487288],[-57.4927425,3.3484396],[-57.4925333,3.3482575],[-57.4922356,3.348046],[-57.4920103,3.347872],[-57.4917877,3.3476711],[-57.4915785,3.3473766],[-57.4914068,3.347058],[-57.4911761,3.346667],[-57.4909777,3.3462975],[-57.490806,3.3459708],[-57.4906558,3.3456335],[-57.4904412,3.3451863],[-57.4902374,3.3448302],[-57.4900979,3.3444901],[-57.4899825,3.3443589],[-57.4898136,3.3441929],[-57.4897063,3.3441152],[-57.4894622,3.3439305],[-57.4893791,3.3438796],[-57.4892825,3.3438823],[-57.4892208,3.3438716],[-57.4891779,3.3438153],[-57.4891645,3.3437618],[-57.4891832,3.3436868],[-57.4892315,3.3436466],[-57.4892905,3.3436199],[-57.489312,3.3435636],[-57.4893308,3.343403],[-57.4893469,3.3432771],[-57.4893361,3.3431727],[-57.48932,3.3430817],[-57.4892825,3.3429826],[-57.4892074,3.3428969],[-57.4890867,3.3427764],[-57.4889874,3.342664],[-57.4888828,3.3425568],[-57.4887756,3.3424738],[-57.4886039,3.3424096],[-57.4883732,3.3423587],[-57.4880353,3.3422703],[-57.4877912,3.3422034],[-57.4876088,3.3421231],[-57.4874076,3.3419972],[-57.4872065,3.3418526],[-57.486957,3.3416036],[-57.4866968,3.3414162],[-57.486434,3.3412555],[-57.4860477,3.3410761],[-57.4856937,3.3409262],[-57.4855301,3.3408458],[-57.4852994,3.340728],[-57.4851465,3.3406986],[-57.4849749,3.3406745],[-57.4847871,3.3406397],[-57.4846718,3.3406504],[-57.4845564,3.3406825],[-57.4843848,3.3406959],[-57.4840039,3.3406959],[-57.4838188,3.3407066],[-57.4836525,3.3407628],[-57.4835748,3.3407869],[-57.4834782,3.3407869],[-57.4834004,3.3407521],[-57.4832797,3.3407682],[-57.4831644,3.3408298],[-57.482982,3.3409342],[-57.4827808,3.3410547],[-57.4821746,3.3415822],[-57.4816167,3.3420856],[-57.4813861,3.3422837],[-57.4813244,3.3423908],[-57.4812895,3.3424605],[-57.4812412,3.3424979],[-57.4810937,3.3425488],[-57.4808952,3.3425943],[-57.480619,3.3426961],[-57.4803776,3.3428808],[-57.4801201,3.3431165],[-57.4799672,3.3432289],[-57.4798036,3.3433414],[-57.4796453,3.3433923],[-57.4795058,3.3433923],[-57.4793449,3.3434003],[-57.4791491,3.3434351],[-57.4790043,3.3434753],[-57.4788353,3.3435663],[-57.4786583,3.3436306],[-57.478449,3.3436761],[-57.4782935,3.3437109],[-57.4781433,3.3437404],[-57.4777275,3.3439224],[-57.4775505,3.3440108],[-57.4774298,3.3440563],[-57.4773145,3.3440938],[-57.4771026,3.3441554],[-57.4767673,3.3442545],[-57.4764857,3.3443027],[-57.4762738,3.3443509],[-57.4760927,3.3443977],[-57.4759439,3.3444633],[-57.4757829,3.3445142],[-57.4756166,3.3445383],[-57.4754745,3.3445356],[-57.475335,3.3445383],[-57.4751794,3.3445624],[-57.47504,3.3446133],[-57.4748924,3.3447257],[-57.4748227,3.344798],[-57.4747771,3.344873],[-57.4747369,3.3449881],[-57.4746859,3.3451194],[-57.4746564,3.3451809],[-57.4745894,3.3452452],[-57.4744713,3.3453389],[-57.4743453,3.3454433],[-57.4742112,3.3455317],[-57.474069,3.345612],[-57.4738652,3.3457004],[-57.4735352,3.3458155],[-57.473208,3.3459012],[-57.4729961,3.3459628],[-57.4727118,3.346019],[-57.4724945,3.3460592],[-57.472229,3.3461101],[-57.471993,3.3461476],[-57.4718213,3.3461824],[-57.4716523,3.3462332],[-57.471529,3.3462654],[-57.4714512,3.3462814],[-57.4713331,3.3462814],[-57.4711829,3.3462466],[-57.4710596,3.3462386],[-57.470853,3.3462654],[-57.4707323,3.3462975],[-57.4706224,3.346335],[-57.4705312,3.3463404],[-57.4704346,3.3463243],[-57.470279,3.3462922],[-57.4701852,3.3462814],[-57.4700725,3.3463002],[-57.4698231,3.3463832],[-57.4696139,3.3464582],[-57.4694261,3.3465224],[-57.4692276,3.3466108],[-57.4690962,3.3466697],[-57.4689862,3.3467313],[-57.4689111,3.3467768],[-57.468836,3.346825],[-57.4687475,3.3468571],[-57.4686241,3.3468812],[-57.4685168,3.3469],[-57.4684471,3.3469294],[-57.468321,3.3470151],[-57.4681065,3.3471597],[-57.4679214,3.3472748],[-57.4678114,3.3473445],[-57.4677283,3.347398],[-57.4676532,3.3474569],[-57.4675995,3.3475265],[-57.4674815,3.3477327],[-57.4674171,3.3478372],[-57.4673259,3.3479469],[-57.4672267,3.3480514],[-57.4670953,3.3481665],[-57.466886,3.3483379],[-57.4666473,3.3485092],[-57.4664676,3.3486404],[-57.4662477,3.3487984],[-57.4659017,3.3490341],[-57.4657273,3.3491304],[-57.4654564,3.349259],[-57.4652553,3.34935],[-57.4648663,3.3495214],[-57.464574,3.3496472],[-57.4643916,3.3497276],[-57.4642172,3.3498052],[-57.4640778,3.3498561],[-57.4639276,3.3499096],[-57.4637693,3.3499685],[-57.4636352,3.3500087],[-57.4634957,3.3500275],[-57.4633563,3.3500248],[-57.4632812,3.3500355],[-57.4632195,3.3500623],[-57.4631605,3.3501105],[-57.4630451,3.3501935],[-57.4628788,3.3502791],[-57.4626991,3.3503434],[-57.462455,3.3503863],[-57.4622002,3.3504211],[-57.4618945,3.3504318],[-57.4616799,3.3504452],[-57.4616075,3.3504639],[-57.4615189,3.3504987],[-57.4614036,3.3505442],[-57.4612695,3.350563],[-57.461181,3.350563],[-57.4610361,3.3505335],[-57.4609396,3.350496],[-57.4608564,3.3504773],[-57.4607894,3.3504773],[-57.460666,3.350488],[-57.4605587,3.3505121],[-57.4603763,3.350563],[-57.4601752,3.3506246],[-57.459982,3.3506781],[-57.4597889,3.3507183],[-57.4596575,3.3507343],[-57.4595314,3.3507424],[-57.4592847,3.350737],[-57.4590138,3.3507236],[-57.4588019,3.3506915],[-57.4587134,3.3506433],[-57.4586651,3.3506058],[-57.4584103,3.3503461],[-57.4582225,3.3501533],[-57.4580133,3.3499632],[-57.4577907,3.3497838],[-57.4575385,3.3496044],[-57.4574125,3.3495348],[-57.4572355,3.3494812],[-57.4570853,3.3494544],[-57.4568868,3.3494411],[-57.4566829,3.3494491],[-57.4564603,3.3495026],[-57.4562779,3.3495883],[-57.4560875,3.3496633],[-57.4558997,3.3497543],[-57.455712,3.3498293],[-57.4556074,3.34984],[-57.4555108,3.3498266],[-57.4553552,3.3497945],[-57.4552345,3.3497784],[-57.4551219,3.3497891],[-57.4549958,3.3498132],[-57.4548027,3.3498373],[-57.4544835,3.3498588],[-57.4543306,3.3498614],[-57.4541831,3.3498641],[-57.4540758,3.3498748],[-57.4539176,3.3499043],[-57.45377,3.3499444],[-57.4536681,3.3499632],[-57.4535635,3.3499645],[-57.4534039,3.3499618],[-57.4532832,3.3499552],[-57.4531719,3.3499458],[-57.4530539,3.3499324],[-57.4529493,3.349915],[-57.4528554,3.3498949],[-57.4527562,3.3498655],[-57.4526811,3.3498547],[-57.452563,3.3498507],[-57.4524383,3.3498588],[-57.452319,3.3498775],[-57.4520507,3.3499498],[-57.451871,3.3499953],[-57.451694,3.3500275],[-57.4515545,3.3500221],[-57.4513534,3.3500167],[-57.4511522,3.3500167],[-57.4509376,3.3500355],[-57.4507177,3.3500408],[-57.4504897,3.3500676],[-57.4502859,3.350089],[-57.4500713,3.3501319],[-57.4499425,3.3501801],[-57.4498352,3.3502229],[-57.4496368,3.3503059],[-57.4494624,3.3504023],[-57.4493444,3.350496],[-57.4492264,3.3506406],[-57.449162,3.350737],[-57.4490976,3.3508307],[-57.4489528,3.3509325],[-57.4488026,3.3510101],[-57.4486363,3.3510637],[-57.4484995,3.3510931],[-57.4483332,3.3511226],[-57.447778,3.3511949],[-57.447542,3.351227],[-57.4472362,3.3512752],[-57.4471316,3.3512966],[-57.4469385,3.3513448],[-57.446858,3.351377],[-57.4467963,3.3514412],[-57.4467453,3.351535],[-57.446689,3.351618],[-57.4466354,3.3516715],[-57.4465549,3.3517036],[-57.4464718,3.3516903],[-57.4463752,3.3516608],[-57.4463028,3.3516153],[-57.446225,3.3515671],[-57.4461553,3.3515162],[-57.446048,3.3514787],[-57.4459112,3.3514573],[-57.4457368,3.3514546],[-57.4456,3.3515028],[-57.4454176,3.3515724],[-57.4452943,3.3516153],[-57.4451441,3.3516447],[-57.4450582,3.3516554],[-57.4449724,3.3516608],[-57.444841,3.3516662],[-57.4446318,3.3516662],[-57.4443769,3.351634],[-57.4441677,3.3515939],[-57.4440041,3.3515617],[-57.443862,3.3515135],[-57.4437574,3.3514975],[-57.443642,3.3514975],[-57.4434596,3.3515135],[-57.4433255,3.3515457],[-57.4432611,3.3515939],[-57.4431941,3.3516715],[-57.4431217,3.3517518],[-57.4430788,3.3518134],[-57.4430412,3.3519259],[-57.4430198,3.3520464],[-57.4429929,3.3521776],[-57.44295,3.3523168],[-57.4428856,3.3524186],[-57.4427918,3.352515],[-57.4426389,3.3526301],[-57.4424189,3.3527693],[-57.4422258,3.3528979],[-57.4421078,3.3529782],[-57.4419978,3.3530558],[-57.4418718,3.3531362],[-57.4417537,3.3532299],[-57.4416304,3.3532968],[-57.4414694,3.3533316],[-57.4413487,3.3533504],[-57.4412388,3.3533959],[-57.4411395,3.3534762],[-57.4410644,3.353586],[-57.440992,3.3536824],[-57.4409276,3.3537601],[-57.4408418,3.353827],[-57.4407479,3.3538564],[-57.4405789,3.3538457],[-57.4404958,3.3538564],[-57.4404395,3.3538859],[-57.44041,3.353918],[-57.4403442,3.3540599],[-57.4403349,3.3540867],[-57.4403295,3.3541456],[-57.4403322,3.3541831],[-57.4403416,3.3542286],[-57.4403711,3.3542742],[-57.4404247,3.3543451],[-57.440477,3.3544214],[-57.4405199,3.3544736],[-57.440595,3.3545593],[-57.4406487,3.3546209],[-57.4406889,3.3546571],[-57.4407573,3.3547012],[-57.4408056,3.3547294],[-57.4408391,3.3547709],[-57.4408552,3.3548298],[-57.4408686,3.35489],[-57.4408753,3.3549449],[-57.4409115,3.3551176],[-57.4409357,3.3552435],[-57.4409625,3.3553559],[-57.4409893,3.3554523],[-57.441043,3.3555782],[-57.4411315,3.3557522],[-57.4411637,3.3558593],[-57.4411851,3.3559664],[-57.4411798,3.3561538],[-57.4411503,3.3562717],[-57.4411073,3.3563466],[-57.4410242,3.3564912],[-57.4409598,3.3566385],[-57.4409276,3.3567697],[-57.4408793,3.3569384],[-57.4407989,3.3572088],[-57.4407238,3.3574177],[-57.4406219,3.3575997],[-57.4405414,3.357672],[-57.4404877,3.3577095],[-57.4404261,3.3577684],[-57.4404019,3.3578381],[-57.4404019,3.357913],[-57.440418,3.3580175],[-57.4404368,3.3580817],[-57.4405012,3.3582263],[-57.4405548,3.3583736],[-57.4406058,3.3585449],[-57.440654,3.3588073],[-57.4406621,3.3589171],[-57.4406782,3.3590269],[-57.4406943,3.3591394],[-57.4407184,3.3592197],[-57.4407613,3.3592679],[-57.440823,3.3593081],[-57.4409115,3.3593375],[-57.4410054,3.359367],[-57.4410751,3.3593937],[-57.4411476,3.3594312],[-57.4412254,3.3595089],[-57.4412951,3.3596026],[-57.4413487,3.3596883],[-57.4414292,3.3598248],[-57.4415043,3.3599908],[-57.4415392,3.360122],[-57.4415419,3.3602693],[-57.4415311,3.3603952],[-57.4414775,3.360513],[-57.4413729,3.3606308],[-57.441279,3.3607245],[-57.4411529,3.3608263],[-57.4409732,3.3609494],[-57.4406245,3.3611663],[-57.4404904,3.3612547],[-57.4404153,3.3613537],[-57.4403778,3.3614608],[-57.440359,3.3615733],[-57.4403295,3.3616831],[-57.4402839,3.3618116],[-57.4402437,3.3618625],[-57.4400988,3.3619723],[-57.439962,3.3620365],[-57.4398011,3.3621088],[-57.4396321,3.3621758],[-57.4394256,3.362224],[-57.4392566,3.3622373],[-57.4390447,3.3622213],[-57.4388462,3.3621758],[-57.4386612,3.3621142],[-57.4385485,3.3620874],[-57.4384171,3.3620687],[-57.4381971,3.3620687],[-57.4380201,3.3621169],[-57.4376822,3.3622079],[-57.4373925,3.36224],[-57.4371725,3.3621704],[-57.436915,3.3620151],[-57.43662,3.3618598],[-57.4363571,3.3617259],[-57.4361426,3.3616617],[-57.4359602,3.3616188],[-57.4356008,3.3616188],[-57.434957,3.3616456],[-57.4345279,3.361667],[-57.4338788,3.3617581],[-57.4331975,3.3619401],[-57.4328971,3.3621169],[-57.4321675,3.3627381],[-57.4318671,3.3628612],[-57.4315667,3.3629737],[-57.4313253,3.3631022],[-57.4303168,3.3640608],[-57.4296033,3.3647623],[-57.4292278,3.3653782],[-57.4286324,3.3664599],[-57.4284607,3.3669633],[-57.4284017,3.3674345],[-57.4282622,3.3683717],[-57.4281067,3.3690464],[-57.4280155,3.3703317],[-57.4279565,3.3716223],[-57.427758,3.3731699],[-57.4276346,3.3735769],[-57.4274576,3.3740374],[-57.4272966,3.3747979],[-57.4271196,3.3771006],[-57.4270284,3.3775343],[-57.4269533,3.3779734],[-57.4269319,3.3788999],[-57.4271143,3.3817916],[-57.427361,3.3832161],[-57.4277365,3.3850368],[-57.4278653,3.3861185],[-57.4276829,3.3869003],[-57.4271786,3.3875644],[-57.4266529,3.3878964],[-57.4256981,3.3883569],[-57.4247646,3.3886354],[-57.423563,3.3887639],[-57.4228549,3.3887211],[-57.421943,3.3884747],[-57.4209988,3.3880892],[-57.4202263,3.3874037],[-57.4195504,3.3866219],[-57.4188423,3.3854866],[-57.4179304,3.3836016],[-57.4161494,3.3796496],[-57.4154091,3.3777298],[-57.415224,3.377213],[-57.4151489,3.3770015],[-57.4150443,3.376806],[-57.4148834,3.3765838],[-57.4147627,3.3763642],[-57.414709,3.3761366],[-57.4147251,3.3753976],[-57.4147332,3.3749639],[-57.4146098,3.3743239],[-57.4144998,3.3738794],[-57.4143764,3.3734403],[-57.4142477,3.3730681],[-57.4141189,3.3728031],[-57.4139714,3.3725433],[-57.4136281,3.3720453],[-57.4133062,3.3716972],[-57.4128664,3.3713679],[-57.4124372,3.371076],[-57.4121636,3.3709368],[-57.4118686,3.3708003],[-57.4115708,3.3706824],[-57.4113804,3.3706182],[-57.4111015,3.3704977],[-57.4107742,3.3703986],[-57.4105865,3.370337],[-57.4104631,3.3702032],[-57.4103397,3.3698765],[-57.4102592,3.3696007],[-57.4102297,3.3693383],[-57.4103665,3.3679754],[-57.410388,3.3668937],[-57.4102914,3.3666045],[-57.4100232,3.3662939],[-57.4096316,3.3662457],[-57.4093312,3.3662457],[-57.4089664,3.3663689],[-57.4086982,3.3665081],[-57.4084139,3.3664947],[-57.4078453,3.366393],[-57.4074268,3.3664064],[-57.407164,3.3664733],[-57.4067804,3.3665242],[-57.4064532,3.3666554],[-57.4062762,3.3666929],[-57.4059087,3.3667062],[-57.4055734,3.3666259],[-57.405265,3.3665965],[-57.4049968,3.3665991],[-57.4047393,3.366658],[-57.4042484,3.3666527],[-57.4037468,3.3666768],[-57.4031755,3.3666232],[-57.4027169,3.366476],[-57.4023816,3.3663341],[-57.4019659,3.3661413],[-57.4015072,3.3660181],[-57.401121,3.3659806],[-57.4008957,3.3659994],[-57.4005094,3.3660315],[-57.4003539,3.3660797],[-57.4000347,3.3661761],[-57.3997772,3.3661921],[-57.3992837,3.3661547],[-57.3989242,3.3661011],[-57.3985541,3.3660556],[-57.3982939,3.3660984],[-57.398074,3.3661386],[-57.3978809,3.3661172],[-57.3971701,3.3659405],[-57.3967168,3.3658441],[-57.3963842,3.3658333],[-57.3961133,3.3657744],[-57.3958102,3.3656647],[-57.3953247,3.3656004],[-57.3949948,3.3656031],[-57.3945603,3.3656673],[-57.3941579,3.3656004],[-57.3934606,3.3655094],[-57.392503,3.3654397],[-57.391575,3.365429],[-57.390368,3.3654772],[-57.389861,3.3655415],[-57.3894507,3.365662],[-57.3889169,3.3657396],[-57.3878709,3.3659378],[-57.3871386,3.3659378],[-57.3867819,3.3658869],[-57.3864734,3.3658548],[-57.3859182,3.3659297],[-57.3853952,3.3658949],[-57.3848748,3.3658896],[-57.3844564,3.3659833],[-57.3841345,3.3660958],[-57.3838422,3.3661654],[-57.3833379,3.3661868],[-57.3828766,3.3662002],[-57.3822489,3.3662484],[-57.3817313,3.3662885],[-57.3814389,3.3663689],[-57.3813102,3.3664438],[-57.3811519,3.3664894],[-57.3808944,3.3664786],[-57.3807442,3.3665081],[-57.3802561,3.3667116],[-57.3799717,3.3668508],[-57.3798135,3.3670115],[-57.3795158,3.36714],[-57.3792207,3.3672766],[-57.378982,3.3673301],[-57.3787889,3.367306],[-57.3784965,3.3672739],[-57.3783195,3.3671936],[-57.3781452,3.3671748],[-57.3779494,3.3671802],[-57.3777965,3.3672578],[-57.3776168,3.3674453],[-57.3774532,3.3675925],[-57.3772359,3.3676461],[-57.3770589,3.3676487],[-57.3768175,3.3676193],[-57.3765922,3.3675604],[-57.3763803,3.3675684],[-57.3761335,3.3676032],[-57.3759082,3.3676836],[-57.3756319,3.3677666],[-57.3753503,3.3677639],[-57.3750016,3.3677451],[-57.3747924,3.3677291],[-57.3745054,3.3677799],[-57.3741862,3.3678522],[-57.3738134,3.3678951],[-57.3732716,3.3678549],[-57.3729658,3.367804],[-57.3727781,3.367788],[-57.3724911,3.3678201],[-57.3722121,3.3678817],[-57.3718956,3.3678844],[-57.3710963,3.3677344],[-57.3705196,3.3675818],[-57.369723,3.3674774],[-57.3687735,3.3674238],[-57.368001,3.3674238],[-57.3678723,3.3673944],[-57.3677436,3.3672819],[-57.3675504,3.3671213],[-57.3673064,3.3669686],[-57.3671508,3.3669178],[-57.3669121,3.3669258],[-57.3667243,3.3669633],[-57.3664588,3.3670061],[-57.3662549,3.3669954],[-57.3660135,3.3669633],[-57.3658204,3.3669365],[-57.3656568,3.3669124],[-57.3655602,3.3668856],[-57.3654556,3.3668642],[-57.3653671,3.3668669],[-57.3652974,3.3668856],[-57.3651713,3.3669204],[-57.3650801,3.3669312],[-57.364946,3.3669579],[-57.3648495,3.3669874],[-57.364777,3.3670035],[-57.3647073,3.3670008],[-57.3646161,3.3669954],[-57.3645303,3.3670061],[-57.3644739,3.3670275],[-57.3644069,3.3670516],[-57.3643076,3.3670731],[-57.3642513,3.3670677],[-57.3641548,3.3670436],[-57.3641118,3.3670409],[-57.3640099,3.3670516],[-57.3639482,3.3670677],[-57.3638034,3.3671132],[-57.3636773,3.3671668],[-57.3635244,3.3672177],[-57.3634145,3.3672525],[-57.3632589,3.3673007],[-57.3631355,3.3673274],[-57.3630202,3.3673408],[-57.3629236,3.3673408],[-57.3628351,3.3673489],[-57.3627359,3.3673756],[-57.3626581,3.3673783],[-57.3625293,3.3673783],[-57.3624221,3.3673649],[-57.3622826,3.3673756],[-57.3621914,3.3673997],[-57.362127,3.3674051],[-57.3620331,3.3673917],[-57.36195,3.3673622],[-57.3618293,3.3673167],[-57.3617274,3.3673087],[-57.361604,3.3673033],[-57.361486,3.367298],[-57.3614216,3.3673167],[-57.3613679,3.3673274],[-57.3613036,3.3673328],[-57.3612499,3.3673087],[-57.3612016,3.3672819],[-57.3611426,3.3672659],[-57.3610622,3.3672551],[-57.3609576,3.3672632],[-57.36081,3.3672953],[-57.360692,3.3673274],[-57.3606384,3.3673408],[-57.3605633,3.3673462],[-57.3604935,3.3673355],[-57.3604211,3.3673194],[-57.3603433,3.3673167],[-57.3602602,3.3673381],[-57.3601878,3.367373],[-57.3601154,3.3673863],[-57.3599973,3.3673837],[-57.3599008,3.367373],[-57.3598069,3.3673462],[-57.3597533,3.3673221],[-57.359587,3.3672739],[-57.3594314,3.3672364],[-57.3592919,3.3672257],[-57.3591766,3.3672177],[-57.3591176,3.367215],[-57.359072,3.3672043],[-57.3590076,3.3671775],[-57.3589405,3.3671239],[-57.3588896,3.3671025],[-57.3587796,3.3670731],[-57.3586106,3.3670356],[-57.3584417,3.3670035],[-57.358329,3.3669713],[-57.3581734,3.3669499],[-57.358034,3.3669285],[-57.3579133,3.3669178],[-57.3577604,3.3669204],[-57.3576799,3.3669178],[-57.3576129,3.3669044],[-57.3575243,3.3668937],[-57.3574466,3.3668642],[-57.3573259,3.3668589],[-57.3572561,3.3668696],[-57.3571435,3.3669017],[-57.3570657,3.3669204],[-57.357004,3.3669204],[-57.3569343,3.3668963],[-57.3568699,3.3668883],[-57.3568189,3.3668937],[-57.3567036,3.3669338],[-57.356607,3.3669472],[-57.3564997,3.3669419],[-57.356371,3.3669231],[-57.3562959,3.3669231],[-57.3562449,3.3669231],[-57.3561189,3.3669419],[-57.3560143,3.3669579],[-57.3558721,3.3669901],[-57.3556924,3.3670383],[-57.3556092,3.3670865],[-57.3555583,3.3671213],[-57.355459,3.3671828],[-57.3553839,3.3672284],[-57.3553062,3.3672659],[-57.3552364,3.3672739],[-57.3550701,3.3673087],[-57.3549548,3.3673141],[-57.3548448,3.3673007],[-57.3547617,3.3673114],[-57.3546758,3.3673194],[-57.3545927,3.3673408],[-57.3544988,3.3673649],[-57.3543915,3.3674212],[-57.3542547,3.3674747],[-57.3541448,3.3675095],[-57.3540643,3.3675202],[-57.3539758,3.3675497],[-57.3538819,3.3675898],[-57.3537773,3.3676246],[-57.3536646,3.3676407],[-57.3535842,3.3676514],[-57.3534635,3.3676487],[-57.3533562,3.3676461],[-57.3532999,3.3676461],[-57.3532409,3.3676675],[-57.3531953,3.3677157],[-57.3531497,3.3677559],[-57.3530611,3.3677907],[-57.3529968,3.3678067],[-57.3529243,3.3678067],[-57.3528573,3.3677907],[-57.3527849,3.3677559],[-57.3527178,3.3677291],[-57.3526293,3.3677157],[-57.3525569,3.3677157],[-57.3524362,3.3677264],[-57.3523209,3.3677478],[-57.3521036,3.3677719],[-57.3519668,3.367788],[-57.3518917,3.3677853],[-57.3518246,3.3677826],[-57.351763,3.3678094],[-57.3517174,3.3678442],[-57.3516691,3.3678522],[-57.3516047,3.3678522],[-57.3515081,3.367863],[-57.351366,3.3678924],[-57.3512211,3.3679299],[-57.3510575,3.3679808],[-57.3509395,3.3680156],[-57.3508269,3.368037],[-57.3506364,3.3680745],[-57.350505,3.3680959],[-57.3503682,3.3681039],[-57.3502207,3.3681146],[-57.3500544,3.3681146],[-57.3499391,3.3681146],[-57.3498747,3.3681254],[-57.3497781,3.3681521],[-57.3496628,3.3681682],[-57.3495716,3.3681869],[-57.3493436,3.3682191],[-57.3490459,3.3682378],[-57.3489574,3.3682512],[-57.3489037,3.3682619],[-57.3487911,3.3683048],[-57.3486838,3.3683369],[-57.3486033,3.368361],[-57.348488,3.3683851],[-57.3483405,3.3684011],[-57.3482117,3.3684119],[-57.3481044,3.3684172],[-57.3479918,3.3684145],[-57.3478201,3.3683851],[-57.3477021,3.3683262],[-57.3476216,3.368286],[-57.3475572,3.368278],[-57.3474473,3.3682753],[-57.3473346,3.3682726],[-57.3472139,3.3682512],[-57.3471281,3.368211],[-57.3470718,3.3681762],[-57.3470154,3.3681521],[-57.3469242,3.3681334],[-57.3468035,3.3681548],[-57.3466855,3.3681843],[-57.346589,3.3681923],[-57.3465058,3.3681896],[-57.3464146,3.3681655],[-57.3463181,3.36812],[-57.3462215,3.3680986],[-57.3460659,3.3680798],[-57.3459184,3.3680772],[-57.3457146,3.3680718],[-57.3455134,3.3680798],[-57.3453847,3.3680852],[-57.3452881,3.3680772],[-57.345154,3.3680611],[-57.3450735,3.368045],[-57.3450065,3.3680156],[-57.3449206,3.3680129],[-57.3448241,3.3680209],[-57.3447007,3.3680263],[-57.3445424,3.3680343],[-57.3444325,3.3680584],[-57.3443332,3.3681173],[-57.3442555,3.3681441],[-57.3441803,3.3681682],[-57.3440462,3.3681896],[-57.3439014,3.368195],[-57.3438129,3.368211],[-57.3437271,3.3682378],[-57.3436359,3.3682967],[-57.3435661,3.3683101],[-57.3434883,3.3683208],[-57.3433945,3.3683449],[-57.3433274,3.3683663],[-57.3432308,3.3683744],[-57.3431504,3.3683744],[-57.3430619,3.3683985],[-57.3428741,3.368444],[-57.3426998,3.3684815],[-57.3425844,3.3684895],[-57.3424503,3.3684975],[-57.3423511,3.3685056],[-57.3422545,3.368527],[-57.3421553,3.3685511],[-57.3420534,3.3685805],[-57.3419836,3.3686154],[-57.3418844,3.368693],[-57.3418012,3.3687332],[-57.3416457,3.3687974],[-57.3415276,3.3688349],[-57.3412514,3.3688992],[-57.3411173,3.3689313],[-57.3409966,3.3689474],[-57.3408946,3.3689608],[-57.3407766,3.3689929],[-57.3406747,3.3690197],[-57.3404735,3.3690732],[-57.3403555,3.3691027],[-57.3402697,3.3691375],[-57.3402107,3.3691776],[-57.3401731,3.3692044],[-57.3401275,3.3692098],[-57.3400846,3.369191],[-57.3400202,3.3691643],[-57.339929,3.3691294],[-57.3398513,3.3691027],[-57.3397332,3.3690679],[-57.3396233,3.3690625],[-57.3395348,3.3690545],[-57.339457,3.3690625],[-57.3394087,3.369092],[-57.3393497,3.3691268],[-57.339288,3.3691428],[-57.339229,3.3691375],[-57.3391485,3.369092],[-57.3390654,3.3690491],[-57.3390117,3.3690277],[-57.3389152,3.369025],[-57.338832,3.3690411],[-57.338765,3.3690545],[-57.3387113,3.3690572],[-57.3386255,3.3690518],[-57.3384941,3.3690357],[-57.3383412,3.3690063],[-57.3381025,3.368942],[-57.3378289,3.3688644],[-57.3377082,3.3688376],[-57.3376223,3.3688028],[-57.3375258,3.3687626],[-57.3374561,3.3687064],[-57.337397,3.3686502],[-57.3373407,3.3686127],[-57.3372737,3.3685939],[-57.3372147,3.3685913],[-57.3371208,3.3686073],[-57.3370296,3.3686314],[-57.3369277,3.3686662],[-57.3368579,3.368685],[-57.3366675,3.3687466],[-57.3365575,3.3687894],[-57.3364556,3.3688269],[-57.3362759,3.3689233],[-57.3361445,3.369017],[-57.3360452,3.3691241],[-57.336013,3.3692017],[-57.3359782,3.3692473],[-57.3359352,3.3692821],[-57.3358709,3.3693303],[-57.3358065,3.3694347],[-57.335777,3.3695257],[-57.3357394,3.3696034],[-57.3356938,3.3696623],[-57.3356348,3.3697346],[-57.3355785,3.369839],[-57.3355463,3.3699568],[-57.3355222,3.3701148],[-57.3354819,3.3702647],[-57.3354498,3.3703638],[-57.3354042,3.3704575],[-57.3352888,3.3707172],[-57.335211,3.3708511],[-57.3351145,3.3709904],[-57.3350206,3.3711055],[-57.3348892,3.3712099],[-57.3347604,3.3712929],[-57.3346451,3.3713384],[-57.3345351,3.371384],[-57.3344037,3.3714589],[-57.3343071,3.3715259],[-57.3341328,3.371633],[-57.3339933,3.3717133],[-57.3338539,3.3717802],[-57.3336795,3.3718123],[-57.3335481,3.3718606],[-57.3332369,3.3719998],[-57.3328319,3.3721497],[-57.3322606,3.3723399],[-57.3316839,3.3726076],[-57.331295,3.372862],[-57.3309571,3.3730735],[-57.3305494,3.3734082],[-57.3302302,3.373767],[-57.3299351,3.374016],[-57.3297554,3.3742222],[-57.3296052,3.3744712],[-57.3293021,3.3749451],[-57.328991,3.3753227],[-57.3288059,3.3755342],[-57.3286477,3.3756922],[-57.3285806,3.3758421],[-57.3284519,3.3760831],[-57.32813,3.3764767],[-57.327894,3.3767016],[-57.327615,3.3769345],[-57.327446,3.3771273],[-57.32732,3.377304],[-57.3269659,3.3777244],[-57.3266789,3.3780993],[-57.3265475,3.3783135],[-57.3264429,3.3784848],[-57.3262954,3.378616],[-57.3260245,3.3788302],[-57.3258153,3.3789588],[-57.3256382,3.3791542],[-57.3254478,3.3793309],[-57.325252,3.3793952],[-57.3251098,3.3794514],[-57.3249704,3.3795692],[-57.3247558,3.3797165],[-57.3245305,3.3798638],[-57.3243052,3.3800057],[-57.3241094,3.380078],[-57.323927,3.3801235],[-57.3238412,3.3801155],[-57.3236346,3.3800539],[-57.3235032,3.3800485],[-57.3233852,3.3800753],[-57.3231223,3.3801637],[-57.3230284,3.3801744],[-57.3227683,3.3802333],[-57.322602,3.3802547],[-57.3222452,3.3803029],[-57.3219341,3.3803243],[-57.3216552,3.3802949],[-57.3214111,3.3802815],[-57.3213279,3.3802815],[-57.3212367,3.3803163],[-57.3211455,3.380418],[-57.3210838,3.3804769],[-57.3210409,3.3804984],[-57.3209953,3.3804903],[-57.3209497,3.3804689],[-57.3208854,3.380418],[-57.3208398,3.3803819],[-57.3207513,3.3803685],[-57.3206359,3.3803859],[-57.3201075,3.3806724],[-57.319783,3.3809428],[-57.3193485,3.3813498],[-57.3190078,3.3816095],[-57.3187396,3.3819094],[-57.318584,3.3821343],[-57.3183319,3.3825012],[-57.3180932,3.3828626],[-57.317943,3.3831812],[-57.3177955,3.3836284],[-57.3176077,3.3842416],[-57.3175192,3.3846218],[-57.3174924,3.3849725],[-57.3174334,3.3851225],[-57.3173583,3.3852804],[-57.3173127,3.3855268],[-57.3172537,3.3859498],[-57.3172027,3.3864612],[-57.317141,3.3867959],[-57.3170525,3.38731],[-57.3170203,3.3877116],[-57.3170069,3.3880169],[-57.3170498,3.3883596],[-57.3171651,3.3887344],[-57.3171973,3.3890316],[-57.3172188,3.3893824],[-57.3172322,3.3899045],[-57.3172161,3.3903222],[-57.3171893,3.3905846],[-57.3171973,3.3907533],[-57.3172268,3.390922],[-57.3172992,3.3911415],[-57.3174575,3.3914816],[-57.3176211,3.3917386],[-57.3177338,3.3919073],[-57.3178384,3.3920974],[-57.3179162,3.3922634],[-57.3179403,3.3924642],[-57.3178947,3.3927962],[-57.3177767,3.3930693],[-57.3175862,3.3933478],[-57.3173797,3.3935513],[-57.3171732,3.3936771],[-57.3168325,3.3937762],[-57.3164785,3.3938646],[-57.3162532,3.3939047],[-57.3160413,3.3939368],[-57.3154485,3.393902],[-57.3148075,3.3937387],[-57.3140886,3.393479],[-57.3135147,3.3931737],[-57.3119938,3.392325],[-57.3111596,3.3917976],[-57.3106313,3.3913611],[-57.3101914,3.3910023],[-57.3098534,3.3907667],[-57.3094189,3.3905739],[-57.3088074,3.3902633],[-57.308228,3.3900277],[-57.307992,3.3899313],[-57.3077238,3.3899099],[-57.3074126,3.3899366],[-57.3071551,3.389934],[-57.306785,3.3898751],[-57.3064336,3.3898028],[-57.3062217,3.3897465],[-57.3060581,3.3896528],[-57.3058623,3.3894975],[-57.3056585,3.3892967],[-57.3054278,3.3890611],[-57.30524,3.388796],[-57.3051167,3.3885149],[-57.305063,3.3883087],[-57.3049209,3.3878375],[-57.3048565,3.3875537],[-57.3047626,3.3871868],[-57.3046044,3.3867317],[-57.3045346,3.3865067],[-57.3044568,3.3862738],[-57.3042905,3.3857892],[-57.3041886,3.3855],[-57.304135,3.3853019],[-57.3041296,3.3850636],[-57.3041698,3.3847931],[-57.3041967,3.3845548],[-57.3041591,3.3842308],[-57.3040974,3.3839015],[-57.3041055,3.3837783],[-57.3041564,3.3835936],[-57.3041967,3.3833821],[-57.3042235,3.3830956],[-57.3042315,3.3829269],[-57.3043308,3.3823218],[-57.3044032,3.3818211],[-57.3044327,3.3813605],[-57.3044568,3.3809509],[-57.3044729,3.3807179],[-57.3045158,3.3802868],[-57.3045158,3.3800351],[-57.304489,3.3796656],[-57.304481,3.379438],[-57.3044542,3.3789909],[-57.3044246,3.3788142],[-57.3043281,3.3784715],[-57.3042771,3.3780725],[-57.3042181,3.377786],[-57.3040786,3.377296],[-57.303966,3.376972],[-57.3037729,3.3765945],[-57.303569,3.3761688],[-57.3032257,3.3756922],[-57.3030245,3.3754592],[-57.3027322,3.3750656],[-57.3024961,3.3747952],[-57.3023781,3.3747175],[-57.3022735,3.3745836],[-57.3022065,3.3743989],[-57.3021314,3.3742757],[-57.3020107,3.3741793],[-57.3015976,3.3739437],[-57.3011416,3.373692],[-57.3010075,3.3735796],[-57.3009002,3.3734002],[-57.3008922,3.3733466],[-57.3008841,3.3732315],[-57.3008493,3.3731217],[-57.30075,3.3730548],[-57.3006508,3.373036],[-57.300455,3.3730601],[-57.3003182,3.3730922],[-57.3001277,3.3730628],[-57.2999802,3.3730039],[-57.2997469,3.3729075],[-57.2993231,3.3726156],[-57.2990146,3.3723077],[-57.2985426,3.3719222],[-57.2978345,3.3714857],[-57.2968367,3.3709555],[-57.2964719,3.3707654],[-57.2961205,3.3704736],[-57.2956619,3.3700532],[-57.2950637,3.3694561],[-57.2946695,3.3690197],[-57.2942939,3.368436],[-57.2940499,3.3680075],[-57.2938192,3.3675122],[-57.2936448,3.3670998],[-57.2934812,3.3666875],[-57.2933659,3.3663314],[-57.2933176,3.3660529],[-57.2933283,3.3657611],[-57.2933739,3.3654799],[-57.293551,3.365022],[-57.29372,3.3646606],[-57.2939104,3.3641224],[-57.2940686,3.3637422],[-57.2942698,3.3635065],[-57.2946239,3.3632655],[-57.2949511,3.3630353],[-57.2952247,3.3627595],[-57.2952864,3.3626363],[-57.2953534,3.3624864],[-57.2955626,3.3621972],[-57.2957236,3.3620365],[-57.2957987,3.3619187],[-57.2958845,3.3617072],[-57.2959676,3.3616001],[-57.2960696,3.3615171],[-57.2961608,3.3614314],[-57.2961929,3.3613886],[-57.2962144,3.3613189],[-57.2962385,3.3611904],[-57.2962868,3.3611074],[-57.2963914,3.3610405],[-57.2965604,3.3609789],[-57.2966945,3.3609227],[-57.2967562,3.360853],[-57.2968045,3.3607138],[-57.2968072,3.3606415],[-57.2968125,3.3605424],[-57.2968474,3.3603978],[-57.2969708,3.3602104],[-57.2970808,3.3600283],[-57.297129,3.3598248],[-57.2971371,3.3596776],[-57.29718,3.3594634],[-57.2972015,3.3592411],[-57.2972202,3.3586574],[-57.2972336,3.3583789],[-57.2972336,3.3581647],[-57.2971988,3.357814],[-57.297121,3.3574016],[-57.2970217,3.3570241],[-57.2969413,3.3566572],[-57.2968125,3.3562797],[-57.2966838,3.3561137],[-57.2966033,3.3559985],[-57.2965497,3.3559075],[-57.2965202,3.3557576],[-57.2964786,3.3556049],[-57.2964638,3.3554764],[-57.2964786,3.3553198],[-57.2965094,3.3552006],[-57.2965577,3.3549034],[-57.2965443,3.3545687],[-57.2964102,3.3541296],[-57.2961339,3.3536503],[-57.2958979,3.3533102],[-57.2955546,3.352938],[-57.2950289,3.3525658],[-57.2942966,3.352199],[-57.293736,3.3519607],[-57.2932264,3.3518268],[-57.2927141,3.3516474],[-57.2923118,3.351476],[-57.2917298,3.351136],[-57.2912148,3.35097],[-57.2905657,3.350887],[-57.2898924,3.3507156],[-57.2895035,3.3504853],[-57.2891334,3.3501908],[-57.2889161,3.3498936],[-57.2887418,3.3495856],[-57.2886345,3.3493313],[-57.2884575,3.349018],[-57.2883904,3.3489028],[-57.288267,3.348528],[-57.2881839,3.3482201],[-57.2881034,3.3478639],[-57.2880712,3.3476149],[-57.2879934,3.3472293],[-57.2879237,3.3467286],[-57.2878727,3.3463993],[-57.2878379,3.3461556],[-57.2877842,3.3459708],[-57.2877011,3.3456147],[-57.2876796,3.3453255],[-57.2876474,3.3449694],[-57.2875991,3.3446802],[-57.2874945,3.3443053],[-57.287406,3.3440751],[-57.2873792,3.3438261],[-57.2873068,3.3435235],[-57.2871834,3.3432718],[-57.2870761,3.3430308],[-57.2869796,3.3428487],[-57.2869286,3.3426934],[-57.2868562,3.3424123],[-57.2867757,3.3420856],[-57.2866926,3.3418392],[-57.2865745,3.3415902],[-57.2865048,3.3414403],[-57.2863385,3.3410306],[-57.286242,3.3407869],[-57.2861293,3.3406557],[-57.2860703,3.3405299],[-57.2859308,3.3401122],[-57.2857189,3.3396248],[-57.2854614,3.3390598],[-57.28522,3.3386073],[-57.2849518,3.3382298],[-57.2847453,3.3378254],[-57.2844073,3.3371346],[-57.2841927,3.3365428],[-57.2840586,3.3360368],[-57.283895,3.3354557],[-57.2837663,3.3349844],[-57.2836697,3.3346979],[-57.2835758,3.334465],[-57.2834846,3.3340499],[-57.2833478,3.333426],[-57.2833291,3.3331181],[-57.2833586,3.3328503],[-57.2833505,3.3325611],[-57.2832835,3.3322211],[-57.2831494,3.3319024],[-57.2830796,3.3316909],[-57.283034,3.3314151],[-57.2830421,3.3312277],[-57.2830448,3.3308287],[-57.2829965,3.3305422],[-57.2829536,3.3302423],[-57.2828811,3.3298808],[-57.2828355,3.3296693],[-57.282798,3.3292596],[-57.2827444,3.3288204],[-57.2826746,3.3284482],[-57.2826773,3.3282206],[-57.2827417,3.3278163],[-57.2827926,3.3274843],[-57.2828597,3.3270183],[-57.2829187,3.3266247],[-57.2829938,3.3263007],[-57.2832084,3.3257304],[-57.2834417,3.3252457],[-57.2835973,3.3247718],[-57.2838682,3.3243246],[-57.2840506,3.3239765],[-57.2841954,3.3235722],[-57.2842678,3.3232776],[-57.2843349,3.3231384],[-57.2844127,3.3230554],[-57.2845334,3.3229804],[-57.2846165,3.3229081],[-57.2847185,3.3227876],[-57.2849304,3.3224797],[-57.2850645,3.3222895],[-57.2852603,3.3220673],[-57.2855097,3.3217727],[-57.2858048,3.3213684],[-57.2860998,3.3209668],[-57.2862983,3.3206936],[-57.2865558,3.3203696],[-57.2869474,3.3198528],[-57.2871968,3.3195074],[-57.2873578,3.3190736],[-57.2874329,3.3188112],[-57.2874932,3.3185354],[-57.2876065,3.3180849],[-57.287634,3.317886],[-57.2876501,3.3176866],[-57.2876313,3.3173626],[-57.2876743,3.3169636],[-57.2876984,3.3166503],[-57.287693,3.316428],[-57.287626,3.3159835],[-57.2876313,3.3155979],[-57.2876099,3.3153168],[-57.2876287,3.3150918],[-57.2876072,3.3147411],[-57.2875777,3.3144224],[-57.2875401,3.3141948],[-57.2875401,3.3136325],[-57.2874865,3.3132014],[-57.2874463,3.3128801],[-57.2873658,3.3125346],[-57.2872907,3.3122267],[-57.2871874,3.3118652],[-57.28717,3.3117849],[-57.2869876,3.3112761],[-57.2869635,3.3111154],[-57.2869393,3.3109441],[-57.2868937,3.3108343],[-57.2867784,3.3106682],[-57.2866657,3.3104513],[-57.2865745,3.3101729],[-57.2865397,3.3099345],[-57.286478,3.3094285],[-57.2863412,3.3087563],[-57.286242,3.308352],[-57.2861239,3.3080307],[-57.2859255,3.3076852],[-57.2856787,3.3073559],[-57.2855687,3.3070908],[-57.2854507,3.3066864],[-57.2853944,3.3063357],[-57.2853649,3.3059179],[-57.2853917,3.3056154],[-57.2854453,3.3054092],[-57.2855526,3.3051548],[-57.2856465,3.3047371],[-57.2856733,3.3044318],[-57.2857618,3.304239],[-57.2859174,3.3039177],[-57.2861534,3.3036874],[-57.2865638,3.3033687],[-57.2872424,3.3027743],[-57.2877467,3.3024663],[-57.2881785,3.3022923],[-57.2886479,3.3022494],[-57.2890663,3.3021611],[-57.289474,3.302145],[-57.2896805,3.3020727],[-57.290107,3.3018826],[-57.2908205,3.3015077],[-57.291196,3.301272],[-57.2914508,3.3011087],[-57.2916386,3.3009614],[-57.2918719,3.3006669],[-57.2921401,3.3004634],[-57.2926363,3.3002973],[-57.2931325,3.300126],[-57.2936851,3.2996761],[-57.2942001,3.298937],[-57.2946158,3.2984416],[-57.2949457,3.2978097],[-57.295104,3.2974107],[-57.2953588,3.2968912],[-57.2954929,3.296527],[-57.295627,3.296112],[-57.2957906,3.2956916],[-57.2959113,3.2955256],[-57.2961205,3.2952444],[-57.2962922,3.294915],[-57.2964719,3.2946071],[-57.2966838,3.2942242],[-57.2969171,3.2939724],[-57.2970271,3.2936243],[-57.2971264,3.2932039],[-57.2972256,3.2928237],[-57.2972524,3.2925452],[-57.297298,3.2922721],[-57.2973517,3.2919534],[-57.2973838,3.2916374],[-57.2973543,3.2912116],[-57.2973597,3.2910215],[-57.2974321,3.2907778],[-57.2976118,3.2903789],[-57.2978076,3.2899236],[-57.2980839,3.2894952],[-57.2982234,3.2893345],[-57.298556,3.2890667],[-57.2986981,3.2888124],[-57.2989342,3.2885365],[-57.2991407,3.2882634],[-57.2993445,3.2878965],[-57.2995055,3.2875136],[-57.299661,3.287128],[-57.2998676,3.286413],[-57.3000473,3.2859284],[-57.300168,3.2855562],[-57.3002189,3.2852857],[-57.3002082,3.2849644],[-57.3001143,3.2846832],[-57.3000875,3.2843993],[-57.3000661,3.2840593],[-57.3000151,3.2836897],[-57.2998837,3.2832854],[-57.2996986,3.2830176],[-57.299358,3.2826829],[-57.2989798,3.2824472],[-57.2984219,3.2821955],[-57.2977674,3.2818929],[-57.2969198,3.281427],[-57.2962037,3.281119],[-57.2955787,3.2808593],[-57.2951147,3.2806692],[-57.2948948,3.2805219],[-57.2947285,3.2803023],[-57.2946158,3.2801711],[-57.294589,3.2801095],[-57.2945997,3.2799622],[-57.2945729,3.2798765],[-57.2944844,3.279756],[-57.2943234,3.2796409],[-57.2942698,3.2795257],[-57.294302,3.2793383],[-57.29431,3.2791749],[-57.2942805,3.2788456],[-57.2942162,3.2787063],[-57.2941464,3.2785108],[-57.2941464,3.2782698],[-57.294074,3.2778333],[-57.2939587,3.2774156],[-57.2938782,3.2769336],[-57.2937816,3.2764141],[-57.2936314,3.2760499],[-57.2935134,3.2759294],[-57.2934517,3.2757955],[-57.2934169,3.2756697],[-57.293433,3.275517],[-57.2934115,3.2753644],[-57.2932827,3.275102],[-57.292985,3.2746949],[-57.292521,3.2741085],[-57.2923252,3.2737925],[-57.2920918,3.2733855],[-57.2919792,3.2731605],[-57.2918585,3.2727482],[-57.2917941,3.2724134],[-57.291778,3.2721912],[-57.2918236,3.271918],[-57.2918639,3.2716824],[-57.2918209,3.2715458],[-57.2919229,3.2712994],[-57.2920114,3.2709781],[-57.292065,3.2707558],[-57.2921079,3.2704988],[-57.2922528,3.2701881],[-57.2923493,3.2700355],[-57.2924727,3.2698507],[-57.2925532,3.2696901],[-57.2925934,3.2695294],[-57.2926149,3.2693366],[-57.2926846,3.2689831],[-57.2927409,3.2687153],[-57.2927544,3.268485],[-57.2927597,3.2682628],[-57.2927088,3.2680164],[-57.2926632,3.2677781],[-57.2926189,3.267292],[-57.2925988,3.267193],[-57.292458,3.2669975],[-57.2922005,3.2666561],[-57.291829,3.2662383],[-57.2913529,3.2657603],[-57.2912456,3.2656184],[-57.2910324,3.2653265],[-57.2907574,3.2650922],[-57.2904383,3.2648753],[-57.2900909,3.2646503],[-57.2897033,3.2644696],[-57.2893412,3.2642366],[-57.2887284,3.2639528],[-57.2885352,3.2638791],[-57.288373,3.2637613],[-57.2882348,3.2636154],[-57.2880712,3.2635243],[-57.287693,3.2633944],[-57.2874141,3.2634065],[-57.2871123,3.2633583],[-57.2868039,3.2632445],[-57.2865665,3.2632097],[-57.2863103,3.2632351],[-57.2859456,3.2632512],[-57.285613,3.2632793],[-57.2854815,3.2632873],[-57.2853193,3.2632271],[-57.2851557,3.2630865],[-57.2849277,3.262824],[-57.2847198,3.2624625],[-57.2845615,3.2621211],[-57.2843885,3.2618654],[-57.2843054,3.2616404],[-57.2842692,3.2615092],[-57.2841968,3.2614195],[-57.2841069,3.2613659],[-57.2840452,3.2612856],[-57.283891,3.2610111],[-57.2837046,3.2608197],[-57.2834297,3.2605425],[-57.2831427,3.2602653],[-57.2828704,3.2600565],[-57.2824372,3.2597472],[-57.2821395,3.2595597],[-57.2818458,3.2594272],[-57.2814918,3.259225],[-57.2813107,3.2591045],[-57.2810867,3.2589411],[-57.2809553,3.2587845],[-57.2807448,3.2585555],[-57.2804725,3.2583627],[-57.2803585,3.2582382],[-57.2802888,3.2581016],[-57.2802392,3.2578901],[-57.2802271,3.2577642],[-57.2801198,3.2572996],[-57.2800957,3.256985],[-57.2801064,3.2566221],[-57.28016,3.2562151],[-57.2802633,3.2558495],[-57.2803679,3.2554626],[-57.280384,3.255247],[-57.2804108,3.2550756],[-57.280506,3.2548667],[-57.2805785,3.2547154],[-57.2805972,3.254619],[-57.2806536,3.2544932],[-57.2807421,3.2542629],[-57.280789,3.2540808],[-57.2808735,3.2538291],[-57.2810385,3.2535412],[-57.2812168,3.2532386],[-57.2814851,3.25294],[-57.2817144,3.2527244],[-57.2818726,3.2525303],[-57.2820041,3.2523375],[-57.282165,3.2522438],[-57.282401,3.2521233],[-57.2827631,3.251909],[-57.2830635,3.2517376],[-57.2834069,3.2515663],[-57.2837314,3.2514565],[-57.2839567,3.2513975],[-57.2842437,3.2513279],[-57.2846031,3.2512797],[-57.2849062,3.2512369],[-57.2851262,3.2512369],[-57.2853729,3.2512985],[-57.2856304,3.2513788],[-57.2857618,3.2514752],[-57.2859362,3.2516091],[-57.2860944,3.2516466],[-57.2862768,3.2516493],[-57.2866443,3.2516225],[-57.2869554,3.2516412],[-57.287229,3.251676],[-57.2875294,3.2516278],[-57.2877708,3.2515288],[-57.2879264,3.2514136],[-57.2880739,3.2513601],[-57.2882643,3.2513842],[-57.2884467,3.2514913],[-57.2887203,3.2516011],[-57.2889054,3.2516145],[-57.2890878,3.2515555],[-57.2893211,3.2514591],[-57.2894472,3.2513199],[-57.2896001,3.2511431],[-57.2897717,3.2509396],[-57.2898415,3.2508031],[-57.2898911,3.2506089],[-57.2899769,3.2504],[-57.2900856,3.2502621],[-57.2902009,3.2500599],[-57.2903001,3.2497573],[-57.2903779,3.2495284],[-57.2904959,3.2491803],[-57.2905523,3.2490169],[-57.2905523,3.2489125],[-57.2904959,3.2487598],[-57.2905174,3.2486688],[-57.2906005,3.2484465],[-57.2907159,3.2480796],[-57.2908124,3.2476913],[-57.290791,3.2473512],[-57.29074,3.247062],[-57.2906756,3.2468933],[-57.2906247,3.2466068],[-57.29063,3.2463042],[-57.2906408,3.2459935],[-57.2906408,3.2457418],[-57.2905952,3.2454901],[-57.2905523,3.2452919],[-57.2904477,3.2450349],[-57.2902465,3.2447483],[-57.2900909,3.2444484],[-57.2899219,3.2442154],[-57.2897422,3.2439557],[-57.2896564,3.2437816],[-57.2896215,3.2436129],[-57.2895518,3.2432915],[-57.2894016,3.2428577],[-57.2892809,3.2424721],[-57.2892031,3.2422525],[-57.2890234,3.2419044],[-57.2887981,3.2415107],[-57.2885862,3.2411974],[-57.2883663,3.2408814],[-57.2882214,3.2406243],[-57.2880337,3.2404315],[-57.2878593,3.2402146],[-57.2875589,3.2399254],[-57.2872075,3.2396335],[-57.2869474,3.2394112],[-57.2866631,3.2391595],[-57.2864136,3.2389105],[-57.2861239,3.2385168],[-57.2859255,3.2382972],[-57.2857082,3.2380187],[-57.2855204,3.2377857],[-57.2853622,3.2375715],[-57.2852147,3.2374081],[-57.2850215,3.2370975],[-57.2849196,3.2369663],[-57.2848284,3.2369101],[-57.2846916,3.2367601],[-57.2846326,3.2366289],[-57.2844583,3.2363704],[-57.284351,3.2362138],[-57.2841203,3.235946],[-57.2839433,3.2355497],[-57.2837824,3.2352015],[-57.2837019,3.234907],[-57.2836188,3.2346151],[-57.2835678,3.2343392],[-57.2835249,3.2341196],[-57.28349,3.2338599],[-57.2834525,3.2333511],[-57.2834712,3.2329922],[-57.2835141,3.2325986],[-57.2835785,3.2320094],[-57.2836643,3.2315595],[-57.2837958,3.2310989],[-57.283946,3.2305473],[-57.2840989,3.2300652],[-57.2843295,3.2292619],[-57.2844341,3.2288575],[-57.284528,3.2284665],[-57.2846729,3.2281077],[-57.2849223,3.227722],[-57.2851852,3.22724],[-57.2853649,3.2270124],[-57.2855526,3.2268437],[-57.2857377,3.2266241],[-57.285853,3.2264339],[-57.2860408,3.2260965],[-57.286191,3.225743],[-57.2863734,3.2253413],[-57.2865263,3.2250119],[-57.286773,3.2246129],[-57.2869098,3.2243398],[-57.2870439,3.2240023],[-57.2871324,3.2236248],[-57.2872156,3.2234239],[-57.2872666,3.2232365],[-57.2874087,3.2230169],[-57.2875482,3.222808],[-57.2876018,3.2225616],[-57.2876903,3.2222831],[-57.2878137,3.2219644],[-57.2879693,3.2215359],[-57.2880229,3.2213913],[-57.2880256,3.2213244],[-57.2880524,3.2211503],[-57.288157,3.2208531],[-57.2883153,3.2205156],[-57.2883689,3.2203416],[-57.2884575,3.2200523],[-57.2886077,3.2196935],[-57.288782,3.2194471],[-57.2889778,3.2191552],[-57.2892138,3.2189544],[-57.2893855,3.2188526],[-57.2894445,3.2187669],[-57.2895277,3.2184697],[-57.2896671,3.2180546],[-57.2897261,3.217693],[-57.289761,3.2173663],[-57.2897932,3.2170878],[-57.2898093,3.2167959],[-57.2898656,3.2165094],[-57.28993,3.2162603],[-57.2900024,3.2158131],[-57.2900319,3.2155855],[-57.2900158,3.2153364],[-57.2899944,3.2150124],[-57.2899729,3.2147714],[-57.289989,3.2143831],[-57.2900265,3.2139439],[-57.2900748,3.2134752],[-57.2901419,3.213119],[-57.2902304,3.2127307],[-57.2903189,3.2123344],[-57.2904155,3.2119568],[-57.2904637,3.2115712],[-57.2905496,3.2110945],[-57.2906971,3.2106955],[-57.2908688,3.2103286],[-57.2909841,3.2100126],[-57.2911316,3.2095707],[-57.2912496,3.2092145],[-57.2913703,3.2088503],[-57.2915125,3.2085209],[-57.2916037,3.2081969],[-57.2916788,3.2079291],[-57.2918478,3.207597],[-57.2919738,3.2074042],[-57.2920382,3.2072114],[-57.2921455,3.2068927],[-57.2922394,3.2066195],[-57.2923601,3.2063169],[-57.2924539,3.2060143],[-57.2925451,3.2057411],[-57.2926202,3.2054787],[-57.2927007,3.2051306],[-57.2927946,3.2047449],[-57.2928616,3.20452],[-57.2929421,3.2040379],[-57.2930011,3.2036764],[-57.2931138,3.2034032],[-57.293272,3.2030337],[-57.2934517,3.2025864],[-57.2936019,3.2021874],[-57.2937548,3.201767],[-57.2938675,3.2014054],[-57.2939171,3.2012434],[-57.2939801,3.2010252],[-57.2940995,3.2007065],[-57.2942081,3.2003771],[-57.2943717,3.2001039],[-57.2944522,3.1999031],[-57.294589,3.1996487],[-57.2947767,3.1993701],[-57.2949135,3.1991023],[-57.2949994,3.1989899],[-57.295104,3.1987997],[-57.2952944,3.1983953],[-57.2954178,3.1980954],[-57.295568,3.1977874],[-57.2957209,3.1974741],[-57.2958228,3.1972518],[-57.2959542,3.1969385],[-57.2961634,3.1965046],[-57.2963592,3.1961163],[-57.2966543,3.1955727],[-57.2968555,3.1951174],[-57.297121,3.1946488],[-57.2973248,3.1942551],[-57.2975233,3.1937463],[-57.2977835,3.1931839],[-57.2979444,3.192734],[-57.2981107,3.1923189],[-57.2982824,3.1920109],[-57.2983843,3.1917163],[-57.2985265,3.1913789],[-57.2986659,3.1909745],[-57.298784,3.1906585],[-57.2988457,3.1904201],[-57.2989047,3.1902139],[-57.2989422,3.1901122],[-57.2989717,3.1900037],[-57.2990388,3.189847],[-57.2991434,3.1895176],[-57.2992587,3.1892471],[-57.2993875,3.1888481],[-57.2995135,3.1883661],[-57.2996262,3.188034],[-57.2997254,3.187651],[-57.2997978,3.1873779],[-57.2998971,3.1870645],[-57.2999641,3.186794],[-57.3000473,3.1863281],[-57.300168,3.185854],[-57.300227,3.1855273],[-57.3003718,3.184914],[-57.3004791,3.1844802],[-57.3005274,3.1842579],[-57.3005435,3.1840865],[-57.3005757,3.1839446],[-57.3006347,3.1837785],[-57.3007044,3.1833929],[-57.3008037,3.1829832],[-57.3009351,3.1824288],[-57.3010317,3.1820967],[-57.3011336,3.1816682],[-57.3012435,3.1812531],[-57.3013642,3.1808086],[-57.30156,3.1801685],[-57.3017371,3.1796945],[-57.3018953,3.1792954],[-57.3019436,3.1791481],[-57.3019892,3.1789901],[-57.3021367,3.1786527],[-57.3023754,3.1781305],[-57.302472,3.1777689],[-57.3024961,3.1774984],[-57.3024666,3.1772226],[-57.302413,3.1769682],[-57.3023245,3.1766575],[-57.302185,3.1762772],[-57.3021153,3.1761728],[-57.3020428,3.1761273],[-57.3019704,3.1760603],[-57.3019087,3.1759585],[-57.3018685,3.1757738],[-57.3018444,3.1755943],[-57.3017961,3.175447],[-57.3016968,3.1752381],[-57.3014689,3.1748739],[-57.301029,3.1743222],[-57.3006454,3.1739634],[-57.3002726,3.1735697],[-57.300058,3.1733742],[-57.299704,3.1730126],[-57.2996047,3.172868],[-57.2995564,3.1728118],[-57.2995001,3.1727663],[-57.2994357,3.1727422],[-57.2993365,3.1726832],[-57.2991192,3.1723431],[-57.2989476,3.1720967],[-57.298784,3.1719334],[-57.2986713,3.1718075],[-57.2986364,3.1717191],[-57.2985452,3.1715772],[-57.2984648,3.1715102],[-57.2983629,3.1714486],[-57.2981671,3.1712746],[-57.2980598,3.171229],[-57.2979686,3.1711648],[-57.2979149,3.1710844],[-57.2977889,3.170913],[-57.2977057,3.1708514],[-57.2976494,3.170822],[-57.2975904,3.1708059],[-57.2975206,3.170822],[-57.297467,3.1708112],[-57.2973838,3.1707577],[-57.2973114,3.1706506],[-57.2972497,3.1705943],[-57.297062,3.1704551],[-57.2968528,3.1703051],[-57.296606,3.1701283],[-57.2962654,3.1698766],[-57.2961929,3.1698686],[-57.296024,3.1698471],[-57.295855,3.1697614],[-57.2956699,3.1695874],[-57.2955439,3.1694588],[-57.2954151,3.1693008],[-57.2952569,3.169108],[-57.2950932,3.1690142],[-57.294876,3.1688991],[-57.2945541,3.1687143],[-57.2942778,3.1685804],[-57.2941867,3.1685563],[-57.294023,3.1685616],[-57.293677,3.1686286],[-57.2934249,3.168642],[-57.2931996,3.168642],[-57.2927544,3.1686688],[-57.2924083,3.168717],[-57.2922072,3.1687732],[-57.2918049,3.1688562],[-57.29155,3.1689259],[-57.2912952,3.169041],[-57.2910351,3.1691133],[-57.2907266,3.1691481],[-57.2904208,3.1692365],[-57.2901553,3.1693758],[-57.2898066,3.1695204],[-57.2892487,3.1697855],[-57.2887149,3.1700212],[-57.2880766,3.1703372],[-57.2873712,3.1707014],[-57.286545,3.1710871],[-57.2861642,3.1712799],[-57.2858664,3.1714004],[-57.2854239,3.1714995],[-57.285035,3.1715692],[-57.2845629,3.1715852],[-57.2840828,3.1715852],[-57.2836348,3.1715933],[-57.283034,3.1716307],[-57.2824439,3.1716629],[-57.2816607,3.1718021],[-57.2812155,3.1718905],[-57.2807246,3.1719119],[-57.280325,3.1719869],[-57.2799683,3.1720137],[-57.2794962,3.171936],[-57.2791287,3.1718129],[-57.278721,3.171612],[-57.2783589,3.1713576],[-57.2780827,3.1711299],[-57.277852,3.1708809],[-57.2775596,3.1705997],[-57.2772458,3.1702971],[-57.2770715,3.1701712],[-57.2769588,3.1700989],[-57.2767255,3.1698578],[-57.2764465,3.1696436],[-57.276248,3.1694695],[-57.2759825,3.1692713],[-57.2757357,3.1690464],[-57.2755131,3.1687973],[-57.275438,3.1687384],[-57.2753227,3.1686527],[-57.2752154,3.1684867],[-57.275084,3.1683045],[-57.274797,3.1679778],[-57.2745368,3.167643],[-57.2743383,3.1673726],[-57.2742578,3.1672279],[-57.2741345,3.1669708],[-57.2740164,3.1666441],[-57.2739252,3.166237],[-57.2738957,3.1659157],[-57.2738796,3.165447],[-57.2738796,3.1650747],[-57.2738957,3.1647748],[-57.2739306,3.1646891],[-57.2739413,3.1646195],[-57.2739333,3.1644641],[-57.2739628,3.1642793],[-57.2740218,3.1640383],[-57.2740942,3.1637143],[-57.2741398,3.1634438],[-57.2742283,3.1630715],[-57.2743276,3.162718],[-57.2744831,3.1623457],[-57.2748023,3.1615932],[-57.2751939,3.1607148],[-57.2755909,3.1601631],[-57.2762963,3.1590998],[-57.2770876,3.1580125],[-57.2777474,3.1572921],[-57.2784743,3.1565181],[-57.2792602,3.1555513],[-57.2800219,3.1547264],[-57.2804001,3.154322],[-57.2807863,3.1538935],[-57.2812933,3.1533258],[-57.2818163,3.152758],[-57.2824332,3.1521554],[-57.2829589,3.1515984],[-57.2836348,3.1509047],[-57.284064,3.1504494],[-57.2847104,3.1497585],[-57.2851101,3.1493728],[-57.285794,3.1486979],[-57.2861615,3.1483149],[-57.2866201,3.1477525],[-57.2870144,3.1473267],[-57.2874731,3.1468982],[-57.288098,3.1464081],[-57.2882456,3.1462367],[-57.2883743,3.1460787],[-57.2885084,3.1459341],[-57.2886613,3.1458591],[-57.2888222,3.1458082],[-57.2890154,3.1458001],[-57.2891709,3.145776],[-57.2893533,3.1456957],[-57.2895438,3.1455511],[-57.2896564,3.1454118],[-57.2897127,3.1452538],[-57.2897369,3.1451333],[-57.2897905,3.1450369],[-57.2899514,3.1449351],[-57.290099,3.1448976],[-57.2902814,3.144903],[-57.290453,3.1448815],[-57.2907132,3.1447824],[-57.2909868,3.1445869],[-57.2911853,3.1444155],[-57.2914106,3.1442307],[-57.2916305,3.1439817],[-57.2919014,3.1435799],[-57.2920409,3.1433496],[-57.2921053,3.1431407],[-57.2921965,3.1427363],[-57.292293,3.1420373],[-57.2923225,3.1416276],[-57.2923064,3.1412821],[-57.2922877,3.1409419],[-57.2923198,3.140733],[-57.292411,3.1404866],[-57.2925264,3.1402054],[-57.2926229,3.1398814],[-57.2926283,3.1396403],[-57.2925827,3.1392252],[-57.2924808,3.1386441],[-57.2923708,3.1382316],[-57.2922421,3.1379343],[-57.2919765,3.1372139],[-57.291593,3.1364479],[-57.2914106,3.1361292],[-57.2913086,3.136006],[-57.2912577,3.1359016],[-57.2912228,3.1357489],[-57.2911692,3.135524],[-57.2910726,3.1353365],[-57.2908822,3.1350392],[-57.2907722,3.1348062],[-57.290681,3.1345304],[-57.290622,3.1342465],[-57.2905657,3.1340028],[-57.290504,3.1338849],[-57.290386,3.1335421],[-57.2902653,3.1332796],[-57.2901043,3.1330306],[-57.289938,3.1328297],[-57.2896913,3.1326503],[-57.2895035,3.1324039],[-57.2892702,3.1321387],[-57.2891012,3.1319379],[-57.2889188,3.1317477],[-57.2888035,3.1316861],[-57.2887176,3.1315977],[-57.2886452,3.1314558],[-57.2885808,3.1311987],[-57.288436,3.1309255],[-57.2883394,3.1307782],[-57.2881007,3.1305479],[-57.2878942,3.1304113],[-57.2876072,3.1302104],[-57.2872692,3.1300096],[-57.2870412,3.129806],[-57.2867757,3.1295864],[-57.2864458,3.129332],[-57.2862688,3.1292543],[-57.2860542,3.1291418],[-57.2858101,3.1290802],[-57.2856653,3.1290079],[-57.2855499,3.1289222],[-57.2853193,3.1288365],[-57.2850993,3.1287347],[-57.2849223,3.1286517],[-57.2845978,3.1285767],[-57.2842571,3.1284937],[-57.2838709,3.1283946],[-57.283659,3.1283758],[-57.2832191,3.1282982],[-57.2826532,3.1282018],[-57.2823501,3.1281294],[-57.2820604,3.128017],[-57.2817814,3.1278643],[-57.2815347,3.1277063],[-57.2814301,3.1276634],[-57.2812155,3.127567],[-57.2811216,3.1275563],[-57.28095,3.1275242],[-57.2808373,3.1275135],[-57.280679,3.1275081],[-57.2805074,3.1274867],[-57.2803491,3.1274867],[-57.2802687,3.1274787],[-57.2801802,3.1274733],[-57.2800407,3.127417],[-57.2798368,3.1273876],[-57.2794291,3.127334],[-57.278823,3.1272349],[-57.2783455,3.1271573],[-57.278131,3.1271305],[-57.2776186,3.1271171],[-57.2773907,3.1271064],[-57.2771895,3.1270555],[-57.2771037,3.1270501],[-57.276983,3.1270849],[-57.2768408,3.1271278],[-57.2766557,3.1271332],[-57.2762775,3.1270635],[-57.2760978,3.1270474],[-57.2760013,3.1270501],[-57.2757921,3.1270796],[-57.2755346,3.1270448],[-57.2751832,3.1269912],[-57.2748104,3.1269162],[-57.2745127,3.1268814],[-57.2742498,3.1268653],[-57.2736812,3.126702],[-57.2732601,3.12656],[-57.2729784,3.1264877],[-57.2725841,3.1264395],[-57.2721389,3.1263725],[-57.2719029,3.1263511],[-57.2716427,3.1263324],[-57.2711492,3.1262601],[-57.2706932,3.1262172],[-57.2706342,3.1262279],[-57.2705457,3.1262627],[-57.2704706,3.1262895],[-57.2703981,3.1262922],[-57.2701192,3.1262708],[-57.2697061,3.1262252],[-57.2693548,3.1262092],[-57.2690356,3.1262467],[-57.2685581,3.126335],[-57.2679466,3.1265091],[-57.2676435,3.1266377],[-57.26704,3.1269109],[-57.2666672,3.1271385],[-57.26612,3.1274037],[-57.2657311,3.1276608],[-57.2652698,3.1280089],[-57.2646904,3.1284374],[-57.2642398,3.1287695],[-57.2636738,3.1292275],[-57.2634378,3.1294632],[-57.2633037,3.129723],[-57.2632581,3.1297792],[-57.2630543,3.1299667],[-57.2627217,3.1304675],[-57.2622818,3.1311505],[-57.2619063,3.1317986],[-57.2618365,3.1320289],[-57.2617105,3.1323476],[-57.2616032,3.1327306],[-57.2616005,3.1329315],[-57.2616488,3.1332154],[-57.2616971,3.1334135],[-57.26174,3.1334992],[-57.2618151,3.1335501],[-57.2618848,3.1336224],[-57.2619358,3.1337081],[-57.2620243,3.1340269],[-57.2620592,3.1342893],[-57.2620297,3.1345652],[-57.2618714,3.1352454],[-57.2616568,3.1359016],[-57.2615898,3.1360489],[-57.2615066,3.1361426],[-57.2614583,3.136223],[-57.2612813,3.1366167],[-57.2611579,3.1368497],[-57.260997,3.1371603],[-57.2608575,3.1373987],[-57.2607717,3.1375165],[-57.2606725,3.1375781],[-57.2606215,3.1376183],[-57.2605759,3.1377013],[-57.2605464,3.1378138],[-57.2604874,3.137929],[-57.2603479,3.1381084],[-57.2602138,3.1383334],[-57.2601628,3.1385048],[-57.2600931,3.1386628],[-57.2599402,3.138861],[-57.2597659,3.1391074],[-57.2595701,3.1393966],[-57.2593823,3.1396885],[-57.2590363,3.1400876],[-57.2585911,3.1404706],[-57.2580627,3.1409419],[-57.2573519,3.1415793],[-57.2565499,3.1422301],[-57.2560108,3.1427176],[-57.2555199,3.1431032],[-57.2547931,3.1435987],[-57.2542539,3.1438933],[-57.2535807,3.14422],[-57.2528511,3.1445655],[-57.2521189,3.1448601],[-57.251502,3.1451333],[-57.2511157,3.1453154],[-57.2507107,3.1454654],[-57.2502494,3.1456314],[-57.2498497,3.1458082],[-57.249611,3.1458631],[-57.2493589,3.1458939],[-57.2489378,3.145926],[-57.2485811,3.146009],[-57.2481331,3.146159],[-57.2478139,3.1462367],[-57.2474961,3.1462594],[-57.2471353,3.146234],[-57.2466177,3.1461296],[-57.2464728,3.1461135],[-57.2462475,3.1461162],[-57.2460303,3.1460787],[-57.245813,3.1459662],[-57.2455072,3.1458376],[-57.245062,3.1456609],[-57.2445792,3.1455055],[-57.2440696,3.1453208],[-57.2437155,3.1451333],[-57.2434098,3.1449672],[-57.2431281,3.1448387],[-57.2430021,3.144769],[-57.2428545,3.1446592],[-57.2425407,3.1444236],[-57.2422242,3.144212],[-57.2419614,3.1439415],[-57.241779,3.1436683],[-57.2416154,3.1434862],[-57.2413954,3.1432237],[-57.2412613,3.1430952],[-57.2409958,3.1428836],[-57.2408161,3.1426908],[-57.2405773,3.1423694],[-57.2401321,3.1417641],[-57.2397405,3.1412178],[-57.2392309,3.1403286],[-57.2389627,3.1397823],[-57.238732,3.1393324],[-57.2384101,3.1387967],[-57.23804,3.1382182],[-57.2374821,3.1374255],[-57.2369885,3.1368416],[-57.2365487,3.1361882],[-57.2360981,3.1353954],[-57.2357333,3.1348491],[-57.2352612,3.1343402],[-57.2348374,3.133901],[-57.2347516,3.1337189],[-57.2346926,3.1333975],[-57.2346711,3.1330815],[-57.2347355,3.1329208],[-57.2349876,3.1324922],[-57.2353095,3.1321655],[-57.2357172,3.1317745],[-57.2366506,3.1312228],[-57.2370797,3.1309523],[-57.2373292,3.1308559],[-57.2377557,3.1307461],[-57.2382733,3.1305318],[-57.2388527,3.1302747],[-57.2396573,3.1299747],[-57.2401723,3.1297712],[-57.2406229,3.1296051],[-57.2410575,3.1294337],[-57.2414759,3.1292141],[-57.2417414,3.1291124],[-57.2419962,3.1290722],[-57.2423235,3.1290106],[-57.2430235,3.1287535],[-57.2434473,3.1284856],[-57.2439998,3.1280277],[-57.2446087,3.1273367],[-57.2449762,3.12686],[-57.2456387,3.1259065],[-57.246049,3.1252504],[-57.246151,3.125095],[-57.2462046,3.1249825],[-57.2462395,3.1248834],[-57.2463441,3.1246692],[-57.2465479,3.1243398],[-57.2470629,3.1234024],[-57.2472239,3.1231587],[-57.2481707,3.1215303],[-57.2493026,3.1200251],[-57.250877,3.1184182],[-57.2510996,3.1181718],[-57.2513062,3.1180031],[-57.2515154,3.1178022],[-57.2517622,3.1176656],[-57.2527385,3.1169639],[-57.2533312,3.1165461],[-57.2535673,3.1164122],[-57.2540796,3.1161685],[-57.2546992,3.1158444],[-57.2552168,3.1155846],[-57.2555146,3.1153623],[-57.2557828,3.1150838],[-57.2561315,3.1147196],[-57.2564641,3.1143017],[-57.256617,3.114042],[-57.2567108,3.113817],[-57.2568315,3.1135331],[-57.2569737,3.1133376],[-57.2571346,3.1130483],[-57.2573733,3.1125743],[-57.2575879,3.1120949],[-57.2576898,3.1118511],[-57.2578803,3.1113075],[-57.2579742,3.110895],[-57.2581378,3.1103861],[-57.258414,3.109663],[-57.2585267,3.1093657],[-57.2586742,3.1088917],[-57.2587252,3.108656],[-57.2587654,3.1084899],[-57.2588593,3.1082676],[-57.2589344,3.1080721],[-57.2590846,3.1076972],[-57.2592482,3.1072553],[-57.2593018,3.1071347],[-57.259385,3.1068214],[-57.2595137,3.1065187],[-57.2596183,3.1062375],[-57.2596908,3.1059831],[-57.259731,3.1057688],[-57.2598222,3.1054876],[-57.2599161,3.1051153],[-57.260018,3.104735],[-57.2601092,3.1044618],[-57.2601628,3.1041351],[-57.2602084,3.1037976],[-57.2602996,3.10342],[-57.2603962,3.1031066],[-57.2605008,3.1027665],[-57.2606269,3.1023246],[-57.26071,3.1020139],[-57.2607449,3.1017969],[-57.2607744,3.101513],[-57.2607556,3.1011863],[-57.2607476,3.1008488],[-57.2607127,3.1005703],[-57.2607046,3.100198],[-57.2606403,3.0996382],[-57.260659,3.0992686],[-57.2606751,3.0984812],[-57.2607422,3.0980152],[-57.2607878,3.0977259],[-57.2608414,3.0975411],[-57.2608897,3.0973724],[-57.2609219,3.0971581],[-57.2609031,3.0968769],[-57.2608575,3.096743],[-57.2607717,3.0964296],[-57.2606349,3.0961699],[-57.2605062,3.0959127],[-57.2603104,3.0957119],[-57.2599992,3.0953583],[-57.2598249,3.0951976],[-57.2594091,3.0949914],[-57.2590953,3.0947798],[-57.2588754,3.0945923],[-57.2587144,3.094512],[-57.2584221,3.0944102],[-57.2581834,3.0942629],[-57.258009,3.0941129],[-57.2579044,3.0940701],[-57.2575182,3.0939495],[-57.2572795,3.0938263],[-57.2569871,3.0937621],[-57.2567484,3.0936656],[-57.2564989,3.0935746],[-57.2561878,3.0934621],[-57.2552973,3.093047],[-57.2546294,3.0927657],[-57.2543746,3.0926774],[-57.2540689,3.0926318],[-57.2539213,3.0926211],[-57.2537792,3.0925327],[-57.2537228,3.0924497],[-57.2536397,3.0924202],[-57.2534734,3.0923908],[-57.2531462,3.0922408],[-57.252886,3.0920935],[-57.2526741,3.0920346],[-57.2521618,3.0918524],[-57.2519338,3.0917533],[-57.2516441,3.0916462],[-57.2514778,3.0915926],[-57.2511265,3.0914668],[-57.2508904,3.0913784],[-57.2505739,3.0912712],[-57.250303,3.091132],[-57.2502092,3.0910463],[-57.2501233,3.0909873],[-57.2500053,3.0909472],[-57.2496459,3.0907865],[-57.2493804,3.0906418],[-57.2492033,3.0904811],[-57.2490558,3.0903472],[-57.2488734,3.0901812],[-57.2486267,3.0900044],[-57.2483262,3.0897446],[-57.2482163,3.0896696],[-57.2480178,3.0895464],[-57.247873,3.0894152],[-57.2476423,3.089217],[-57.2473204,3.0889572],[-57.2471944,3.0889224],[-57.2470495,3.0888983],[-57.246961,3.0888822],[-57.2468564,3.0888367],[-57.246792,3.0887563],[-57.2466123,3.0884965],[-57.2464755,3.0883171],[-57.2463629,3.0881644],[-57.2461912,3.0879475],[-57.2459659,3.0877519],[-57.2455958,3.0875243],[-57.2450674,3.0874064],[-57.2445416,3.0873341],[-57.2438496,3.0872939],[-57.2431174,3.0872752],[-57.2423771,3.0873181],[-57.2417924,3.0873556],[-57.2410682,3.0874038],[-57.2403574,3.0874734],[-57.2397968,3.0874546],[-57.2392496,3.0874546],[-57.2388151,3.0874332],[-57.2383672,3.0873422],[-57.2382116,3.0873341],[-57.2380427,3.0873529],[-57.2377986,3.0873395],[-57.2370368,3.0872672],[-57.2361946,3.0872002],[-57.2356153,3.0870931],[-57.2350708,3.0870234],[-57.2347409,3.086994],[-57.2342634,3.0868922],[-57.233786,3.0868547],[-57.2333917,3.0868172],[-57.2331154,3.0867851],[-57.2327614,3.0867636],[-57.2320157,3.0866833],[-57.231549,3.0866163],[-57.2310689,3.0865735],[-57.2308007,3.0865922],[-57.2304815,3.0866003],[-57.2300577,3.086528],[-57.2296125,3.0864235],[-57.2289634,3.0863378],[-57.2284055,3.0862494],[-57.2278208,3.0861744],[-57.2268391,3.0860619],[-57.2265252,3.0859789],[-57.2261739,3.0859521],[-57.2260344,3.0859334],[-57.2257367,3.0858316],[-57.2254014,3.0856414],[-57.2251144,3.0854727],[-57.2247791,3.0852691],[-57.22435,3.0848915],[-57.2242454,3.0847817],[-57.2241864,3.0847308],[-57.2240751,3.0846243],[-57.2239825,3.0845085],[-57.223894,3.0843558],[-57.2237009,3.0839969],[-57.2235078,3.0837023],[-57.2233924,3.083472],[-57.2232744,3.0831854],[-57.223202,3.082931],[-57.2231215,3.0827221],[-57.2230411,3.0824649],[-57.2229579,3.0821462],[-57.2228989,3.0819453],[-57.222864,3.0817204],[-57.2228211,3.0814311],[-57.2227675,3.0809517],[-57.2227058,3.0805606],[-57.222679,3.0803999],[-57.222679,3.0802098],[-57.2226736,3.0800598],[-57.222628,3.0799446],[-57.2225851,3.079883],[-57.2225449,3.0797009],[-57.2224697,3.079342],[-57.2223732,3.0790635],[-57.2222632,3.0788224],[-57.2221774,3.0786028],[-57.2220728,3.0784581],[-57.2220057,3.0783671],[-57.2219843,3.0782974],[-57.2219816,3.0781448],[-57.221987,3.0779948],[-57.2219548,3.0778769],[-57.2218475,3.0776734],[-57.2216758,3.0774939],[-57.2215498,3.0773145],[-57.2213888,3.0771083],[-57.221244,3.0770065],[-57.2210348,3.0768699],[-57.2207236,3.0766503],[-57.220493,3.0764896],[-57.2202006,3.0761789],[-57.2200397,3.0760209],[-57.2197419,3.0758816],[-57.2196266,3.0758548],[-57.2195488,3.0758468],[-57.2194657,3.07582],[-57.2194013,3.0757611],[-57.2193718,3.0756941],[-57.2192833,3.0755977],[-57.2191894,3.0755763],[-57.2190043,3.0755013],[-57.2185913,3.0754102],[-57.2181487,3.0752174],[-57.2178993,3.0751531],[-57.2174916,3.0750406],[-57.2173387,3.0750165],[-57.2171429,3.075062],[-57.2170356,3.0751584],[-57.2169685,3.0752548],[-57.21688,3.0753165],[-57.2167003,3.0753379],[-57.2164643,3.0753325],[-57.2160754,3.0753379],[-57.2156999,3.0753995],[-57.2152707,3.0754423],[-57.2148952,3.0754959],[-57.214745,3.0755361],[-57.2145867,3.0755548],[-57.2142783,3.0755468],[-57.2138089,3.0755414],[-57.2133958,3.075587],[-57.2128487,3.0756164],[-57.2125214,3.0756512],[-57.2122908,3.0756271],[-57.2117651,3.075603],[-57.2112232,3.0755789],[-57.2107109,3.0755066],[-57.2102496,3.0754289],[-57.2096327,3.0752415],[-57.2091472,3.0751236],[-57.2087905,3.0749817],[-57.2083586,3.0748424],[-57.2079697,3.074687],[-57.2073984,3.0744755],[-57.207098,3.0743871],[-57.2067037,3.0742665],[-57.2063389,3.0741487],[-57.2060064,3.0739585],[-57.2058481,3.0738085],[-57.2057113,3.073613],[-57.2055906,3.0734014],[-57.2054592,3.0730747],[-57.2053626,3.0727131],[-57.2052848,3.0723194],[-57.2052151,3.0720569],[-57.205191,3.0716578],[-57.2052071,3.0713257],[-57.2052527,3.0708356],[-57.2052768,3.0706508],[-57.2053519,3.0703615],[-57.2054887,3.0698848],[-57.2055477,3.0695875],[-57.2056577,3.0691053],[-57.2057945,3.0687732],[-57.2059125,3.0684706],[-57.2060439,3.0680742],[-57.2061458,3.0677715],[-57.2062451,3.0675198],[-57.2062853,3.0672546],[-57.2063416,3.0670912],[-57.2064275,3.0667912],[-57.2065187,3.0664859],[-57.2066233,3.0661833],[-57.2067252,3.0658618],[-57.2068164,3.0656262],[-57.2068512,3.0654628],[-57.2069398,3.0652592],[-57.20698,3.0651307],[-57.2071087,3.0646485],[-57.2072697,3.063904],[-57.2073796,3.0634245],[-57.2074655,3.0630817],[-57.2075352,3.0627951],[-57.2076613,3.0623425],[-57.2077686,3.0619434],[-57.2078303,3.0617693],[-57.2079214,3.0614693],[-57.2081897,3.0608667],[-57.2083479,3.0604435],[-57.2084606,3.0600926],[-57.2085035,3.0599507],[-57.2086,3.0597069],[-57.2087637,3.0592463],[-57.2088763,3.0589516],[-57.2089085,3.0586999],[-57.2089461,3.0583918],[-57.2089702,3.0580008],[-57.2090051,3.0576419],[-57.2090131,3.057275],[-57.2089836,3.0569321],[-57.2090024,3.0565786],[-57.2090131,3.0563295],[-57.2089836,3.0560643],[-57.2089434,3.0558474],[-57.2088683,3.055534],[-57.2087261,3.0551296],[-57.2086081,3.0547948],[-57.2084633,3.0545189],[-57.2083882,3.0543528],[-57.2082648,3.0541332],[-57.208128,3.0538948],[-57.20801,3.053635],[-57.2078544,3.0533538],[-57.2077149,3.0530163],[-57.2075969,3.0527565],[-57.2073555,3.0524271],[-57.2071221,3.0520735],[-57.2069827,3.051886],[-57.2067466,3.0516289],[-57.2065535,3.0513637],[-57.2064355,3.051187],[-57.2062558,3.0509566],[-57.2060761,3.0507156],[-57.2058535,3.0505254],[-57.2056282,3.0503352],[-57.2054967,3.0502388],[-57.2054243,3.0501959],[-57.2053412,3.0501718],[-57.2052174,3.0499524],[-57.2049572,3.0495302],[-57.204819,3.0491161],[-57.2046726,3.0487426],[-57.2044287,3.0488563],[-57.2039002,3.0489618],[-57.2033717,3.0489943],[-57.2028838,3.0489862],[-57.2025667,3.0488319],[-57.2022008,3.0488157],[-57.202022,3.0490755],[-57.2018593,3.0495302],[-57.2017862,3.0499037],[-57.2017374,3.0503665],[-57.2016561,3.0506101],[-57.2011032,3.0508536],[-57.2007535,3.0508861],[-57.2004771,3.0507887],[-57.2000055,3.0505126],[-57.1996152,3.0502284],[-57.1994201,3.0498955],[-57.1992086,3.0496276],[-57.1989891,3.0493515],[-57.1987614,3.0492054],[-57.1985419,3.0492216],[-57.1984606,3.0491404],[-57.1984606,3.0489293],[-57.197802,3.0486046],[-57.1974849,3.0486046],[-57.1971434,3.0485883],[-57.1968182,3.0486614],[-57.1963709,3.0487507],[-57.1962165,3.0487507],[-57.1957123,3.0485964],[-57.1952651,3.0482148],[-57.1950944,3.0477926],[-57.1949806,3.0472811],[-57.1952164,3.0463798],[-57.1954359,3.0459414],[-57.1959481,3.0453405],[-57.1965661,3.0450076],[-57.1976475,3.044626],[-57.1990135,3.0442363],[-57.1991111,3.0439278],[-57.1994526,3.0428966],[-57.1996152,3.0419953],[-57.1995989,3.0412483],[-57.1995664,3.0402821],[-57.1995908,3.0394864],[-57.1995501,3.0389099],[-57.1989972,3.0375377],[-57.1984606,3.0360924],[-57.1972816,3.0336809],[-57.1967313,3.032687],[-57.1965623,3.0323683],[-57.1964175,3.0320924],[-57.1961036,3.0315701],[-57.195932,3.031313],[-57.1956611,3.0309407],[-57.1954545,3.0306434],[-57.1953177,3.0304746],[-57.1951193,3.03018],[-57.1950066,3.0299577],[-57.194953,3.0298184],[-57.1948671,3.0295774],[-57.1947518,3.0293042],[-57.1945533,3.0289238],[-57.1941,3.0279435],[-57.1937996,3.0274051],[-57.193636,3.0270275],[-57.1934563,3.0266685],[-57.1932846,3.026398],[-57.1931934,3.0262212],[-57.1930888,3.0260766],[-57.1930325,3.0259962],[-57.1929655,3.0258463],[-57.1927938,3.0255329],[-57.1926436,3.0252382],[-57.1925819,3.0249891],[-57.1925631,3.0246999],[-57.1925926,3.0244267],[-57.1926489,3.0239954],[-57.1927294,3.0235053],[-57.1928099,3.0232401],[-57.1929896,3.022774],[-57.1932632,3.0221125],[-57.1935824,3.021392],[-57.1938211,3.0209955],[-57.194446,3.0201813],[-57.1948645,3.0197366],[-57.1952105,3.0194233],[-57.1954626,3.0192277],[-57.1956101,3.0191045],[-57.1957576,3.0190108],[-57.1958622,3.0189385],[-57.1965221,3.0185688],[-57.1970478,3.0182796],[-57.198126,3.0177278],[-57.199215,3.0172055],[-57.1999553,3.0168814],[-57.2003415,3.0167233],[-57.2006205,3.0166189],[-57.2009504,3.0165064],[-57.201165,3.0164394],[-57.20135,3.0163966],[-57.2017631,3.0163243],[-57.201983,3.0162841],[-57.2023693,3.0162332],[-57.2029835,3.0161743],[-57.2036165,3.0161662],[-57.2037855,3.0161743],[-57.2040403,3.0161984],[-57.2042254,3.0162305],[-57.2043729,3.0162519],[-57.2045714,3.0162707],[-57.204735,3.0162734],[-57.2050917,3.016268],[-57.2054002,3.0162841],[-57.2057006,3.0163162],[-57.2060895,3.0163885],[-57.2064409,3.0164635],[-57.2067896,3.0165519],[-57.2070792,3.0166296],[-57.2083989,3.0170314],[-57.2091955,3.0172805],[-57.2097561,3.0174733],[-57.2100163,3.0175483],[-57.2103301,3.0176206],[-57.2105768,3.0176689],[-57.210829,3.0177197],[-57.2110462,3.0177599],[-57.2112125,3.0178028],[-57.2113895,3.0178296],[-57.2115344,3.0178456],[-57.2116524,3.0178483],[-57.2118053,3.0178456],[-57.2120065,3.0178885],[-57.2121111,3.0179153],[-57.2122183,3.0179447],[-57.2123686,3.0179876],[-57.2125831,3.0180224],[-57.2127038,3.0180626],[-57.2128245,3.0181215],[-57.212964,3.0181992],[-57.2131276,3.0182929],[-57.2132295,3.0183465],[-57.2134039,3.0184295],[-57.2135836,3.0184885],[-57.2137767,3.0185447],[-57.2139215,3.0185876],[-57.2140369,3.018609],[-57.2141066,3.0186036],[-57.2141817,3.0185903],[-57.214281,3.0185903],[-57.21434,3.018609],[-57.2143883,3.0186411],[-57.2144553,3.0187108],[-57.2145787,3.018767],[-57.214753,3.0188152],[-57.2149193,3.018842],[-57.2150883,3.0188661],[-57.2151822,3.0188769],[-57.2152868,3.0188688],[-57.2154719,3.0188206],[-57.2156274,3.0187831],[-57.2157991,3.0187483],[-57.216019,3.0187161],[-57.2161961,3.0187161],[-57.2163168,3.0187403],[-57.2164616,3.0187697],[-57.2165582,3.0187965],[-57.2167406,3.018842],[-57.2169659,3.0188876],[-57.217218,3.0189304],[-57.2174326,3.0189545],[-57.2176498,3.018976],[-57.2179449,3.018992],[-57.2181621,3.0190349],[-57.2183526,3.0190751],[-57.2184786,3.0191179],[-57.2185886,3.0191715],[-57.2186771,3.0192545],[-57.2187763,3.0193858],[-57.2188944,3.0195384],[-57.2190017,3.0196429],[-57.2191599,3.0197741],[-57.2192779,3.0198465],[-57.2194147,3.0199134],[-57.2195086,3.0199456],[-57.2196186,3.019967],[-57.2197768,3.0199777],[-57.2199351,3.0200045],[-57.2200504,3.0200581],[-57.2201738,3.020117],[-57.220324,3.0202188],[-57.2204608,3.0203259],[-57.2205547,3.0203982],[-57.2206646,3.0205161],[-57.2208363,3.0206688],[-57.2209838,3.0207545],[-57.221126,3.0208161],[-57.2212735,3.0208723],[-57.2214317,3.0209446],[-57.2215712,3.0209929],[-57.2217053,3.0210411],[-57.2219682,3.0211375],[-57.2221935,3.0211911],[-57.2223625,3.0212152],[-57.2225314,3.0212393],[-57.2227782,3.021258],[-57.2231805,3.0212875],[-57.2234085,3.021325],[-57.2235855,3.0213491],[-57.223835,3.0213759],[-57.2241032,3.0213946],[-57.2243097,3.021392],[-57.2244921,3.0213893],[-57.2246531,3.0213786],[-57.224763,3.021392],[-57.2248623,3.0214214],[-57.2249535,3.0214616],[-57.22505,3.0214937],[-57.2252002,3.0214964],[-57.2253317,3.0214911],[-57.2254765,3.0214803],[-57.2256562,3.0214509],[-57.2257742,3.0214214],[-57.22597,3.0213625],[-57.2260854,3.0213277],[-57.2262543,3.0212821],[-57.226375,3.0212473],[-57.2264689,3.0212366],[-57.2265843,3.0212339],[-57.2266781,3.0212393],[-57.2268015,3.0212607],[-57.2268686,3.0212607],[-57.2269464,3.0212473],[-57.2270322,3.0212125],[-57.2270992,3.021167],[-57.2271743,3.0211054],[-57.2272763,3.0210304],[-57.2273889,3.0209875],[-57.2274801,3.0209607],[-57.2276062,3.0209259],[-57.2277108,3.0208884],[-57.2278449,3.0208054],[-57.2280031,3.0207009],[-57.2281158,3.0206393],[-57.2282204,3.0205616],[-57.2282955,3.0204893],[-57.2283787,3.0204143],[-57.2284403,3.0203339],[-57.2285181,3.020275],[-57.2286442,3.0202134],[-57.2287247,3.0201652],[-57.2288534,3.0201036],[-57.2290224,3.0200634],[-57.2292182,3.020034],[-57.2293201,3.0200152],[-57.2294301,3.0199777],[-57.2295266,3.0199241],[-57.2296205,3.0198518],[-57.2298002,3.0197125],[-57.2299826,3.0195572],[-57.2301757,3.0193376],[-57.2303045,3.0190804],[-57.230401,3.0188608],[-57.230503,3.0185769],[-57.2305888,3.0183947],[-57.2306639,3.0181483],[-57.2307015,3.0179233],[-57.2307068,3.0175162],[-57.2306424,3.0172323],[-57.2305566,3.0168733],[-57.2304332,3.0165037],[-57.2303098,3.0162091],[-57.2301972,3.0159787],[-57.2299773,3.0156787],[-57.2297627,3.0154216],[-57.2294194,3.0150948],[-57.2291994,3.014902],[-57.2289419,3.0146823],[-57.2287434,3.0144948],[-57.2284377,3.0142056],[-57.2279871,3.0138038],[-57.2273326,3.0133645],[-57.2266674,3.0129574],[-57.2260988,3.0126627],[-57.2257555,3.012486],[-57.2252941,3.012277],[-57.2244787,3.0119771],[-57.2240067,3.0118163],[-57.2234809,3.0116449],[-57.2227782,3.0114521],[-57.2217375,3.0111521],[-57.220906,3.0109646],[-57.2201175,3.0108199],[-57.2192484,3.0107235],[-57.2187334,3.0106217],[-57.2182453,3.0105307],[-57.2179234,3.0104423],[-57.2175908,3.010295],[-57.2173441,3.010161],[-57.2171724,3.0100941],[-57.2170088,3.0100378],[-57.2168291,3.0099682],[-57.2165474,3.0098316],[-57.21618,3.0096387],[-57.2160003,3.0095396],[-57.2155041,3.0093119],[-57.2153458,3.0091807],[-57.2149837,3.0089236],[-57.2147396,3.0087361],[-57.2144902,3.0085352],[-57.2142649,3.0084039],[-57.2141415,3.0082941],[-57.2140718,3.0081441],[-57.214002,3.0080932],[-57.2139457,3.0080664],[-57.2138894,3.0080557],[-57.2138223,3.0080182],[-57.2137606,3.0079486],[-57.2136721,3.007812],[-57.2136265,3.0077209],[-57.2135648,3.0076486],[-57.2134039,3.0074343],[-57.2132912,3.0073432],[-57.2130445,3.0070995],[-57.2127843,3.0067754],[-57.2126958,3.0065691],[-57.2125912,3.0063843],[-57.2124383,3.0061272],[-57.2121191,3.0056906],[-57.211875,3.0053129],[-57.2116148,3.0049085],[-57.2114781,3.004662],[-57.2113252,3.0044852],[-57.2111267,3.0043165],[-57.2109121,3.0041022],[-57.21077,3.0039924],[-57.2106144,3.003896],[-57.2104213,3.0037969],[-57.2103488,3.0037487],[-57.2103006,3.0036897],[-57.2102389,3.0035853],[-57.2101638,3.003521],[-57.2100109,3.0034165],[-57.2098151,3.0033094],[-57.2097185,3.0032344],[-57.209571,3.0031594],[-57.2093806,3.0030496],[-57.2090721,3.0029183],[-57.2087234,3.0027683],[-57.2085464,3.0027201],[-57.208356,3.002696],[-57.208018,3.0026022],[-57.2077337,3.002538],[-57.2074118,3.0024603],[-57.2072536,3.0024174],[-57.2069693,3.0023156],[-57.2067171,3.0022406],[-57.2062558,3.0019862],[-57.2060439,3.0018469],[-57.2058213,3.0016514],[-57.205604,3.0015014],[-57.2055262,3.0014585],[-57.2053975,3.0013889],[-57.2052366,3.001263],[-57.2049576,3.0010273],[-57.2047189,3.0007889],[-57.2046492,3.0006737],[-57.2045821,3.0005398],[-57.2044748,3.0002264],[-57.2044131,2.9999826],[-57.2043943,2.9998701],[-57.2043782,2.9997844],[-57.2043541,2.999613],[-57.2043353,2.9994577],[-57.2043487,2.9992059],[-57.2043836,2.9989943],[-57.2043836,2.9988737],[-57.2043729,2.9985603],[-57.2043487,2.9982764],[-57.2043246,2.998038],[-57.2043353,2.9978452],[-57.2043648,2.9974595],[-57.2044024,2.9972184],[-57.2044399,2.9969211],[-57.2045097,2.9966023],[-57.2045714,2.9964148],[-57.2046492,2.9960613],[-57.2047403,2.9957506],[-57.204853,2.9954398],[-57.2050113,2.9950541],[-57.2051802,2.9947166],[-57.2054082,2.9942907],[-57.2056308,2.993889],[-57.205773,2.9936452],[-57.2060144,2.9932461],[-57.2062826,2.9927881],[-57.2065669,2.9923943],[-57.2067627,2.9921372],[-57.2070605,2.9917247],[-57.2073501,2.9912318],[-57.2075406,2.9909613],[-57.2077525,2.9905783],[-57.2081012,2.9900024],[-57.2083399,2.9896595],[-57.2085866,2.9892765],[-57.2088495,2.9888747],[-57.2089541,2.9887542],[-57.2090507,2.9886604],[-57.2091606,2.9885158],[-57.2092679,2.9883658],[-57.2094664,2.9880336],[-57.2098902,2.9874042],[-57.2102764,2.9869274],[-57.2107431,2.9864667],[-57.2109336,2.9862819],[-57.2111106,2.986081],[-57.2113037,2.9858586],[-57.2115076,2.9856229],[-57.2115988,2.9854756],[-57.2116417,2.9853792],[-57.211698,2.9850658],[-57.2117141,2.9849747],[-57.2117114,2.9849078],[-57.2117141,2.984747],[-57.2117516,2.9844604],[-57.2117972,2.9842783],[-57.2119448,2.983989],[-57.212095,2.9837828],[-57.2123551,2.9835069],[-57.2126582,2.9833247],[-57.2131088,2.9831024],[-57.2133771,2.9829872],[-57.2135836,2.9829524],[-57.2139376,2.9829872],[-57.214281,2.9830354],[-57.2145975,2.9831211],[-57.2148308,2.9831292],[-57.2151822,2.9830703],[-57.2156704,2.9829203],[-57.216078,2.982647],[-57.216711,2.9821917],[-57.2171536,2.9819319],[-57.2178242,2.9815033],[-57.21802,2.9813479],[-57.2181889,2.9811229],[-57.2183418,2.9808899],[-57.2184947,2.980614],[-57.218653,2.9802979],[-57.21872,2.9800569],[-57.2187871,2.9796042],[-57.2188193,2.9794086],[-57.2188112,2.9792452],[-57.2187978,2.9792051],[-57.2187603,2.9791836],[-57.2187147,2.9791622],[-57.2186758,2.979114],[-57.218661,2.9790537],[-57.2186892,2.9790028],[-57.2187576,2.9789091],[-57.2188514,2.978814],[-57.2190955,2.9786318],[-57.2193289,2.9784658],[-57.2197124,2.9782836],[-57.2203723,2.9780426],[-57.2210884,2.9778872],[-57.2216544,2.9778095],[-57.2220808,2.9777693],[-57.2222927,2.9778149],[-57.2225583,2.9778818],[-57.2228104,2.9779435],[-57.2230545,2.9780211],[-57.2232878,2.9780399],[-57.2235614,2.9780185],[-57.2238189,2.9779033],[-57.2240147,2.9777935],[-57.2241139,2.9777318],[-57.2241515,2.9776836],[-57.2241703,2.9775845],[-57.2242615,2.9774613],[-57.2244573,2.9774292],[-57.2246987,2.9774131],[-57.2248462,2.9773809],[-57.2249776,2.9772979],[-57.2250849,2.9771693],[-57.2252163,2.9769149],[-57.2253129,2.976714],[-57.2254095,2.9764193],[-57.2254658,2.976114],[-57.2255141,2.975814],[-57.225506,2.9755836],[-57.2254765,2.9753693],[-57.2254309,2.9751015],[-57.2253612,2.9748283],[-57.2252512,2.9744452],[-57.2251117,2.9739657],[-57.224991,2.9735666],[-57.2249079,2.9732318],[-57.2248971,2.9730992],[-57.2249052,2.9729907],[-57.2248998,2.9728863],[-57.2248489,2.9726773],[-57.2247389,2.9724791],[-57.2246329,2.9722997],[-57.2244371,2.9720117],[-57.2243392,2.9718604],[-57.2240496,2.9715523],[-57.2238377,2.9713568],[-57.2235319,2.9711773],[-57.223371,2.9710916],[-57.2230464,2.9708961],[-57.2227246,2.970738],[-57.2223061,2.9706148],[-57.2217375,2.9703577],[-57.2215149,2.9703041],[-57.2212654,2.9702612],[-57.2210375,2.9702077],[-57.2207344,2.9700871],[-57.2201952,2.9699586],[-57.2197017,2.9698809],[-57.2194576,2.9697952],[-57.2190821,2.9697068],[-57.2186583,2.9695836],[-57.2182962,2.9694737],[-57.21791,2.9693237],[-57.2176954,2.9692782],[-57.2174272,2.9692059],[-57.217218,2.9690827],[-57.2168747,2.9688844],[-57.2167513,2.9688496],[-57.2165823,2.9687746],[-57.2163999,2.968638],[-57.2162014,2.9684585],[-57.2159761,2.96833],[-57.2158635,2.9682978],[-57.2157186,2.9682014],[-57.2156248,2.968105],[-57.2153378,2.9679282],[-57.2152117,2.967813],[-57.2149354,2.9676362],[-57.2147611,2.9674541],[-57.2146297,2.9672773],[-57.2145465,2.9670282],[-57.2145304,2.9669023],[-57.2145358,2.9667094],[-57.2145975,2.9664148],[-57.2147208,2.9661549],[-57.2148389,2.9659487],[-57.2150105,2.9656353],[-57.2151822,2.9653138],[-57.2154075,2.9650192],[-57.2159493,2.9643254],[-57.2167057,2.963562],[-57.2173843,2.962954],[-57.2179261,2.9624745],[-57.2185054,2.9620406],[-57.2186342,2.9619388],[-57.2187495,2.9617807],[-57.2190151,2.9614432],[-57.2192913,2.9611513],[-57.2195837,2.96087],[-57.2198144,2.9606638],[-57.2199592,2.9604173],[-57.2201282,2.9601628],[-57.2202811,2.9598307],[-57.220442,2.9593753],[-57.220552,2.9589789],[-57.2206217,2.9579503],[-57.2206968,2.9565199],[-57.2207237,2.9559199],[-57.2208148,2.9551056],[-57.2208202,2.9541681],[-57.2207773,2.9535091],[-57.2207236,2.9529252],[-57.220611,2.9521162],[-57.2205359,2.9517144],[-57.220434,2.9509698],[-57.2203052,2.9502679],[-57.2201389,2.9495233],[-57.2199619,2.9488643],[-57.2196186,2.9477982],[-57.2194147,2.9472464],[-57.2192431,2.9468661],[-57.2190124,2.9464214],[-57.2186905,2.9459178],[-57.2183794,2.9454946],[-57.2181112,2.9451678],[-57.2171831,2.9440106],[-57.2168666,2.9436517],[-57.2166467,2.943357],[-57.2164697,2.943057],[-57.216298,2.942757],[-57.2160083,2.9422052],[-57.2157615,2.9416855],[-57.2155416,2.9412998],[-57.2152251,2.9408765],[-57.2150052,2.9406033],[-57.2148335,2.9404051],[-57.2146082,2.9401962],[-57.2144634,2.9401212],[-57.2142488,2.9400247],[-57.2139108,2.9399819],[-57.2136587,2.9399819],[-57.2132349,2.9399926],[-57.212854,2.9400354],[-57.2123954,2.9400837],[-57.2117946,2.9401962],[-57.2112232,2.9404051],[-57.2109121,2.9405658],[-57.2104588,2.9408203],[-57.2098795,2.9411578],[-57.2093135,2.9416319],[-57.2091419,2.9418087],[-57.2089702,2.9419266],[-57.2087824,2.9420552],[-57.2085652,2.9421543],[-57.2081709,2.942382],[-57.2079188,2.9425641],[-57.2076961,2.9427543],[-57.2073341,2.9431481],[-57.2069988,2.9434615],[-57.206068,2.9443079],[-57.2057194,2.9446106],[-57.205258,2.9450928],[-57.2050542,2.9452696],[-57.2048986,2.9454999],[-57.2046304,2.9459446],[-57.204389,2.9464803],[-57.2040296,2.9471527],[-57.2036326,2.9476964],[-57.2033483,2.9480072],[-57.2030747,2.9483125],[-57.2028682,2.9484759],[-57.2025624,2.9487358],[-57.2019482,2.9491751],[-57.2015137,2.9494376],[-57.2011998,2.9496411],[-57.2010335,2.9498072],[-57.2008002,2.9499599],[-57.200532,2.9501045],[-57.2004488,2.9501688],[-57.2002852,2.9502813],[-57.2001001,2.9504742],[-57.1999097,2.9506456],[-57.1996629,2.9507662],[-57.1994725,2.9508921],[-57.1987322,2.9513019],[-57.1983594,2.9515162],[-57.1981904,2.9515885],[-57.1979678,2.9516957],[-57.1975306,2.9518644],[-57.197021,2.9520225],[-57.1964738,2.9521805],[-57.1956852,2.9524296],[-57.1948671,2.9526787],[-57.1943763,2.9528394],[-57.193805,2.9530484],[-57.1933651,2.9532252],[-57.1929976,2.9533779],[-57.1924585,2.9536163],[-57.1920964,2.9537368],[-57.1916217,2.9539002],[-57.1912488,2.9539913],[-57.1908009,2.9541038],[-57.1904147,2.9541627],[-57.1898755,2.9542056],[-57.1894491,2.9541734],[-57.188918,2.9541038],[-57.1882099,2.95401],[-57.1878988,2.9539698],[-57.1874857,2.9538627],[-57.1871531,2.9537288],[-57.1869868,2.9536645],[-57.1867508,2.953568],[-57.1866113,2.9535573],[-57.1864745,2.9535386],[-57.1864235,2.9535359],[-57.1862921,2.9535573],[-57.1862277,2.9535788],[-57.1861285,2.9535654],[-57.1860346,2.953552],[-57.1859542,2.9535627],[-57.1858683,2.9535654],[-57.1857959,2.953568],[-57.1857154,2.9535654],[-57.1856216,2.9535439],[-57.1855116,2.9535386],[-57.1853668,2.9535734],[-57.1852192,2.9535814],[-57.1850878,2.9535788],[-57.1848115,2.9536082],[-57.1846908,2.9536323],[-57.1844816,2.9536752],[-57.1843475,2.953718],[-57.1842483,2.9537475],[-57.1840847,2.953785],[-57.1838754,2.953793],[-57.1837333,2.9538011],[-57.1835643,2.9538091],[-57.1833819,2.9538198],[-57.1831378,2.9538868],[-57.183001,2.953935],[-57.1829045,2.9539886],[-57.1828294,2.9540716],[-57.182706,2.9542163],[-57.1826282,2.95431],[-57.1825102,2.9544038],[-57.182419,2.9544654],[-57.1821642,2.9545591],[-57.1819443,2.9546315],[-57.1818128,2.9546663],[-57.1816921,2.954677],[-57.1814775,2.9546797],[-57.1812925,2.9546449],[-57.1810779,2.954594],[-57.1809009,2.954527],[-57.1804664,2.95431],[-57.1800801,2.9541118],[-57.1798924,2.9539859],[-57.1797717,2.9539109],[-57.1795705,2.9538279],[-57.179431,2.9537663],[-57.1791762,2.9536377],[-57.1790475,2.953552],[-57.178908,2.9534582],[-57.1787792,2.9533698],[-57.1783474,2.9531207],[-57.1781677,2.9529895],[-57.1779665,2.9528448],[-57.1777251,2.9526144],[-57.1775132,2.9523787],[-57.1771967,2.9520439],[-57.1769527,2.9516903],[-57.1767139,2.9513715],[-57.1764511,2.9509912],[-57.1762714,2.9506671],[-57.1761695,2.9505117],[-57.1761346,2.9504447],[-57.1760863,2.9503831],[-57.1759978,2.9502358],[-57.1759576,2.9501528],[-57.1759442,2.9500322],[-57.1759066,2.9499304],[-57.1758851,2.949842],[-57.1758691,2.9497456],[-57.1758154,2.9496572],[-57.1757725,2.9495795],[-57.1757376,2.9494751],[-57.175684,2.9494001],[-57.1756464,2.9492688],[-57.1756035,2.9491242],[-57.1755606,2.9489849],[-57.1754962,2.9488617],[-57.1754667,2.948784],[-57.175464,2.9486715],[-57.1754748,2.9485482],[-57.1754587,2.9484599],[-57.1754479,2.9483125],[-57.1754104,2.9481652],[-57.1753728,2.9480661],[-57.1753353,2.9479402],[-57.1753192,2.9477955],[-57.1753031,2.9476991],[-57.1752816,2.947608],[-57.1752629,2.9474527],[-57.175228,2.9472652],[-57.1751824,2.9470991],[-57.1751556,2.9469678],[-57.1751314,2.9468473],[-57.1750966,2.9467669],[-57.1750456,2.946716],[-57.174992,2.9466491],[-57.1749651,2.9465741],[-57.1749383,2.9464964],[-57.1749222,2.9463437],[-57.174933,2.9462419],[-57.1749437,2.9461508],[-57.1749276,2.9460571],[-57.174882,2.9459526],[-57.1748203,2.9458696],[-57.174764,2.9457437],[-57.1747452,2.9456124],[-57.1747533,2.9454785],[-57.1747533,2.9453633],[-57.174713,2.945216],[-57.1746674,2.945066],[-57.1745977,2.9449053],[-57.1744207,2.9445142],[-57.1742812,2.9442517],[-57.174139,2.9440267],[-57.1740022,2.9437588],[-57.1738011,2.9434025],[-57.1736991,2.9431641],[-57.1736053,2.9429498],[-57.1735087,2.9426284],[-57.1734256,2.9423418],[-57.1733612,2.9420444],[-57.1733344,2.9417793],[-57.1733585,2.9414846],[-57.173388,2.9413507],[-57.1733987,2.9412542],[-57.1734309,2.9410239],[-57.1734524,2.940839],[-57.1734712,2.9406917],[-57.1735731,2.9404051],[-57.1736589,2.9402015],[-57.1737877,2.9399015],[-57.1739352,2.9396685],[-57.17419,2.9393068],[-57.1743751,2.9390175],[-57.1745923,2.9384952],[-57.174713,2.9382273],[-57.1748713,2.9379702],[-57.175051,2.9376755],[-57.1752709,2.9372201],[-57.1755928,2.9366844],[-57.1759334,2.9361219],[-57.1763948,2.9352299],[-57.1767944,2.9346084],[-57.1770787,2.9341691],[-57.1772316,2.9338825],[-57.1774381,2.9335289],[-57.1775615,2.9333066],[-57.1777654,2.9330039],[-57.1780336,2.9325807],[-57.178283,2.932128],[-57.1785513,2.9316565],[-57.1789187,2.9309574],[-57.179136,2.9305475],[-57.179372,2.9301162],[-57.179541,2.929768],[-57.1797395,2.9293019],[-57.1799058,2.9290153],[-57.1801096,2.9286189],[-57.1802464,2.9282787],[-57.180343,2.9280911],[-57.18041,2.9279358],[-57.1805066,2.9277724],[-57.18063,2.9275929],[-57.1806943,2.9274402],[-57.1807453,2.9272822],[-57.1807882,2.9271509],[-57.1808445,2.9269822],[-57.1809009,2.9268134],[-57.1810028,2.9266125],[-57.1810886,2.9264464],[-57.1811798,2.9262803],[-57.1812496,2.9261277],[-57.1813166,2.9260044],[-57.1814159,2.9258491],[-57.181491,2.9257044],[-57.1815634,2.9255089],[-57.1816358,2.9253669],[-57.1817404,2.9250615],[-57.1817914,2.9249356],[-57.1818826,2.9247267],[-57.1819389,2.9245901],[-57.1820328,2.9244481],[-57.182124,2.9242606],[-57.1822152,2.9240249],[-57.1822929,2.923907],[-57.1823815,2.9236766],[-57.182478,2.923473],[-57.1825692,2.923307],[-57.182647,2.9231623],[-57.1827087,2.9230659],[-57.1827596,2.9229614],[-57.1828106,2.9228543],[-57.1829367,2.9226132],[-57.1830493,2.922348],[-57.1831512,2.9220935],[-57.1833417,2.9217238],[-57.183457,2.9215015],[-57.1836153,2.9211747],[-57.1837065,2.9209765],[-57.1837762,2.9208158],[-57.1838272,2.9206872],[-57.1839157,2.9205372],[-57.1840578,2.9203041],[-57.1841651,2.9201193],[-57.184251,2.9199425],[-57.184318,2.9197684],[-57.1844307,2.9195246],[-57.1845487,2.9192353],[-57.1846613,2.9189433],[-57.1847203,2.9187585],[-57.1848974,2.9183567],[-57.1850744,2.9179549],[-57.1851978,2.9177218],[-57.1853399,2.91747],[-57.1854633,2.9172664],[-57.1856537,2.9169932],[-57.185981,2.9165994],[-57.1862251,2.9162994],[-57.1864182,2.9160476],[-57.1867481,2.9156806],[-57.18685,2.9155574],[-57.1869653,2.9154181],[-57.1870673,2.9153244],[-57.1871316,2.9152681],[-57.1872416,2.9151851],[-57.1873382,2.9151101],[-57.1874401,2.9150511],[-57.1875662,2.9149627],[-57.1876574,2.9149065],[-57.1877727,2.9148315],[-57.1878907,2.9147377],[-57.1881562,2.914569],[-57.1882206,2.9145207],[-57.1883225,2.9144591],[-57.1884352,2.9143975],[-57.1885344,2.9143466],[-57.1886578,2.914293],[-57.188808,2.9142395],[-57.1889207,2.9141886],[-57.1890655,2.9141457],[-57.189205,2.9140975],[-57.1893391,2.9140439],[-57.189543,2.9139662],[-57.1897388,2.9138966],[-57.1898595,2.9138618],[-57.1899694,2.9138403],[-57.1901384,2.9138109],[-57.1903074,2.913768],[-57.1905997,2.9136609],[-57.1908519,2.9135644],[-57.1910021,2.9135082],[-57.1912757,2.9133983],[-57.1917021,2.913243],[-57.1920937,2.9131278],[-57.1922708,2.9130823],[-57.1924397,2.913034],[-57.1926034,2.9129858],[-57.1927777,2.9129296],[-57.1930915,2.912809],[-57.193408,2.9126644],[-57.1936011,2.9125813],[-57.1937728,2.9124849],[-57.1939981,2.912367],[-57.1941805,2.9123135],[-57.1943066,2.912292],[-57.1944273,2.9122518],[-57.1945426,2.9122143],[-57.1947143,2.9121367],[-57.1949074,2.9120429],[-57.1951568,2.9119197],[-57.1954197,2.9117991],[-57.1956825,2.9116839],[-57.1959642,2.9115714],[-57.1961251,2.9115179],[-57.1962914,2.9114589],[-57.1964577,2.9113759],[-57.1966884,2.9112848],[-57.1968493,2.9112205],[-57.1972114,2.9110839],[-57.1974072,2.9110116],[-57.1975306,2.910958],[-57.197662,2.9109071],[-57.1977612,2.9108589],[-57.1978712,2.9108026],[-57.1979758,2.9107571],[-57.1981126,2.910725],[-57.1982521,2.9106928],[-57.1984452,2.9106553],[-57.1985579,2.9106312],[-57.1987,2.9106098],[-57.1987832,2.9105857],[-57.1988905,2.9105374],[-57.1989682,2.9104732],[-57.1990514,2.9104356],[-57.1991211,2.9104303],[-57.199207,2.910433],[-57.1993035,2.9104276],[-57.1994001,2.9104089],[-57.1995503,2.9103499],[-57.1996683,2.910299],[-57.1998373,2.9102455],[-57.2000036,2.9101892],[-57.2001833,2.910149],[-57.2003174,2.9101249],[-57.2004595,2.9100874],[-57.2006017,2.9100579],[-57.2007492,2.9100258],[-57.2008833,2.9099937],[-57.201063,2.9099481],[-57.2011998,2.909924],[-57.2016022,2.9098651],[-57.2019321,2.9097981],[-57.2025865,2.9096481],[-57.2029138,2.9095543],[-57.2033349,2.9094579],[-57.2040644,2.9092972],[-57.2041959,2.9092838],[-57.2043541,2.9092597],[-57.2044829,2.9092382],[-57.2046089,2.9092249],[-57.2047243,2.9092195],[-57.2048745,2.9091847],[-57.2050354,2.9091365],[-57.2051856,2.9091016],[-57.2056711,2.909032],[-57.2060627,2.9089731],[-57.2066045,2.908898],[-57.2071463,2.9088016],[-57.2077954,2.9086355],[-57.2081816,2.9085391],[-57.2084391,2.9084534],[-57.2087932,2.9083302],[-57.2094584,2.9081105],[-57.2098875,2.9079712],[-57.2101504,2.9078962],[-57.210542,2.9078373],[-57.2107941,2.9078212],[-57.2109765,2.9078105],[-57.2112072,2.9078319],[-57.2114003,2.9079069],[-57.2115719,2.9079873],[-57.2117811,2.9080623],[-57.2119206,2.9080676],[-57.2120601,2.9080462],[-57.2122371,2.9080034],[-57.2124034,2.9079873],[-57.2126502,2.9079712],[-57.2129238,2.9079551],[-57.2131974,2.9079658],[-57.2134817,2.9079605],[-57.2137982,2.9079337],[-57.2140503,2.9078533],[-57.2143507,2.9077087],[-57.2146189,2.9074837],[-57.2148496,2.9072962],[-57.2150695,2.9070979],[-57.215268,2.9068997],[-57.2154129,2.9067122],[-57.2156113,2.9064443],[-57.2160029,2.9060479],[-57.2163087,2.9056568],[-57.2165072,2.9053782],[-57.2167969,2.9049978],[-57.2170436,2.904671],[-57.2174084,2.9042531],[-57.2177088,2.9038459],[-57.2180146,2.9033905],[-57.2182185,2.9030905],[-57.2183365,2.9029083],[-57.2184652,2.902694],[-57.2186583,2.902453],[-57.2187871,2.9023029],[-57.219125,2.9019976],[-57.2193933,2.9017243],[-57.2196078,2.9014564],[-57.2197634,2.9012743],[-57.2199941,2.9010386],[-57.2201335,2.9008993],[-57.2203428,2.90061],[-57.2205949,2.9002617],[-57.2208792,2.8999242],[-57.2210401,2.8997099],[-57.2211796,2.8995492],[-57.221303,2.8994527],[-57.2213996,2.8993992],[-57.2216356,2.8992974],[-57.2218233,2.8991848],[-57.2220165,2.8990295],[-57.2221988,2.8988634],[-57.2223866,2.8986705],[-57.2224778,2.8985152],[-57.2225261,2.8983812],[-57.2225797,2.8981883],[-57.222687,2.8979687],[-57.2227675,2.8978347],[-57.2228855,2.8974276],[-57.2229391,2.8972293],[-57.222923,2.8970258],[-57.2228158,2.8965918],[-57.2227246,2.8963239],[-57.2226065,2.895906],[-57.2223812,2.8953488],[-57.2220272,2.8947541],[-57.2216356,2.8939987],[-57.2210455,2.8931844],[-57.2201765,2.8921289],[-57.2195649,2.8916092],[-57.2191062,2.8913105],[-57.2189373,2.8911686],[-57.2187495,2.8909422],[-57.2184853,2.8906422],[-57.2182305,2.8904158],[-57.2178108,2.8901145],[-57.217446,2.8898627],[-57.2169766,2.889501],[-57.2167835,2.8894046],[-57.2166467,2.8893323],[-57.2164723,2.8892331],[-57.216306,2.8890992],[-57.2161156,2.8890135],[-57.2159815,2.8889867],[-57.2158447,2.8889465],[-57.2156999,2.8888688],[-57.2155497,2.8886947],[-57.2154155,2.8885688],[-57.2152519,2.888467],[-57.2150803,2.888392],[-57.2148362,2.8882982],[-57.2144634,2.8881348],[-57.2141683,2.8879821],[-57.2139511,2.8878107],[-57.2137901,2.8877223],[-57.2134763,2.8875857],[-57.2132242,2.8874625],[-57.2129586,2.8874035],[-57.2126555,2.8872669],[-57.2124678,2.8872294],[-57.2123069,2.8871785],[-57.2121245,2.8871169],[-57.2119662,2.8870821],[-57.2117543,2.8870526],[-57.2115532,2.8870205],[-57.211352,2.8869347],[-57.2112206,2.8868303],[-57.2110918,2.886691],[-57.2109872,2.8864954],[-57.2109094,2.886107],[-57.2108611,2.8858204],[-57.2108665,2.8854266],[-57.2108772,2.8851828],[-57.2109282,2.8848881],[-57.2110274,2.8843604],[-57.211073,2.8840523],[-57.2111642,2.8837202],[-57.2113279,2.883171],[-57.2116712,2.8821236],[-57.2118294,2.8814244],[-57.2118884,2.8807762],[-57.2119153,2.8802082],[-57.2118884,2.8796885],[-57.2118562,2.8794984],[-57.2118026,2.8791635],[-57.2118187,2.8789412],[-57.2118214,2.8787081],[-57.2117919,2.8785125],[-57.2117168,2.8781322],[-57.2116631,2.8779018],[-57.2116095,2.8777518],[-57.2115129,2.8775696],[-57.211411,2.8773365],[-57.2112849,2.8770231],[-57.2111508,2.8766749],[-57.2110704,2.8764311],[-57.2108853,2.8759784],[-57.2107431,2.8756569],[-57.2106627,2.8754667],[-57.2105232,2.8752176],[-57.2103703,2.8749095],[-57.2103086,2.8747595],[-57.2101477,2.8744005],[-57.2099814,2.8740148],[-57.2098634,2.8737067],[-57.2096783,2.8731763],[-57.2095764,2.8729272],[-57.2094664,2.8726164],[-57.2094396,2.8724771],[-57.2094369,2.8722896],[-57.2093886,2.8720191],[-57.2093296,2.8718262],[-57.2091982,2.8714244],[-57.2091177,2.8712422],[-57.2089326,2.8709556],[-57.2088119,2.8707412],[-57.2086215,2.8705243],[-57.2083211,2.870251],[-57.2080636,2.8700126],[-57.2077498,2.8697313],[-57.2074387,2.8694447],[-57.20709,2.8691768],[-57.2067976,2.8689652],[-57.2065294,2.8687937],[-57.2062665,2.8686384],[-57.2059688,2.8684937],[-57.2055718,2.8682794],[-57.2048906,2.8679713],[-57.2043622,2.8676847],[-57.2039008,2.8674382],[-57.2035253,2.8672507],[-57.2031954,2.8670552],[-57.2024766,2.8666158],[-57.2019804,2.8663319],[-57.2012427,2.8658684],[-57.2008136,2.8655416],[-57.2002557,2.8652014],[-57.1999419,2.8650165],[-57.1989119,2.8643281],[-57.1974206,2.8632673],[-57.1964872,2.8625708],[-57.1959508,2.8622546],[-57.1957094,2.8621475],[-57.1955538,2.8620457],[-57.1952292,2.8617617],[-57.1948618,2.861392],[-57.1946445,2.8611376],[-57.1944916,2.8609099],[-57.1944031,2.8606795],[-57.1942556,2.8603821],[-57.194092,2.8600365],[-57.1938962,2.8596561],[-57.1937594,2.8593507],[-57.1936253,2.8590641],[-57.1933758,2.8586328],[-57.1931747,2.8583087],[-57.1929011,2.8579176],[-57.1927482,2.8576738],[-57.1925671,2.8574662],[-57.1925055,2.8573952],[-57.1924746,2.8573309],[-57.1924076,2.8572452],[-57.1920615,2.8567656],[-57.1918657,2.8565138],[-57.191745,2.8563183],[-57.1914849,2.8558896],[-57.1913508,2.8556619],[-57.1912649,2.8554664],[-57.1911764,2.8552708],[-57.1909618,2.854652],[-57.1908975,2.8544243],[-57.1908036,2.8541269],[-57.1906266,2.8534063],[-57.1905542,2.8530554],[-57.1905085,2.852817],[-57.1904817,2.8525732],[-57.1904817,2.8523187],[-57.190479,2.8519222],[-57.1903932,2.8515874],[-57.1903449,2.8514159],[-57.1902832,2.851282],[-57.1902028,2.8511641],[-57.1901304,2.8510677],[-57.1900418,2.8510275],[-57.1898648,2.8509685],[-57.1897897,2.8509123],[-57.1897119,2.8508346],[-57.1896502,2.8507489],[-57.1896073,2.8506497],[-57.1895912,2.8505104],[-57.1895805,2.8503363],[-57.1895751,2.8501274],[-57.1895778,2.8498622],[-57.1896261,2.8496103],[-57.1896958,2.8493826],[-57.1897924,2.8491978],[-57.1899399,2.8489594],[-57.1900955,2.8487477],[-57.1902886,2.8485549],[-57.1905407,2.8483004],[-57.1908116,2.8481048],[-57.1910664,2.847936],[-57.1912998,2.8478155],[-57.1916699,2.8476869],[-57.1918443,2.8476306],[-57.1920052,2.8476012],[-57.1922681,2.8476012],[-57.1925443,2.8476226],[-57.1928152,2.8476735],[-57.1930406,2.8477324],[-57.1932444,2.8478235],[-57.1934134,2.8479441],[-57.1935636,2.8480298],[-57.1936977,2.8480834],[-57.1938506,2.8481262],[-57.1940061,2.8481691],[-57.1941161,2.84822],[-57.1942341,2.848287],[-57.1943307,2.848303],[-57.1944568,2.8483004],[-57.1945184,2.8483271],[-57.1945801,2.8484102],[-57.1946982,2.8485281],[-57.1947625,2.8485656],[-57.1948484,2.8485843],[-57.1949288,2.84867],[-57.1949852,2.8487772],[-57.1950522,2.848946],[-57.1951085,2.849096],[-57.1951702,2.8491844],[-57.1952963,2.8492674],[-57.1954733,2.8493585],[-57.1956423,2.8494818],[-57.1958032,2.8496023],[-57.1958676,2.8496505],[-57.1959534,2.8496639],[-57.1961305,2.8496612],[-57.1962485,2.8496532],[-57.196404,2.849672],[-57.1965516,2.8496907],[-57.1967018,2.8496961],[-57.1968627,2.84968],[-57.1970424,2.8496237],[-57.1972704,2.8495032],[-57.1975011,2.8493398],[-57.1979249,2.8490317],[-57.1982414,2.8488013],[-57.1984372,2.8486004],[-57.1986732,2.848303],[-57.1989226,2.8479628],[-57.1991318,2.8475824],[-57.1992606,2.8473279],[-57.1994483,2.8467654],[-57.1997595,2.8459831],[-57.1998855,2.8456456],[-57.2001296,2.8449491],[-57.2004274,2.8441561],[-57.2007358,2.8432667],[-57.2008592,2.8429238],[-57.2010845,2.8423907],[-57.201291,2.8420558],[-57.2014707,2.8418121],[-57.2016799,2.8415602],[-57.2019482,2.84122],[-57.2021225,2.8409494],[-57.2024122,2.8405905],[-57.202616,2.8403842],[-57.2027394,2.8402904],[-57.2029406,2.8401538],[-57.2031337,2.8400172],[-57.2033241,2.8398725],[-57.2034502,2.8397788],[-57.203595,2.8396743],[-57.2037184,2.8395725],[-57.2038311,2.8394707],[-57.2039196,2.8393314],[-57.2040081,2.8390019],[-57.2040725,2.8388224],[-57.2041395,2.838592],[-57.2041985,2.8383188],[-57.2042415,2.8380669],[-57.2042602,2.8378151],[-57.2042441,2.8376115],[-57.2041985,2.8372231],[-57.2041664,2.8368989],[-57.2041181,2.8366525],[-57.2040242,2.8363872],[-57.2038874,2.8361408],[-57.2037345,2.8358675],[-57.2036004,2.8356613],[-57.2034288,2.8353961],[-57.2031176,2.8349513],[-57.2026402,2.8342495],[-57.2023773,2.8338959],[-57.201857,2.8332422],[-57.2013527,2.8325617],[-57.2011596,2.8322778],[-57.2009075,2.8319027],[-57.2006875,2.8316134],[-57.2005212,2.8313187],[-57.2004032,2.8311794],[-57.2003013,2.8310776],[-57.2001296,2.830933],[-57.1998775,2.8307079],[-57.1996576,2.8305633],[-57.1993679,2.8304347],[-57.199046,2.8303704],[-57.1985793,2.8302632],[-57.1981877,2.8302096],[-57.1972382,2.8301668],[-57.1964014,2.8301614],[-57.1956128,2.8301561],[-57.1951622,2.8301721],[-57.1948135,2.8302043],[-57.1944755,2.8302096],[-57.1941322,2.8302257],[-57.1937782,2.8302364],[-57.1935421,2.8302311],[-57.1932739,2.830215],[-57.1928448,2.8302204],[-57.1924853,2.8302257],[-57.19226,2.8302418],[-57.1919435,2.8302846],[-57.1916056,2.8303757],[-57.1912086,2.8304213],[-57.1906936,2.8304534],[-57.1895644,2.8304936],[-57.1890414,2.8305231],[-57.188623,2.83059],[-57.188336,2.8306436],[-57.1881804,2.830657],[-57.188006,2.8306597],[-57.1877781,2.8306517],[-57.1875528,2.8306356],[-57.1873167,2.8306329],[-57.1870592,2.8306651],[-57.186909,2.8307026],[-57.1867508,2.8307213],[-57.1864852,2.8307026],[-57.18615,2.8306785],[-57.1858468,2.8306838],[-57.1855948,2.8307026],[-57.1849644,2.8306758],[-57.1843636,2.8306436],[-57.183736,2.8306276],[-57.1831781,2.8306061],[-57.182588,2.8305793],[-57.1820837,2.8305633],[-57.1814722,2.8305472],[-57.1809572,2.830515],[-57.1802491,2.8304615],[-57.1796697,2.830424],[-57.1791816,2.8303864],[-57.178731,2.8303275],[-57.1783125,2.8302579],[-57.1777654,2.8301561],[-57.1772611,2.8300275],[-57.1767515,2.8298667],[-57.1762204,2.8296846],[-57.1757591,2.8295345],[-57.1751529,2.8293202],[-57.1745467,2.8291006],[-57.17408,2.8289291],[-57.1737206,2.828763],[-57.1732056,2.8285433],[-57.1725619,2.8282647],[-57.1720147,2.8280504],[-57.1714354,2.8277986],[-57.1709687,2.8275521],[-57.1706414,2.8273432],[-57.1702391,2.8270753],[-57.1698475,2.8267752],[-57.1694881,2.8264645],[-57.1689731,2.8259608],[-57.1686566,2.8256019],[-57.1683562,2.8251679],[-57.1680987,2.8247285],[-57.1680075,2.8244981],[-57.1679056,2.824241],[-57.1678519,2.824032],[-57.1678305,2.8237909],[-57.1678358,2.823373],[-57.1678788,2.8230033],[-57.1679217,2.8225586],[-57.1679807,2.822146],[-57.1680665,2.8216692],[-57.1681899,2.8212673],[-57.1683884,2.8207369],[-57.1685708,2.8203618],[-57.1688497,2.8198421],[-57.1690053,2.8195742],[-57.1691555,2.8193331],[-57.1693647,2.8190277],[-57.1697187,2.8185562],[-57.1700352,2.8181169],[-57.1703786,2.8176186],[-57.1708077,2.8170774],[-57.1711832,2.8166327],[-57.1715534,2.8162523],[-57.171945,2.8159201],[-57.1723956,2.815545],[-57.1727121,2.8152557],[-57.1730501,2.814945],[-57.1733075,2.8147949],[-57.1735221,2.8147521],[-57.1737796,2.8147092],[-57.1740103,2.8146074],[-57.1742249,2.8144038],[-57.1744824,2.8139805],[-57.1747237,2.8135733],[-57.1749115,2.8132304],[-57.1750349,2.8128286],[-57.1750671,2.8124857],[-57.1750671,2.812057],[-57.1749866,2.8117463],[-57.1748579,2.8114944],[-57.1746057,2.8111194],[-57.1743214,2.8107657],[-57.1739352,2.8102514],[-57.173608,2.8099245],[-57.1731466,2.809587],[-57.172873,2.8094584],[-57.1725136,2.8093191],[-57.1720201,2.8091851],[-57.171548,2.8091209],[-57.1710438,2.8090673],[-57.170518,2.8090566],[-57.1700299,2.8090673],[-57.1694934,2.8091209],[-57.1690482,2.8091744],[-57.1686083,2.8092602],[-57.1678841,2.8094155],[-57.1671921,2.809587],[-57.1663392,2.8098281],[-57.1657598,2.8099996],[-57.1648371,2.8103264],[-57.1639413,2.8106693],[-57.1630561,2.8110872],[-57.1624714,2.8113926],[-57.1617794,2.8117463],[-57.1613288,2.8120142],[-57.1610123,2.8122178],[-57.1605939,2.8125232],[-57.1600467,2.8129679],[-57.1592689,2.8136162],[-57.1588612,2.8139484],[-57.1584749,2.8142645],[-57.1580136,2.8145967],[-57.1575147,2.8149182],[-57.1571392,2.8151646],[-57.1567744,2.8153897],[-57.1563721,2.8156093],[-57.1559161,2.8158612],[-57.1554601,2.8161023],[-57.1547628,2.816472],[-57.1541029,2.8168095],[-57.1534699,2.8170935],[-57.1529174,2.8173614],[-57.152499,2.8175489],[-57.1521288,2.8176829],[-57.151705,2.8178275],[-57.1511954,2.8179829],[-57.1507502,2.8181008],[-57.1499401,2.8183365],[-57.1490389,2.8185776],[-57.1483094,2.8187705],[-57.1477354,2.8189205],[-57.147097,2.8190598],[-57.1465445,2.8191563],[-57.1460402,2.8192581],[-57.145552,2.8193652],[-57.1450639,2.8194831],[-57.1445864,2.8196117],[-57.1440071,2.8197296],[-57.1432239,2.8199225],[-57.14243,2.8201046],[-57.1416682,2.8202386],[-57.1409869,2.8203725],[-57.1401286,2.8205869],[-57.1392381,2.8208226],[-57.1385247,2.8210262],[-57.1378648,2.821203],[-57.1371406,2.8214066],[-57.1363682,2.8216531],[-57.1356171,2.8218674],[-57.1348393,2.8220603],[-57.1339864,2.8223014],[-57.1330744,2.822505],[-57.1322054,2.8226818],[-57.1313793,2.8228854],[-57.130478,2.8231426],[-57.1295929,2.8234158],[-57.1289384,2.8235873],[-57.1283805,2.8237534],[-57.1278495,2.8239195],[-57.1273506,2.8240856],[-57.1269107,2.8242838],[-57.126562,2.8244713],[-57.1261811,2.8246857],[-57.1258056,2.8249375],[-57.1253979,2.8252268],[-57.1250117,2.8255483],[-57.1245235,2.8260144],[-57.1241909,2.8263841],[-57.1238798,2.8266145],[-57.1234936,2.8267806],[-57.1230322,2.826861],[-57.1226031,2.826861],[-57.1221471,2.8268395],[-57.1216106,2.8267645],[-57.1210527,2.8265716],[-57.1205753,2.8263198],[-57.1201462,2.8260466],[-57.119776,2.8257304],[-57.1194273,2.8253447],[-57.119084,2.8249589],[-57.1186978,2.824466],[-57.1182954,2.8239088],[-57.1178877,2.8232444],[-57.1175659,2.8226229],[-57.117303,2.8220871],[-57.1170455,2.8215727],[-57.1168149,2.8210369],[-57.1165359,2.8204851],[-57.1162516,2.8199493],[-57.1159673,2.8194938],[-57.1157098,2.8190277],[-57.1154791,2.818583],[-57.1153396,2.8182401],[-57.1152699,2.8178704],[-57.1152967,2.8174739],[-57.1154255,2.8170935],[-57.1156561,2.8166809],[-57.1159029,2.8163219],[-57.1161443,2.8158772],[-57.116316,2.8155718],[-57.1165198,2.8152343],[-57.1167344,2.8148914],[-57.1170133,2.8145913],[-57.1172172,2.8142806],[-57.1173888,2.8139109],[-57.1175391,2.8135626],[-57.1176249,2.8133215],[-57.1176732,2.813067],[-57.1177456,2.812858],[-57.1178448,2.8125553],[-57.1179226,2.8123731],[-57.1180218,2.8121079],[-57.1180996,2.811907],[-57.1182257,2.8116471],[-57.1183464,2.8114435],[-57.1184886,2.811248],[-57.1186656,2.8110122],[-57.118789,2.8108113],[-57.1188855,2.8105702],[-57.1189767,2.8103103],[-57.1190733,2.8099996],[-57.1191967,2.8097049],[-57.1193361,2.8094477],[-57.1195293,2.8091584],[-57.1197438,2.8088637],[-57.1200013,2.8085422],[-57.1201676,2.8083493],[-57.1204251,2.8080814],[-57.1206558,2.807851],[-57.1209455,2.8075885],[-57.1212941,2.8072616],[-57.121616,2.8069723],[-57.1220613,2.8065812],[-57.1224421,2.8062704],[-57.1228498,2.8059811],[-57.1234185,2.8056542],[-57.1237993,2.8054399],[-57.1242285,2.8051988],[-57.1245128,2.8050488],[-57.1248508,2.8049148],[-57.1252263,2.804738],[-57.1255857,2.8045076],[-57.1258968,2.8042772],[-57.1262455,2.804004],[-57.1265566,2.8037575],[-57.1268892,2.8034521],[-57.1271414,2.8031735],[-57.1274471,2.8028199],[-57.1278012,2.8024287],[-57.1281982,2.8020108],[-57.1284932,2.8016786],[-57.1287024,2.8013571],[-57.1288902,2.8009928],[-57.1292442,2.8003177],[-57.1294749,2.799873],[-57.1297002,2.7993961],[-57.1298504,2.7990639],[-57.1300328,2.7986085],[-57.1302313,2.7981637],[-57.1304029,2.7977887],[-57.1305907,2.79736],[-57.1307623,2.7969689],[-57.1308643,2.7967385],[-57.1310091,2.7964813],[-57.1311861,2.796192],[-57.131449,2.7957741],[-57.1317011,2.7953454],[-57.1319425,2.7949436],[-57.1322,2.7944881],[-57.1325111,2.7939631],[-57.1328169,2.7934433],[-57.133053,2.7930736],[-57.1333641,2.7926289],[-57.1335679,2.7924146],[-57.1337932,2.7921627],[-57.1341419,2.7918466],[-57.1345872,2.7914555],[-57.1349841,2.7910911],[-57.1353275,2.7907697],[-57.1356976,2.7903517],[-57.1360517,2.7899713],[-57.1363574,2.7895909],[-57.1364862,2.7893605],[-57.1365666,2.7890604],[-57.1366471,2.7886693],[-57.1367276,2.7881228],[-57.1367812,2.7874691],[-57.1368027,2.7871262],[-57.1368241,2.7867779],[-57.1368402,2.7862314],[-57.1368992,2.785642],[-57.1369153,2.7852026],[-57.1368617,2.7846668],[-57.1368617,2.7843239],[-57.1368724,2.783922],[-57.1368402,2.7836381],[-57.1367759,2.7833005],[-57.1366954,2.7829897],[-57.1365774,2.7826682],[-57.1363574,2.7820789],[-57.1361321,2.7815591],[-57.1358854,2.7810019],[-57.1357298,2.7806643],[-57.1354669,2.7801392],[-57.1352309,2.7796731],[-57.1350056,2.7792391],[-57.1348125,2.778864],[-57.1346355,2.7784996],[-57.1345013,2.7781835],[-57.134378,2.7778942],[-57.134276,2.7776102],[-57.1342009,2.7773262],[-57.1341097,2.7769887],[-57.1339971,2.7764636],[-57.1339434,2.7760081],[-57.1339381,2.7757134],[-57.1339542,2.7754348],[-57.1340078,2.7750865],[-57.1340346,2.7746739],[-57.1340373,2.7745346],[-57.1340346,2.7743203],[-57.1340534,2.7742239],[-57.1340802,2.7741301],[-57.1341473,2.7740444],[-57.1342304,2.7739586],[-57.1342948,2.7738488],[-57.1343297,2.7736961],[-57.1343082,2.7735219],[-57.1342492,2.7732594],[-57.1341607,2.7729968],[-57.1340883,2.7728173],[-57.1339649,2.7726137],[-57.1337342,2.7723324],[-57.1336001,2.7721771],[-57.1334016,2.7719949],[-57.1332783,2.7719038],[-57.1331227,2.7718234],[-57.1328813,2.7717404],[-57.1327177,2.7717055],[-57.132538,2.7716895],[-57.1323583,2.7717029],[-57.1321786,2.7717564],[-57.1319962,2.7718234],[-57.1318138,2.771877],[-57.1315616,2.7719413],[-57.13139,2.7719654],[-57.131229,2.7719574],[-57.1308535,2.7719091],[-57.1306202,2.7718797],[-57.1303493,2.7718609],[-57.1301588,2.7718636],[-57.1299469,2.7718824],[-57.1297297,2.7719145],[-57.1295097,2.7719895],[-57.1292576,2.7721074],[-57.1290189,2.7722467],[-57.1287078,2.7724771],[-57.1285066,2.7726646],[-57.1282947,2.7728736],[-57.1279836,2.773254],[-57.1276456,2.7736827],[-57.1274257,2.7739077],[-57.1272218,2.7740631],[-57.1271226,2.7741167],[-57.1270073,2.7741328],[-57.1268034,2.7741328],[-57.1265888,2.7741113],[-57.1263877,2.7740712],[-57.1261597,2.7740203],[-57.1259263,2.7739399],[-57.1256661,2.7738434],[-57.125119,2.7736184],[-57.1247435,2.7733826],[-57.1244592,2.773163],[-57.1241695,2.7728736],[-57.1238315,2.7725253],[-57.1235204,2.7722681],[-57.1231771,2.7720324],[-57.1228176,2.7718395],[-57.1224153,2.7716734],[-57.1217394,2.7714644],[-57.1209669,2.7712822],[-57.120173,2.7711054],[-57.1194542,2.7709822],[-57.1190786,2.7709393],[-57.1186495,2.7709125],[-57.1183813,2.7709286],[-57.1180755,2.7710036],[-57.1177563,2.7711456],[-57.1174371,2.7713573],[-57.117126,2.7715877],[-57.116847,2.771877],[-57.1166486,2.7721395],[-57.1164769,2.7723699],[-57.1163106,2.7726432],[-57.116155,2.7729701],[-57.1160048,2.7733451],[-57.1158707,2.773688],[-57.1157688,2.7739506],[-57.1156937,2.7741006],[-57.1155703,2.7742614],[-57.115455,2.7743659],[-57.1153531,2.7745052],[-57.1152914,2.7746284],[-57.1152592,2.7747784],[-57.1152565,2.7749419],[-57.1152753,2.7750892],[-57.1153209,2.775266],[-57.1153879,2.7754455],[-57.115463,2.7756009],[-57.1155328,2.7757456],[-57.1155918,2.775901],[-57.1155971,2.7760429],[-57.1155596,2.7761903],[-57.1154737,2.7763591],[-57.1153504,2.7765439],[-57.115168,2.7767958],[-57.1149534,2.7770208],[-57.1146262,2.7774119],[-57.1144277,2.7776423],[-57.1142399,2.777862],[-57.1139985,2.7781782],[-57.1137518,2.7785264],[-57.113564,2.7788158],[-57.1134728,2.7790355],[-57.1134299,2.7792873],[-57.1133924,2.7795605],[-57.1133441,2.7799731],[-57.1132529,2.7802303],[-57.1130598,2.7804339],[-57.1127433,2.7806],[-57.1123678,2.7807018],[-57.1118367,2.7807554],[-57.1114022,2.7807179],[-57.1110213,2.7806375],[-57.1105492,2.7804768],[-57.1101415,2.7803268],[-57.1097875,2.7801928],[-57.1094281,2.7799785],[-57.1091706,2.7798124],[-57.1089292,2.7796248],[-57.1086931,2.7793944],[-57.1084249,2.7791051],[-57.1081781,2.7788211],[-57.1079153,2.7784996],[-57.1077061,2.7781567],[-57.1075934,2.7779745],[-57.1075076,2.7777281],[-57.1074325,2.7773744],[-57.1073681,2.7770047],[-57.1072877,2.7765868],[-57.1072233,2.7761635],[-57.1071589,2.7757081],[-57.1070945,2.775108],[-57.1070463,2.7745239],[-57.1070409,2.7739881],[-57.1070355,2.7734309],[-57.1069926,2.7728897],[-57.1069229,2.7723753],[-57.1068049,2.7720377],[-57.1066547,2.7716895],[-57.1064669,2.7712822],[-57.106263,2.7708697],[-57.1060753,2.7705],[-57.1058822,2.7700097],[-57.1057695,2.7697284],[-57.1056461,2.7694605],[-57.1054369,2.76908],[-57.1052277,2.7687478],[-57.1050239,2.7684692],[-57.1048093,2.7682335],[-57.1045411,2.7680352],[-57.1043909,2.7678691],[-57.1041119,2.7674458],[-57.1038705,2.7671136],[-57.1036398,2.7668135],[-57.1034038,2.7665885],[-57.1031463,2.7664438],[-57.1028727,2.7663849],[-57.1024811,2.7663474],[-57.1021217,2.7663581],[-57.1017784,2.7664706],[-57.1014619,2.7666635],[-57.1010059,2.7670815],[-57.1006787,2.7674404],[-57.1004748,2.7676923],[-57.1002334,2.7679013],[-57.0999277,2.7681102],[-57.0995522,2.7683085],[-57.0991391,2.7684424],[-57.0986885,2.7684746],[-57.0982647,2.7684746],[-57.0978355,2.7684371],[-57.0973045,2.7683406],[-57.09687,2.7682763],[-57.0965159,2.7682335],[-57.0961726,2.7682013],[-57.095781,2.7681799],[-57.0952821,2.7681692],[-57.0946491,2.7680995],[-57.0940858,2.7680566],[-57.0937157,2.7680352],[-57.0933938,2.7680031],[-57.0930666,2.767912],[-57.0927179,2.7677191],[-57.0924175,2.7675047],[-57.0922405,2.7672797],[-57.0921224,2.7670868],[-57.0918971,2.7667546],[-57.0916343,2.7665617],[-57.091409,2.7664438],[-57.0910603,2.7663849],[-57.0907116,2.7664224],[-57.0903039,2.7665242],[-57.0900464,2.7666635],[-57.089923,2.7667439],[-57.089805,2.7669207],[-57.0897299,2.7671511],[-57.0895797,2.7673654],[-57.0894054,2.7673949],[-57.0892257,2.7673601],[-57.0889467,2.7673119],[-57.0886409,2.7672422],[-57.0880777,2.7670118],[-57.0875734,2.7667492],[-57.0871604,2.7664974],[-57.087037,2.7663474],[-57.086927,2.7661732],[-57.0868331,2.7659187],[-57.0868143,2.7657258],[-57.0868197,2.7655463],[-57.0869672,2.7651739],[-57.0871872,2.7648096],[-57.087273,2.7646328],[-57.0873481,2.7643863],[-57.0873857,2.7639844],[-57.0873696,2.7637487],[-57.0873106,2.7634861],[-57.0871174,2.763095],[-57.0868331,2.7626663],[-57.0866776,2.7623716],[-57.0865917,2.762168],[-57.0864791,2.7619215],[-57.086286,2.7614179],[-57.0861304,2.7610803],[-57.0860821,2.7607802],[-57.0861036,2.7605498],[-57.0862913,2.7599658],[-57.0864844,2.7596068],[-57.08664,2.7593389],[-57.0868304,2.7592022],[-57.0871282,2.7590897],[-57.0874769,2.7589718],[-57.0876083,2.7589129],[-57.0876861,2.7588459],[-57.0877719,2.7586879],[-57.0878068,2.758578],[-57.0878765,2.7584923],[-57.0879945,2.7584119],[-57.0881072,2.7583717],[-57.0882896,2.7583128],[-57.0884478,2.7582244],[-57.0885766,2.7581011],[-57.0888501,2.7578761],[-57.0891237,2.7576725],[-57.0894241,2.7574153],[-57.0897031,2.7571956],[-57.090202,2.7567884],[-57.0904863,2.7565419],[-57.0907331,2.7562901],[-57.0913231,2.7556524],[-57.0919508,2.7550255],[-57.0925623,2.7543879],[-57.0931149,2.753836],[-57.0933724,2.7535627],[-57.0936674,2.7532787],[-57.0939517,2.7530323],[-57.0942038,2.7528179],[-57.0944774,2.7525661],[-57.094751,2.7522982],[-57.0949924,2.752041],[-57.0951963,2.7517784],[-57.0953518,2.7515641],[-57.095663,2.751264],[-57.0959365,2.7509533],[-57.0962906,2.7504925],[-57.0966339,2.7500638],[-57.0970041,2.7495976],[-57.0973152,2.7492065],[-57.097739,2.7487778],[-57.0980716,2.7484027],[-57.0984739,2.7479687],[-57.0986724,2.7477544],[-57.0988333,2.7475776],[-57.0989674,2.7474436],[-57.0990694,2.7472775],[-57.0991337,2.7470846],[-57.0991713,2.746747],[-57.0991981,2.7465327],[-57.0992437,2.7463988],[-57.0993403,2.7462594],[-57.0995146,2.7460585],[-57.099705,2.7458495],[-57.0999491,2.7455736],[-57.100212,2.7453351],[-57.1003273,2.7452146],[-57.1004453,2.7451235],[-57.1005499,2.7450512],[-57.1006385,2.7449895],[-57.100735,2.7448851],[-57.1008128,2.744794],[-57.1009254,2.7445984],[-57.1010408,2.7444457],[-57.1011776,2.7443278],[-57.1013626,2.7441644],[-57.1016496,2.7439634],[-57.1019608,2.7437946],[-57.1021271,2.7437089],[-57.1022826,2.7436017],[-57.1023819,2.743449],[-57.102457,2.7432936],[-57.1025348,2.743082],[-57.1025857,2.7428596],[-57.1026045,2.7426533],[-57.1026099,2.7423586],[-57.1026152,2.7421577],[-57.1026152,2.7419353],[-57.1026126,2.7418067],[-57.1026126,2.7416862],[-57.1026045,2.7415093],[-57.1025804,2.7413647],[-57.1025214,2.7411878],[-57.1023819,2.7408556],[-57.1022397,2.7404993],[-57.1021163,2.7402877],[-57.102001,2.7400733],[-57.101883,2.7398697],[-57.1017247,2.7395938],[-57.1016416,2.7394491],[-57.101588,2.7393875],[-57.1015182,2.7393366],[-57.1014458,2.7392964],[-57.1013761,2.7392723],[-57.1013063,2.7392214],[-57.1012393,2.7391222],[-57.1011132,2.738932],[-57.1010461,2.7388302],[-57.1009469,2.7386051],[-57.1008825,2.7383694],[-57.1008182,2.7382408],[-57.1007431,2.738139],[-57.1005634,2.7379863],[-57.1002683,2.73778],[-57.1000645,2.7375924],[-57.0999062,2.7374103],[-57.0998231,2.7372817],[-57.0997801,2.7371745],[-57.0997506,2.7370807],[-57.0997372,2.7369762],[-57.0997211,2.7368208],[-57.0997158,2.7367244],[-57.0996863,2.7366253],[-57.0996434,2.7365449],[-57.0995039,2.7364109],[-57.0993295,2.7362287],[-57.0992437,2.7361859],[-57.0991659,2.736143],[-57.0991176,2.7361001],[-57.0990425,2.7359823],[-57.0989969,2.735851],[-57.098954,2.735642],[-57.0988977,2.7354438],[-57.0988306,2.7353312],[-57.098718,2.7352401],[-57.0985463,2.7351383],[-57.09838,2.7350446],[-57.0982352,2.7350178],[-57.0980662,2.7350633],[-57.0979053,2.7351249],[-57.0977792,2.7351544],[-57.0976961,2.7351651],[-57.0975512,2.735141],[-57.0973849,2.7351196],[-57.0972669,2.735141],[-57.0970202,2.7351946],[-57.096709,2.7352053],[-57.0966232,2.7352053],[-57.0964408,2.7352321],[-57.0962691,2.7352803],[-57.0959848,2.7354196],[-57.0956791,2.7355697],[-57.0953304,2.7356822],[-57.0951265,2.7357197],[-57.0949549,2.7357197],[-57.0947564,2.7357358],[-57.0945203,2.7357036],[-57.0942307,2.7356554],[-57.0938981,2.7355161],[-57.0936889,2.7353607],[-57.0934206,2.7351303],[-57.0932329,2.7348785],[-57.0930451,2.7346588],[-57.0928949,2.7344123],[-57.0928091,2.734289],[-57.0926911,2.7340265],[-57.0926321,2.7338898],[-57.0926052,2.7337934],[-57.0925194,2.733571],[-57.092455,2.7333299],[-57.0923772,2.7328986],[-57.0923397,2.7326226],[-57.0922887,2.7323145],[-57.0922163,2.7318242],[-57.0920688,2.7308329],[-57.0920634,2.730632],[-57.0920554,2.7303962],[-57.0920554,2.7301685],[-57.0920661,2.7299863],[-57.0920849,2.7294665],[-57.0920903,2.7292576],[-57.0920742,2.7288102],[-57.0920473,2.7285422],[-57.0920017,2.7283467],[-57.0919749,2.7282315],[-57.0919642,2.728143],[-57.0919696,2.7279957],[-57.0919588,2.7278483],[-57.0919347,2.7275108],[-57.0919266,2.7272857],[-57.0918971,2.7268061],[-57.0919079,2.7266615],[-57.0919052,2.726565],[-57.0919266,2.726423],[-57.0919642,2.726273],[-57.0920044,2.7261605],[-57.0920151,2.726064],[-57.0920178,2.7259595],[-57.0920071,2.725839],[-57.0920017,2.7257559],[-57.091983,2.7256353],[-57.0919374,2.725571],[-57.0919079,2.7255014],[-57.0919105,2.7254505],[-57.0919481,2.7253996],[-57.0920232,2.7253621],[-57.0920822,2.7252951],[-57.0921251,2.7252013],[-57.0921761,2.7250245],[-57.0922485,2.7246896],[-57.0922941,2.7245235],[-57.0923021,2.7243252],[-57.0922861,2.7241752],[-57.0922512,2.7239957],[-57.0921519,2.7236393],[-57.0920607,2.7232937],[-57.0919883,2.723058],[-57.0919213,2.7228329],[-57.0918515,2.7226373],[-57.0918033,2.7225248],[-57.0917389,2.722431],[-57.0916986,2.7223346],[-57.0916718,2.7222515],[-57.0916021,2.7221015],[-57.0915404,2.7220184],[-57.0914251,2.7218791],[-57.0913312,2.7217827],[-57.0912561,2.7216755],[-57.0912239,2.7215898],[-57.0911944,2.7214933],[-57.0911837,2.7214277],[-57.0911837,2.7213701],[-57.0911729,2.7212924],[-57.0911635,2.7212535],[-57.0911513,2.7212205],[-57.0911327,2.7211986],[-57.091075,2.7211591],[-57.0910328,2.7211249],[-57.0909946,2.7210921],[-57.0909677,2.7210405],[-57.0909543,2.7209923],[-57.0909208,2.7209294],[-57.0908631,2.7208463],[-57.0907947,2.7207632],[-57.0907116,2.7206494],[-57.0906499,2.7205422],[-57.090556,2.7203895],[-57.0904809,2.7202582],[-57.0904326,2.7201644],[-57.090371,2.7200492],[-57.0903307,2.7199849],[-57.0902824,2.7199367],[-57.0902422,2.7199153],[-57.0902127,2.7198965],[-57.0901886,2.719859],[-57.0901725,2.7197974],[-57.0901376,2.7197009],[-57.090092,2.7196206],[-57.0900142,2.7195054],[-57.0899311,2.719417],[-57.089864,2.7193044],[-57.0898265,2.7191999],[-57.0898131,2.7190981],[-57.0898023,2.7189936],[-57.0897862,2.7189508],[-57.0896387,2.7186052],[-57.0894456,2.7182944],[-57.0892632,2.7180318],[-57.0888287,2.717496],[-57.0882654,2.7168315],[-57.0875734,2.7160974],[-57.0869511,2.7154973],[-57.0863825,2.714999],[-57.086066,2.7147525],[-57.0857871,2.7146132],[-57.0855242,2.7145328],[-57.0852989,2.714498],[-57.0851541,2.7144658],[-57.0850495,2.7144471],[-57.0849368,2.7143881],[-57.0848805,2.7143533],[-57.0847517,2.7142809],[-57.0846176,2.7141952],[-57.0843333,2.7140318],[-57.0840651,2.7138951],[-57.0838183,2.7137424],[-57.0836332,2.7136299],[-57.0833731,2.7134691],[-57.0832497,2.7134022],[-57.0829949,2.7132039],[-57.0828635,2.7131101],[-57.0827615,2.7130298],[-57.0826837,2.7129467],[-57.0826167,2.7128529],[-57.0825979,2.7127833],[-57.0825416,2.7127163],[-57.0824558,2.7126493],[-57.0823109,2.7125743],[-57.0820856,2.712435],[-57.0819247,2.712368],[-57.0817718,2.7122769],[-57.0817101,2.7122233],[-57.0816591,2.7121403],[-57.0816565,2.7120384],[-57.0816404,2.7119232],[-57.0816028,2.711867],[-57.0815223,2.7118054],[-57.0814043,2.7117169],[-57.0813534,2.7116714],[-57.0813158,2.7116125],[-57.0812783,2.7115321],[-57.0812809,2.7114062],[-57.0813051,2.7112695],[-57.0813265,2.7110713],[-57.0813131,2.7109694],[-57.0812675,2.7108435],[-57.0811924,2.7106962],[-57.0811227,2.7105595],[-57.0810288,2.710439],[-57.0809162,2.7103452],[-57.0808277,2.7102514],[-57.0806667,2.7100558],[-57.0804843,2.7099138],[-57.0803234,2.7097665],[-57.0802081,2.7096004],[-57.0801571,2.7095039],[-57.0800686,2.7093753],[-57.0799881,2.7092574],[-57.0798889,2.709161],[-57.0798245,2.7091288],[-57.0796689,2.7090511],[-57.0795858,2.7089922],[-57.0795187,2.7089332],[-57.0794222,2.7088314],[-57.0793149,2.7087028],[-57.0792586,2.7086251],[-57.0792156,2.7085206],[-57.0792022,2.7084108],[-57.0791727,2.708309],[-57.0791271,2.7081884],[-57.0790011,2.7079768],[-57.078875,2.7078053],[-57.0786417,2.7075776],[-57.0785075,2.7074731],[-57.0784164,2.7074168],[-57.0783225,2.7074007],[-57.0782205,2.7074115],[-57.0781535,2.7074168],[-57.0781025,2.7074168],[-57.0778182,2.7074088],[-57.0776653,2.7074061],[-57.077499,2.707382],[-57.0771611,2.7073472],[-57.0768499,2.7073123],[-57.0766836,2.7072775],[-57.0764932,2.7072293],[-57.0762223,2.7071435],[-57.0759299,2.7070283],[-57.0754042,2.706739],[-57.0731699,2.7056271],[-57.0729768,2.7055038],[-57.07284,2.7054181],[-57.0726657,2.7052842],[-57.0724914,2.705118],[-57.0723814,2.7049894],[-57.0722821,2.7048903],[-57.0722044,2.704826],[-57.0721185,2.7047724],[-57.0719093,2.7046572],[-57.0717645,2.7045634],[-57.0716223,2.7044616],[-57.0714131,2.7043089],[-57.0713326,2.7042366],[-57.0712227,2.7041696],[-57.071051,2.7040946],[-57.0709169,2.7040088],[-57.0708337,2.7039472],[-57.0707774,2.7039017],[-57.0707157,2.7038642],[-57.0706299,2.7038374],[-57.0705307,2.7037811],[-57.0703188,2.703607],[-57.0702142,2.7035105],[-57.0701176,2.7033899],[-57.0699888,2.7032372],[-57.0699272,2.7031836],[-57.0698735,2.7031408],[-57.0697877,2.7030952],[-57.0696911,2.703055],[-57.069608,2.7029988],[-57.0695302,2.7029184],[-57.0694685,2.7028809],[-57.0693934,2.7028595],[-57.0692942,2.70283],[-57.0692217,2.7027925],[-57.069093,2.7027041],[-57.0690233,2.7026612],[-57.0689374,2.7026237],[-57.0688677,2.7026103],[-57.0688355,2.7025969],[-57.0688167,2.7025781],[-57.0687872,2.7025406],[-57.068755,2.7024951],[-57.0686692,2.7024201],[-57.0685297,2.7023316],[-57.0683715,2.7022432],[-57.0682749,2.7022004],[-57.0681945,2.7021521],[-57.0681435,2.7020771],[-57.068055,2.7019834],[-57.0679691,2.701903],[-57.067886,2.7018387],[-57.0677921,2.7018065],[-57.0677251,2.7017985],[-57.0676607,2.701777],[-57.0676231,2.7017369],[-57.0675856,2.7016431],[-57.0675293,2.7013671],[-57.0675319,2.7009974],[-57.0675588,2.7006973],[-57.0675829,2.7005205],[-57.0676178,2.7003946],[-57.0676419,2.7002847],[-57.0676741,2.7001293],[-57.0677277,2.699856],[-57.0678028,2.6995801],[-57.0678833,2.6993014],[-57.0679879,2.6990228],[-57.0681354,2.6986182],[-57.0682883,2.6980127],[-57.0683312,2.6978439],[-57.0683715,2.6976725],[-57.0684037,2.6974903],[-57.0684305,2.6973027],[-57.0684359,2.6969223],[-57.0684439,2.6964454],[-57.0684198,2.6961346],[-57.0683903,2.6959845],[-57.0683634,2.6957863],[-57.0683044,2.6956604],[-57.0682535,2.6955961],[-57.0682132,2.6955184],[-57.0682025,2.6954353],[-57.0682266,2.6952853],[-57.0682454,2.6951593],[-57.0682535,2.6950281],[-57.0682508,2.694736],[-57.0682508,2.6946047],[-57.06824,2.6944922],[-57.0681918,2.6943663],[-57.0681676,2.6942886],[-57.068173,2.6941975],[-57.06824,2.6940903],[-57.0683178,2.6939215],[-57.068409,2.693734],[-57.0684359,2.6936295],[-57.06846,2.6934393],[-57.0685083,2.6929999],[-57.0685351,2.6926435],[-57.068527,2.6921988],[-57.0684949,2.6918237],[-57.068468,2.6915986],[-57.0684359,2.6914298],[-57.0683822,2.6913334],[-57.0683259,2.6912048],[-57.0682803,2.6911056],[-57.0682508,2.690977],[-57.0682186,2.6908672],[-57.0681649,2.6907761],[-57.0681086,2.6906877],[-57.0680013,2.6905564],[-57.0678404,2.6903983],[-57.0677224,2.6902858],[-57.0676634,2.6902027],[-57.067591,2.6900098],[-57.0674703,2.6897017],[-57.0674247,2.6894338],[-57.0674032,2.6892704],[-57.0673764,2.6891685],[-57.0673066,2.6889944],[-57.0672262,2.6888685],[-57.0671457,2.6887452],[-57.067017,2.6885952],[-57.0668721,2.68848],[-57.0667166,2.6883808],[-57.0665798,2.6883192],[-57.0664054,2.6882603],[-57.0661935,2.6882308],[-57.0660594,2.6882415],[-57.0659682,2.6882683],[-57.0659038,2.6883005],[-57.0657992,2.6883353],[-57.0657188,2.6883487],[-57.0655444,2.6883942],[-57.0654854,2.6884023],[-57.0654076,2.6883942],[-57.0653111,2.688354],[-57.0652306,2.6882951],[-57.0651904,2.6882281],[-57.0651475,2.6881719],[-57.0650455,2.6881049],[-57.0649302,2.6880191],[-57.0648256,2.6878825],[-57.0645279,2.6874994],[-57.064139,2.686993],[-57.0638332,2.6865536],[-57.0636213,2.6862481],[-57.0635274,2.6860981],[-57.0633987,2.6858998],[-57.0632511,2.6857337],[-57.0630392,2.6855408],[-57.0629105,2.6854497],[-57.0627093,2.6853158],[-57.0623526,2.6849943],[-57.0619315,2.6846513],[-57.0617196,2.6844718],[-57.0614675,2.6842575],[-57.0613682,2.6841905],[-57.0612234,2.6841235],[-57.0610517,2.6840431],[-57.0607996,2.6839842],[-57.0605582,2.6839145],[-57.0603597,2.683802],[-57.0602042,2.6836091],[-57.0601183,2.6834215],[-57.0600861,2.6832018],[-57.0600164,2.6829982],[-57.0598555,2.6827999],[-57.0595202,2.6824704],[-57.0591527,2.6821891],[-57.0589489,2.6820283],[-57.0587665,2.6819533],[-57.058509,2.681889],[-57.0583534,2.6818783],[-57.0581871,2.6819319],[-57.0579189,2.682114],[-57.0575863,2.6822802],[-57.0572591,2.6824141],[-57.0569748,2.6825374],[-57.0566422,2.6826553],[-57.0564812,2.6826713],[-57.0562828,2.6825963],[-57.0560843,2.6824677],[-57.0559019,2.6822802],[-57.0554835,2.6819265],[-57.0551133,2.6815728],[-57.0548666,2.681321],[-57.0545232,2.6810531],[-57.0543087,2.6808762],[-57.0541316,2.6807262],[-57.0539922,2.6806297],[-57.0538902,2.6805922],[-57.0537293,2.6805654],[-57.0535898,2.680544],[-57.0534235,2.6804475],[-57.0532787,2.6802707],[-57.0531929,2.6800671],[-57.0531607,2.6798581],[-57.0531714,2.6796866],[-57.053268,2.679124],[-57.0533967,2.6786096],[-57.0535845,2.6781005],[-57.0537883,2.6775325],[-57.0540887,2.6767019],[-57.0544535,2.6758177],[-57.0550007,2.6744808],[-57.0552796,2.6739288],[-57.0555586,2.6733715],[-57.0556846,2.6731251],[-57.0557866,2.6729589],[-57.0559716,2.6727419],[-57.0560655,2.6726401],[-57.0562747,2.6723829],[-57.0565349,2.6719515],[-57.0566583,2.6718283],[-57.0567602,2.671764],[-57.0568487,2.671705],[-57.0568916,2.6716032],[-57.0569104,2.6715068],[-57.0569587,2.6714371],[-57.0570257,2.6714023],[-57.0571491,2.6713621],[-57.0572537,2.6713246],[-57.0573422,2.6712844],[-57.0574522,2.671196],[-57.0575944,2.6710459],[-57.05823,2.6702877],[-57.0586377,2.669792],[-57.0590106,2.6693553],[-57.0591259,2.6692454],[-57.0592251,2.6691275],[-57.0593083,2.6689641],[-57.0594344,2.6685944],[-57.0595551,2.6680853],[-57.0596704,2.6675226],[-57.0597079,2.6671984],[-57.0597401,2.6669707],[-57.0598045,2.6666036],[-57.059834,2.6660812],[-57.0598903,2.6654033],[-57.0599386,2.6648139],[-57.0599815,2.6644897],[-57.060011,2.6642485],[-57.0600164,2.6640422],[-57.0599869,2.6636859],[-57.0599467,2.6632572],[-57.0598877,2.6628526],[-57.0598367,2.6625365],[-57.0597321,2.6621158],[-57.0596436,2.6617059],[-57.0595658,2.6613522],[-57.0594558,2.6607547],[-57.0592332,2.6594097],[-57.0589435,2.6584023],[-57.0587021,2.6575663],[-57.05845,2.6566232],[-57.0581496,2.6556158],[-57.0578599,2.6549191],[-57.0574737,2.6542386],[-57.0569935,2.6535527],[-57.0569292,2.653408],[-57.0568433,2.6532928],[-57.0566985,2.6531133],[-57.0566019,2.6530195],[-57.0564786,2.6529391],[-57.0563874,2.6528721],[-57.056331,2.6528078],[-57.0562694,2.6526792],[-57.0561942,2.6525319],[-57.0560923,2.652414],[-57.0560145,2.6523175],[-57.0559421,2.6521782],[-57.055859,2.6519344],[-57.055741,2.6516691],[-57.0552743,2.6508841],[-57.0548156,2.650174],[-57.0541665,2.64933],[-57.0537481,2.6487942],[-57.0531473,2.6478698],[-57.0526832,2.6471785],[-57.0523024,2.6466052],[-57.0520717,2.6461282],[-57.0516881,2.6453378],[-57.0515943,2.6449413],[-57.0515835,2.6448234],[-57.0515433,2.6446278],[-57.0514977,2.6443893],[-57.0514441,2.6440142],[-57.0514172,2.6437945],[-57.0513609,2.6435668],[-57.0512295,2.642988],[-57.0510739,2.642353],[-57.0510095,2.6421172],[-57.0509854,2.6420235],[-57.0509693,2.6419377],[-57.0509747,2.6417904],[-57.0510149,2.641635],[-57.0510632,2.6413992],[-57.0511007,2.6412572],[-57.0510954,2.6411446],[-57.0510927,2.6409919],[-57.0510578,2.6408177],[-57.0510095,2.6406409],[-57.0508835,2.6403944],[-57.0506448,2.6400568],[-57.0504838,2.6397701],[-57.0502827,2.6395209],[-57.0500976,2.6393227],[-57.0499313,2.6391565],[-57.0498508,2.6389904],[-57.0497328,2.638827],[-57.0496792,2.6387386],[-57.0496389,2.6386019],[-57.0495692,2.6384224],[-57.0495263,2.6383474],[-57.049419,2.6382161],[-57.0492661,2.6381116],[-57.0489764,2.6378865],[-57.0486894,2.6377204],[-57.0484024,2.63764],[-57.0481128,2.6375945],[-57.0477909,2.6376454],[-57.0473564,2.6378142],[-57.046997,2.6380017],[-57.0469299,2.6380687],[-57.0468146,2.6382402],[-57.0466831,2.6383393],[-57.0465437,2.638401],[-57.0464578,2.6384626],[-57.0462513,2.6387171],[-57.0459563,2.6390253],[-57.0456371,2.6392584],[-57.0454198,2.6394486],[-57.0451006,2.6397514],[-57.0448941,2.6399818],[-57.0445883,2.6403676],[-57.044422,2.6406195],[-57.0442691,2.6408043],[-57.0440277,2.6410803],[-57.0437408,2.6414581],[-57.0434189,2.6418868],[-57.0430729,2.6423611],[-57.0427752,2.6427924],[-57.0424989,2.6431059],[-57.042397,2.6432667],[-57.0423138,2.643473],[-57.0422119,2.6437918],[-57.0421663,2.6440812],[-57.0421529,2.6444644],[-57.0421851,2.6449466],[-57.0422441,2.645437],[-57.042287,2.6457665],[-57.0423245,2.6460184],[-57.0423514,2.6461202],[-57.0423621,2.6462059],[-57.0423514,2.6463453],[-57.0423353,2.6466078],[-57.0422816,2.6468704],[-57.0421636,2.6471491],[-57.0420188,2.6473982],[-57.041831,2.6476045],[-57.041713,2.6477814],[-57.0415494,2.6479823],[-57.0414367,2.6481565],[-57.0412919,2.6483628],[-57.0411122,2.6485396],[-57.0408332,2.6487888],[-57.040565,2.6489094],[-57.04027,2.6489764],[-57.0399588,2.6489924],[-57.0396718,2.648963],[-57.0392963,2.6488504],[-57.0389369,2.6486924],[-57.0385775,2.648537],[-57.037966,2.6481565],[-57.0374671,2.6478323],[-57.0368689,2.6474384],[-57.0365015,2.6471919],[-57.035737,2.6466748],[-57.0352221,2.646364],[-57.0348063,2.6461577],[-57.0342645,2.6458228],[-57.0339561,2.6456218],[-57.0335349,2.6453405],[-57.0331219,2.6451208],[-57.0326901,2.6449091],[-57.0322555,2.6447859],[-57.0314992,2.6446653],[-57.0311692,2.644668],[-57.0309815,2.6446948],[-57.0307991,2.6447296],[-57.0305362,2.6447323],[-57.0304585,2.6447135],[-57.030378,2.6447082],[-57.0303082,2.6447323],[-57.0302251,2.6447886],[-57.0298898,2.6449332],[-57.0294178,2.6450324],[-57.0290583,2.6451771],[-57.0289081,2.6452574],[-57.028546,2.6454209],[-57.0283207,2.6455682],[-57.028082,2.6457156],[-57.0277602,2.6458335],[-57.0272425,2.6460264],[-57.0270413,2.6461416],[-57.0266175,2.6463345],[-57.0263252,2.6464739],[-57.0261025,2.6465623],[-57.0259175,2.6465891],[-57.0256734,2.6466159],[-57.0254749,2.6466775],[-57.0252335,2.6467525],[-57.0249921,2.6468517],[-57.0247909,2.6469052],[-57.0246676,2.6469186],[-57.024512,2.6468892],[-57.0243993,2.6468731],[-57.0241579,2.6468811],[-57.0237798,2.646857],[-57.0232916,2.6468356],[-57.0225433,2.646782],[-57.0221409,2.6467981],[-57.0215777,2.646865],[-57.021355,2.6468838],[-57.0206282,2.646782],[-57.0198664,2.6466427],[-57.0193729,2.6465007],[-57.0187292,2.6463801],[-57.0184395,2.6463587],[-57.0180023,2.6463185],[-57.0177528,2.6463319],[-57.0174685,2.6463077],[-57.0173585,2.6462917],[-57.0172164,2.64623],[-57.0169026,2.6460505],[-57.0167819,2.6458871],[-57.0166478,2.645654],[-57.016519,2.6453298],[-57.0164278,2.6450297],[-57.0163769,2.6447752],[-57.0163608,2.6445581],[-57.0163795,2.6442768],[-57.0163688,2.6439017],[-57.0163393,2.6435453],[-57.0163205,2.6432613],[-57.0163474,2.6429827],[-57.0164144,2.6426745],[-57.0164815,2.6423128],[-57.0165753,2.6419002],[-57.0166692,2.6416323],[-57.0167631,2.641426],[-57.0168382,2.6412197],[-57.0168811,2.6410509],[-57.0169857,2.6407936],[-57.0171949,2.6403703],[-57.0174068,2.6400193],[-57.0176321,2.6396924],[-57.0178279,2.6393495],[-57.0180103,2.6390869],[-57.0182732,2.6388189],[-57.0185253,2.6386341],[-57.0187908,2.6383688],[-57.0189437,2.6381679],[-57.0191073,2.6379455],[-57.0193622,2.63764],[-57.0194909,2.6374551],[-57.0197886,2.6370747],[-57.0199764,2.6367317],[-57.020368,2.6359493],[-57.020722,2.6350866],[-57.0209366,2.6342131],[-57.0210385,2.6335754],[-57.021119,2.6329163],[-57.0211029,2.6324662],[-57.0210573,2.6322196],[-57.0210761,2.6318097],[-57.0210654,2.63159],[-57.0210359,2.6309979],[-57.0209795,2.6305531],[-57.0209286,2.6301753],[-57.0208883,2.6298939],[-57.0208427,2.6295376],[-57.0208293,2.6292991],[-57.0207971,2.6288999],[-57.0207596,2.6284926],[-57.0207301,2.628013],[-57.0207086,2.6277424],[-57.0206925,2.6272762],[-57.0206872,2.627161],[-57.0206898,2.6270672],[-57.0206952,2.6269975],[-57.0207059,2.6268127],[-57.0207623,2.6265929],[-57.0208079,2.6264402],[-57.0208333,2.6262795],[-57.0208454,2.6261428],[-57.0208964,2.6257329],[-57.0209259,2.6254301],[-57.0209259,2.6250871],[-57.0209688,2.6246785],[-57.0210198,2.6245164],[-57.0210815,2.6243423],[-57.0211566,2.6241815],[-57.0212156,2.623935],[-57.0213014,2.6235867],[-57.0214731,2.6228632],[-57.0215857,2.6224292],[-57.0219773,2.6209769],[-57.0220739,2.6205107],[-57.0221543,2.6200927],[-57.0222884,2.6194389],[-57.0223743,2.6189084],[-57.0225406,2.6181421],[-57.022723,2.6175151],[-57.0228517,2.6170757],[-57.0229858,2.6165398],[-57.0230287,2.6162719],[-57.0231092,2.6158378],[-57.0232219,2.6152591],[-57.0233184,2.6148839],[-57.0234096,2.6145946],[-57.0235223,2.6143695],[-57.0236081,2.6140801],[-57.0236993,2.6138175],[-57.0238012,2.6136032],[-57.0239246,2.6134156],[-57.0240748,2.6132441],[-57.0241606,2.6130673],[-57.0242679,2.6128208],[-57.0243913,2.6126386],[-57.0245683,2.6123653],[-57.0247454,2.6122099],[-57.0249063,2.6120652],[-57.0251209,2.6119366],[-57.0258558,2.6115508],[-57.0263171,2.611331],[-57.0266926,2.6111006],[-57.0271164,2.6108005],[-57.0275563,2.6104468],[-57.0279265,2.6100931],[-57.0282698,2.6096859],[-57.0285702,2.6091929],[-57.028935,2.6085766],[-57.0292568,2.607971],[-57.0293641,2.6076709],[-57.0294392,2.6073387],[-57.0295733,2.6068564],[-57.0297021,2.6061705],[-57.0296913,2.6058328],[-57.0296645,2.6055274],[-57.0296645,2.6050183],[-57.0297074,2.6046539],[-57.0297664,2.6044663],[-57.0298576,2.6043163],[-57.029981,2.6041502],[-57.0301259,2.6039197],[-57.03026,2.60355],[-57.0303726,2.6031105],[-57.0304155,2.602864],[-57.0304155,2.6024996],[-57.0303726,2.6020013],[-57.0302546,2.6013582],[-57.0301473,2.6007794],[-57.0300615,2.6004043],[-57.0299649,2.6001899],[-57.0298576,2.6000667],[-57.0297021,2.599922],[-57.0294178,2.5996219],[-57.0291281,2.5993218],[-57.028994,2.5992361],[-57.028833,2.5991503],[-57.0287097,2.5990967],[-57.0285595,2.5990056],[-57.0279479,2.5984724],[-57.0277655,2.5982822],[-57.0275348,2.598116],[-57.0272586,2.5979955],[-57.0271352,2.5979687],[-57.0269179,2.597891],[-57.02647,2.5977115],[-57.0261911,2.5976177],[-57.0260301,2.5975721],[-57.0258987,2.5975721],[-57.02577,2.5975936],[-57.0256546,2.597623],[-57.0255688,2.597615],[-57.0253703,2.5975614],[-57.0251718,2.5974837],[-57.0249358,2.5973899],[-57.0247883,2.597272],[-57.0245925,2.5971086],[-57.0244208,2.5969183],[-57.0243269,2.5967978],[-57.0241982,2.5966209],[-57.0240507,2.5964146],[-57.0239541,2.5962378],[-57.0238254,2.5959752],[-57.0236564,2.5957474],[-57.0235571,2.5956911],[-57.0233586,2.5954982],[-57.0232004,2.5953857],[-57.0229751,2.5952276],[-57.0228303,2.5950963],[-57.0226479,2.5949918],[-57.0224816,2.5948953],[-57.0223153,2.5948123],[-57.0221382,2.5947185],[-57.0219237,2.5946381],[-57.0217198,2.5945818],[-57.0214167,2.5944961],[-57.0209017,2.5942951],[-57.0203546,2.5941156],[-57.0200595,2.5940272],[-57.0197296,2.5939388],[-57.0193782,2.5938557],[-57.0191771,2.5938209],[-57.0189571,2.5938021],[-57.0187292,2.5937968],[-57.018469,2.5938048],[-57.0181042,2.5938075],[-57.017844,2.5938128],[-57.017675,2.5938048],[-57.0175195,2.5937887],[-57.0173344,2.5937432],[-57.0171976,2.5937083],[-57.0170715,2.5936387],[-57.0169267,2.593502],[-57.0168141,2.5933359],[-57.0166987,2.5931242],[-57.0165914,2.5929152],[-57.0165217,2.5927357],[-57.0164788,2.5925133],[-57.0164761,2.5922346],[-57.0164707,2.5920203],[-57.0165002,2.5917363],[-57.0165271,2.5915219],[-57.0165566,2.5912593],[-57.0166183,2.5909833],[-57.016696,2.5907824],[-57.016739,2.5906457],[-57.0168677,2.5900375],[-57.016916,2.5898821],[-57.017026,2.5896918],[-57.0171279,2.5895659],[-57.01738,2.5893328],[-57.0177314,2.5890568],[-57.0180935,2.5887299],[-57.0182785,2.5884807],[-57.0184153,2.5883467],[-57.0185521,2.5881565],[-57.0187426,2.5878483],[-57.0189437,2.5874732],[-57.0191905,2.587007],[-57.0192897,2.586806],[-57.0193917,2.5867096],[-57.019625,2.5864523],[-57.019912,2.5860156],[-57.0200086,2.5858655],[-57.0201105,2.5855788],[-57.0203385,2.5849599],[-57.0204377,2.5846303],[-57.0206684,2.584148],[-57.0209286,2.5835933],[-57.021355,2.5829181],[-57.0215803,2.5827118],[-57.0218164,2.5824465],[-57.0218942,2.5823259],[-57.0220685,2.5818919],[-57.0221409,2.5815355],[-57.0222589,2.5809031],[-57.0222697,2.580729],[-57.022267,2.5805146],[-57.022216,2.5800752],[-57.0221087,2.5796679],[-57.021921,2.5792124],[-57.0217225,2.578848],[-57.0216152,2.5785881],[-57.0214918,2.5782478],[-57.021465,2.578095],[-57.0214167,2.5778405],[-57.0213389,2.5774921],[-57.0212907,2.5771358],[-57.0212638,2.5767874],[-57.0212773,2.5764873],[-57.0212477,2.5761711],[-57.0212102,2.5759916],[-57.021178,2.5757692],[-57.0211539,2.5756808],[-57.0211056,2.5756058],[-57.0210546,2.5754932],[-57.0210251,2.5753753],[-57.0210198,2.5752655],[-57.0210278,2.5751369],[-57.0210198,2.5749922],[-57.0209366,2.5746867],[-57.0207301,2.5743437],[-57.0206577,2.5742124],[-57.0206255,2.5740302],[-57.0205933,2.5737114],[-57.0205906,2.5735131],[-57.0206496,2.5732585],[-57.0206925,2.5729772],[-57.0207006,2.5728486],[-57.0206577,2.5725619],[-57.0206389,2.5723046],[-57.0205638,2.5720554],[-57.0204377,2.5717044],[-57.0203626,2.5715249],[-57.0201749,2.5712757],[-57.020022,2.5710372],[-57.019845,2.570847],[-57.0197028,2.570721],[-57.0195124,2.5704799],[-57.0193058,2.570236],[-57.0192173,2.5701289],[-57.0191905,2.5700672],[-57.0191771,2.5699547],[-57.0191556,2.5698368],[-57.0191208,2.5697403],[-57.0189571,2.5695313],[-57.0187748,2.5693572],[-57.0185629,2.5691562],[-57.0183671,2.568974],[-57.0182571,2.5688909],[-57.0179299,2.5687275],[-57.0175463,2.5685989],[-57.0171949,2.568497],[-57.0170072,2.568422],[-57.0169079,2.5683577],[-57.016755,2.5682746],[-57.0166183,2.5682505],[-57.0164681,2.5682452],[-57.01635,2.5682318],[-57.0162213,2.5681969],[-57.0158726,2.5680469],[-57.0154488,2.5678325],[-57.0153871,2.5678191],[-57.0152383,2.5678312],[-57.0150438,2.5677896],[-57.0149177,2.5677602],[-57.0148051,2.5677173],[-57.0146307,2.5676208],[-57.0144966,2.5675324],[-57.0144027,2.5675003],[-57.014266,2.5674976],[-57.0141506,2.5675324],[-57.0140728,2.5675217],[-57.0140004,2.5674735],[-57.0139521,2.5674118],[-57.0138609,2.5673636],[-57.0136678,2.5673154],[-57.013405,2.5672296],[-57.0129678,2.5668438],[-57.0126486,2.5666428],[-57.0121497,2.5664445],[-57.0118332,2.5663507],[-57.0113263,2.5663347],[-57.0110902,2.5663963],[-57.0107871,2.5664204],[-57.0099717,2.5665088],[-57.0085904,2.5666776],[-57.0076409,2.5667875],[-57.0073673,2.5668438],[-57.0070052,2.566892],[-57.0060369,2.5668706],[-57.005302,2.5668009],[-57.0051035,2.5668277],[-57.0048675,2.5668759],[-57.004661,2.5669054],[-57.0042881,2.566884],[-57.0040843,2.5668223],[-57.0038107,2.5667259],[-57.0036498,2.5666884],[-57.0034647,2.5666696],[-57.0033038,2.566683],[-57.0031214,2.5667527],[-57.0030302,2.5667607],[-57.0028183,2.5666857],[-57.0025098,2.566474],[-57.002314,2.5662704],[-57.0021424,2.5659944],[-57.0020619,2.5656782],[-57.0019332,2.5651986],[-57.0018554,2.5648717],[-57.0017266,2.5642205],[-57.0016328,2.5636016],[-57.0015952,2.563197],[-57.0016488,2.562661],[-57.0017159,2.5617527],[-57.0017347,2.5612972],[-57.0017535,2.5609086],[-57.0018312,2.5604853],[-57.0019224,2.5601155],[-57.0020297,2.5597564],[-57.0021611,2.559518],[-57.0023462,2.5592232],[-57.002483,2.5589285],[-57.0025876,2.5586846],[-57.002652,2.5584703],[-57.0026466,2.558355],[-57.0026359,2.5581996],[-57.0025957,2.5580415],[-57.0025286,2.5578379],[-57.0023945,2.5576503],[-57.0021772,2.5573716],[-57.0020565,2.5572323],[-57.0018849,2.5570287],[-57.0017642,2.5569161],[-57.0013887,2.5566241],[-57.0009086,2.5563534],[-57.0004016,2.5560104],[-56.9999886,2.5558148],[-56.999613,2.5556969],[-56.9993475,2.555571],[-56.9991624,2.555429],[-56.9988996,2.5552977],[-56.9985938,2.5551637],[-56.9981834,2.5550083],[-56.9978187,2.5549333],[-56.9974726,2.5548663],[-56.9970971,2.5548797],[-56.9967163,2.5549225],[-56.9962522,2.5549574],[-56.9958311,2.555011],[-56.9954959,2.5551021],[-56.9950345,2.5552548],[-56.9947368,2.5554075],[-56.9944498,2.5556166],[-56.9941467,2.5557934],[-56.9938383,2.555989],[-56.9936371,2.5561444],[-56.9933742,2.5563213],[-56.992811,2.5565785],[-56.9921887,2.5569108],[-56.9919902,2.5570233],[-56.9916523,2.5571626],[-56.9912338,2.5572805],[-56.9909173,2.5573609],[-56.9905794,2.5574306],[-56.9902682,2.5574949],[-56.990059,2.5575592],[-56.9898927,2.557645],[-56.9897479,2.5577414],[-56.9895816,2.5578379],[-56.9893885,2.5579719],[-56.9891149,2.5580737],[-56.9889432,2.5580951],[-56.9888037,2.5580951],[-56.9885784,2.5580683],[-56.9884658,2.5580201],[-56.9882566,2.557854],[-56.9880688,2.5576343],[-56.9880045,2.557511],[-56.987924,2.5572966],[-56.9878221,2.5568625],[-56.9877684,2.5565946],[-56.9876826,2.5562195],[-56.987586,2.5558122],[-56.9874734,2.5553995],[-56.9874036,2.5551423],[-56.9873554,2.5550029],[-56.9872803,2.5548636],[-56.9872373,2.5546975],[-56.9872052,2.5544777],[-56.987173,2.5540329],[-56.9871461,2.5538025],[-56.9871086,2.5535185],[-56.9870442,2.5531219],[-56.9870013,2.5527307],[-56.9869477,2.5523288],[-56.9869423,2.5520608],[-56.9869638,2.5517393],[-56.9870228,2.5514552],[-56.987071,2.5510747],[-56.9870925,2.5506406],[-56.9870442,2.5501583],[-56.9870174,2.5494616],[-56.9869852,2.5489096],[-56.9869316,2.5485077],[-56.9868672,2.548079],[-56.9868028,2.5477092],[-56.9867438,2.5474627],[-56.9866633,2.5471572],[-56.9865882,2.5469268],[-56.9865131,2.5466159],[-56.9864219,2.5463373],[-56.9863308,2.5461443],[-56.9862342,2.5459568],[-56.986084,2.5456835],[-56.9859713,2.5454155],[-56.9858372,2.5450136],[-56.9857138,2.5445741],[-56.9856602,2.5443008],[-56.9855851,2.5439632],[-56.9854724,2.5433201],[-56.9853598,2.5427359],[-56.9852632,2.5423501],[-56.9851559,2.5419857],[-56.9850004,2.5415087],[-56.9849038,2.5411925],[-56.9848019,2.5408281],[-56.9846946,2.5402868],[-56.9846302,2.5398581],[-56.9845659,2.5393918],[-56.984539,2.5391399],[-56.9845444,2.5388452],[-56.9845766,2.5385236],[-56.9846839,2.5381378],[-56.9847912,2.5377251],[-56.9850487,2.5371356],[-56.985215,2.5368034],[-56.9854134,2.5363961],[-56.985569,2.536037],[-56.985746,2.5357101],[-56.9859231,2.5353885],[-56.986143,2.5349598],[-56.9864488,2.5344882],[-56.9866365,2.5341881],[-56.9868511,2.5338933],[-56.9871515,2.5334753],[-56.9874144,2.5330627],[-56.9875485,2.5328483],[-56.9876826,2.5325964],[-56.9878435,2.5321462],[-56.9879884,2.5318193],[-56.9880849,2.531605],[-56.9881761,2.5314495],[-56.9883156,2.5312245],[-56.9884926,2.5309833],[-56.9886804,2.53071],[-56.9890559,2.5302437],[-56.9894528,2.5297668],[-56.9899142,2.5292844],[-56.9903112,2.5289093],[-56.990751,2.5285341],[-56.9911587,2.5281804],[-56.9916308,2.527741],[-56.9917971,2.5275373],[-56.9919151,2.5273551],[-56.9919956,2.5271943],[-56.9920707,2.52698],[-56.9921941,2.5265244],[-56.992237,2.5262672],[-56.9922638,2.5258974],[-56.9922745,2.5255169],[-56.9922799,2.5251043],[-56.9922692,2.5247023],[-56.9922584,2.5243593],[-56.9922102,2.5239413],[-56.9921619,2.5236144],[-56.9921029,2.5234107],[-56.9919902,2.5231481],[-56.9918937,2.5228963],[-56.9917595,2.5226497],[-56.9915879,2.5223871],[-56.9914591,2.5222639],[-56.9911856,2.5220549],[-56.9908959,2.521937],[-56.9907296,2.5218941],[-56.9904399,2.5218298],[-56.9900537,2.5217601],[-56.9898659,2.5217172],[-56.9897103,2.5216636],[-56.9894153,2.5215779],[-56.9891203,2.5215189],[-56.9887662,2.5215029],[-56.988557,2.5214975],[-56.9883397,2.5214975],[-56.988093,2.5215029],[-56.9878167,2.5215189],[-56.9875887,2.5215323],[-56.9874305,2.5215565],[-56.9872588,2.5216074],[-56.9870871,2.5216636],[-56.9869423,2.5216985],[-56.9866955,2.5217708],[-56.9865319,2.521811],[-56.9863495,2.5218539],[-56.9862315,2.5218807],[-56.9860679,2.5219102],[-56.9859847,2.5219289],[-56.985856,2.5219504],[-56.9857353,2.5219852],[-56.9855234,2.5220549],[-56.9852552,2.5221513],[-56.9850969,2.5222237],[-56.9849253,2.5223148],[-56.9848233,2.5223764],[-56.9846946,2.5224407],[-56.9845712,2.5224756],[-56.9843942,2.5225292],[-56.9841608,2.5225854],[-56.9839463,2.5226283],[-56.9838095,2.5226524],[-56.9836432,2.5226765],[-56.9834527,2.5226953],[-56.9833294,2.5226899],[-56.983206,2.5226605],[-56.9830611,2.5226122],[-56.9829056,2.5225506],[-56.9827259,2.5224622],[-56.9826105,2.5224032],[-56.9824979,2.5223309],[-56.9823825,2.5222317],[-56.9822645,2.5221085],[-56.9821546,2.5219825],[-56.9820419,2.5218539],[-56.9819158,2.5217145],[-56.9817817,2.5215618],[-56.981661,2.5214091],[-56.9815484,2.5212403],[-56.981492,2.5211438],[-56.9814143,2.5210339],[-56.9813258,2.5209401],[-56.9811541,2.5207954],[-56.9809717,2.52064],[-56.9807142,2.5204739],[-56.9804084,2.5203185],[-56.9802314,2.5201952],[-56.9800437,2.5199969],[-56.9799203,2.519745],[-56.9798613,2.5195789],[-56.9798452,2.5193431],[-56.9799095,2.519193],[-56.97999,2.519043],[-56.9801027,2.5188876],[-56.9802368,2.5187429],[-56.9803762,2.5185767],[-56.9807142,2.5182873],[-56.9810361,2.5180194],[-56.9813043,2.5178318],[-56.9817013,2.5175317],[-56.9819963,2.5172959],[-56.9824469,2.5169582],[-56.9828063,2.5166849],[-56.9831497,2.5164545],[-56.9834662,2.516224],[-56.9836968,2.5160686],[-56.9840455,2.5158274],[-56.9843888,2.5156345],[-56.9846731,2.5155166],[-56.9850862,2.5154041],[-56.9853115,2.515329],[-56.9855475,2.5152111],[-56.9857675,2.5150691],[-56.9859365,2.5149539],[-56.9860357,2.514903],[-56.9861484,2.5148628],[-56.9863093,2.5148413],[-56.9865775,2.5148253],[-56.9869316,2.5148092],[-56.9871998,2.5147609],[-56.9874626,2.5146913],[-56.9879133,2.5145734],[-56.9883424,2.5144823],[-56.9887072,2.5144233],[-56.989013,2.5143697],[-56.9893885,2.5143161],[-56.9897157,2.5142893],[-56.9900537,2.5142572],[-56.9905365,2.5141446],[-56.9908261,2.5140321],[-56.9909495,2.5139517],[-56.9910622,2.5138284],[-56.9911373,2.5136944],[-56.9912794,2.5134506],[-56.991384,2.5132764],[-56.9914457,2.5131398],[-56.991494,2.5130111],[-56.9915289,2.5129227],[-56.9915611,2.5128262],[-56.9915959,2.5127217],[-56.9916281,2.5126494],[-56.9917032,2.5125342],[-56.9917595,2.512435],[-56.9918105,2.5123225],[-56.9918829,2.5121483],[-56.9919258,2.5119956],[-56.9919634,2.5118991],[-56.9920197,2.5117624],[-56.9920734,2.5116633],[-56.992119,2.51154],[-56.9921726,2.5114087],[-56.9921994,2.5112962],[-56.9921994,2.5112024],[-56.9921941,2.5110738],[-56.99219,2.5109813],[-56.9921847,2.5108808],[-56.9921874,2.5108272],[-56.9921927,2.5107931],[-56.9922115,2.5107535],[-56.9922343,2.5107227],[-56.9922772,2.5106665],[-56.9923054,2.5106209],[-56.9923309,2.510562],[-56.9923657,2.5104682],[-56.9924167,2.5102833],[-56.9924542,2.5101305],[-56.9924784,2.5099912],[-56.9924837,2.5098706],[-56.9924864,2.5096938],[-56.9924676,2.509541],[-56.9924247,2.5093856],[-56.9923925,2.509257],[-56.9923684,2.5091605],[-56.9923389,2.5090158],[-56.9922906,2.5088363],[-56.9922531,2.5086058],[-56.9922343,2.5084826],[-56.9921914,2.5082119],[-56.9921324,2.5079038],[-56.9920921,2.5076867],[-56.9920385,2.5074],[-56.9919956,2.5071856],[-56.991958,2.5069578],[-56.9919366,2.5067863],[-56.9919124,2.5065693],[-56.991891,2.5063898],[-56.9918722,2.506162],[-56.9918856,2.5059664],[-56.9919124,2.5057708],[-56.9919553,2.5056529],[-56.9919902,2.5055752],[-56.9920331,2.5054921],[-56.9920331,2.5054144],[-56.992009,2.5052857],[-56.9919553,2.5052027],[-56.9918829,2.5051009],[-56.9918293,2.5049829],[-56.991773,2.5048409],[-56.9917381,2.5047364],[-56.9916898,2.5045837],[-56.9916469,2.5044497],[-56.9915611,2.5042112],[-56.9914846,2.5040035],[-56.9914544,2.5039231],[-56.9914276,2.5038655],[-56.9913961,2.5038173],[-56.9912633,2.5036525],[-56.9912016,2.5035601],[-56.991148,2.5034823],[-56.9910809,2.5033698],[-56.9910514,2.5033082],[-56.9909669,2.5031487],[-56.9908798,2.5029866],[-56.9908261,2.5028982],[-56.9907671,2.5028339],[-56.9906974,2.5027816],[-56.9906276,2.502732],[-56.9905445,2.5026637],[-56.9904533,2.5025793],[-56.9903138,2.5024346],[-56.9901502,2.5022604],[-56.9899839,2.5021077],[-56.9897962,2.5019362],[-56.9896647,2.501829],[-56.9895601,2.5017433],[-56.989426,2.5016521],[-56.9892946,2.5015664],[-56.9891444,2.5014753],[-56.989013,2.5014137],[-56.9888708,2.5013627],[-56.9886991,2.501285],[-56.9885409,2.5011993],[-56.9884014,2.5011055],[-56.9883075,2.5010305],[-56.9882029,2.500934],[-56.9881332,2.5008188],[-56.9880715,2.5007009],[-56.9879723,2.5006044],[-56.9878837,2.5005374],[-56.9877604,2.5004731],[-56.9876209,2.5004141],[-56.9874707,2.5003579],[-56.9872481,2.5002828],[-56.9870603,2.5002319],[-56.9868806,2.5001917],[-56.9867465,2.5001676],[-56.9866017,2.5001569],[-56.9864273,2.5001542],[-56.9862476,2.5001569],[-56.9859982,2.5001703],[-56.9857031,2.5001944],[-56.9854027,2.50024],[-56.9852418,2.5002748],[-56.9850916,2.5003177],[-56.9848475,2.5004061],[-56.9846436,2.5004892],[-56.9844613,2.5005615],[-56.9842225,2.5006419],[-56.9840589,2.5006955],[-56.9839034,2.5007464],[-56.9837371,2.5008054],[-56.9835466,2.500875],[-56.9833642,2.500942],[-56.9831014,2.5010144],[-56.9828922,2.5010573],[-56.9825622,2.5011109],[-56.9822484,2.5011564],[-56.9820473,2.5011939],[-56.9817549,2.5012288],[-56.9815725,2.5012529],[-56.9814116,2.5012609],[-56.9812211,2.5012556],[-56.98102,2.5012422],[-56.9808403,2.5012207],[-56.9806686,2.5011993],[-56.9804674,2.5011484],[-56.9802797,2.5010894],[-56.9800732,2.5010251],[-56.9799498,2.5009769],[-56.9798237,2.5009286],[-56.9797057,2.5008804],[-56.9796091,2.5008375],[-56.9795018,2.5007679],[-56.9793597,2.5006794],[-56.9792175,2.5006151],[-56.9790593,2.5005669],[-56.9789225,2.500524],[-56.9787535,2.5004838],[-56.9786301,2.5004597],[-56.9784316,2.5004356],[-56.9781768,2.5004195],[-56.9779944,2.5004249],[-56.977753,2.5004302],[-56.9774419,2.5004463],[-56.9772327,2.500457],[-56.9770047,2.5004651],[-56.9768733,2.5004785],[-56.9765514,2.5005267],[-56.9762135,2.5005856],[-56.9760123,2.5006178],[-56.9757924,2.5006526],[-56.9754222,2.5006982],[-56.9750279,2.5007437],[-56.9745585,2.5007893],[-56.9740945,2.5008134],[-56.9736707,2.5008348],[-56.9732147,2.5008509],[-56.9728956,2.5008616],[-56.9725737,2.5008804],[-56.9719139,2.5008938],[-56.9716162,2.5008724],[-56.9713748,2.500867],[-56.9712728,2.5008456],[-56.9711763,2.5007893],[-56.9711119,2.500725],[-56.9710475,2.5006473],[-56.9709912,2.500591],[-56.9709188,2.5005615],[-56.9708195,2.5005535],[-56.9707337,2.5005696],[-56.9706211,2.5005883],[-56.9704306,2.5006312],[-56.9701999,2.5006901],[-56.9700229,2.5007571],[-56.9698218,2.5008348],[-56.9695053,2.5009929],[-56.9691727,2.5011644],[-56.9689339,2.5012877],[-56.9685879,2.501494],[-56.9682205,2.501695],[-56.9679362,2.5018585],[-56.9675124,2.5020916],[-56.9670993,2.5023435],[-56.9667292,2.5025471],[-56.9663858,2.5027401],[-56.9659808,2.5029705],[-56.9656965,2.5031152],[-56.96527,2.5033376],[-56.9650018,2.5035011],[-56.9647309,2.5036485],[-56.9644627,2.5037771],[-56.9641703,2.5039218],[-56.9638672,2.5040692],[-56.9635373,2.5042246],[-56.9631296,2.5043988],[-56.9628453,2.5045086],[-56.9626871,2.5045864],[-56.9624564,2.5046775],[-56.9622177,2.5047498],[-56.9618985,2.5048463],[-56.9616008,2.5049428],[-56.9613433,2.5050231],[-56.9610536,2.5051035],[-56.9607452,2.5051839],[-56.9605225,2.5052375],[-56.9602516,2.5053045],[-56.9600263,2.5053527],[-56.9596911,2.5054251],[-56.9595274,2.5054599],[-56.9594081,2.50548],[-56.9592887,2.5054894],[-56.9590634,2.5054894],[-56.9588596,2.5054733],[-56.9587067,2.5054465],[-56.9585136,2.5054063],[-56.9583553,2.5053769],[-56.9581595,2.5053393],[-56.9579476,2.5052831],[-56.9577572,2.5052322],[-56.9575748,2.5051866],[-56.957387,2.505125],[-56.9572154,2.505066],[-56.9570813,2.5050124],[-56.9569767,2.5049561],[-56.9568989,2.5048892],[-56.9567889,2.5048007],[-56.9567165,2.5047498],[-56.9565529,2.5046748],[-56.9564107,2.5046078],[-56.9562632,2.5045301],[-56.9561023,2.5044309],[-56.9559601,2.5043318],[-56.955826,2.5042032],[-56.9557241,2.504096],[-56.95559,2.5039164],[-56.9555175,2.5038119],[-56.9553942,2.5036056],[-56.9552761,2.503402],[-56.955193,2.5032546],[-56.9551313,2.5030965],[-56.9550937,2.5029598],[-56.9550562,2.5027749],[-56.9550374,2.5026704],[-56.9550052,2.5024802],[-56.9549838,2.5023221],[-56.9549543,2.5020595],[-56.9549516,2.5018049],[-56.954957,2.5015878],[-56.954973,2.5013895],[-56.9549945,2.501218],[-56.9550106,2.5010412],[-56.9550347,2.5008724],[-56.9550669,2.5006633],[-56.9551232,2.5004651],[-56.9551447,2.5003525],[-56.9552037,2.500114],[-56.9552493,2.499905],[-56.9552708,2.4997978],[-56.9553003,2.4996799],[-56.9553593,2.4995272],[-56.955429,2.4993825],[-56.9555149,2.499219],[-56.9555712,2.4991172],[-56.955657,2.4989537],[-56.9557133,2.498809],[-56.9557267,2.4986643],[-56.9557267,2.498525],[-56.9557402,2.4984392],[-56.9557723,2.4983722],[-56.9558394,2.4983106],[-56.9559145,2.4982597],[-56.9560003,2.4982222],[-56.9561452,2.4981579],[-56.956282,2.4980882],[-56.9563893,2.4980078],[-56.9564509,2.4979489],[-56.956526,2.4978551],[-56.9565502,2.4977613],[-56.9565582,2.4976514],[-56.9565555,2.4975683],[-56.9565341,2.4974424],[-56.9565046,2.497295],[-56.956459,2.4970994],[-56.9564107,2.4969386],[-56.9563329,2.4967082],[-56.9562659,2.496526],[-56.9562149,2.4964107],[-56.9561666,2.4962928],[-56.9560888,2.4961562],[-56.9559976,2.4960115],[-56.955893,2.4958748],[-56.955775,2.4957596],[-56.9556248,2.4956336],[-56.9555202,2.4955398],[-56.9554022,2.4954702],[-56.9552976,2.4954166],[-56.9551367,2.4953549],[-56.9550106,2.495296],[-56.9548899,2.4952317],[-56.9547799,2.4951566],[-56.9546512,2.4950629],[-56.9545358,2.4949905],[-56.954383,2.4949208],[-56.9542515,2.4948538],[-56.9541255,2.4948003],[-56.9540316,2.494752],[-56.9539216,2.4947145],[-56.953817,2.4946877],[-56.9536936,2.494677],[-56.9535649,2.4946797],[-56.9534978,2.4946797],[-56.9532672,2.4946341],[-56.9531384,2.4945993],[-56.9530579,2.4945752],[-56.9529641,2.494535],[-56.9528675,2.4945108],[-56.9527119,2.4944948],[-56.9524625,2.4944787],[-56.9522131,2.4944653],[-56.9520414,2.4944412],[-56.9519314,2.4944224],[-56.9517598,2.4943688],[-56.9516015,2.4943045],[-56.9514728,2.4942563],[-56.9513923,2.4942348],[-56.9513199,2.4942295],[-56.9512501,2.4942536],[-56.9511777,2.4942724],[-56.9510973,2.494275],[-56.9509792,2.4942697],[-56.9508371,2.4942536],[-56.9507003,2.4942402],[-56.9505447,2.4942134],[-56.9504187,2.4941786],[-56.9503194,2.4941464],[-56.9502014,2.4940794],[-56.950137,2.493999],[-56.9500512,2.4939186],[-56.9499493,2.4938677],[-56.9497857,2.4938436],[-56.9494557,2.493849],[-56.9491285,2.493983],[-56.9487369,2.4942027],[-56.9485116,2.4944144],[-56.9482595,2.4947627],[-56.9480664,2.4949744],[-56.9478035,2.4953201],[-56.9476962,2.4955666],[-56.9475594,2.4959605],[-56.9473985,2.4963143],[-56.9472,2.4967912],[-56.9470793,2.4971235],[-56.9469854,2.4975201],[-56.9469184,2.4977666],[-56.9467735,2.4980721],[-56.9465724,2.4985089],[-56.9463873,2.4988492],[-56.94628,2.4989912],[-56.9461003,2.4991333],[-56.9459662,2.4993021],[-56.945875,2.4995031],[-56.9458321,2.4997255],[-56.9458187,2.4999184],[-56.9457811,2.5000845],[-56.9457141,2.5002239],[-56.9455612,2.5005428],[-56.9453225,2.5009742],[-56.9451401,2.5013654],[-56.9449684,2.5017808],[-56.9448692,2.5020568],[-56.944676,2.5023756],[-56.9445634,2.5026168],[-56.9445044,2.5028098],[-56.9444025,2.5030509],[-56.9442764,2.5032492],[-56.9440725,2.5035493],[-56.9439009,2.5038923],[-56.9437185,2.5043238],[-56.9436085,2.5046239],[-56.9435602,2.5049213],[-56.9435146,2.505192],[-56.9435093,2.5053849],[-56.9434959,2.505543],[-56.9434476,2.5056931],[-56.9433618,2.5058699],[-56.9431955,2.5060896],[-56.9431391,2.5062531],[-56.9430506,2.5064782],[-56.9429863,2.5066229],[-56.942938,2.5066952],[-56.9428816,2.5067301],[-56.9427703,2.5067756],[-56.9426188,2.5068909],[-56.9424418,2.5070704],[-56.9423398,2.5072901],[-56.9422674,2.5074965],[-56.9421816,2.5077028],[-56.9420931,2.507826],[-56.9419724,2.5078984],[-56.9417605,2.5079681],[-56.9415915,2.5079654],[-56.9414118,2.5079306],[-56.9413179,2.507944],[-56.9411972,2.5079466],[-56.9410685,2.5078957],[-56.9408968,2.5077671],[-56.9406393,2.5075822],[-56.9405428,2.5075018],[-56.9403765,2.5073276],[-56.9402075,2.5071963],[-56.9400036,2.5070195],[-56.9397917,2.506789],[-56.9394162,2.5062611],[-56.939258,2.5060039],[-56.9391131,2.5057788],[-56.9389147,2.5054706],[-56.9387108,2.5051812],[-56.9384828,2.5048704],[-56.9382897,2.5046105],[-56.9380564,2.5043988],[-56.9378364,2.5041549],[-56.9377184,2.5039834],[-56.937646,2.5038307],[-56.9375709,2.503552],[-56.9375226,2.5033912],[-56.9374529,2.5032439],[-56.9373831,2.5030295],[-56.9373134,2.5028499],[-56.9372249,2.5026436],[-56.9371337,2.5024426],[-56.9370344,2.5022256],[-56.9369593,2.5021104],[-56.9367662,2.5019147],[-56.9364792,2.5016307],[-56.9363478,2.501478],[-56.9362539,2.5013145],[-56.9361842,2.5011055],[-56.9361895,2.5009876],[-56.9361573,2.5007839],[-56.9361573,2.500516],[-56.9362083,2.5001113],[-56.9362405,2.4998461],[-56.93638,2.4994146],[-56.9365382,2.4991118],[-56.9366214,2.4988787],[-56.9367045,2.4986402],[-56.9368011,2.498466],[-56.9368896,2.498332],[-56.9369432,2.4982302],[-56.9370505,2.4979703],[-56.9371203,2.4977425],[-56.9371846,2.4974397],[-56.9372463,2.4971905],[-56.9372892,2.4968797],[-56.9373027,2.4966653],[-56.9373429,2.4965045],[-56.9373912,2.4963491],[-56.9374582,2.4961508],[-56.9375762,2.4957596],[-56.9376943,2.495497],[-56.9377908,2.495221],[-56.9378579,2.4949155],[-56.937941,2.4946341],[-56.9380376,2.4942054],[-56.9381556,2.4938141],[-56.9382387,2.4935006],[-56.9383004,2.4931335],[-56.9384023,2.4928092],[-56.938444,2.4926378],[-56.9385097,2.4924368],[-56.9385767,2.4921259],[-56.9387537,2.4914265],[-56.9390246,2.4904324],[-56.9391909,2.4900358],[-56.9394296,2.4895186],[-56.939781,2.4887603],[-56.940009,2.4882511],[-56.9401458,2.4878706],[-56.940347,2.4872945],[-56.9403899,2.4871632],[-56.9404274,2.4870185],[-56.9404382,2.4869381],[-56.9404489,2.4868363],[-56.9404811,2.4867371],[-56.940532,2.4866058],[-56.9406018,2.4864531],[-56.9406474,2.4863057],[-56.9406635,2.4861101],[-56.94065,2.4858877],[-56.9406474,2.4857912],[-56.9406098,2.4855688],[-56.9405615,2.4852901],[-56.9405589,2.4852204],[-56.9404891,2.4850569],[-56.9403791,2.4848185],[-56.9403121,2.4845987],[-56.9402531,2.4844058],[-56.9401699,2.4842262],[-56.94006,2.4840681],[-56.9399983,2.483977],[-56.939891,2.4838538],[-56.9398266,2.4837332],[-56.9397542,2.4835858],[-56.9396979,2.4834625],[-56.9395986,2.4832482],[-56.9394538,2.4829186],[-56.939384,2.4826747],[-56.9393492,2.4824255],[-56.9393063,2.4821682],[-56.939258,2.4819164],[-56.9392097,2.4817288],[-56.9391587,2.4813751],[-56.9391561,2.4811687],[-56.9391695,2.4809141],[-56.9391668,2.480681],[-56.9391775,2.4803219],[-56.939199,2.4799709],[-56.9392473,2.4797083],[-56.9392687,2.4795368],[-56.9392714,2.4792983],[-56.9393036,2.4790571],[-56.9393599,2.4788642],[-56.9393867,2.478615],[-56.9393975,2.4782559],[-56.9394082,2.4780495],[-56.9394001,2.4779692],[-56.939384,2.4779102],[-56.9393519,2.4778566],[-56.9392848,2.4777709],[-56.9392446,2.4776664],[-56.9392204,2.4775082],[-56.9392258,2.4773743],[-56.9392285,2.477184],[-56.9392473,2.4770554],[-56.9392821,2.4769241],[-56.9393331,2.4766963],[-56.9393706,2.4765034],[-56.9393545,2.4764283],[-56.9393197,2.4763667],[-56.9392419,2.4763158],[-56.9391131,2.4762809],[-56.9388852,2.4762649],[-56.9386625,2.476297],[-56.938464,2.4763238],[-56.9382978,2.4762756],[-56.9381395,2.4762006],[-56.9379839,2.4761202],[-56.9379142,2.4760291],[-56.9378418,2.4759031],[-56.9377613,2.4757986],[-56.937654,2.4757343],[-56.9375628,2.4756753],[-56.9374958,2.4755869],[-56.9373214,2.4753243],[-56.9372463,2.4751635],[-56.9371739,2.4749545],[-56.9371149,2.4748205],[-56.9370505,2.4747294],[-56.9370049,2.4746383],[-56.9369781,2.4745365],[-56.9369593,2.4742631],[-56.9369593,2.4740112],[-56.9369674,2.4739067],[-56.9369942,2.473829],[-56.9370532,2.4737459],[-56.9371712,2.4736736],[-56.9372544,2.4736575],[-56.9375655,2.4735932],[-56.9381341,2.4735048],[-56.9388637,2.4734431],[-56.9400787,2.4734699],[-56.941275,2.4733922],[-56.9423506,2.4733038],[-56.9428736,2.4732261],[-56.9435039,2.4730948],[-56.9438928,2.4730519],[-56.9442469,2.4730251],[-56.9447216,2.4730546],[-56.9453681,2.4731189],[-56.9461995,2.4732797],[-56.9472027,2.4736334],[-56.9476613,2.4737701],[-56.947833,2.4738451],[-56.9479993,2.4739576],[-56.9482514,2.4741318],[-56.9484526,2.4742846],[-56.948702,2.4745767],[-56.9489434,2.4748875],[-56.9491097,2.4751983],[-56.9492599,2.4755172],[-56.9493404,2.4757128],[-56.9494423,2.476021],[-56.9495362,2.4763077],[-56.9496381,2.4765168],[-56.9498715,2.4770018],[-56.950019,2.4773073],[-56.9500887,2.4774466],[-56.9501343,2.4776047],[-56.9501987,2.4778754],[-56.9502926,2.4781058],[-56.9503704,2.4782264],[-56.9504911,2.4783577],[-56.9507808,2.4784944],[-56.9509631,2.4785453],[-56.9511107,2.4785855],[-56.9512045,2.4785828],[-56.9514057,2.4785373],[-56.9516632,2.4784488],[-56.9520736,2.47828],[-56.9522694,2.4781621],[-56.9525215,2.4779558],[-56.9527388,2.4776931],[-56.9528595,2.4775082],[-56.9529265,2.4773555],[-56.9529372,2.4772778],[-56.9529641,2.4769777],[-56.9530258,2.4767043],[-56.9530714,2.4764846],[-56.9531009,2.4762836],[-56.9531116,2.4758549],[-56.9531062,2.4754583],[-56.9530928,2.4749652],[-56.953074,2.4746302],[-56.9530284,2.474306],[-56.9529641,2.4739871],[-56.9528702,2.4736468],[-56.952771,2.4732422],[-56.9526851,2.4729206],[-56.9525564,2.4724784],[-56.9524035,2.4720229],[-56.9522855,2.4716745],[-56.9521916,2.4714414],[-56.9521594,2.4714079],[-56.9520803,2.4713221],[-56.9520199,2.4712297],[-56.9519529,2.4710649],[-56.951922,2.4709255],[-56.9519019,2.4708063],[-56.9518563,2.470667],[-56.9518027,2.4705678],[-56.9517557,2.4705222],[-56.9516739,2.4704512],[-56.9516283,2.4703842],[-56.9515948,2.4702905],[-56.9515787,2.4701672],[-56.9515693,2.4700319],[-56.9515559,2.4699461],[-56.9515049,2.4698027],[-56.9514419,2.4696741],[-56.9513749,2.4695348],[-56.9513413,2.469504],[-56.9512877,2.4694745],[-56.9512407,2.4694142],[-56.9512139,2.4693512],[-56.9511871,2.4692735],[-56.951175,2.4691985],[-56.9511817,2.4691167],[-56.9511858,2.469027],[-56.9511831,2.4689546],[-56.9511455,2.4688206],[-56.9510584,2.4686625],[-56.9509994,2.4685245],[-56.9509631,2.4684321],[-56.9509444,2.4684106],[-56.9509108,2.4683704],[-56.950884,2.4682981],[-56.9508733,2.4682123],[-56.9508706,2.4680743],[-56.9508666,2.4679792],[-56.9508478,2.4679336],[-56.9507808,2.4678305],[-56.9506614,2.4676563],[-56.9505876,2.4675786],[-56.950479,2.4674942],[-56.9503623,2.4673535],[-56.9502229,2.4671458],[-56.950141,2.4670667],[-56.9500646,2.4669663],[-56.9499479,2.4668216],[-56.9499077,2.4667948],[-56.9498165,2.4667345],[-56.9497401,2.4666527],[-56.9497012,2.4665616],[-56.9496582,2.466496],[-56.9496059,2.4664504],[-56.9495013,2.4663687],[-56.9494316,2.466299],[-56.9492599,2.4661757],[-56.9490856,2.4661168],[-56.9489837,2.4660525],[-56.9489113,2.4659828],[-56.9488737,2.4659185],[-56.9488549,2.4658837],[-56.948816,2.4658502],[-56.9487852,2.465826],[-56.9487543,2.4658247],[-56.9486658,2.4658167],[-56.9485907,2.4657966],[-56.9485076,2.4657952],[-56.948458,2.4657791],[-56.9484392,2.4657604],[-56.9484191,2.4657081],[-56.948403,2.4656612],[-56.9483668,2.4656291],[-56.9482782,2.4655621],[-56.9481951,2.4655005],[-56.9480288,2.4653691],[-56.9479081,2.4652995],[-56.9477284,2.4651842],[-56.9476318,2.4651253],[-56.9474012,2.4649779],[-56.9470552,2.4648386],[-56.9467601,2.4647046],[-56.9466689,2.4646376],[-56.946626,2.4645813],[-56.9465911,2.4645224],[-56.9465616,2.4644956],[-56.9464919,2.4644741],[-56.9464061,2.4644661],[-56.9462156,2.4644071],[-56.9460869,2.464316],[-56.9460064,2.4642303],[-56.9458884,2.4641365],[-56.9458053,2.4640856],[-56.9455826,2.4640239],[-56.9453895,2.4639248],[-56.9452661,2.4637935],[-56.9450945,2.4636112],[-56.9449845,2.4635335],[-56.9448128,2.4634639],[-56.9446036,2.4633567],[-56.9444346,2.4632334],[-56.9442469,2.4630726],[-56.9440886,2.4629708],[-56.9439036,2.4628234],[-56.9437668,2.4627243],[-56.9436461,2.4626707],[-56.9435817,2.4626599],[-56.9434395,2.4626171],[-56.9433242,2.4625179],[-56.9431016,2.4623544],[-56.9429353,2.4622258],[-56.9426483,2.4620624],[-56.9424766,2.4618989],[-56.9422674,2.4616845],[-56.9420689,2.4615425],[-56.9419509,2.4614648],[-56.9417095,2.461312],[-56.9415137,2.4611191],[-56.9413286,2.4608833],[-56.9412106,2.4607252],[-56.9410926,2.4605644],[-56.9409156,2.4604143],[-56.9406608,2.4601812],[-56.9403872,2.4598623],[-56.9401431,2.4595327],[-56.939832,2.4591388],[-56.939545,2.4587984],[-56.9393599,2.4585358],[-56.9392338,2.4583027],[-56.9391078,2.4580106],[-56.9389066,2.4577373],[-56.9386894,2.4573889],[-56.9385365,2.4570995],[-56.9384131,2.4567699],[-56.9382843,2.4565394],[-56.9380993,2.4562527],[-56.9378954,2.4559901],[-56.937705,2.4557676],[-56.9376057,2.4556739],[-56.9375628,2.4555908],[-56.9375306,2.4555211],[-56.9374502,2.4554032],[-56.9372678,2.4551995],[-56.9371551,2.455079],[-56.9370049,2.4549128],[-56.936911,2.4547091],[-56.9367823,2.4545001],[-56.9366884,2.4543474],[-56.9366267,2.4542402],[-56.936618,2.4542027],[-56.9366167,2.4541437],[-56.9366308,2.454058],[-56.9366308,2.4539776],[-56.9366066,2.4538262],[-56.9365557,2.4536225],[-56.9365168,2.4534872],[-56.9365007,2.4533264],[-56.9365248,2.4530691],[-56.9365811,2.4527235],[-56.9366482,2.4524474],[-56.9367045,2.4522009],[-56.9367018,2.4520026],[-56.9366884,2.4517855],[-56.9366804,2.4516676],[-56.9366697,2.4513193],[-56.9366911,2.451062],[-56.9366992,2.4508074],[-56.9366965,2.4505314],[-56.9366804,2.4503117],[-56.9366294,2.4501187],[-56.9365945,2.4499124],[-56.9365919,2.4496873],[-56.9365865,2.4495667],[-56.9365355,2.4493336],[-56.9365141,2.4492559],[-56.9364899,2.4490709],[-56.9364712,2.448878],[-56.9364765,2.4488298],[-56.9364819,2.4487869],[-56.9364792,2.4487413],[-56.9364551,2.4486877],[-56.9364148,2.4486529],[-56.936388,2.448594],[-56.9363719,2.4485055],[-56.936388,2.4483287],[-56.9363853,2.4481545],[-56.9363531,2.4479106],[-56.936329,2.4476694],[-56.9363049,2.4474658],[-56.9362915,2.4473318],[-56.9362968,2.4470718],[-56.9363076,2.446761],[-56.9362915,2.4463376],[-56.9362754,2.4459142],[-56.9362593,2.4455819],[-56.9362271,2.4451531],[-56.9362056,2.4448048],[-56.9361842,2.4443492],[-56.9361413,2.4438829],[-56.9360983,2.4435024],[-56.9360662,2.4431487],[-56.935975,2.4422911],[-56.935916,2.4418517],[-56.9358677,2.4412675],[-56.9357926,2.4405922],[-56.9357336,2.4401366],[-56.9356477,2.4396328],[-56.9355834,2.4392844],[-56.9354653,2.4386788],[-56.9353902,2.4383036],[-56.9353044,2.4378213],[-56.9352132,2.4374032],[-56.9351435,2.4371192],[-56.9350898,2.436878],[-56.9350067,2.436535],[-56.9349825,2.4363795],[-56.9349557,2.4362348],[-56.9349852,2.4361357],[-56.9350255,2.4360687],[-56.9351327,2.4358838],[-56.9351649,2.4357739],[-56.9351542,2.4356721],[-56.9351086,2.4355167],[-56.9349718,2.4352862],[-56.9347358,2.4350611],[-56.9344354,2.4349325],[-56.9340974,2.4348735],[-56.933797,2.434895],[-56.9334269,2.4349325],[-56.9331747,2.4349646],[-56.9329816,2.4350129],[-56.9325364,2.4351522],[-56.9322789,2.4352755],[-56.9320858,2.4354577],[-56.9319302,2.4355917],[-56.9317478,2.4357739],[-56.9314849,2.4359615],[-56.9310075,2.4362027],[-56.9306481,2.436342],[-56.9304013,2.4364331],[-56.9300848,2.4365243],[-56.9298381,2.4365671],[-56.9295108,2.4365725],[-56.9291836,2.4364867],[-56.9287598,2.4364117],[-56.9283736,2.436326],[-56.9280142,2.4362456],[-56.9275743,2.4361277],[-56.927011,2.4359615],[-56.9265711,2.4358222],[-56.9261956,2.4356774],[-56.9256109,2.4354631],[-56.9252032,2.4353344],[-56.9247258,2.4351897],[-56.9242859,2.4350343],[-56.9237977,2.4348896],[-56.9234598,2.4348199],[-56.9231272,2.4347985],[-56.922816,2.4347931],[-56.9224137,2.434836],[-56.9221401,2.4348842],[-56.9217539,2.4349914],[-56.9213033,2.4351415],[-56.9210672,2.4352326],[-56.9207239,2.4353612],[-56.9203913,2.4355327],[-56.9202036,2.4356828],[-56.9199407,2.4359347],[-56.9196832,2.436208],[-56.9195437,2.4363956],[-56.919474,2.4365135],[-56.9194043,2.436685],[-56.9193453,2.4369155],[-56.9192863,2.437162],[-56.9192165,2.437355],[-56.9190663,2.4375962],[-56.9189,2.4377784],[-56.9187713,2.4378909],[-56.9185191,2.4379713],[-56.9182777,2.4379928],[-56.9179237,2.4379767],[-56.917575,2.4379177],[-56.9173229,2.4378695],[-56.9170225,2.4377945],[-56.9167113,2.4377194],[-56.9163144,2.4375908],[-56.916014,2.4374729],[-56.9156063,2.4372907],[-56.9153273,2.4371192],[-56.9151181,2.4369584],[-56.9148982,2.436803],[-56.9147855,2.4366904],[-56.9146031,2.4364814],[-56.9144851,2.4363474],[-56.9143885,2.4362027],[-56.9143188,2.4360312],[-56.9142598,2.4357846],[-56.914233,2.4355167],[-56.9142383,2.4353023],[-56.9142437,2.4351683],[-56.9142759,2.4350021],[-56.9143349,2.4348306],[-56.9144207,2.4346431],[-56.9144851,2.4344126],[-56.914528,2.4342196],[-56.9145495,2.434016],[-56.9145709,2.4338016],[-56.9146407,2.4334961],[-56.9147372,2.4332335],[-56.9148445,2.4328958],[-56.914984,2.432585],[-56.915102,2.432258],[-56.915161,2.4320276],[-56.915212,2.4318212],[-56.9152898,2.4314487],[-56.9153246,2.431296],[-56.9153622,2.4311379],[-56.9154239,2.4309342],[-56.9154748,2.4308243],[-56.9155526,2.4306689],[-56.9156733,2.4305028],[-56.915845,2.4302723],[-56.9159818,2.4301115],[-56.9161454,2.4299641],[-56.9162768,2.4298757],[-56.9163868,2.4298141],[-56.9164914,2.4297712],[-56.9166255,2.4297283],[-56.9168535,2.4296694],[-56.9170332,2.4296265],[-56.9171834,2.4295943],[-56.9173712,2.4295729],[-56.9175267,2.4295702],[-56.9176796,2.429589],[-56.9177789,2.4296184],[-56.9178969,2.4296586],[-56.9181114,2.4297497],[-56.9183528,2.4298382],[-56.9185191,2.4298703],[-56.9186479,2.4298891],[-56.9187954,2.4298918],[-56.9188812,2.4298784],[-56.9190958,2.4298248],[-56.9192621,2.4297712],[-56.9194016,2.4297283],[-56.9195652,2.4297283],[-56.919651,2.4297578],[-56.91971,2.4297819],[-56.9198307,2.4298489],[-56.9199595,2.4299266],[-56.9200721,2.4300365],[-56.920158,2.4301249],[-56.920225,2.4302321],[-56.9202545,2.4303205],[-56.9202653,2.4305162],[-56.9202653,2.4307627],[-56.9202706,2.4309825],[-56.9202867,2.4311138],[-56.9203296,2.4312531],[-56.9203806,2.4313228],[-56.9205147,2.4314541],[-56.9206113,2.4315211],[-56.9207159,2.431572],[-56.9208258,2.4315934],[-56.9209251,2.4316015],[-56.9211128,2.4315854],[-56.9213301,2.4315667],[-56.9215688,2.4315506],[-56.921778,2.4315291],[-56.9219175,2.4315023],[-56.9220489,2.4314702],[-56.9222528,2.4313951],[-56.9224459,2.4313147],[-56.922639,2.4312022],[-56.922808,2.4310816],[-56.9229448,2.4309557],[-56.923036,2.4308109],[-56.9230601,2.4306689],[-56.9230628,2.4305269],[-56.9230655,2.4303822],[-56.9230548,2.4302214],[-56.923044,2.4300928],[-56.9230092,2.4298891],[-56.9229367,2.429605],[-56.9228804,2.429455],[-56.9227973,2.4293183],[-56.9226632,2.4290986],[-56.9225612,2.4289431],[-56.9224539,2.4287314],[-56.922403,2.4286323],[-56.9223064,2.4284768],[-56.9222367,2.428367],[-56.9221267,2.4282249],[-56.9220462,2.4281445],[-56.9220006,2.4280695],[-56.9219524,2.4279757],[-56.9218907,2.4278337],[-56.9218129,2.4276273],[-56.9217351,2.4274746],[-56.9216412,2.4273218],[-56.9215205,2.4271637],[-56.9213864,2.4269896],[-56.9212979,2.426869],[-56.9212067,2.4267377],[-56.9210672,2.4265393],[-56.9209975,2.4264188],[-56.9208956,2.4262338],[-56.9208205,2.4261052],[-56.9206944,2.4259471],[-56.920512,2.425789],[-56.9202921,2.4256336],[-56.9200882,2.4254889],[-56.9199273,2.4253549],[-56.9197878,2.4252182],[-56.9196698,2.4250601],[-56.9195893,2.4249395],[-56.9195089,2.4248591],[-56.9193372,2.4247305],[-56.9192138,2.4246554],[-56.9191092,2.4246045],[-56.9189966,2.4245482],[-56.9188625,2.4244411],[-56.9187874,2.4243339],[-56.9187149,2.4242294],[-56.9185996,2.424023],[-56.9184709,2.4237979],[-56.9182965,2.4235192],[-56.9182053,2.4233691],[-56.9181061,2.4231869],[-56.918039,2.4231012],[-56.9179317,2.4229725],[-56.9178526,2.4228546],[-56.9177789,2.4227608],[-56.91774,2.4226885],[-56.9176756,2.4225947],[-56.9176501,2.4225049],[-56.9176461,2.4224593],[-56.9176528,2.4223066],[-56.9176622,2.4222034],[-56.9176836,2.4221458],[-56.9177037,2.422111],[-56.917744,2.4220627],[-56.9178338,2.421989],[-56.9179223,2.4219408],[-56.9180726,2.4218738],[-56.9181651,2.421839],[-56.9182643,2.4217934],[-56.9183636,2.4217264],[-56.9184655,2.4216085],[-56.918546,2.4214477],[-56.9186854,2.4212065],[-56.9189322,2.4208903],[-56.9191361,2.4206277],[-56.9193399,2.4203919],[-56.9195116,2.4201668],[-56.9196725,2.4199202],[-56.9197986,2.4197273],[-56.9199112,2.4195772],[-56.9200453,2.4194244],[-56.9201499,2.4193065],[-56.9202974,2.4191645],[-56.9204772,2.4190037],[-56.920622,2.4188938],[-56.9208124,2.4187652],[-56.9209975,2.4185991],[-56.9210887,2.4184999],[-56.9211772,2.4184008],[-56.9212443,2.4183016],[-56.9213194,2.418181],[-56.9214132,2.4180175],[-56.9215259,2.417838],[-56.921593,2.4177254],[-56.9216654,2.4176102],[-56.9217378,2.4174977],[-56.9218612,2.4173529],[-56.9220516,2.4171386],[-56.9222152,2.4169644],[-56.9223493,2.4168223],[-56.9224459,2.4167285],[-56.92258,2.4166267],[-56.9227758,2.4164793],[-56.9229609,2.4163373],[-56.923095,2.4162355],[-56.9232103,2.4161631],[-56.9233471,2.4160907],[-56.9234678,2.4160238],[-56.9235644,2.4159621],[-56.9236422,2.4158924],[-56.9237199,2.4158174],[-56.9237709,2.4157451],[-56.9238326,2.4156379],[-56.9239023,2.4154422],[-56.9239506,2.4152493],[-56.9240069,2.4150537],[-56.9240472,2.4148982],[-56.9240767,2.4147535],[-56.9241571,2.4145097],[-56.9242108,2.4143301],[-56.924251,2.4141908],[-56.9242886,2.4140809],[-56.92431,2.4139576],[-56.924302,2.4138022],[-56.9243234,2.4136575],[-56.9243449,2.4135744],[-56.9243798,2.4134967],[-56.9244602,2.4134216],[-56.9245514,2.4133654],[-56.9246534,2.41336],[-56.9247526,2.4133788],[-56.9248679,2.4134297],[-56.9249564,2.4134726],[-56.9250557,2.413502],[-56.9251281,2.4135235],[-56.9251871,2.4135181],[-56.9252515,2.413486],[-56.9253239,2.4133948],[-56.925399,2.4132769],[-56.9254768,2.4131027],[-56.9255385,2.4129607],[-56.9255975,2.412816],[-56.9256458,2.4126766],[-56.9256806,2.4125105],[-56.9256967,2.4123336],[-56.9257048,2.4121568],[-56.9257075,2.4119397],[-56.9256806,2.4117065],[-56.9256538,2.4115994],[-56.9255975,2.4115002],[-56.9254929,2.4113689],[-56.925391,2.4112617],[-56.9253346,2.4111813],[-56.9253078,2.4110875],[-56.925332,2.4109937],[-56.9254044,2.4108865],[-56.9254553,2.4108115],[-56.9255358,2.4107311],[-56.9256163,2.4106695],[-56.9257209,2.4106185],[-56.925855,2.4105783],[-56.9259945,2.4105435],[-56.9261339,2.4105113],[-56.9262359,2.4104711],[-56.9263646,2.4104015],[-56.926488,2.4103238],[-56.9266623,2.4102058],[-56.9267991,2.4100933],[-56.9269815,2.4099218],[-56.927121,2.4097262],[-56.9271988,2.4095654],[-56.9272444,2.4094287],[-56.9273087,2.4092625],[-56.9274187,2.4089624],[-56.9275099,2.40874],[-56.9275716,2.4085631],[-56.9275904,2.4084639],[-56.9276065,2.4083166],[-56.9275823,2.4081343],[-56.9275716,2.4080245],[-56.9275555,2.4079065],[-56.9275689,2.4077993],[-56.9275984,2.407727],[-56.9276816,2.4076332],[-56.9277808,2.407451],[-56.9278854,2.4072339],[-56.9279659,2.4070195],[-56.9280061,2.4068105],[-56.9280276,2.4065318],[-56.9280329,2.4062852],[-56.928049,2.4061244],[-56.9280866,2.4060467],[-56.9281617,2.4059422],[-56.9282717,2.4058511],[-56.9284138,2.40576],[-56.9285426,2.4056903],[-56.928741,2.405618],[-56.9288591,2.4055724],[-56.9290173,2.4054866],[-56.9291514,2.4053794],[-56.9292802,2.4052776],[-56.9294089,2.4051517],[-56.9295537,2.4049775],[-56.9297576,2.404747],[-56.9299239,2.4045809],[-56.9300473,2.404479],[-56.9301868,2.4043745],[-56.9304094,2.4041976],[-56.930522,2.4041172],[-56.9306991,2.4039832],[-56.930868,2.4038385],[-56.9310075,2.4036911],[-56.9311202,2.4035572],[-56.9312006,2.4034285],[-56.9312516,2.4033347],[-56.9313455,2.4031927],[-56.9314206,2.4031043],[-56.9315198,2.4030239],[-56.9316432,2.4029435],[-56.9319034,2.4027773],[-56.9320455,2.4026621],[-56.9321018,2.4026004],[-56.9321367,2.402512],[-56.9321314,2.4024423],[-56.9320992,2.4023566],[-56.9320858,2.4022976],[-56.9320911,2.4021824],[-56.9321179,2.4020832],[-56.9321796,2.4019921],[-56.9322547,2.4019358],[-56.9323245,2.4019064],[-56.9324452,2.4018554],[-56.9325927,2.4017429],[-56.9327053,2.4015955],[-56.9327778,2.4014829],[-56.9328341,2.4013463],[-56.9328529,2.4012498],[-56.9328475,2.4010595],[-56.9328395,2.4008317],[-56.93281,2.4005879],[-56.9327214,2.4002449],[-56.9326463,2.4000278],[-56.9324827,2.3997732],[-56.932354,2.3996044],[-56.9321823,2.3993873],[-56.9320294,2.3992426],[-56.931898,2.3991086],[-56.9317263,2.3989371],[-56.9315439,2.3987602],[-56.9312838,2.3984949],[-56.9310585,2.398243],[-56.9308975,2.3980768],[-56.9307527,2.3978785],[-56.9306588,2.3977472],[-56.930581,2.3975811],[-56.9305408,2.3974658],[-56.930514,2.397305],[-56.9305033,2.3971711],[-56.9304898,2.3969969],[-56.9304416,2.3967637],[-56.9303611,2.3965949],[-56.9302458,2.3964475],[-56.9300956,2.3963376],[-56.9298032,2.3961527],[-56.9295806,2.3960187],[-56.9292936,2.3958686],[-56.9291085,2.3957882],[-56.9287947,2.3956409],[-56.9283387,2.3954506],[-56.928108,2.3953166],[-56.9279793,2.3952094],[-56.9278237,2.3950325],[-56.9277057,2.3949039],[-56.9276413,2.3948047],[-56.9275796,2.3946681],[-56.9275394,2.3945314],[-56.9274831,2.3944564],[-56.9274268,2.3944215],[-56.927298,2.394376],[-56.9271532,2.3943438],[-56.9270137,2.3943411],[-56.9269332,2.3943438],[-56.9268474,2.3943277],[-56.9267857,2.3942875],[-56.9267106,2.3942071],[-56.9266409,2.3940946],[-56.9265872,2.3939499],[-56.9265202,2.3937462],[-56.9264719,2.3935693],[-56.9264263,2.3934085],[-56.9263592,2.3931084],[-56.9263324,2.3929154],[-56.926311,2.392685],[-56.9262922,2.3924572],[-56.9262546,2.3923259],[-56.9261768,2.3921463],[-56.9261098,2.3920016],[-56.9260159,2.3918381],[-56.9259676,2.3917202],[-56.9259059,2.3916345],[-56.9258094,2.3914951],[-56.9257316,2.3914227],[-56.9256431,2.391345],[-56.9255465,2.39127],[-56.9254553,2.3911682],[-56.9254151,2.3910931],[-56.9253561,2.3909591],[-56.9252944,2.39086],[-56.925171,2.3907072],[-56.9251335,2.3906215],[-56.9251013,2.3905062],[-56.9250691,2.3903722],[-56.9250315,2.3902302],[-56.9250101,2.3901096],[-56.925002,2.3899595],[-56.925061,2.3896567],[-56.9251362,2.3893834],[-56.9251549,2.3892038],[-56.9251442,2.389043],[-56.9251522,2.3888152],[-56.9251791,2.3886223],[-56.9252408,2.3883972],[-56.925273,2.3881694],[-56.9253078,2.3879094],[-56.9253615,2.3877674],[-56.9253749,2.3876307],[-56.9253749,2.3874619],[-56.9253856,2.3873359],[-56.9254044,2.3872261],[-56.9254071,2.3871376],[-56.9253803,2.3870546],[-56.9253373,2.386875],[-56.925289,2.3866767],[-56.9252139,2.3864194],[-56.9251737,2.3862211],[-56.9246534,2.3850071],[-56.9244683,2.3846346],[-56.9243476,2.3843988],[-56.9242939,2.3843237],[-56.9241706,2.3841763],[-56.9240767,2.3840557],[-56.9239935,2.3839325],[-56.9239587,2.3838548],[-56.9238943,2.3837744],[-56.9238004,2.3836806],[-56.9236985,2.3836136],[-56.9235858,2.3835278],[-56.9234249,2.3833911],[-56.923323,2.3833161],[-56.9232586,2.3832705],[-56.9231218,2.3831848],[-56.9230172,2.3831285],[-56.9229153,2.3830883],[-56.9228295,2.3830508],[-56.9227302,2.3829999],[-56.9226202,2.3829088],[-56.9225183,2.3827989],[-56.9224942,2.3827319],[-56.9224674,2.3826595],[-56.9224164,2.3826086],[-56.922344,2.3825684],[-56.9222367,2.3825255],[-56.9221348,2.3824612],[-56.9220355,2.3823862],[-56.9217861,2.3821637],[-56.92166,2.3820244],[-56.9215286,2.3819306],[-56.921432,2.3818663],[-56.9212765,2.3817484],[-56.9210914,2.3815983],[-56.9208902,2.3814375],[-56.9207454,2.3813223],[-56.9206435,2.3812392],[-56.9205737,2.3811373],[-56.9205147,2.3810087],[-56.9204396,2.3808854],[-56.9203216,2.3807461],[-56.9202143,2.380655],[-56.9200963,2.3805665],[-56.9199139,2.3804593],[-56.9197369,2.3804084],[-56.9194901,2.380328],[-56.9193587,2.3803093],[-56.9191843,2.3802878],[-56.9190797,2.3803039],[-56.9189912,2.3803361],[-56.9188732,2.3803923],[-56.9186988,2.3804888],[-56.9186077,2.3805531],[-56.9184896,2.3806603],[-56.9184145,2.3807622],[-56.9182697,2.3810114],[-56.9181114,2.3812204],[-56.9179639,2.3813732],[-56.9178781,2.3814536],[-56.9177735,2.3815206],[-56.9175643,2.3817055],[-56.9174328,2.3817912],[-56.9173336,2.3818234],[-56.9172558,2.3818475],[-56.9172022,2.3818877],[-56.9171432,2.3819762],[-56.9171056,2.3820994],[-56.9170332,2.3821986],[-56.9169715,2.3822817],[-56.9169125,2.382346],[-56.9168481,2.3823969],[-56.916765,2.3824049],[-56.9166657,2.3823755],[-56.9165906,2.3823594],[-56.9164324,2.3824237],[-56.9163278,2.3825121],[-56.916081,2.3828525],[-56.9156653,2.3833724],[-56.9154158,2.3836109],[-56.9152629,2.3837288],[-56.9151852,2.3838119],[-56.9151422,2.383911],[-56.9151047,2.384104],[-56.9150645,2.384246],[-56.9150108,2.3843505],[-56.914933,2.3844336],[-56.9147667,2.3845703],[-56.9141981,2.3850553],[-56.914072,2.3851518],[-56.9139862,2.3851947],[-56.9139031,2.3852295],[-56.9137931,2.3853073],[-56.9136724,2.3854171],[-56.9135678,2.3854948],[-56.9134873,2.3855216],[-56.9134069,2.385535],[-56.9133183,2.3855726],[-56.9132191,2.3856342],[-56.9131279,2.3857468],[-56.9129857,2.3858566],[-56.912865,2.385937],[-56.9127417,2.3859933],[-56.9126451,2.3860389],[-56.9125593,2.3860978],[-56.9124681,2.3861836],[-56.9123179,2.3862881],[-56.9121596,2.3863337],[-56.9119638,2.3863631],[-56.9117492,2.3863899],[-56.9115937,2.3863685],[-56.9114193,2.3863015],[-56.9112155,2.3861997],[-56.9110894,2.3861166],[-56.9109124,2.3859745],[-56.9107407,2.385787],[-56.9107005,2.3856932],[-56.9105852,2.3854547],[-56.9104618,2.3850473],[-56.9104028,2.3847391],[-56.9103545,2.3844765],[-56.9103357,2.3840102],[-56.9103384,2.3838414],[-56.9103304,2.3836806],[-56.9103062,2.3835251],[-56.910266,2.3833456],[-56.9102445,2.383225],[-56.9102311,2.383024],[-56.9102231,2.3828846],[-56.9102123,2.3827908],[-56.9101641,2.3826836],[-56.9100997,2.3825684],[-56.91003,2.3824076],[-56.9099817,2.3822522],[-56.9099548,2.3821262],[-56.9099307,2.3819976],[-56.9098744,2.3818958],[-56.9097805,2.3817457],[-56.9097,2.3816304],[-56.9096544,2.381542],[-56.9096142,2.3814455],[-56.9096142,2.3813517],[-56.9095713,2.3810838],[-56.909523,2.3809015],[-56.9094211,2.3805799],[-56.9093192,2.3803923],[-56.909228,2.3802744],[-56.9090831,2.3801512],[-56.9088686,2.3799904],[-56.9086325,2.3798992],[-56.908418,2.379851],[-56.9081927,2.3798296],[-56.9079915,2.3798885],[-56.9076777,2.3800225],[-56.9075382,2.3801351],[-56.9073638,2.3802449],[-56.9071868,2.3803629],[-56.9071117,2.3804406],[-56.9070151,2.3805022],[-56.9069186,2.3805505],[-56.9067791,2.380588],[-56.9066665,2.3806067],[-56.9065109,2.3806442],[-56.9064063,2.3806952],[-56.9063017,2.380738],[-56.9062078,2.3807568],[-56.9061193,2.3807514],[-56.9060147,2.3807407],[-56.9058698,2.3806764],[-56.9057089,2.3805665],[-56.9055909,2.3804593],[-56.9055024,2.3803736],[-56.905379,2.3802181],[-56.9052824,2.3800708],[-56.9050625,2.3794356],[-56.9050384,2.3792641],[-56.9050437,2.379181],[-56.9050196,2.3791167],[-56.904974,2.3790444],[-56.9048747,2.37898],[-56.9047755,2.3789184],[-56.9047138,2.3788675],[-56.9046709,2.3788246],[-56.9046441,2.3787656],[-56.904628,2.3786718],[-56.9046146,2.3785727],[-56.9045877,2.3785137],[-56.9045234,2.3784575],[-56.9044644,2.3784012],[-56.9044375,2.3783101],[-56.9044161,2.3782538],[-56.9043839,2.3781787],[-56.9043222,2.378093],[-56.9042659,2.3780233],[-56.9042283,2.3779644],[-56.9042069,2.3778866],[-56.9041935,2.3778062],[-56.9041881,2.3777446],[-56.9041613,2.3776615],[-56.9041157,2.3775141],[-56.9040915,2.3773882],[-56.9040486,2.377214],[-56.9039708,2.377013],[-56.9039279,2.3768522],[-56.9037911,2.3764341],[-56.9036999,2.3761929],[-56.9035846,2.3759544],[-56.9034961,2.375799],[-56.90337,2.3756194],[-56.9032198,2.3753729],[-56.9030777,2.3751263],[-56.9030294,2.3750486],[-56.9029623,2.3749495],[-56.9028872,2.3748825],[-56.9028121,2.3748449],[-56.902678,2.3748208],[-56.9025707,2.374786],[-56.9024098,2.3746922],[-56.9022328,2.3746118],[-56.9021362,2.3745984],[-56.9020343,2.3746064],[-56.9019672,2.3745904],[-56.901876,2.37451],[-56.901809,2.3744564],[-56.9017285,2.3744081],[-56.9016159,2.3743545],[-56.9014657,2.3743009],[-56.9013986,2.374242],[-56.901294,2.3741375],[-56.9012243,2.3740383],[-56.9011465,2.3739284],[-56.9010928,2.373848],[-56.901015,2.3738159],[-56.9008836,2.3737864],[-56.9006878,2.3737381],[-56.9005993,2.3737113],[-56.9004974,2.3736551],[-56.9003794,2.3735479],[-56.9002962,2.3734916],[-56.9001514,2.3733844],[-56.8999583,2.3733094],[-56.8997759,2.3732772],[-56.8996123,2.373237],[-56.8994272,2.3731673],[-56.8992475,2.3731003],[-56.8990704,2.3730521],[-56.8988559,2.3730253],[-56.8987191,2.373036],[-56.8984562,2.3730467],[-56.8982872,2.3730655],[-56.8981826,2.3730601],[-56.8980512,2.373044],[-56.8979332,2.3730065],[-56.8978393,2.372961],[-56.8976247,2.3727787],[-56.8975309,2.3726823],[-56.8973914,2.3725215],[-56.8973243,2.3724062],[-56.8972868,2.372299],[-56.8972519,2.3721811],[-56.897209,2.37209],[-56.8971419,2.3720016],[-56.8970615,2.3719078],[-56.8969944,2.3718381],[-56.8968496,2.3717202],[-56.8966323,2.3716023],[-56.8965572,2.371546],[-56.8964741,2.3714629],[-56.8964392,2.3714013],[-56.8963695,2.3713101],[-56.8962863,2.3712137],[-56.8961602,2.3710984],[-56.8959805,2.3709457],[-56.8958518,2.3708546],[-56.8957472,2.370801],[-56.8956453,2.3707608],[-56.8955138,2.3707581],[-56.8953663,2.3707849],[-56.8952054,2.3708197],[-56.8950605,2.3708278],[-56.8949184,2.3707956],[-56.8948057,2.3707527],[-56.8944544,2.3706053],[-56.8933171,2.370005],[-56.893124,2.3698764],[-56.8930274,2.3697906],[-56.8929657,2.369737],[-56.8929094,2.3697076],[-56.8928102,2.3696888],[-56.8927404,2.3696566],[-56.8926653,2.3695977],[-56.8925795,2.369528],[-56.8925124,2.3694985],[-56.8924078,2.3694771],[-56.8923515,2.3694503],[-56.8922764,2.3694047],[-56.8918607,2.3691073],[-56.8915683,2.3689116],[-56.8913376,2.3687723],[-56.8912357,2.3687347],[-56.8911338,2.3687187],[-56.8909621,2.3687213],[-56.8907583,2.3687133],[-56.8905571,2.3686972],[-56.8903801,2.368657],[-56.890254,2.3686061],[-56.8898356,2.3684346],[-56.8897229,2.3683542],[-56.8896425,2.3682952],[-56.8895298,2.3682524],[-56.8893367,2.3682095],[-56.8890256,2.3681505],[-56.8887734,2.3681184],[-56.8887037,2.3681076],[-56.8886393,2.3680648],[-56.8885374,2.3679308],[-56.8884033,2.3677539],[-56.8880063,2.367443],[-56.8878159,2.3673251],[-56.8876442,2.3672581],[-56.8872312,2.3671161],[-56.8867135,2.3670786],[-56.8862709,2.3670142],[-56.8858713,2.3669874],[-56.8857425,2.366966],[-56.8856379,2.3669446],[-56.8855119,2.3669285],[-56.8854475,2.3669633],[-56.8853939,2.367025],[-56.885308,2.3671724],[-56.885241,2.367226],[-56.8851578,2.3672662],[-56.8850023,2.3673171],[-56.8847984,2.3673519],[-56.8844846,2.3673733],[-56.8842942,2.3673653],[-56.8841708,2.3673332],[-56.8840635,2.3672635],[-56.8839401,2.3671697],[-56.8837792,2.3669821],[-56.8837309,2.3669204],[-56.8836558,2.3668642],[-56.883511,2.366832],[-56.8834493,2.3668079],[-56.8833822,2.366757],[-56.8833339,2.3666605],[-56.8833205,2.3665372],[-56.8833017,2.3663925],[-56.8833151,2.3662237],[-56.8832749,2.3661138],[-56.8832186,2.3660119],[-56.8831381,2.3658458],[-56.8830523,2.3657332],[-56.8828699,2.3655322],[-56.8826473,2.3652589],[-56.8824461,2.3650204],[-56.8823415,2.3648783],[-56.8822664,2.3647899],[-56.8822208,2.3646747],[-56.882194,2.364597],[-56.8821564,2.3645273],[-56.8820679,2.3643906],[-56.8819687,2.3642593],[-56.8818721,2.3641628],[-56.8817568,2.3641038],[-56.8816441,2.3640556],[-56.8816093,2.3640261],[-56.8815422,2.3639511],[-56.8813545,2.3637769],[-56.8812847,2.3637233],[-56.881215,2.3637126],[-56.8811479,2.3637394],[-56.8810809,2.3637769],[-56.8810272,2.3637769],[-56.8809629,2.3637421],[-56.8807724,2.3635652],[-56.8804961,2.3633642],[-56.8804532,2.3633186],[-56.8803996,2.363265],[-56.8802896,2.3632141],[-56.8801743,2.3631551],[-56.8800992,2.3630828],[-56.8800724,2.3629997],[-56.8800429,2.3629676],[-56.8799543,2.3629274],[-56.8798497,2.3629274],[-56.8797237,2.3629113],[-56.8796164,2.3628657],[-56.8794045,2.3627478],[-56.8790799,2.3625388],[-56.8789244,2.362394],[-56.8788841,2.3623056],[-56.8788198,2.3621609],[-56.8787232,2.3620162],[-56.8786025,2.3618715],[-56.8785489,2.3618071],[-56.878522,2.3617401],[-56.8785059,2.3616463],[-56.8784389,2.36144],[-56.8783343,2.361239],[-56.8782055,2.3610889],[-56.8781358,2.3610246],[-56.8780983,2.3609228],[-56.8780339,2.3607673],[-56.8780071,2.3606709],[-56.8779266,2.3605422],[-56.8778193,2.3604163],[-56.8776476,2.3602072],[-56.8774411,2.3599982],[-56.8773177,2.3598937],[-56.8772453,2.3598213],[-56.8771997,2.3597356],[-56.8771729,2.3596873],[-56.877071,2.3596069],[-56.8769529,2.3595212],[-56.8768457,2.3594113],[-56.8766901,2.3592666],[-56.8766445,2.3592076],[-56.8765721,2.3591594],[-56.8764889,2.3591353],[-56.8764085,2.3591004],[-56.8763414,2.3590549],[-56.8762395,2.3590039],[-56.8761805,2.3589905],[-56.8761443,2.3589637],[-56.8761255,2.3589168],[-56.8761282,2.3588418],[-56.8761188,2.3587802],[-56.8761027,2.3587574],[-56.8760705,2.3587413],[-56.8760356,2.3587333],[-56.8759498,2.3587065],[-56.8758988,2.3586689],[-56.8758613,2.3586019],[-56.8758559,2.3585108],[-56.8758532,2.3584143],[-56.8758452,2.3583018],[-56.8758157,2.3582026],[-56.8757433,2.3581196],[-56.8757191,2.3580794],[-56.8757084,2.3580177],[-56.8756869,2.357932],[-56.8756226,2.3577953],[-56.875526,2.3576613],[-56.8754777,2.357597],[-56.8754482,2.3575273],[-56.8754482,2.3574657],[-56.8754563,2.3573102],[-56.8754697,2.3568653],[-56.8754429,2.3567474],[-56.875357,2.3565491],[-56.8751612,2.3562972],[-56.8749923,2.3561525],[-56.8748528,2.3560185],[-56.8747374,2.3558952],[-56.8746033,2.355721],[-56.8745255,2.3556111],[-56.8744478,2.3554637],[-56.8743995,2.3553029],[-56.8743378,2.3551234],[-56.8742627,2.3550269],[-56.8742117,2.3549358],[-56.8742037,2.3548768],[-56.8742251,2.3547294],[-56.8742198,2.3545981],[-56.8741956,2.3543462],[-56.8741983,2.3541506],[-56.8741849,2.353904],[-56.8741608,2.3538129],[-56.8741179,2.353628],[-56.8740883,2.3535181],[-56.8740025,2.3532447],[-56.873906,2.3529499],[-56.8737665,2.3526123],[-56.873576,2.3520361],[-56.8735278,2.3519208],[-56.8734124,2.3517386],[-56.8732783,2.3515832],[-56.8731871,2.3514492],[-56.8731013,2.3512884],[-56.8730745,2.3511812],[-56.8730289,2.351082],[-56.872927,2.3509319],[-56.8727741,2.3507363],[-56.8726158,2.3505353],[-56.8724683,2.3504281],[-56.8723047,2.3503209],[-56.8722349,2.3502646],[-56.8721598,2.3501387],[-56.8720874,2.3499457],[-56.8719801,2.3498037],[-56.8719091,2.3497434],[-56.8718568,2.349675],[-56.871779,2.349525],[-56.8717253,2.3493963],[-56.8716703,2.3492047],[-56.8716408,2.348993],[-56.8716435,2.3488255],[-56.8716677,2.3486875],[-56.8717186,2.3485883],[-56.8717562,2.3485106],[-56.8717723,2.3484248],[-56.8717803,2.3482493],[-56.8717696,2.3481569],[-56.8717307,2.3480724],[-56.8716784,2.347992],[-56.8715939,2.3478286],[-56.8715054,2.3477053],[-56.8714464,2.347649],[-56.87139,2.3476168],[-56.8712989,2.3475659],[-56.8712291,2.3474828],[-56.8711916,2.3474078],[-56.8711218,2.3472604],[-56.8711165,2.3472041],[-56.8711406,2.3470942],[-56.8711701,2.3470299],[-56.8711862,2.3469495],[-56.8711621,2.3468504],[-56.8710977,2.3467217],[-56.8710145,2.3465636],[-56.8707785,2.346242],[-56.870749,2.3461536],[-56.8707249,2.3460625],[-56.8706498,2.3459017],[-56.8705907,2.3457248],[-56.8705291,2.345631],[-56.8704459,2.3455452],[-56.870403,2.3454863],[-56.8703789,2.3454032],[-56.8703708,2.3452987],[-56.8703574,2.3452049],[-56.8703145,2.3451325],[-56.8702045,2.345036],[-56.8700543,2.3449422],[-56.8700342,2.3449168],[-56.8700248,2.344886],[-56.8700503,2.344752],[-56.8700449,2.3446756],[-56.870006,2.3445952],[-56.8699577,2.3445134],[-56.8699256,2.344433],[-56.8699175,2.3443486],[-56.8699323,2.3442763],[-56.8699846,2.344149],[-56.8700248,2.3440619],[-56.8700436,2.3439761],[-56.8700449,2.3439413],[-56.8700288,2.3439024],[-56.8699846,2.3438729],[-56.869892,2.3438595],[-56.8698102,2.3438435],[-56.8697244,2.3438006],[-56.8696868,2.3437523],[-56.8696305,2.3437255],[-56.8695581,2.343688],[-56.8695179,2.3436371],[-56.8694562,2.3435862],[-56.8694079,2.3435755],[-56.869314,2.3435862],[-56.8692604,2.3436049],[-56.8691826,2.343613],[-56.8691075,2.3435835],[-56.8690592,2.3435406],[-56.8689653,2.3434924],[-56.8688875,2.3434843],[-56.8688419,2.3435085],[-56.8687454,2.3435111],[-56.8686971,2.3434924],[-56.8686596,2.3434897],[-56.8686059,2.3435138],[-56.8685415,2.3435111],[-56.8684825,2.343479],[-56.8684074,2.3434147],[-56.8683511,2.3433396],[-56.8683055,2.3433155],[-56.8682438,2.3432941],[-56.8681875,2.3432673],[-56.868158,2.3432217],[-56.8681446,2.3431654],[-56.868158,2.3430663],[-56.8681768,2.3429537],[-56.8681741,2.3428572],[-56.8681902,2.3427875],[-56.8682063,2.342742],[-56.8681955,2.3426562],[-56.868158,2.342533],[-56.8681204,2.3424231],[-56.8681124,2.3422301],[-56.8681285,2.3421256],[-56.8681258,2.3420318],[-56.8680775,2.3419246],[-56.8680266,2.3418174],[-56.8680078,2.341729],[-56.8679756,2.3416807],[-56.8679032,2.3416405],[-56.8677557,2.341595],[-56.8676779,2.3415708],[-56.8676081,2.341536],[-56.8675786,2.3414824],[-56.8675411,2.3413698],[-56.8675411,2.3412707],[-56.8674982,2.3411554],[-56.8674606,2.3410777],[-56.8674338,2.3409893],[-56.8674123,2.3408955],[-56.8674016,2.3407374],[-56.8673989,2.3405953],[-56.867474,2.3403783],[-56.867584,2.3400888],[-56.867694,2.3397538],[-56.8677449,2.3395394],[-56.8677717,2.3394054],[-56.8677691,2.3392821],[-56.8677235,2.3390651],[-56.8676564,2.3388132],[-56.8676457,2.3387328],[-56.867651,2.338639],[-56.8676779,2.3385291],[-56.8677449,2.3384621],[-56.8678066,2.3384085],[-56.8678334,2.3383388],[-56.8678576,2.3382048],[-56.8678737,2.3378055],[-56.8679032,2.3375026],[-56.8679515,2.3372561],[-56.867989,2.3371167],[-56.8680507,2.3370015],[-56.8681526,2.3368836],[-56.8683028,2.3366853],[-56.8684557,2.3365084],[-56.8685174,2.3364226],[-56.868563,2.3363529],[-56.868622,2.3363235],[-56.8687561,2.3362993],[-56.8688956,2.3363101],[-56.8690404,2.3363342],[-56.869196,2.336361],[-56.8693087,2.3363824],[-56.8694454,2.3364092],[-56.8695527,2.3363851],[-56.8696439,2.3363342],[-56.8697244,2.3362538],[-56.8699363,2.3360983],[-56.8700865,2.3359911],[-56.870175,2.3359],[-56.8702313,2.335766],[-56.8703064,2.3356347],[-56.8704915,2.3355355],[-56.8706203,2.3354069],[-56.8707115,2.3352836],[-56.8708187,2.3351925],[-56.8709287,2.3351389],[-56.871044,2.3351175],[-56.8714303,2.3350746],[-56.8717361,2.3350371],[-56.8719426,2.3350263],[-56.872133,2.3350129],[-56.8724173,2.334954],[-56.8727392,2.3348548],[-56.8729001,2.3348012],[-56.8730396,2.3347423],[-56.8731818,2.3346565],[-56.8733025,2.3345171],[-56.8733883,2.3343563],[-56.8734258,2.3342331],[-56.8734419,2.3340616],[-56.8734607,2.3339249],[-56.8734527,2.3337775],[-56.8734151,2.3334666],[-56.8733722,2.3332308],[-56.87334,2.3329574],[-56.87334,2.3327269],[-56.8733454,2.332534],[-56.8734366,2.3322124],[-56.8734795,2.3319336],[-56.8735117,2.3315584],[-56.8735439,2.3313708],[-56.8736136,2.3311404],[-56.8737423,2.3308134],[-56.8738711,2.3302988],[-56.8739784,2.3296825],[-56.874091,2.32905],[-56.8741876,2.3287498],[-56.8742734,2.3285408],[-56.8743619,2.3284014],[-56.8744505,2.3282621],[-56.8745068,2.3281361],[-56.8745363,2.3280155],[-56.8746007,2.327651],[-56.8746704,2.3273937],[-56.8747991,2.3271847],[-56.8749225,2.3270025],[-56.8750781,2.3266969],[-56.875121,2.3265683],[-56.875121,2.3264182],[-56.8751076,2.3262923],[-56.8750674,2.3262038],[-56.8749011,2.325968],[-56.8748501,2.3258822],[-56.874826,2.3257857],[-56.874826,2.3255713],[-56.8748528,2.3252712],[-56.874885,2.3250514],[-56.8749118,2.3248665],[-56.874944,2.3246494],[-56.8749976,2.3244565],[-56.8750835,2.3241992],[-56.8751666,2.3240786],[-56.8752605,2.3239526],[-56.8753946,2.3238186],[-56.8755072,2.3236846],[-56.8755636,2.3235721],[-56.8755984,2.3234488],[-56.8756521,2.3232076],[-56.8757165,2.3228431],[-56.8758237,2.3225429],[-56.875931,2.3222696],[-56.876049,2.322023],[-56.8762046,2.3217818],[-56.8763655,2.3215245],[-56.8765533,2.3212137],[-56.8767411,2.3209992],[-56.8769878,2.3206776],[-56.8771407,2.3204579],[-56.8772775,2.3202998],[-56.8773794,2.3202113],[-56.8774787,2.3201416],[-56.8775725,2.3200666],[-56.8776879,2.3199594],[-56.8777818,2.3198361],[-56.8778998,2.3196566],[-56.877991,2.3194073],[-56.8780875,2.3191715],[-56.8782216,2.3189142],[-56.8782753,2.3187775],[-56.8783236,2.3186408],[-56.8783544,2.3185457],[-56.8783611,2.3184372],[-56.8783584,2.3182844],[-56.8783289,2.3181263],[-56.8783021,2.3178904],[-56.8783128,2.3176278],[-56.8783397,2.3172794],[-56.8783718,2.3168399],[-56.8783718,2.3164807],[-56.8783826,2.3161377],[-56.8783557,2.3158536],[-56.8783289,2.3156499],[-56.8782538,2.3153873],[-56.8781036,2.3150228],[-56.8779427,2.3146691],[-56.8777978,2.3144064],[-56.8776476,2.3141116],[-56.8774331,2.3136828],[-56.8772614,2.3133237],[-56.8769825,2.3126322],[-56.8767893,2.3121498],[-56.8766606,2.311721],[-56.8765748,2.3113941],[-56.8765426,2.3110885],[-56.8765265,2.3108152],[-56.8765158,2.3103542],[-56.8765211,2.3100219],[-56.8766016,2.3095448],[-56.8766874,2.3090678],[-56.8767732,2.3085318],[-56.8768752,2.308044],[-56.8769503,2.3075777],[-56.8770307,2.3070739],[-56.8771219,2.3065754],[-56.8771863,2.3061412],[-56.8772399,2.3057124],[-56.8772882,2.3052246],[-56.8773741,2.3046404],[-56.8774492,2.3040669],[-56.8775082,2.303563],[-56.8775725,2.3030002],[-56.877653,2.3024856],[-56.877712,2.3020568],[-56.8777549,2.3017084],[-56.8778461,2.3012957],[-56.8779802,2.3006632],[-56.8780607,2.3000521],[-56.8781251,2.2993607],[-56.8781358,2.2991195],[-56.8781036,2.2989265],[-56.8780392,2.298696],[-56.8779159,2.298428],[-56.8777764,2.2981547],[-56.8776745,2.2980046],[-56.8775404,2.2978331],[-56.8773928,2.297683],[-56.8772078,2.29749],[-56.8768913,2.2972006],[-56.8767545,2.2970693],[-56.8766794,2.2969728],[-56.8766016,2.2968522],[-56.876505,2.296611],[-56.8763709,2.2962894],[-56.8762529,2.2960482],[-56.8761241,2.2958337],[-56.8759874,2.2955443],[-56.8758613,2.2952763],[-56.8756574,2.2948314],[-56.8753302,2.2940488],[-56.8750352,2.2934056],[-56.8747348,2.2928267],[-56.8745738,2.2924944],[-56.8744075,2.2921192],[-56.8741983,2.2916743],[-56.8741179,2.2914626],[-56.8740857,2.2913178],[-56.8740374,2.2911544],[-56.8739623,2.2909185],[-56.8739086,2.2907389],[-56.8738443,2.2905219],[-56.8737316,2.2901467],[-56.8735157,2.290225],[-56.8734549,2.2900531]]]}}]}
