area_id,claimant,date,kind,actor,what,source_url,quote,evidence,use,collected_by
abu-musa,AE,2000-12-20,international,Permanent Representative to the UN,Letter asks the Security Council to keep the item on Iran's occupation of the Tunbs and Abu Musa on its list of matters for 2001.,https://documents.un.org/api/symbol/access?s=S/2000/1222&l=en&t=pdf,"concerning the occupation by the Islamic Republic of Iran of the three islands belonging to the United Arab Emirates of the Greater Tunb, the Lesser Tunb and Abu Musa",primary,yes,"research agent (part1), quote checked against the page"
abu-musa,AE,2001-11-12,international,"UAE delegation, UN General Assembly general debate",General debate statement calls on Iran to settle its occupation of the three UAE islands including Abu Musa by negotiation or the ICJ.,https://www.un.org/webcast/ga/56/statements/011112uaeE.htm,"calling for finding a solution to the issue of Iran's occupation of our three islands, Greater Tunb, Lesser Tunb and Abu Moussa",primary,yes,"research agent (part1), quote checked against the page"
abu-musa,AE,2002-09-20,international,"UAE delegation, UN General Assembly general debate",General debate statement reaffirms UAE sovereignty over the three islands including Abu Musa.,https://www.un.org/webcast/ga/57/statements/020920arabemiratesE.htm,"calls upon the Islamic Republic of Iran to solve the issue of the three islands occupied by Iran, Great Tanb, Lesser Tanb, and Abu Moussa",primary,yes,"research agent (part1), quote checked against the page"
abu-musa,AE,2003-09-26,international,"UAE delegation, UN General Assembly general debate",General debate statement calls for ending Iran's occupation of the three UAE islands including Abu Musa by peaceful means.,https://www.un.org/webcast/ga/58/statements/uaeeng030926.htm,"the solution to end the occupations of its three islands, Greater Tanb , Smaller Tanb and Abu Moussa , by the Islamic Republic of Iran, lies within peaceful means",primary,yes,"research agent (part1), quote checked against the page"
abu-musa,AE,2004-09-22,international,"UAE delegation, UN General Assembly general debate",General debate statement raises Iran's occupation of the three UAE islands including Abu Musa.,https://www.un.org/webcast/ga/59/statements/uaeeng040922.pdf,the question of Iran' s occupation of its three islands; Greater and Lesser Tunb and Abu Musa,primary,yes,"research agent (part1), quote checked against the page"
abu-musa,AE,2005-09-19,international,"UAE delegation, UN General Assembly general debate",General debate statement calls on Iran to resolve its occupation of the three UAE islands including Abu Musa by negotiation or the ICJ.,https://www.un.org/webcast/ga/60/statements/uae050919eng.pdf,"resolving the issue of Iran's occupation of the three UAE islands; Greater and Lesser Tunb and Abu Musa through bilateral negotiations, or by referral to the International Court of Justice",primary,yes,"research agent (part1), quote checked against the page"
abu-musa,AE,2006-09-20,international,"Foreign Minister Sheikh Abdullah bin Zayed, UN General Assembly",General debate statement demands a settlement of Iran's occupation of the three UAE islands including Abu Musa.,https://www.un.org/webcast/ga/61/pdfs/united_arab_emirates-e.pdf,we demand the Islamic Republic of Iran to demonstrate its goodwill towards finding a just and lasting settlement for its occupation of the three UAE islands; Greater and Lesser Tunb and Abu Musa,primary,yes,"research agent (part1), quote checked against the page"
abu-musa,AE,2007-01-18,international,Permanent Representative to the UN,Letter asks that the item on the occupation of the Tunbs and Abu Musa stay on the Security Council's list of matters for 2007.,https://documents.un.org/api/symbol/access?s=S/2007/21&l=en&t=pdf,"the Greater Tunb, the Lesser Tunb and Abu Musa, three islands belonging to the United Arab Emirates, should be retained on the list of items of which the Security Council is seized for the year 2007",primary,yes,"research agent (part1), quote checked against the page"
abu-musa,AE,2008-09-27,international,"Foreign Minister Sheikh Abdullah bin Zayed, UN General Assembly",General debate statement calls for the full restoration of UAE sovereignty over Abu Musa and the Tunbs (UN summary).,https://www.un.org/en/ga/63/generaldebate/uae.shtml,Abu Musa and Greater and Lesser Tunb -- and called for the full restoration of his country's sovereignty over them,secondary,yes,"research agent (part1), quote checked against the page"
abu-musa,AE,2009-09-26,international,"UAE delegation, UN General Assembly general debate",General debate statement demands the return of the three islands including Abu Musa under full UAE sovereignty.,https://gadebate.un.org/sites/default/files/gastatements/64/64_ae_en_24.pdf,The UAE demands the return of these islands under its full sovereignty,primary,yes,"research agent (part1), quote checked against the page"
abu-musa,AE,2011-09-26,international,"Foreign Minister Sheikh Abdullah bin Zayed, UN General Assembly",General debate statement on Iran's illegitimate occupation of Abu Musa and the Tunbs.,https://gadebate.un.org/sites/default/files/gastatements/66/ae_en_25.pdf,"the occupation by the Islamic Republic of Iran of the three UAE islands: Abu Musa, and the Greater and Lesser Tunbs",primary,yes,"research agent (part1), quote checked against the page"
abu-musa,AE,2013-09-28,international,"Foreign Minister Sheikh Abdullah bin Zayed, UN General Assembly",General debate statement demands restoration of full UAE sovereignty over Abu Musa and the Tunbs.,https://gadebate.un.org/sites/default/files/gastatements/68/ae_en_25.pdf,"the continued Iranian occupation of our three islands: Abu Musa and the Greater and Lesser Tunbs, and demands for the restoration of the UAB's full sovereignty over these islands",primary,yes,"research agent (part1), quote checked against the page"
abu-musa,AE,2015-10-02,international,"Foreign Minister Sheikh Abdullah bin Zayed, UN General Assembly",General debate statement rejects Iran's occupation and demands restoration of UAE sovereignty over the three islands.,https://gadebate.un.org/sites/default/files/gastatements/70/70_ae_en_24.pdf,"I reiterate the United Arab Emirates rejection of Iran's continued occupation of the UAE three islands Greater Tunb, Lesser Tunb and Abu Musa, and demand restoration of the UAE full sovereignty over these islands",primary,yes,"research agent (part1), quote checked against the page"
abu-musa,AE,2017-09-22,international,"Foreign Minister Sheikh Abdullah bin Zayed, UN General Assembly",General debate statement reaffirms the UAE's right to sovereignty over the three islands occupied by Iran.,https://gadebate.un.org/sites/default/files/gastatements/72/ae_en.pdf,"We reaffirm from this podium the UAE's firm position and its legitimate right to sovereignty over its three islands: Greater Tunb, Lesser Tunb and Abu Musa",primary,yes,"research agent (part1), quote checked against the page"
abu-musa,AE,2018-01-03,international,"Charge d'affaires, Permanent Mission to the UN",Letter asks that the item on the occupation of the Tunbs and Abu Musa stay on the Security Council's list of matters for 2018.,https://documents.un.org/api/symbol/access?s=S/2018/9&l=en&t=pdf,"the Greater Tunb, the Lesser Tunb and Abu Musa, three islands belonging to the United Arab Emirates, be retained on the list of items of which the Security Council is seized for the year 2018",primary,yes,"research agent (part1), quote checked against the page"
abu-musa,AE,2020-09-29,international,"Foreign Minister Sheikh Abdullah bin Zayed, UN General Assembly",General debate statement reiterates the UAE's right of sovereignty over the three islands occupied by Iran.,https://uaeun.org/statement/statement-by-his-highness-sheikh-abdullah-bin-zayed-al-nahyan-minister-of-foreign-affairs-and-international-cooperation-of-the-united-arab-emirates-before-the-general-debate-of-the-75th-session-of-t/,"we reiterate the UAE's firm position and its legitimate right of sovereignty over its three islands: Greater Tunb, Lesser Tunb, and Abu Musa, which are occupied by Iran",primary,yes,"research agent (part1), quote checked against the page"
abu-musa,AE,2021-09-27,international,"UAE delegation, UN General Assembly general debate",General debate statement demands Iran end its occupation of the three UAE islands.,https://gadebate.un.org/sites/default/files/gastatements/76/ae_en.pdf,"We reiterate our demand that Iran ends its occupation of the three UAE islands: Greater Tunb, Lesser Tunb, and Abu Musa.",primary,yes,"research agent (part1), quote checked against the page"
abu-musa,AE,2023-09-23,international,"Minister of State Reem Al Hashimy, UN General Assembly",General debate statement renews the demand that Iran end its occupation of the three UAE islands.,https://gadebate.un.org/sites/default/files/gastatements/78/ae_en.pdf,"The UAE renews its demand to Iran to end its occupation of the three UAE islands: Greater Tunb, Lesser Tunb, and Abu Musa.",primary,yes,"research agent (part1), quote checked against the page"
abu-musa,AE,2024-09-30,international,"Minister of State Sheikh Shakhboot bin Nahyan, UN General Assembly",General debate statement says the three islands are an integral part of the UAE.,https://uaeun.org/statement/uae-national-statement-unga79-30sep/,"my country renews its demand to Iran to end its occupation of the three UAE islands: Greater Tunb, Lesser Tunb, and Abu Musa. These islands are an integral part of the UAE.",primary,yes,"research agent (part1), quote checked against the page"
abu-musa,AE,2025-09-27,international,"Minister of State Lana Nusseibeh, UN General Assembly","General debate statement calls on Iran to end its occupation of the islands, an integral part of UAE territory.",https://uaeun.org/statement/uaeun-unga80-27sep-25/,"We continue to call on Iran to end its occupation of these islands, which are an integral part of UAE territory",primary,yes,"research agent (part1), quote checked against the page"
abu-musa,AE,2026-01-03,international,Permanent Representative to the UN,Letter asks that the item on the occupation of the Tunbs and Abu Musa stay on the Security Council's list of matters for 2026.,https://documents.un.org/api/symbol/access?s=S/2026/12&l=en&t=pdf,"the Greater Tunb, the Lesser Tunb and Abu Musa, three islands belonging to the United Arab Emirates, be retained on the list of items of which the Security Council is seized for the year 2026",primary,yes,"research agent (part1), quote checked against the page"
abu-musa,AE,2026-09-28,international,"UAE delegation (Minister of State, Foreign Ministry), UN General Assembly",General debate statement rejects Iran's continued occupation of the three Emirati islands.,https://gadebate.un.org/sites/default/files/gastatements/81/ae_en.pdf,"As Iran continues its occupation of the three Emirati islands — Greater Tunb, Lesser Tunb, and Abu Musa — which we reject",primary,yes,"research agent (part1), quote checked against the page"
aksai-chin,IN,2000-03-08,statement,"Minister of External Affairs (Jaswant Singh), answer in Lok Sabha","The External Affairs Minister told Parliament that about 38,000 sq km is under illegal Chinese occupation.",https://www.mea.gov.in/lok-sabha.htm?dtl/12947/,"There is an area of approximately 38,000 sq. kms. under the illegal occupation of China.",primary,yes,"research agent (part2), quote checked against the page"
aksai-chin,IN,2001-07-26,statement,Ministry of External Affairs (written answer in Rajya Sabha),"The MEA told Parliament that China illegally occupies about 38,000 sq km in Jammu & Kashmir (question on Chinese-occupied Ladakh).",https://www.mea.gov.in/rajya-sabha.htm?dtl/9692/,"China continues to be in illegal occupation of approximately 38,000 sq kms in the Indian State of Jammu & Kashmir.",primary,yes,"research agent (part2), quote checked against the page"
aksai-chin,IN,2002-04-17,statement,Ministry of External Affairs (written answer in Lok Sabha),"The MEA stated in Parliament that China illegally occupies about 38,000 sq km of Indian territory in Jammu & Kashmir.",https://www.mea.gov.in/lok-sabha.htm?dtl/17031/,"China illegally occupies approximately 38,000 sq. kms. of Indian territory in the State of Jammu & Kashmir.",primary,yes,"research agent (part2), quote checked against the page"
aksai-chin,IN,2003-12-03,statement,Ministry of External Affairs (written answer in Lok Sabha),"The MEA repeated in Parliament that China illegally occupies about 38,000 sq km in Jammu & Kashmir.",https://www.mea.gov.in/lok-sabha.htm?dtl/10337/,"China continues to be in illegal occupation of approximately 38,000 square kilometres in the Indian State of Jammu & Kashmir.",primary,yes,"research agent (part2), quote checked against the page"
aksai-chin,IN,2004-07-07,statement,Ministry of External Affairs (written answer in Lok Sabha),"The MEA repeated in Parliament that China illegally occupies about 38,000 sq km in Jammu & Kashmir.",https://www.mea.gov.in/lok-sabha.htm?dtl/18121/,"India has outstanding boundary issues to be resolved with Pakistan and China. China continues to be in illegal occupation of approximately 38,000 sq. kms in the Indian State of Jammu and Kashmir.",primary,yes,"research agent (part2), quote checked against the page"
aksai-chin,IN,2005-04-21,statement,Ministry of External Affairs (written answer in Rajya Sabha),"The MEA repeated in Parliament that China illegally occupies about 38,000 sq km in Jammu and Kashmir.",https://www.mea.gov.in/rajya-sabha.htm?dtl/10356/,"China continues to be in illegal occupation of approximately 38,000 sq. km. in the Indian state of Jammu and Kashmir.",primary,yes,"research agent (part2), quote checked against the page"
aksai-chin,IN,2006-02-23,statement,Ministry of External Affairs (written answer in Rajya Sabha),"The MEA repeated in Parliament that China illegally occupies about 38,000 sq km in Jammu & Kashmir.",https://www.mea.gov.in/rajya-sabha.htm?dtl/9962/,"China (a) to (f ) China continues to be in illegal occupation of approximately 38,000 sq. km. in the Indian state of Jammu & Kashmir.",primary,yes,"research agent (part2), quote checked against the page"
aksai-chin,IN,2007-05-09,statement,"Minister of External Affairs (Pranab Mukherjee), written answer in Lok Sabha","The External Affairs Minister told Parliament that China illegally occupies about 38,000 sq km in Jammu & Kashmir.",https://www.mea.gov.in/lok-sabha.htm?dtl/12019/,"China is in illegal occupation of approximately 38,000 square kilometres in the Indian State of Jammu & Kashmir.",primary,yes,"research agent (part2), quote checked against the page"
aksai-chin,IN,2008-04-16,statement,Ministry of External Affairs (written answer in Lok Sabha),"The MEA told Parliament that Indian territory under Chinese occupation in Jammu & Kashmir since 1962 is about 38,000 sq km.",https://www.mea.gov.in/lok-sabha.htm?dtl/14726/,"Indian territory under the occupation by China in Jammu & Kashmir since 1962 is approximately 38,000 sq. kms.",primary,yes,"research agent (part2), quote checked against the page"
aksai-chin,IN,2009-07-15,statement,Ministry of External Affairs (written answer in Lok Sabha),"The MEA told Parliament that Indian territory under Chinese occupation in Jammu & Kashmir since 1962 is about 38,000 sq km.",https://www.mea.gov.in/lok-sabha.htm?dtl/13662/,"Indian territory under the occupation by China in Jammu & Kashmir since 1962 is approximately 38,000 sq. kms.",primary,yes,"research agent (part2), quote checked against the page"
aksai-chin,IN,2010-02-24,statement,"Minister of External Affairs (S.M. Krishna), written answer in Lok Sabha",The External Affairs Minister told Parliament that India does not recognise the illegal Chinese occupation and raises it in all boundary negotiations.,https://www.mea.gov.in/lok-sabha.htm?dtl/16627/,Government does not recognize the illegal occupation of Indian territory by China and has raised this issue in all negotiations with the Chinese side including in the meetings of the Special Representatives.,primary,yes,"research agent (part2), quote checked against the page"
aksai-chin,IN,2011-02-23,statement,Ministry of External Affairs (written answer in Lok Sabha),"The MEA repeated in Parliament that China illegally occupies about 38,000 sq km in Jammu & Kashmir.",https://www.mea.gov.in/lok-sabha.htm?dtl/16958/,"China continues to be in illegal occupation of approximately 38,000 sq. kms in the Indian State of Jammu & Kashmir.",primary,yes,"research agent (part2), quote checked against the page"
aksai-chin,IN,2012-12-12,map,Ministry of External Affairs (written answer in Lok Sabha),India told Parliament its missions in China stamp a seal of India's map with its own boundaries on visas in Chinese passports whose map shows Aksai Chin as Chinese.,https://www.mea.gov.in/lok-sabha.htm?dtl/20953/,Our Embassy and its Consulates General in China have started stamping a round seal of the map of India depicting our correct external boundaries on visas stamped on such passports.,primary,yes,"research agent (part2), quote checked against the page"
aksai-chin,IN,2013-12-18,statement,Ministry of External Affairs (written answer in Lok Sabha),"Answering a question on China's claim to Aksai Chin, the MEA said China has illegally occupied about 38,000 sq km since 1962.",https://www.mea.gov.in/lok-sabha.htm?dtl/22677/,"China is in illegal occupation of approximately 38,000 square kilometers of territory in the Indian State of Jammu & Kashmir since 1962.",primary,yes,"research agent (part2), quote checked against the page"
aksai-chin,IN,2014-02-13,statement,Ministry of External Affairs (written answer in Rajya Sabha),"The MEA repeated in Parliament that China illegally occupies about 38,000 sq km of Indian territory in Jammu and Kashmir.",https://www.mea.gov.in/rajya-sabha.htm?dtl/22916/,"China continues to be in illegal occupation of approximately 38,000 sq. kms of Indian territory in Jammu and Kashmir.",primary,yes,"research agent (part2), quote checked against the page"
aksai-chin,IN,2016-03-16,statement,Ministry of External Affairs (written answer in Lok Sabha),"The MEA repeated in Parliament that China illegally occupies about 38,000 sq km in Jammu and Kashmir.",https://www.mea.gov.in/lok-sabha.htm?dtl/26541/,"China continues to be in illegal occupation of approximately 38,000 sq. kms. in the Indian State of Jammu and Kashmir.",primary,yes,"research agent (part2), quote checked against the page"
aksai-chin,IN,2018-03-28,statement,Ministry of External Affairs (written answer in Lok Sabha),"The MEA told Parliament that China has illegally occupied about 38,000 sq km in Jammu and Kashmir since 1962.",https://www.mea.gov.in/lok-sabha.htm?dtl/30056/,"China has been in illegal occupation of approximately 38,000 sq. kms. in the Indian State of Jammu and Kashmir since 1962.",primary,yes,"research agent (part2), quote checked against the page"
aksai-chin,IN,2019-06-27,statement,Ministry of External Affairs (written answer in Rajya Sabha),"The MEA told Parliament that Indian territory under Chinese occupation in Jammu & Kashmir is about 38,000 sq km.",https://www.mea.gov.in/rajya-sabha.htm?dtl/31497/,"China disputes the international boundary between India and China. Indian territory under the occupation of China in Jammu & Kashmir is approximately 38,000 sq. kms.",primary,yes,"research agent (part2), quote checked against the page"
aksai-chin,IN,2019-11-02,map,Ministry of Home Affairs / Survey General of India,The Home Ministry released Survey of India maps of the new Union Territories of Jammu & Kashmir and Ladakh and of India.,https://www.pib.gov.in/PressReleasePage.aspx?PRID=1590112,"On this basis, the maps prepared by Survey General of India depicting the new Union Territories of Jammu & Kashmir and Ladakh, as created on 31 October 2019, along with the map of India, are attached below.",primary,yes,"research agent (part2), quote checked against the page"
aksai-chin,IN,2020-03-11,statement,Ministry of External Affairs (written answer in Lok Sabha),"The MEA told Parliament that Indian territory under Chinese occupation in the Union Territory of Ladakh is about 38,000 sq km.",https://www.mea.gov.in/lok-sabha.htm?dtl/32497/,"Indian Territory under the occupation of China in the Union Territory of Ladakh is approximately 38,000 square kilometers.",primary,yes,"research agent (part2), quote checked against the page"
aksai-chin,IN,2020-09-15,statement,"Defence Minister (Rajnath Singh), statement in Lok Sabha","The Defence Minister told the Lok Sabha that China illegally occupies about 38,000 sq km in Ladakh.",https://www.mea.gov.in/Speeches-Statements.htm?dtl/32971/,"As the House is aware, China continues to be in illegal occupation of approximately 38,000 sq. kms in the Union Territory of Ladakh.",primary,yes,"research agent (part2), quote checked against the page"
aksai-chin,IN,2021-02-12,statement,Ministry of Defence,"The Defence Ministry stated that India's territory, as shown on its map, includes more than 43,000 sq km under illegal Chinese occupation since 1962.",https://www.pib.gov.in/PressReleasePage.aspx?PRID=1697370,"The territory of India is as depicted by the map of India and includes more than 43,000 sq km currently under illegal occupation of China since 1962.",primary,yes,"research agent (part2), quote checked against the page"
aksai-chin,IN,2022-01-06,statement,"Ministry of External Affairs spokesperson (Arindam Bagchi), weekly briefing","The MEA spokesperson said a Chinese bridge on Pangong lake is being built in areas under illegal Chinese occupation for about 60 years, which India has never accepted.",https://www.mea.gov.in/media-briefings.htm?dtl/34740/,"This bridge is being constructed in areas that have been under the illegal occupation by China for around 60 years now. As youre well aware, India has never accepted such illegal occupation.",primary,yes,"research agent (part2), quote checked against the page"
aksai-chin,IN,2022-02-04,statement,Ministry of External Affairs (written answer in Lok Sabha),"The MEA told Parliament that China has illegally occupied about 38,000 sq km in Ladakh for six decades.",https://www.mea.gov.in/lok-sabha.htm?dtl/34811/,"China continues to be in illegal occupation of approximately 38,000 sq. kms. of Indian territory in the Union Territory of Ladakh for the last six decades.",primary,yes,"research agent (part2), quote checked against the page"
aksai-chin,IN,2023-08-29,international,Ministry of External Affairs spokesperson (Arindam Bagchi),"India lodged a strong protest through diplomatic channels against China's 2023 ""standard map"" claiming Indian territory.",https://www.mea.gov.in/response-to-queries.htm?dtl/37059/,"We have today lodged a strong protest through diplomatic channels with the Chinese side on the so called 2023 ""standard map” of China that lays claim to India’s territory. We reject these claims as they have no basis.",primary,yes,"research agent (part2), quote checked against the page"
aksai-chin,IN,2024-12-03,statement,"Minister of External Affairs (S. Jaishankar), statement in Lok Sabha","The External Affairs Minister told the Lok Sabha that China illegally occupies 38,000 sq km of Indian territory in Aksai Chin.",https://www.mea.gov.in/Speeches-Statements.htm?dtl/38665/,"The House is cognizant of the fact that China is in illegal occupation of 38,000 Sq. kms. of Indian territory in Aksai Chin as a result of the 1962 conflict and the events that preceded it.",primary,yes,"research agent (part2), quote checked against the page"
aksai-chin,IN,2025-01-03,international,"Ministry of External Affairs spokesperson (Randhir Jaiswal), weekly briefing","India said parts of two new Chinese counties in Hotan fall in Ladakh, that it never accepted the illegal occupation, and that it had protested.",https://www.mea.gov.in/media-briefings.htm?dtl/38884/,Parts of jurisdiction of these so-called counties fall in Indias Union Territory of Ladakh. We have never accepted the illegal Chinese occupation of Indian Territory in this area.,primary,yes,"research agent (part2), quote checked against the page"
aksai-chin,IN,2025-08-08,statement,Ministry of External Affairs (written answer in Lok Sabha),"The MEA told Parliament that at the end of the 1962 conflict China was in illegal occupation of about 38,000 sq km of Indian territory.",https://www.mea.gov.in/lok-sabha.htm?dtl/39981/,"At the end of the 1962 conflict, China was in illegal occupation of approximately 38,000 sq. kms. of Indian territory.",primary,yes,"research agent (part2), quote checked against the page"
aksai-chin,IN,2026-07-24,statement,"Ministry of External Affairs spokesperson (Randhir Jaiswal), bi-weekly briefing",The MEA spokesperson said China is in illegal occupation of Indian territories in Jammu and Kashmir and Ladakh.,https://www.mea.gov.in/media-briefings.htm?dtl/41558/,"India does not violate China's sovereignty in any manner and has been consistent, but China is in illegal occupation of Indian territories in Jammu and Kashmir and Ladakh since 1963",primary,yes,"research agent (part2), quote checked against the page"
al-fashaga,ET,2002,international,Government of Ethiopia (with Sudan),Joint Special Committee set up to find an amicable solution for the sector north of Mount Dagleish (as stated by MoFA in 2021),https://mfaethiopia.blog/2021/02/16/facts-on-the-ethiopia-sudan-boundary-issue/,"Accordingly, the Joint Special Committee was established in 2002 and sofar conducted eight rounds of meetings and expected to submit a proposal containing an amicable solution.",primary,yes,"research agent (part3), quote checked against the page"
al-fashaga,ET,2004-03,international,Government of Ethiopia (with Sudan),Joint Select Working Group registers Ethiopian and Sudanese holdings; status quo agreed (as stated by MoFA in 2021),https://mfaethiopia.blog/2021/02/16/facts-on-the-ethiopia-sudan-boundary-issue/,These holdings are registered by the Joint Select Working Group (JSWG) from March 2004 to January 2005. Ethiopia and Sudan agreed to maintain the status quo until the disposition of the case by agreement.,primary,yes,"research agent (part3), quote checked against the page"
al-fashaga,SD,2013-12-03,statement,Embassy of Sudan in Ethiopia (Ambassador Abdelrahman Sir al-Khatim),"Ambassador announces joint-committee agreement ending land disputes, notably in Sudanese al-Fashaga",https://sudantribune.net/article/236677,وأعلن سفير السودان في أثيوبيا الفريق عبدالرحمن سر الختم، توصل الاجتماعات المشتركة بين السودان وأثيوبيا لاتفاقية تنهي النزاعات الحدودية القائمة بين مزارعين في البلدين حول الأراضي الزراعية سيما بمنطقة الفشقة السودانية الحدودية,secondary,yes,"research agent (part3), quote checked against the page"
al-fashaga,SD,2014-11-06,statement,Ministry of Foreign Affairs (FM Ali Karti),FM says Bashir and Hailemariam ordered resumption of boundary demarcation,https://sudantribune.net/article/240142,قال وزير الخارجية السوداني علي كرتي، في إن الرئيس عمر البشير ورئيس الوزراء الأثيوبي هايلي ماريام ديسالين، كلفا لدى لقائهما الخميس وزيري خارجية البلدين لتحديد مواقيت لاستئناف عمليات ترسيم الحدود بين البلدين,secondary,yes,"research agent (part3), quote checked against the page"
al-fashaga,SD,2015-11-23,statement,Ministry of Foreign Affairs (State Minister Kamal al-Din Ismail),MoFA reports Ethiopian PM's pledge to start border demarcation in December,https://sudantribune.net/article/80483,كشفت الخارجية السودانية أن لقاءا جمع نائب الرئيس حسبو عبد الرحمن ورئيس الوزراء الأثيوبي هايلي ماريام ديسالين، أعلن الأخير من خلاله البدء في ترسيم الحدود بين البلدين في ديسمبر المقبل,secondary,yes,"research agent (part3), quote checked against the page"
al-fashaga,SD,2016-01-16,statement,Ministry of Foreign Affairs (FM Ibrahim Ghandour),FM states al-Fashaga is Sudanese and that Ethiopia recognises it,https://sudantribune.net/article/80952,وأكد أن مناطق الفشقة سودانية سمحت حكومته للأثيوبيين بزراعتها كتعاون، وزاد “لكن أثيوبيا ملتزمة ومعترفة بسودانية المنطقة”,secondary,yes,"research agent (part3), quote checked against the page"
al-fashaga,SD,2018-05-10,statement,President Omar al-Bashir,Bashir urges Ethiopian PM to speed up completion of boundary demarcation (headline only),https://sudantribune.net/article/92552,البشير يدعو رئيس الوزراء الإثيوبي للإسراع في إتمام ترسيم الحدود,secondary,yes,"research agent (part3), quote checked against the page"
al-fashaga,SD,2018-07-09,statement,Government of Sudan (unspecified),Sudan says no differences with Ethiopia on the official and technical status of al-Fashaga (headline only),https://sudantribune.net/article/92822,السودان: لا خلافات مع إثيوبيا على الوضع الرسمي والفني لـ (الفشقة),secondary,yes,"research agent (part3), quote checked against the page"
al-fashaga,ET,2018-08,statement,Deputy Prime Minister Demeke Mekonnen (MoFA bulletin),Demeke and Sudan's Vice-President discuss the dispute over ownership of land in al-Fashaga,https://mfaethiopia.blog/2018/08/10/a-week-in-the-horn-10-08-2018/,The meeting also discussed the border dispute over ownership of land in Al Fashaga area as well as focusing on coordination on regional and international issues of common concern.,primary,yes,"research agent (part3), quote checked against the page"
al-fashaga,ET,2020-05-18,international,Government of Ethiopia with Government of Sudan (joint statement),Joint statement of the High-level Political Committee on Border Issues,https://mfaethiopia.blog/2020/05/22/a-week-in-the-horn-22-05-2020/,The two countries have agreed to continue the discussion and to create a conducive environment for the resolution of the boundary issues within the existing frameworks and on the basis of agreed and signed documents,primary,yes,"research agent (part3), quote checked against the page"
al-fashaga,SD,2020-05-18,international,Government of Sudan with Government of Ethiopia (joint statement),Joint statement of the High-level Political Committee on Border Issues to resolve boundary issues on the basis of signed documents,https://mfaethiopia.blog/2020/05/22/a-week-in-the-horn-22-05-2020/,The two countries have agreed to continue the discussion and to create a conducive environment for the resolution of the boundary issues within the existing frameworks and on the basis of agreed and signed documents,secondary,yes,"research agent (part3), quote checked against the page"
al-fashaga,ET,2020-12-22,international,Deputy Prime Minister and Foreign Minister Demeke Mekonnen,"At the 2nd Ethiopia-Sudan high-level talks in Khartoum, protests Sudanese moves as breaching the status quo north of Mount Dagleish",https://mfaethiopia.blog/2020/12/25/a-week-in-the-horn-25-12-2020/,"As a result, the government of Ethiopia is very much concerned by this recent development in the border areas. Furthermore, it is endangering the agreements we have reached to maintain the status quo in the area north of Mount Dagelish.",primary,yes,"research agent (part3), quote checked against the page"
al-fashaga,SD,2020-12-31,statement,Ministry of Foreign Affairs (FM Omar Qamareddine),FM declares the army has recovered all Sudanese territory on the Ethiopian border,https://www.aljazeera.com/news/2020/12/31/sudan-regains-full-control-of-border-with-ethiopia-ministry,"“The armed forces have now fully recovered all Sudanese territory,” Minister Omar Qamareddine told a Khartoum news conference on Thursday.",secondary,yes,"research agent (part3), quote checked against the page"
al-fashaga,SD,2021-01-15,statement,Sovereignty Council (member Mohamed al-Fiki Suleiman),"Sovereignty Council member: al-Fashaga is not disputed land, it is Sudanese",https://www.skynewsarabia.com/middle-east/1407764-%D8%A7%D9%84%D8%B3%D9%88%D8%AF%D8%A7%D9%86-%D8%A7%D9%84%D9%81%D8%B4%D9%82%D8%A9-%D8%A7%D9%94%D8%B1%D8%B6-%D8%B3%D9%88%D8%AF%D8%A7%D9%86%D9%8A%D8%A9-%D9%88%D9%84%D8%A7-%D9%86%D8%B1%D9%8A%D8%AF-%D8%AD%D8%B1%D8%A8%D8%A7-%D8%A7%D9%95%D8%AB%D9%8A%D9%88%D8%A8%D9%8A%D8%A7,"قال عضو مجلس السيادة في السودان محمد سليمان الفكي، إن ""الفشقة"" ليست أرضا متنازعا عليها مع إثيوبيا، لأنها سودانية باعتراف العالم كله.",secondary,yes,"research agent (part3), quote checked against the page"
al-fashaga,ET,2021-01-22,statement,Ministry of Foreign Affairs,MoFA: Sudanese army entered deep inside Ethiopian territory; urges withdrawal,https://mfaethiopia.blog/2021/01/22/a-week-in-the-horn-22-01-2021/,Ethiopia urges the Sudanese government to come to the negotiating table instead of saber-rattling and withdraw its army back to its previous position and should respect the effective administration in the disputed area.,primary,yes,"research agent (part3), quote checked against the page"
al-fashaga,ET,2021-02-07,international,President Sahle-Work Zewde (AU Assembly),President tells the AU Assembly that Sudan moved into territories previously under Ethiopian administration and must withdraw,https://mfaethiopia.blog/2021/02/12/2927/,"Unfortunately, since early November 2020, Sudan has militarily moved into territories along the common border which was previously under sovereign Ethiopian administration, she said.",primary,yes,"research agent (part3), quote checked against the page"
al-fashaga,SD,2021-02-13,statement,Ministry of Foreign Affairs,MoFA statement condemns Ethiopian forces entering lands legally belonging to Sudan,https://aawsat.com/home/article/2805176/%D8%A7%D9%84%D8%B3%D9%88%D8%AF%D8%A7%D9%86-%D9%8A%D8%AD%D8%B0%D8%B1-%D8%A5%D8%AB%D9%8A%D9%88%D8%A8%D9%8A%D8%A7-%D9%85%D9%86-%D8%A7%D9%81%D8%AA%D8%B9%D8%A7%D9%84-%D8%AD%D8%B1%D8%A8-%D8%AA%D9%87%D8%AF%D8%AF-%D8%A7%D8%B3%D8%AA%D9%82%D8%B1%D8%A7%D8%B1-%D8%A7%D9%84%D8%A5%D9%82%D9%84%D9%8A%D9%85,يدين السودان ويستنكر العدوان الذي قامت به إثيوبيا، بدخول قواتها إلى أراضٍ تتبع له قانوناً، في انتهاك مباشر لسيادة السودان وسلامة أراضيه,secondary,yes,"research agent (part3), quote checked against the page"
al-fashaga,ET,2021-02-16,statement,Ministry of Foreign Affairs,MoFA 'Facts on the Ethiopia-Sudan Boundary Issue': Sudan invaded land that is part of Ethiopia,https://mfaethiopia.blog/2021/02/16/facts-on-the-ethiopia-sudan-boundary-issue/,Sudan invaded land that is part of Ethiopia’s territory.,primary,yes,"research agent (part3), quote checked against the page"
al-fashaga,ET,2021-02-18,statement,Ministry of Foreign Affairs,MoFA press statement condemns Sudan for invading Ethiopia in November 2020,https://ethiopianembassy.org/press-statement-on-ethiopia-sudan-border-february-18-2021/,"However, the Sudanese National Army violated the basic principles of international law and peaceful settlements of disputes by unceremoniously invading Ethiopia in early November 2020.",primary,yes,"research agent (part3), quote checked against the page"
al-fashaga,SD,2021-02-23,statement,Ministry of Foreign Affairs (spokesman Mansour Boulad),"MoFA: Sudan will not withdraw from al-Fashaga lands, Sudanese under the 1902 Agreement",https://www.aa.com.tr/en/africa/sudan-says-will-not-withdraw-from-disputed-area/2154677,"""Our position is not to withdraw from the lands that were retrieved from the Ethiopian forces in the [Al-Fashqa] region on the eastern borders ... which are Sudanese lands according to the 1902 Agreement,"" Foreign Ministry spokesman Mansour Boulad told Anadolu Agency.",secondary,yes,"research agent (part3), quote checked against the page"
al-fashaga,SD,2021-03-17,statement,Chairman of the Sovereignty Council (Abdel Fattah al-Burhan),Burhan: no negotiation unless Ethiopia recognises the lands as Sudanese,https://sudantribune.net/article/83160,“إذا لم يحصل اعتراف من إثيوبيا بأن الأراضي سودانية وتم وضع العلامات عليها، لن نتفاوض مع أي جهة”,secondary,yes,"research agent (part3), quote checked against the page"
al-fashaga,ET,2021-05-04,statement,Ministry of Foreign Affairs (spokesperson Dina Mufti),MoFA spokesperson: Sudan invaded Ethiopian territories on 6 November 2020,https://mfaethiopia.blog/2021/05/07/a-week-in-the-horn-07-05-2021/,"In his weekly media briefing on Tuesday (May 4), Ministry of Foreign Affairs’ Spokesperson Ambassador Dina Mufti said Sudan has been giving provocative statements since it invaded Ethiopian territories in November 6, 2020.",primary,yes,"research agent (part3), quote checked against the page"
al-fashaga,ET,2021-07,statement,Deputy Prime Minister and Foreign Minister Demeke Mekonnen,Demeke to a UN Under-Secretary-General: Sudan is unlawfully occupying Ethiopian territories,https://mfaethiopia.blog/2021/07/30/a-week-in-the-horn-30-07-2021/,"During their discussion on the Ethiopia and Sudan border conflict, Demeke wondered why the international community failed to discourage Sudan from unlawfully occupying Ethiopian territories.",primary,yes,"research agent (part3), quote checked against the page"
al-fashaga,SD,2021-08-16,statement,"Chairman of the Sovereignty Council and Prime Minister (al-Burhan, Hamdok)",Burhan and Hamdok announce reconstruction fund for al-Fashaga; Burhan calls on Ethiopia to stop encroaching on Sudan's land,https://sudantribune.net/article/249761,وأعلن البرهان عن إنشاء صندوق لاعمار الفشقة والشريط الحدودي داخل القضارف لاكمال مسيرة التنمية,secondary,yes,"research agent (part3), quote checked against the page"
al-fashaga,SD,2021-11-29,statement,Chairman of the Sovereignty Council (Abdel Fattah al-Burhan),Burhan in al-Fashaga: al-Fashaga is purely Sudanese land,https://sudantribune.net/article/250488,وفي كلمة ألقاها أمام القوات المرابطة هناك جدد البرهان التأكيد بأن “الفشقة أرض سودانية خالصة”.,secondary,yes,"research agent (part3), quote checked against the page"
al-fashaga,ET,2022-05,statement,Deputy Prime Minister and Foreign Minister Demeke Mekonnen (House of Peoples' Representatives),Demeke tells parliament Ethiopia is using peaceful measures to reclaim land Sudan has forcibly occupied,https://mfaethiopia.blog/2022/05/27/a-week-in-the-horn-27-05-2022/,The Deputy Prime Minister and Foreign Minister told parliament that Ethiopia is using peaceful measures to reclaim land that Sudan has forcibly occupied.,primary,yes,"research agent (part3), quote checked against the page"
al-fashaga,SD,2022-05-19,statement,Ministry of Foreign Affairs,"MoFA rejects Ethiopian FM's parliament remarks, citing the 1902 treaty, 1903 protocol and 1972 notes",https://sudantribune.net/article/258943,إن المعلومات التي استند عليها الوزير الإثيوبي غير صحيحة ومضللة ومخالفة لإقرار أثيوبيا بما ورد في اتفاقية 1902 وبروتوكول 1903 الخاص بوضع العلامات الحدودية بين البلدين,secondary,yes,"research agent (part3), quote checked against the page"
al-fashaga,SD,2022-06-27,international,Ministry of Foreign Affairs,MoFA files formal complaint to the UN Security Council over soldiers seized inside Sudanese territory and executed,https://alwatan.sy/%D8%A5%D8%AB%D9%8A%D9%88%D8%A8%D9%8A%D8%A7-%D8%AA%D9%82%D8%AA%D9%84-%D9%85%D8%AF%D9%86%D9%8A%D8%A7%D9%8B-%D9%88%D8%B3%D8%A8%D8%B9%D8%A9-%D8%AC%D9%86%D9%88%D8%AF-%D8%B3%D9%88%D8%AF%D8%A7%D9%86%D9%8A/,وأشارت الوزارة في بيانها إلى أنه حفاظاً منها على سيادة السودان وكرامة مواطنيها شرعت بتقديم شكوى رسمية إلى مجلس الأمن والمنظمات الدولية والإقليمية ذات الصلة.,secondary,yes,"research agent (part3), quote checked against the page"
al-fashaga,ET,2022-06-27,statement,Ministry of Foreign Affairs,MoFA: the June 2022 clash took place within Ethiopian territory after a Sudanese army incursion,https://mfaethiopia.blog/2022/07/01/a-week-in-the-horn-01-07-2022/,"But Ethiopia said, “the incident took place within Ethiopian territory after incursions by a Sudanese regular army unit supported by elements of the terrorist TPLF.”",primary,yes,"research agent (part3), quote checked against the page"
al-fashaga,ET,2023-04-21,statement,Prime Minister Abiy Ahmed,Abiy: the border issue with Sudan will be resolved through dialogue (denies attack in al-Fashaga),https://mfaethiopia.blog/2023/04/21/a-week-in-the-horn-21-04-2023/,"“We firmly believe that the border issue between our two brotherly countries will be resolved through dialogue and discussions, as Ethiopia values the brotherhood and good neighborliness between our two countries.”",primary,yes,"research agent (part3), quote checked against the page"
al-fashaga,ET,2024-07-04,statement,Prime Minister Abiy Ahmed (House of Peoples' Representatives),Abiy addresses the border dispute with Sudan in parliament; no resort to violence,https://mfaethiopia.blog/2024/07/05/a-week-in-the-horn-05-07-2024/,"On the topic of neighboring countries, the Prime Minister addressed the border dispute with Sudan, stating that Ethiopia is not willing to solve the disputes through violence",primary,yes,"research agent (part3), quote checked against the page"
armistice-no-mans-lands,PS,2003,law,"Palestinian Legislative Council (Amended Basic Law, art. 3)","The Amended Basic Law names Jerusalem as the capital of Palestine (borderline: Jerusalem in general, does not name the no-man's land or Mount Scopus).",https://www.palestinianbasiclaw.org/basic-law/2003-amended-basic-law,Article 3 Jerusalem is the capital of Palestine.,secondary,yes,"research agent (part1), quote checked against the page"
armistice-no-mans-lands,PS,2005-07-01,statement,PLO Negotiations Affairs Department,A PLO NAD FAQ on the Wall counts the no-man's-land area of the Latrun Valley with occupied East Jerusalem in its figures for occupied territory.,https://www.nad.ps/en/publication-resources/faqs/israel%E2%80%99s-wall,"These figures include occupied East Jerusalem, the ""no-man's land"" area of the Latrun Valley, and the so-called Ariel Finger.",primary,yes,"research agent (part1), quote checked against the page"
armistice-no-mans-lands,PS,2011-02,statement,"PLO Negotiations Affairs Department, Negotiations Support Unit (Negotiations Primer)",The NAD 'Negotiations Primer' counts the Latrun Valley with East Jerusalem among the Israeli-occupied areas in its figures and maps on the Wall (date from the PDF's creation date 3 Feb 2011 and 'As of January 2011' in the text; 'Latrun Valley' may also cover the former Jordanian salient).,https://www.nad.ps/sites/default/files/test.pdf,Figure includes the Israeli-occupied areas of East Jerusalem and the Latrun Valley,primary,yes,"research agent (round2-b), quote checked against the page"
armistice-no-mans-lands,PS,2012-09-04,statement,Chief negotiator Saeb Erekat (PLO Negotiations Affairs Department),"Erekat condemned an attack on the Latrun monastery, placing Latrun in the occupied West Bank (borderline: not checked whether the monastery lies in the no-man's land or the former Jordanian salient).",https://www.nad.ps/en/media-room/press-releases/dr-erekat-reaction-arson-attack-monastery-notre-dame-de-sept-douleurs-,"The Monastery of Notre-Dame de Sept-Douleurs is located in Latrun, in the occupied West Bank.",primary,yes,"research agent (part1), quote checked against the page"
armistice-no-mans-lands,PS,2013-08-04,statement,PLO Negotiations Affairs Department,The NAD report 'East Jerusalem Today' on Palestine's 1967 border names the Latrun area within the 1967 borders of Palestine (two-column PDF; only this fragment reads contiguously).,https://www.nad.ps/sites/default/files/ej_today_final_report_ii.pdf,"The Jordan Valley, the Latrun",primary,yes,"research agent (part1), quote checked against the page"
armistice-no-mans-lands,PS,2013-08-04,statement,PLO Negotiations Affairs Department,The same NAD report lists Mount Scopus (Hebrew University and Hadassah Hospital) among the illegal Israeli settlements in Greater Jerusalem.,https://www.nad.ps/sites/default/files/ej_today_final_report_ii.pdf,Mt. Scopus (Hebrew U. & Hadassah Hosp.) 1968,primary,yes,"research agent (part1), quote checked against the page"
armistice-no-mans-lands,PS,2015-09-20,statement,"PLO Negotiations Affairs Department (position page 'Borders', updated 2019-03-27)","The PLO position on borders counts No Man's Land among the territory Israel occupied in 1967, with the West Bank, East Jerusalem and Gaza.",https://www.nad.ps/en/our-position/borders,"comprising the West Bank, including East Jerusalem, No Man's Land, and the Gaza Strip",primary,yes,"research agent (part1), quote checked against the page"
armistice-no-mans-lands,PS,2020-07-02,statement,PLO Negotiations Affairs Department,A NAD media brief states that Israel has already annexed occupied East Jerusalem and the Latrun Valley.,https://www.nad.ps/en/media-room/media-briefs/debunking-israel%E2%80%99s-talking-points-its-plan-annexation-%E2%80%9Cannexation-illegal,Israel has already annexed occupied East Jerusalem and the Latrun Valley.,primary,yes,"research agent (part1), quote checked against the page"
armistice-no-mans-lands,PS,2025-09,map,"PLO Negotiations Affairs Department, Negotiations Support Unit (map)",A NAD map of Israel's projected annexation counts the Latrun Valley with East Jerusalem as Israeli-occupied areas.,https://www.nad.ps/sites/default/files/wb_set_092025.pdf,Figure includes the Israeli-occupied areas of East Jerusalem and the Latrun Valley,primary,yes,"research agent (part1), quote checked against the page"
armistice-no-mans-lands,PS,2026-02,map,"PLO Negotiations Affairs Department, Negotiations Support Unit (map)",A NAD map of the Israeli-occupied West Bank draws the 1967 boundary around the Latrun Valley and labels it (checked visually on the rendered map).,https://www.nad.ps/sites/default/files/022026_wb_stateland.pdf,57.1% Latrun Valley,primary,yes,"research agent (part1), quote checked against the page"
arunachal-pradesh,CN,2006-11-13,statement,"Ambassador of China to India (Sun Yuxi), TV interview","On the eve of Hu Jintao's visit, China's ambassador said all of what India calls Arunachal Pradesh is Chinese territory.",https://www.voachinese.com/a/a-21-w2006-11-14-voa33-63060237/1045521.html,中国驻印度大使孙玉玺在星期一晚上播出的采访中说：“中国的立场是，你们所说的阿鲁纳恰尔邦全部是中国的领土，中国对其全部拥有主权。这就是我们的立场。”,secondary,yes,"research agent (part2), quote checked against the page"
arunachal-pradesh,CN,2007-05-29,statement,"Ministry of Foreign Affairs spokesperson (Jiang Yu), regular press conference","Asked about China refusing a visa to an Arunachal official, the spokesperson said the boundary dispute should not be brought into exchanges before it is settled.",https://zurich.china-consulate.gov.cn/wjbfyrth/200705/t20070529_3805395.htm,答:我们主张通过友好协商，早日公平合理地解决中印边界问题。在解决之前，不应把边界争议带入到两国有友好交往中。,primary,yes,"research agent (part2), quote checked against the page"
arunachal-pradesh,CN,2008-02-14,statement,"Ministry of Foreign Affairs spokesperson (Liu Jianchao), regular press conference","China expressed concern at the Indian Prime Minister's visit to ""so-called Arunachal Pradesh"" and said its position on the boundary dispute is well known.",https://dj.china-embassy.gov.cn/fyrth/200802/t20080214_5751032.htm,答：我们对印度领导人到所谓的“阿鲁纳恰尔邦”访问表示关注。中方在中印边界争议问题上的立场是各方熟知的。,primary,yes,"research agent (part2), quote checked against the page"
arunachal-pradesh,CN,2009-10-13,statement,"Ministry of Foreign Affairs spokesperson (Ma Zhaoxu), statement","China expressed strong dissatisfaction at the Indian Prime Minister's visit to the ""disputed area"" of the eastern sector.",https://www.mfa.gov.cn/gjhdq_676201/gj_676203/yz_676205/1206_677220/fyrygth_677228/200910/t20091013_9307454.shtml,中国政府对中印边界东段争议区的立场是一贯和明确的。中方对印领导人不顾中方严重关切前往中印领土争议区活动表示强烈不满。,primary,yes,"research agent (part2), quote checked against the page"
arunachal-pradesh,CN,2012-02-25,statement,Ministry of Foreign Affairs spokesperson (Hong Lei),"Responding to an Indian official's remarks in Arunachal, China restated its position on the ""disputed area"" of the eastern sector.",https://www.mfa.gov.cn/gjhdq_676201/gj_676203/yz_676205/1206_677220/fyrygth_677228/201202/t20120225_8008683.shtml,答：中方对中印边界问题包括东段争议区的立场是一贯的和明确的。,primary,yes,"research agent (part2), quote checked against the page"
arunachal-pradesh,CN,2013-11-30,statement,Ministry of Foreign Affairs spokesperson (Qin Gang),"China responded to the Indian President's visit to ""so-called Arunachal Pradesh"" by restating its position on the eastern-sector disputed area.",https://www.mfa.gov.cn/gjhdq_676201/gj_676203/yz_676205/1206_677220/fyrygth_677228/201311/t20131130_9307456.shtml,问：印度总统慕克吉11月29日至30日访问所谓“阿鲁纳恰尔邦”。中方对此有何评论？ 答：中方对中印边界东段争议区的立场是一贯和明确的。,primary,yes,"research agent (part2), quote checked against the page"
arunachal-pradesh,CN,2014-02-24,statement,"Ministry of Foreign Affairs spokesperson (Hua Chunying), regular press conference","Answering Modi's campaign remark that Arunachal is integral to India, China said the dispute is an objective fact and its position on the eastern sector is unchanged.",https://th.china-embassy.gov.cn/chn/fyrth/201402/t20140224_1407312.html,答：中印边界问题是历史遗留问题，两国在边界问题上存在争议是客观事实。中方对中印边界东段争议区的立场是明确和一贯的。,primary,yes,"research agent (part2), quote checked against the page"
arunachal-pradesh,CN,2015-02-20,international,Ministry of Foreign Affairs spokesperson (Hua Chunying),"China said it never recognised ""so-called Arunachal Pradesh"" and lodged representations over Modi's visit.",https://www.mfa.gov.cn/gjhdq_676201/gj_676203/yz_676205/1206_677220/fyrygth_677228/201502/t20150220_9307458.shtml,中国政府从不承认所谓的“阿鲁纳恰尔邦”。中方对印度领导人到争议区活动表示坚决反对，并向印方提出了严正交涉。,primary,yes,"research agent (part2), quote checked against the page"
arunachal-pradesh,CN,2016-10-24,statement,"Ministry of Foreign Affairs spokesperson (Lu Kang), regular press conference","China objected to the US ambassador's visit to Tawang, calling it a disputed area and restating its position on the eastern sector.",https://barcelona.china-consulate.gov.cn/fyrth/201610/t20161024_3612457.htm,中方对美国高级外交官到中印边界争议地区活动表示坚决反对。 我们对中印边界东段地区的立场是一贯和明确的。,primary,yes,"research agent (part2), quote checked against the page"
arunachal-pradesh,CN,2017-04-13,law,Ministry of Civil Affairs (Announcement No. 404),"China published the first batch of 6 standardised names for places in ""Zangnan"" (South Tibet).",https://www.fmprc.gov.cn/wjb_673085/zzjg_673183/bjhysws_674671/bhflfg/dtdmxgfl/202303/P020230313585384911864.pdf,根据国务院地名管理的有关规定，我部会同有关部门对我国藏南地区部分地名进行了标准化处理。,primary,yes,"research agent (part2), quote checked against the page"
arunachal-pradesh,CN,2018-02-15,international,Ministry of Foreign Affairs spokesperson (Geng Shuang),"China said it never recognised ""so-called Arunachal Pradesh"" and would make representations over Modi's visit.",https://nagasaki.china-consulate.gov.cn/chn/fyrth/201802/t20180216_4578333.htm,中国政府从不承认所谓的“阿鲁纳恰尔邦”，坚决反对印度领导人到争议区活动，将向印方提出严正交涉。,primary,yes,"research agent (part2), quote checked against the page"
arunachal-pradesh,CN,2019-02-09,statement,Ministry of Foreign Affairs spokesperson (Hua Chunying),"China said it never recognised ""so-called Arunachal Pradesh"" and opposed Modi's visit to the eastern sector.",https://www.mfa.gov.cn/gjhdq_676201/gj_676203/yz_676205/1206_677220/fyrygth_677228/201902/t20190209_9307467.shtml,中国政府从不承认所谓的“阿鲁纳恰尔邦”，坚决反对印度领导人到中印边界东段地区活动。,primary,yes,"research agent (part2), quote checked against the page"
arunachal-pradesh,CN,2019-11-15,statement,"Ministry of Foreign Affairs spokesperson (Geng Shuang), regular press conference","China said it never recognised ""so-called Arunachal Pradesh"" after the Indian Defence Minister visited Tawang.",https://www.mfa.gov.cn/web/wjdt_674879/fyrbt_674889/201911/t20191115_7815442.shtml,答：中国政府从不承认所谓“阿鲁纳恰尔邦”，我们坚决反对印度领导人和高官赴该地区活动。,primary,yes,"research agent (part2), quote checked against the page"
arunachal-pradesh,CN,2020-02-20,statement,"Ministry of Foreign Affairs spokesperson (Geng Shuang), online regular press conference","China called the eastern sector ""China's Zangnan region"" and opposed the Indian Home Minister's visit as violating its territorial sovereignty.",https://www.mfa.gov.cn/web/wjdt_674879/fyrbt_674889/202002/t20200220_7815829.shtml,答：中国政府对中印边界东段地区即中国藏南地区的立场是一贯的、明确的，从不承认所谓的“阿鲁纳恰尔邦”。,primary,yes,"research agent (part2), quote checked against the page"
arunachal-pradesh,CN,2021-10-13,statement,"Ministry of Foreign Affairs spokesperson (Zhao Lijian), regular press conference","China said it never recognised the ""so-called Arunachal Pradesh"" set up unilaterally and illegally by India and opposed the Indian Vice President's visit.",https://ag.china-embassy.gov.cn/fyrth/202110/t20211013_9545320.htm,中国政府从不承认印度单方面非法设立的所谓“阿鲁纳恰尔邦”，坚决反对印度领导人赴上述地区访问。,primary,yes,"research agent (part2), quote checked against the page"
arunachal-pradesh,CN,2021-12-29,law,Ministry of Civil Affairs (Announcement No. 520),"China published the second batch of 15 standardised names for places in ""Zangnan"".",https://www.fmprc.gov.cn/wjb_673085/zzjg_673183/bjhysws_674671/bhflfg/dtdmxgfl/202303/P020230313585263355822.pdf,现正式公布第二批增补藏南地区公开使用地名（共 15 个）。,primary,yes,"research agent (part2), quote checked against the page"
arunachal-pradesh,CN,2021-12-31,statement,"Ministry of Foreign Affairs spokesperson (Zhao Lijian), regular press conference",China said Zangnan lies in the Tibet Autonomous Region and has been Chinese territory throughout history.,https://www.mfa.gov.cn/fyrbt_673021/202112/t20211231_10478030.shtml,赵立坚：藏南地区位于中国西藏自治区，有史以来就是中国领土。,primary,yes,"research agent (part2), quote checked against the page"
arunachal-pradesh,CN,2023-04-02,law,Ministry of Civil Affairs (Announcement No. 548),"China published the third batch of 11 standardised names for places in ""Zangnan"".",https://www.fmprc.gov.cn/wjb_673085/zzjg_673183/bjhysws_674671/bhflfg/dtdmxgfl/202505/P020250506529667381631.pdf,现正式公布第三批增补藏南地区公开使用地名（共 11 个）。,primary,yes,"research agent (part2), quote checked against the page"
arunachal-pradesh,CN,2023-04-04,statement,"Ministry of Foreign Affairs spokesperson (Mao Ning), regular press conference",China said Zangnan is Chinese territory and the renaming is within its sovereignty.,https://www.mfa.gov.cn/web/wjdt_674879/fyrbt_674889/202304/t20230404_11054242.shtml,毛宁： 藏南地区是中国领土。根据国务院地名管理的有关规定，中国政府主管部门对我国藏南地区的部分地名进行了标准化处理，这完全是中国主权范围之内的事情。,primary,yes,"research agent (part2), quote checked against the page"
arunachal-pradesh,CN,2023-08-28,map,Ministry of Natural Resources,China issued its 2023 standard map; the MFA called it a routine exercise of sovereignty when India protested (India said the map lays claim to its territory).,https://www.mfa.gov.cn/web/wjdt_674879/fyrbt_674889/202308/t20230830_11135654.shtml,汪文斌：8月28日，中国自然资源部发布了2023年版标准地图。这是中方依法行使主权的例行性做法，希望有关方面客观冷静看待，不要过度解读。,primary,yes,"research agent (part2), quote checked against the page"
arunachal-pradesh,CN,2023-09-22,statement,"Ministry of Foreign Affairs spokesperson (Mao Ning), regular press conference","On visas for Arunachal athletes, China said it never recognises ""so-called Arunachal Pradesh"" and Zangnan is part of Chinese territory.",https://www.mfa.gov.cn/web/wjdt_674879/fyrbt_674889/202309/t20230922_11148184.shtml,中国政府从不承认所谓“阿鲁纳恰尔邦”，藏南地区是中国领土的一部分。,primary,yes,"research agent (part2), quote checked against the page"
arunachal-pradesh,CN,2024-03-11,international,"Ministry of Foreign Affairs spokesperson (Wang Wenbin), regular press conference","China said Zangnan is Chinese territory, opposed Modi's visit and lodged representations with India.",https://www.mfa.gov.cn/web/wjdt_674879/fyrbt_674889/202403/t20240311_11257602.shtml,汪文斌：藏南地区是中国领土，中国政府从不承认并坚决反对印度非法设立的所谓“阿鲁纳恰尔邦”。,primary,yes,"research agent (part2), quote checked against the page"
arunachal-pradesh,CN,2024-03-25,statement,"Ministry of Foreign Affairs spokesperson (Lin Jian), regular press conference",China said the eastern sector's Zangnan has always been Chinese territory and that its 1987 objection to the creation of the state stands.,https://www.mfa.gov.cn/web/wjdt_674879/fyrbt_674889/202403/t20240325_11270445.shtml,1987年，印度在非法侵占的中国领土上设立所谓“阿鲁纳恰尔邦”，中方当时就发表声明坚决反对，强调印方此举非法无效，中方这一立场没有改变。,primary,yes,"research agent (part2), quote checked against the page"
arunachal-pradesh,CN,2024-03-30,law,Ministry of Civil Affairs (Announcement No. 566),"China published the fourth batch of 30 standardised names for places in ""Zangnan"".",https://www.fmprc.gov.cn/wjb_673085/zzjg_673183/bjhysws_674671/bhflfg/dtdmxgfl/202505/P020250506529913936358.pdf,现正式公布第四批增补藏南地区公开使用地名（共 30 个）。,primary,yes,"research agent (part2), quote checked against the page"
arunachal-pradesh,CN,2025-05-11,law,Ministry of Civil Affairs (Announcement No. 580),"China published the fifth batch of 27 standardised names for places in ""Zangnan"".",https://www.fmprc.gov.cn/wjb_673085/zzjg_673183/bjhysws_674671/bhflfg/dtdmxgfl/202605/P020260506582885515322.pdf,现正式公布第五批增补藏南地区公开使用地名（共 27 个）。,primary,yes,"research agent (part2), quote checked against the page"
arunachal-pradesh,CN,2025-05-14,statement,"Ministry of Foreign Affairs spokesperson (Lin Jian), regular press conference",China said Zangnan is Chinese territory and standardising names there is within its sovereignty.,https://www.mfa.gov.cn/web/wjdt_674879/fyrbt_674889/202505/t20250514_11622765.shtml,林剑：藏南地区是中国领土。中国政府对藏南地区部分地名进行了标准化处理，这完全是中国主权范围内的事。,primary,yes,"research agent (part2), quote checked against the page"
arunachal-pradesh,CN,2025-11-25,statement,"Ministry of Foreign Affairs spokesperson (Mao Ning), regular press conference","On an Arunachal-born Indian traveller held in transit at Shanghai, China said Zangnan is Chinese territory and it never recognised ""Arunachal Pradesh"".",https://www.mfa.gov.cn/web/wjdt_674879/fyrbt_674889/202511/t20251125_11759683.shtml,毛宁：藏南地区是中国领土，中方从不承认印度非法设立的所谓“阿鲁纳恰尔邦”。,primary,yes,"research agent (part2), quote checked against the page"
arunachal-pradesh,CN,2026-04-10,law,Ministry of Civil Affairs,"China published the sixth batch of 23 standardised names for places in ""Zangnan"".",https://www.fmprc.gov.cn/wjb_673085/zzjg_673183/bjhysws_674671/bhflfg/dtdmxgfl/202605/P020260506583043838223.pdf,现正式公布第六批增补藏南地区公开使用地名（共 23 个）。,primary,yes,"research agent (part2), quote checked against the page"
arunachal-pradesh,CN,2026-08-10,statement,"Ministry of Foreign Affairs spokesperson (Guo Jiakun), answer to a question","China rejected India's publication of 27 ""standard names"" in Arunachal as illegal and void, saying Zangnan is Chinese territory.",https://www.mfa.gov.cn/web/wjdt_674879/fyrbt_674889/202608/t20260810_12001512.shtml,印方公布所谓“标准名称”试图取代中国长期使用的地名，是非法的、无效的，更改变不了藏南地区属于中国的事实。,primary,yes,"research agent (part2), quote checked against the page"
azad-kashmir,IN,2000-03-09,statement,Minister of State for External Affairs (answer in Parliament),"[generic] Answer on PoK: entire J&K integral to India; about 78,000 sq km under Pakistan's illegal occupation",https://www.mea.gov.in/FrontEnd/FetchPublicationDetailData?pkid=9854&languageId=1,"The entire state of Jammu & Kashmir is an integral part of the Indian Union. An area of approximately 78,000 sq kms. is under Pakistans illegal and forcible occupation.",primary,yes,"research agent (part3), quote checked against the page"
azad-kashmir,IN,2001-08-30,statement,Minister of State for External Affairs (answer in Parliament),"[generic] Answer in Parliament: Pakistan illegally occupies about 78,000 sq km of Indian territory in J&K",https://www.mea.gov.in/FrontEnd/FetchPublicationDetailData?pkid=8997&languageId=1,"Pakistan has forcibly and illegally occupied approximately 78,000 sq kms of Indian territory in the State of Jammu & Kashmir.",primary,yes,"research agent (part3), quote checked against the page"
azad-kashmir,IN,2001-12,international,Government of India (at the World Bank Board),Objected at the World Bank Board to the name 'Azad Jammu Kashmir' in Pakistan's poverty strategy paper,https://www.mea.gov.in/FrontEnd/FetchPublicationDetailData?pkid=8714&languageId=1,"At the time of the discussion at the World Bank Board in December 2001, on Pakistans Interim Poverty Reduction Strategy, Government of India had raised objection over the use of the word Azad Jammu Kashmir in the document.",primary,yes,"research agent (part3), quote checked against the page"
azad-kashmir,IN,2002-04-17,statement,Minister of External Affairs (answer in Parliament),"[generic] Answer in Parliament: Pakistan illegally occupying about 78,000 sq km of J&K since 1947",https://www.mea.gov.in/FrontEnd/FetchPublicationDetailData?pkid=17031&languageId=1,"Pakistan has been illegally occupying approximately 78,000 sq. kms. of Indian territory in the State of Jammu & Kashmir since 1947.",primary,yes,"research agent (part3), quote checked against the page"
azad-kashmir,IN,2002-08-08,statement,Minister of State for External Affairs (answer in Parliament),Answer in Parliament: 'so called Azad Jammu Kashmir' is sovereign Indian territory under Pakistan's illegal occupation; name not recognised,https://www.mea.gov.in/FrontEnd/FetchPublicationDetailData?pkid=8714&languageId=1,It was stated that the so called Azad Jammu Kashmir refers to sovereign Indian territory under the illegal occupation of Pakistan. The Government does not recognise the existence of any such region by this name.,primary,yes,"research agent (part3), quote checked against the page"
azad-kashmir,IN,2003-12-03,statement,Minister of State for External Affairs (answer in Parliament),[generic] Answer on efforts to get back PoK: the issue to resolve is Pakistan's vacation of the area it occupies,https://www.mea.gov.in/FrontEnd/FetchPublicationDetailData?pkid=10139&languageId=1,The State of Jammu and Kashmir is an integral part of India. A portion of the State is under forcible and illegal occupation of Pakistan.,primary,yes,"research agent (part3), quote checked against the page"
azad-kashmir,IN,2004-07-07,statement,Minister of State for External Affairs (answer in Parliament),"[generic] Answer in Lok Sabha: Pakistan in illegal and forcible occupation of about 78,000 sq km",https://www.mea.gov.in/FrontEnd/FetchPublicationDetailData?pkid=18121&languageId=1,"Pakistan has been in illegal and forcible occupation of approximately 78,000 sq. kms.",primary,yes,"research agent (part3), quote checked against the page"
azad-kashmir,IN,2005-05-05,statement,Minister of State for External Affairs (answer in Parliament),"[generic] Rajya Sabha answer on India's stand on PoK and the Northern Areas: entire State integral, part under Pakistan's forcible occupation",https://www.mea.gov.in/FrontEnd/FetchPublicationDetailData?pkid=9995&languageId=1,the entire State of Jammu and Kashmir is an integral part of the Indian Union. A part of the territory of the State is under the forcible occupation of Pakistan.,primary,yes,"research agent (part3), quote checked against the page"
azad-kashmir,IN,2006-07-12,statement,Ministry of External Affairs (Official Spokesperson),On the 11 July 2006 elections in 'so-called AJK': lack of credibility of the electoral process,https://www.mea.gov.in/FrontEnd/FetchPublicationDetailData?pkid=3565&languageId=1,"We have seen media reports regarding the elections held on 11 July 2006 in what Pakistan calls ""Azad Jammu and Kashmir"". Once again the entire exercise shows the lack of credibility of the electoral process in the so-called ""AJK"".",primary,yes,"research agent (part3), quote checked against the page"
azad-kashmir,IN,2008-03-20,statement,Minister of External Affairs (answer in Parliament),Rajya Sabha answer: Neelam-Jhelum project is in Muzaffarabad district of Pakistan Occupied Kashmir; inspection sought,https://www.mea.gov.in/FrontEnd/FetchPublicationDetailData?pkid=11149&languageId=1,The proposed Neelam-Jhelum Project is situated in Muzaffarabad district of Pakistan Occupied Kashmir.,primary,yes,"research agent (part3), quote checked against the page"
azad-kashmir,IN,2008-04-16,statement,Minister of External Affairs (answer in Parliament),"[generic] Answer in Lok Sabha: Pakistan in illegal and forcible occupation of about 78,000 sq km of J&K",https://www.mea.gov.in/FrontEnd/FetchPublicationDetailData?pkid=14726&languageId=1,"Pakistan is in illegal and forcible occupation of approximately 78,000 sq. kms. of Indian territory in the State of Jammu & Kashmir since 1948.",primary,yes,"research agent (part3), quote checked against the page"
azad-kashmir,IN,2009-10-14,statement,Ministry of External Affairs (Official Spokesperson),[generic] On China-Pakistan projects in PoK: Pakistan in illegal occupation of parts of J&K since 1947,https://www.mea.gov.in/FrontEnd/FetchPublicationDetailData?pkid=1267&languageId=1,Pakistan has been in illegal occupation of parts of the Indian State of Jammu & Kashmir since 1947.,primary,yes,"research agent (part3), quote checked against the page"
azad-kashmir,IN,2010-07-28,statement,Minister of External Affairs (answer in Parliament),"Lok Sabha answer naming Chinese projects in Pakistan-occupied J&K incl. Mangla, Neelum-Jhelum and Muzaffarabad; China asked to cease",https://www.mea.gov.in/FrontEnd/FetchPublicationDetailData?pkid=16500&languageId=1,"China has engaged in the construction of a number of projects in the Pakistan occupied territory of Jammu and Kashmir since the 1960s, including, inter alia, Karakoram Highway, Mangla Dam Raising Project, Neelum-Jelum Hydropower Project, Muzaffarabad City Development Project",primary,yes,"research agent (part3), quote checked against the page"
azad-kashmir,IN,2011-11-23,statement,Minister of State for External Affairs (answer in Parliament),[generic] Answer on Chinese statement on PoK: India's position conveyed that Pakistan illegally occupies parts of J&K,https://www.mea.gov.in/FrontEnd/FetchPublicationDetailData?pkid=16383&languageId=1,"Government has clearly conveyed to the Chinese side, India’s consistent position that Pakistan has been in illegal occupation of parts of the Indian State of Jammu and Kashmir since 1947.",primary,yes,"research agent (part3), quote checked against the page"
azad-kashmir,IN,2012-11-29,statement,Minister of State for External Affairs (answer in Parliament),[generic] Answer on Chinese roads/railway through PoK: position conveyed that Pakistan illegally occupies parts of J&K,https://www.mea.gov.in/FrontEnd/FetchPublicationDetailData?pkid=20866&languageId=1,Government is aware that China is executing infrastructure projects in Pakistan Occupied Kashmir. Government has raised this issue with the Chinese side and has clearly conveyed India’s consistent position that Pakistan has been in illegal occupation of parts of the Indian State of Jammu and Kashmir since 1947.,primary,yes,"research agent (part3), quote checked against the page"
azad-kashmir,IN,2013-08-07,statement,Minister of State for External Affairs (answer in Parliament),[generic] Answer on China-Pakistan Economic Corridor through PoK; concerns conveyed to China,https://www.mea.gov.in/FrontEnd/FetchPublicationDetailData?pkid=22016&languageId=1,"Roads and other forms of connectivity envisaged in this Economic Corridor would pass through Pakistan Occupied Kashmir. ... Government has conveyed its concerns to China about their activities in Pakistan Occupied Kashmir, and asked them to cease such activities.",primary,yes,"research agent (part3), quote checked against the page"
azad-kashmir,IN,2014-02-13,statement,Minister of State for External Affairs (answer in Parliament),"[generic] Rajya Sabha answer: Pakistan in illegal and forcible occupation of about 78,000 sq km of J&K",https://www.mea.gov.in/FrontEnd/FetchPublicationDetailData?pkid=22916&languageId=1,"Pakistan is in illegal and forcible occupation of approximately 78,000 sq. kms of Indian Territory in Jammu and Kashmir.",primary,yes,"research agent (part3), quote checked against the page"
azad-kashmir,IN,2015-09-30,international,Permanent Mission of India to the UN,[generic] Right of reply in the UNGA 70th general debate: J&K's occupier is Pakistan; CPEC passes through Indian territory occupied by Pakistan,https://www.mea.gov.in/FrontEnd/FetchPublicationDetailData?pkid=25873&languageId=1,"It was stated that Jammu and Kashmir is under foreign occupation. It is, except that the occupier in question is Pakistan.",primary,yes,"research agent (part3), quote checked against the page"
azad-kashmir,IN,2016-03-16,statement,Minister of State for External Affairs (answer in Parliament),"[generic] Answer in Lok Sabha: Pakistan in illegal occupation of about 78,000 sq km of J&K",https://www.mea.gov.in/FrontEnd/FetchPublicationDetailData?pkid=26541&languageId=1,"Pakistan has been in illegal occupation of approximately 78,000 sq. kms. of Indian territory in Jammu and Kashmir.",primary,yes,"research agent (part3), quote checked against the page"
azad-kashmir,IN,2017-08-10,statement,Minister of State for External Affairs (answer in Parliament),[generic] Rajya Sabha answer: CPEC passes through parts of J&K illegally occupied by Pakistan; China asked to cease activities in PoK,https://www.mea.gov.in/FrontEnd/FetchPublicationDetailData?pkid=28850&languageId=1,"passes through parts of the Indian state of Jammu & Kashmir which has been in illegal occupation of Pakistan since 1947. Government has conveyed to the Chinese side, including at the highest level, its concerns about their activities in Pakistan Occupied Kashmir and asked them to cease these activities.",primary,yes,"research agent (part3), quote checked against the page"
azad-kashmir,IN,2018-06-11,international,Ministry of External Affairs,Protest through diplomatic channels against the AJK Interim Constitution (13th Amendment) Act 2018,https://www.mea.gov.in/FrontEnd/FetchPublicationDetailData?pkid=29972&languageId=1,"It was clearly conveyed that the entire State of Jammu and Kashmir, which also includes the so-called Azad Jammu and Kashmir is an integral part of India by virtue of its accession in 1947.",primary,yes,"research agent (part3), quote checked against the page"
azad-kashmir,IN,2018-07-19,statement,Minister of State for External Affairs (answer in Parliament),[generic] Rajya Sabha answer: Pakistan repeatedly called upon to vacate all areas under its illegal occupation,https://www.mea.gov.in/FrontEnd/FetchPublicationDetailData?pkid=30102&languageId=1,We have repeatedly and consistently called upon Pakistan to immediately vacate all areas under its illegal occupation.,primary,yes,"research agent (part3), quote checked against the page"
azad-kashmir,IN,2019-08-09,law,Parliament of India,"J&K Reorganisation Act 2019, s.14(4): 24 assembly seats left vacant until the Pakistan-occupied area of the UT of J&K ceases to be occupied",https://prsindia.org/files/bills_acts/bills_parliament/2019/Jammu%20and%20Kashmir%20Reorganisation%20Act%2C%202019.pdf,until the area of the Union territory of Jammu and Kashmir under the occupation of Pakistan ceases to be so occupied,primary,yes,"research agent (part3), quote checked against the page"
azad-kashmir,IN,2019-11-02,map,Ministry of Home Affairs / Survey General of India,Official maps of the new UTs: the 1947 districts Mirpur and Muzaffarabad fall in the UT of Jammu and Kashmir,https://pib.gov.in/PressReleasePage.aspx?PRID=1590112,"The rest of the former State of Jammu and Kashmir is in the new Union Territory of Jammu and Kashmir. In 1947, the former State of Jammu and Kashmir had the following 14 districts - Kathua, Jammu, Udhampur, Reasi, Anantnag, Baramulla, Poonch, Mirpur, Muzaffarabad",primary,yes,"research agent (part3), quote checked against the page"
azad-kashmir,IN,2019-12-12,statement,Minister of State for External Affairs (answer in Parliament),"[generic] Rajya Sabha answer: Pakistan illegally occupies about 78,000 sq km in the UTs of J&K and Ladakh",https://www.mea.gov.in/FrontEnd/FetchPublicationDetailData?pkid=32197&languageId=1,"Pakistan has been in illegal occupation of approximately 78,000 sq.kms of Indian territory in the Union Territories of Jammu & Kashmir and Ladakh.",primary,yes,"research agent (part3), quote checked against the page"
azad-kashmir,IN,2020-02-28,international,Permanent Mission of India to the UN Human Rights Council (Geneva),[generic] Right of reply at HRC 43: Pakistan should end its occupation of 'Pakistan occupied Jammu and Kashmir',https://www.mea.gov.in/FrontEnd/FetchPublicationDetailData?pkid=32437&languageId=1,"First, end illegal and forcible occupation and reverse the demographic changes in Pakistan occupied Jammu and Kashmir",primary,yes,"research agent (part3), quote checked against the page"
azad-kashmir,IN,2020-03-11,statement,Minister of State for External Affairs (answer in Parliament),[generic] Lok Sabha answer on the PoK resolution: UTs of J&K and Ladakh integral; Pakistan called on to vacate all occupied areas,https://www.mea.gov.in/FrontEnd/FetchPublicationDetailData?pkid=32499&languageId=1,We have consistently called upon Pakistan to immediately vacate all areas under its illegal and forcible occupation,primary,yes,"research agent (part3), quote checked against the page"
azad-kashmir,IN,2021-09-15,international,Permanent Mission of India to the UN Human Rights Council (Geneva),[generic] Right of reply at HRC 48 citing human rights violations in the territories Pakistan occupies,https://www.mea.gov.in/FrontEnd/FetchPublicationDetailData?pkid=34266&languageId=1,"The Council is aware of Pakistan’s attempts to divert the Council’s attention from serious human rights violations being perpetrated by its Government, including in the territories occupied by it.",primary,yes,"research agent (part3), quote checked against the page"
azad-kashmir,IN,2022-02-09,statement,Ministry of External Affairs (Official Spokesperson),[generic] Rejects China-Pakistan joint statement; CPEC projects are in Indian territory illegally occupied by Pakistan,https://www.mea.gov.in/FrontEnd/FetchPublicationDetailData?pkid=34824&languageId=1,"we have consistently conveyed our concerns to China and Pakistan on the projects in the so-called CPEC, which are in India’s territory that has been illegally occupied by Pakistan.",primary,yes,"research agent (part3), quote checked against the page"
azad-kashmir,IN,2022-12-13,statement,Ministry of External Affairs (Official Spokesperson),Condemns OIC Secretary General's visit to Pakistan Occupied Kashmir,https://www.mea.gov.in/FrontEnd/FetchPublicationDetailData?pkid=35993&languageId=1,We strongly condemn the visit of OIC Secretary General to Pakistan Occupied Kashmir (POK) and his comments on J&K during his visit to Pakistan.,primary,yes,"research agent (part3), quote checked against the page"
azad-kashmir,IN,2023-07-26,law,Ministry of Home Affairs (bill introduced in Lok Sabha),[generic] J&K Reorganisation (Amendment) Bill 2023: seat nominated for displaced persons from Pakistan-occupied J&K; 24 seats kept for the occupied area,https://prsindia.org/files/bills_acts/bills_parliament/2023/Jammu%20and%20Kashmir%20Reorganisation%20%28Amendment%29%20Bill%2C%202023.pdf,any area of the then State of Jammu and Kashmir presently under occupation of Pakistan,primary,yes,"research agent (part3), quote checked against the page"
azad-kashmir,IN,2023-07-26,law,Ministry of Home Affairs (bill introduced in Lok Sabha),Statement of objects of the 2023 amendment bill: 24 seats reserved for the Pakistan-occupied area of the UT of J&K,https://prsindia.org/files/bills_acts/bills_parliament/2023/Jammu%20and%20Kashmir%20Reorganisation%20%28Amendment%29%20Bill%2C%202023.pdf,twenty-four seats in the Legislative Assembly of the Union territory of Jammu and Kashmir have been reserved for the people residing in the area of the Union territory of Jammu and Kashmir under illegal occupation of Pakistan.,primary,yes,"research agent (part3), quote checked against the page"
azad-kashmir,IN,2023-12-11,law,Parliament of India,"[generic] J&K Reorganisation (Amendment) Bill 2023 passed by Rajya Sabha (after Lok Sabha, 6 Dec 2023)",https://prsindia.org/billtrack/the-jammu-and-kashmir-reorganisation-amendment-bill-2023,"Passed Rajya Sabha Dec 11, 2023 ... one member representing displaced persons from Pakistan-occupied Jammu and Kashmir",secondary,yes,"research agent (part3), quote checked against the page"
azad-kashmir,IN,2024-01-13,international,Ministry of External Affairs (Foreign Secretary),Protest to the UK over the British High Commissioner's visit to Pakistan occupied Kashmir,https://www.mea.gov.in/FrontEnd/FetchPublicationDetailData?pkid=37509&languageId=1,"India has taken a serious note of the highly objectionable visit of the British High Commissioner in Islamabad, along with a UK Foreign Office official, to Pakistan occupied Kashmir on 10 January 2024. Such infringement of India’s sovereignty and territorial integrity is unacceptable.",primary,yes,"research agent (part3), quote checked against the page"
azad-kashmir,IN,2024-06-13,statement,Ministry of External Affairs (Official Spokesperson),[generic] Rejects China-Pakistan joint statement; CPEC projects in Indian territory under Pakistan's illegal occupation,https://www.mea.gov.in/FrontEnd/FetchPublicationDetailData?pkid=37866&languageId=1,"The same joint statement also mentions activities and projects under the so-called China-Pakistan Economic Corridor (CPEC), some of which are in Indias sovereign territory under forcible and illegal occupation by Pakistan.",primary,yes,"research agent (part3), quote checked against the page"
azad-kashmir,IN,2025-07-24,statement,Minister of State for External Affairs (answer in Parliament),[generic] Rajya Sabha answer: CPEC passes through parts of UTs of Ladakh and J&K under illegal occupation of Pakistan,https://www.mea.gov.in/FrontEnd/FetchPublicationDetailData?pkid=39840&languageId=1,which passes through parts of the Indian Union Territories of Ladakh and Jammu & Kashmir under illegal occupation of Pakistan,primary,yes,"research agent (part3), quote checked against the page"
azad-kashmir,IN,2025-08-01,statement,Minister of State for External Affairs (answer in Parliament),"[generic] Lok Sabha answer: official maps show all of the UTs of J&K and Ladakh, including Pakistan-occupied territory, as India",https://www.mea.gov.in/FrontEnd/FetchPublicationDetailData?pkid=39905&languageId=1,"The official maps published by the Government of India unambiguously represent entire Union Territories of Jammu & Kashmir and Ladakh, including the territories illegally occupied by Pakistan, as parts of the Union of India.",primary,yes,"research agent (part3), quote checked against the page"
azad-kashmir,IN,2025-10-03,statement,Ministry of External Affairs (Official Spokesperson),Weekly briefing: protests in Pakistan occupied J&K; territories remain under Pakistan's forcible and illegal occupation,https://www.mea.gov.in/FrontEnd/FetchPublicationDetailData?pkid=40176&languageId=1,"We have seen reports on protests in several areas of Pakistan occupied Jammu and Kashmir, including brutalities by Pakistani forces on innocent civilians. We believe that it is a natural consequence of Pakistans oppressive approach, and systemic plundering of resources from these territories, which remain under its forcible and illegal occupation.",primary,yes,"research agent (part3), quote checked against the page"
azad-kashmir,IN,2026-05-26,statement,Ministry of External Affairs (Official Spokesperson),[generic] Rejects China-Pakistan joint statement; opposes CPEC projects in Indian territory occupied by Pakistan,https://www.mea.gov.in/FrontEnd/FetchPublicationDetailData?pkid=41238&languageId=1,we resolutely oppose and reject any moves by other countries to reinforce or legitimise Pakistan's illegal and forcible occupation of these territories,primary,yes,"research agent (part3), quote checked against the page"
azad-kashmir,IN,2026-10-01,international,Permanent Mission of India to the UN,[generic] Right of reply in the UNGA Third Committee: the only outstanding matter is Pakistan's vacation of the territory it occupies,https://pminewyork.gov.in/IndiaatUNGA?id=NTY1MA,"The Union Territories of Jammu, Kashmir and Ladakh were, are and will always remain integral and inalienable parts of India. The only outstanding matter is the vacation of the territory Pakistan holds under illegal and forcible occupation.",primary,yes,"research agent (part3), quote checked against the page"
belize-guatemala-claim,GT,2000-09-12,international,Head of delegation of Guatemala at the UN General Assembly general debate,Guatemala's UNGA general debate statement reports progress towards resolving its historic dispute with Belize.,https://documents.un.org/api/symbol/access?s=A/55/PV.10&l=en&t=pdf,our historic dispute with Belize. With full regard for,primary,yes,"research agent (part1), quote checked against the page"
belize-guatemala-claim,GT,2001-03-30,international,Government of Guatemala,Guatemala answered the OAS Panel of Facilitators' letter of 7 February 2001 within the OAS process on the territorial differendum.,https://web.archive.org/web/2022/http://www.oas.org/sap/peacefund/belizeandguatemala/content2.html,"Guatemala’s Response to the February 7th Panel of Facilitators letter, March 30, 2001",secondary,yes,"research agent (part1), quote checked against the page"
belize-guatemala-claim,GT,2001-11-11,international,President of the Republic of Guatemala (UNGA general debate),Guatemala's UNGA general debate statement reports progress on a peaceful resolution of its historical dispute with Belize.,https://documents.un.org/api/symbol/access?s=A/56/PV.47&l=en&t=pdf,resolution to the historical dispute between ourselves,primary,yes,"research agent (part1), quote checked against the page"
belize-guatemala-claim,GT,2002-09-12,international,President of the Republic of Guatemala (UNGA general debate),Guatemala tells the UNGA it seeks a permanent solution to its century-old territorial dispute with Belize.,https://documents.un.org/api/symbol/access?s=A/57/PV.3&l=en&t=pdf,"territorial dispute, which dates back over a century.",primary,yes,"research agent (part1), quote checked against the page"
belize-guatemala-claim,GT,2002-09-30,international,Foreign Minister Gabriel Orellana Rojas,"At the OAS ceremony closing the facilitation process, Guatemala's foreign minister states that its territorial differendum with Belize must be resolved under inter-American law.","https://web.archive.org/web/20221104190320/http://www.oas.org/sap/peacefund/VirtualLibrary/Inter-StateDisputes/Belize-Guatemala/Speeches/GabrielRojasSept30,2002Spanish.pdf",convencida de que su Diferendo Territorial con el Estado de Belice debe resolverse en base a los principios del Derecho Internacional Americano,primary,yes,"research agent (part1), quote checked against the page"
belize-guatemala-claim,GT,2003-02-07,international,Foreign Minister of Guatemala,Guatemala and Belize sign at the OAS an agreement establishing a transition process and confidence-building measures in the territorial differendum.,https://web.archive.org/web/2022/http://www.oas.org/sap/peacefund/belizeandguatemala/content2.html,"On February 7, 2003, the Foreign Ministers of Belize and Guatemala signed a second Agreement to Establish a Transition Process and Confidence-Building Measures",secondary,yes,"research agent (part1), quote checked against the page"
belize-guatemala-claim,GT,2003-09-23,international,President of the Republic of Guatemala (UNGA general debate),Guatemala tells the UNGA it seeks a negotiated resolution of its territorial dispute with Belize within the OAS.,https://documents.un.org/api/symbol/access?s=A/58/PV.8&l=en&t=pdf,territorial dispute. We express our complete willingness,primary,yes,"research agent (part1), quote checked against the page"
belize-guatemala-claim,GT,2004-09-22,international,President of the Republic of Guatemala (UNGA general debate),"Guatemala tells the UNGA it must reach a permanent, just and honourable settlement of the territorial dispute with Belize.",https://documents.un.org/api/symbol/access?s=A/59/PV.6&l=en&t=pdf,"the territorial dispute between the two countries, while",primary,yes,"research agent (part1), quote checked against the page"
belize-guatemala-claim,GT,2005-09-07,international,"Government of Guatemala (as stated by the President at the UNGA, 2006)","Guatemala signs with Belize, under OAS auspices, the Agreement on a Framework for Negotiations and Confidence-Building Measures.",https://documents.un.org/api/symbol/access?s=A/61/PV.13&l=en&t=pdf,"between our countries. Thus, on 7 September 2005, we",primary,yes,"research agent (part1), quote checked against the page"
belize-guatemala-claim,GT,2006-09-20,international,President of the Republic of Guatemala (UNGA general debate),Guatemala tells the UNGA it seeks a definitive solution to the territorial dispute with Belize.,https://documents.un.org/api/symbol/access?s=A/61/PV.13&l=en&t=pdf,and honourable solution to the territorial dispute,primary,yes,"research agent (part1), quote checked against the page"
belize-guatemala-claim,GT,2008-06-16,international,Government of Guatemala,Guatemala accepts the OAS Secretary General's recommendation to take the dispute to the International Court of Justice.,https://web.archive.org/web/2022/http://www.oas.org/sap/peacefund/belizeandguatemala/content2.html,"Guatemala’s Acceptance Letter to the Secretary General's Recommendation, June 16, 2008",secondary,yes,"research agent (part1), quote checked against the page"
belize-guatemala-claim,GT,2008-12-08,international,Government of Guatemala (Foreign Minister),"Guatemala signs with Belize the Special Agreement to submit Guatemala's territorial, insular and maritime claim to the ICJ.",https://icj-web.leman.un-icc.cloud/sites/default/files/case-related/177/177-20081208-SPE-01-00-EN.pdf,any and all legal claims of Guatemala against Belize to land and insular territories and to any maritime areas pertaining to these territories,primary,yes,"research agent (part1), quote checked against the page"
belize-guatemala-claim,GT,2009-09-24,international,President Alvaro Colom,Guatemala's president tells the UNGA of progress to end the historical territorial dispute with Belize through the Special Agreement.,https://gadebate.un.org/sites/default/files/gastatements/64/64_gt_en_24.pdf,I am pleased to inform on the very concrete progress achieved to put an honorable end to our historical territorial dispute with Belize.,primary,yes,"research agent (part1), quote checked against the page"
belize-guatemala-claim,GT,2010-09-09,law,Congress of Guatemala,The Guatemalan Congress approves the Special Agreement with Belize.,https://web.archive.org/web/2022/http://www.oas.org/sap/peacefund/belizeandguatemala/content2.html,"Guatemalan Congress Approves Special Agreement, September 9, 2010",secondary,yes,"research agent (part1), quote checked against the page"
belize-guatemala-claim,GT,2010-09-28,international,Permanent Representative Gert Rosenthal at the UN General Assembly general debate,Guatemala tells the UNGA that its Congress approved the Special Agreement to take the territorial dispute with Belize to the ICJ.,https://gadebate.un.org/sites/default/files/gastatements/65/65_gt_en_24.pdf,This step consists of the approval on the part of our Congress of the Special Agreement signed with Belize in December of 2008,primary,yes,"research agent (part1), quote checked against the page"
belize-guatemala-claim,GT,2011-09-21,international,President Alvaro Colom,Guatemala's president tells the UNGA of the Special Agreement to seek a juridical solution of the age-old territorial dispute with Belize.,https://gadebate.un.org/sites/default/files/gastatements/66/gt_en_25.pdf,an important step has been taken to reach a solution to our age-old territorial dispute with Belize through the signing of a Special Agreement,primary,yes,"research agent (part1), quote checked against the page"
belize-guatemala-claim,GT,2012-04-27,international,Foreign Minister of Guatemala,Guatemala and Belize agree at the OAS on the date of simultaneous referenda to submit Guatemala's claim to the ICJ.,https://web.archive.org/web/2022/http://www.oas.org/sap/peacefund/belizeandguatemala/content2.html,and agreed that the simultaneous referenda to submit Guatemala’s claim to the International Court of Justice would be,secondary,yes,"research agent (part1), quote checked against the page"
belize-guatemala-claim,GT,2012-09-26,international,President Otto Perez Molina,Guatemala's president tells the UNGA of the Special Agreement and planned referenda to take the territorial dispute with Belize to the ICJ.,https://gadebate.un.org/sites/default/files/gastatements/67/gt_en_25.pdf,"at the end of 2008 we agreed to sign a Special Agreement with our neighbor, Belize, to seek a resolution of an age-old territorial dispute through the International Court of Justice.",primary,yes,"research agent (part1), quote checked against the page"
belize-guatemala-claim,GT,2015-05-25,international,Government of Guatemala,Guatemala and Belize sign the Protocol amending the Special Agreement (separate referenda).,https://www.un.org/depts/los/general_assembly/contributions80/08ICJeng.pdf,"concluded on 8 December 2008, and a Protocol thereto dated 25 May 2015",secondary,yes,"research agent (part1), quote checked against the page"
belize-guatemala-claim,GT,2015-10-03,international,Foreign Minister Carlos Raul Morales,"Guatemala tells the UNGA it has committed to go before the ICJ over its territorial, island and maritime dispute with Belize.",https://documents.un.org/api/symbol/access?s=A/70/PV.28&l=en&t=pdf,"seek definitive resolution of our territorial, island and",primary,yes,"research agent (part1), quote checked against the page"
belize-guatemala-claim,GT,2016-09-22,international,President Jimmy Morales,"Guatemala's president tells the UNGA of its commitment to resolve the territorial, insular and maritime dispute with Belize at the ICJ.",https://gadebate.un.org/sites/default/files/gastatements/71/71_gt_en_24.pdf,"I Want to express the commitment of my country to resolve permanently and definitively in the International Court of Justice, the territorial, insular and maritime dispute with Belize",primary,yes,"research agent (part1), quote checked against the page"
belize-guatemala-claim,GT,2016-12-19,law,Government of Guatemala,Guatemala ratifies the 2015 Protocol to the Special Agreement.,https://icj-web.leman.un-icc.cloud/sites/default/files/case-related/177/177-20081208-SPE-01-00-EN.pdf,"Instrument of Ratification of Guatemala, dated 19 December 2016, concerning the Protocol",primary,yes,"research agent (part1), quote checked against the page"
belize-guatemala-claim,GT,2017-09-19,international,President Jimmy Morales,"Guatemala's president reaffirms at the UNGA the commitment to resolve the territorial, insular and maritime dispute with Belize at the ICJ.",https://gadebate.un.org/sites/default/files/gastatements/72/gt_es.pdf,"el diferendo territorial, insular y maritimo que mantenemos con Belice",primary,yes,"research agent (part1), quote checked against the page"
belize-guatemala-claim,GT,2018-04-15,law,Guatemalan electorate (popular consultation),Guatemala's referendum approves submitting the claim to the ICJ.,https://www.un.org/depts/los/general_assembly/contributions80/08ICJeng.pdf,referenda held in Guatemala on 15 April 2018,secondary,yes,"research agent (part1), quote checked against the page"
belize-guatemala-claim,GT,2018-07-02,law,Government of Guatemala,Guatemala ratifies the Special Agreement.,https://icj-web.leman.un-icc.cloud/sites/default/files/case-related/177/177-20081208-SPE-01-00-EN.pdf,"Instrument of Ratification of Guatemala, dated 2 July 2018",primary,yes,"research agent (part1), quote checked against the page"
belize-guatemala-claim,GT,2018-08-21,court,Ambassador of Guatemala to the Netherlands / Foreign Minister Sandra Jovel,"Guatemala notifies the ICJ of the Special Agreement, giving its consent for the Court to decide the dispute.",https://icj-web.leman.un-icc.cloud/sites/default/files/case-related/177/177-20081208-SPE-01-00-EN.pdf,"one that should be construed as the official notification of the Special Agreement referred to here, by the Republic of Guatemala",primary,yes,"research agent (part1), quote checked against the page"
belize-guatemala-claim,GT,2019-06-07,court,Foreign Minister Sandra Jovel,Guatemala's foreign minister writes to the ICJ that the conditions to submit Guatemala's claim against Belize are met and names its Agent.,https://icj-web.leman.un-icc.cloud/sites/default/files/case-related/177/177-20081208-SPE-01-00-EN.pdf,"the requirements to submit to this Honorable Court the dispute concerning the continental, insular and maritime claim of Guatemala against Belize have been met",primary,yes,"research agent (part1), quote checked against the page"
belize-guatemala-claim,GT,2019-09-25,international,President Jimmy Morales,Guatemala's president tells the UNGA that Guatemala and Belize concluded the submission of Guatemala's claim to the ICJ.,https://documents.un.org/api/symbol/access?s=A/74/PV.6&l=en&t=pdf,"Guatemala’s territorial, insular and maritime claim to",primary,yes,"research agent (part1), quote checked against the page"
belize-guatemala-claim,GT,2020,court,Government of Guatemala,Guatemala files its Memorial in the ICJ case by the time-limit of 8 December 2020 (as Guatemala stated at the UNGA in 2021).,https://documents.un.org/api/symbol/access?s=A/76/PV.22&l=en&t=pdf,"8 December 2020, which Guatemala has filed, and",primary,yes,"research agent (part1), quote checked against the page"
belize-guatemala-claim,GT,2020-04-08,court,Agent of Guatemala before the ICJ,Guatemala's Agent asks the ICJ for an extension of the time-limit for its Memorial.,https://www.un.org/depts/los/general_assembly/contributions80/08ICJeng.pdf,"On 8 April 2020, the Agent of Guatemala requested a 12-month extension of the time-limit for the filing of the Memorial",secondary,yes,"research agent (part1), quote checked against the page"
belize-guatemala-claim,GT,2020-09-29,international,Foreign Minister Pedro Brolo on behalf of President Alejandro Giammattei,"Guatemala reaffirms at the UNGA its commitment to resolve the territorial, insular and maritime dispute with Belize at the ICJ.",https://documents.un.org/api/symbol/access?s=A/75/PV.14&l=en&t=pdf,"territorial, insular and maritime dispute we have with Belize, with which we aspire",primary,yes,"research agent (part1), quote checked against the page"
belize-guatemala-claim,GT,2021-09-22,international,President Alejandro Giammattei,"Guatemala's president reaffirms at the UNGA the commitment to resolve the territorial, insular and maritime dispute with Belize before the ICJ.",https://documents.un.org/api/symbol/access?s=A/76/PV.6&l=en&t=pdf,"dispute we have with Belize, a country with which we",primary,yes,"research agent (part1), quote checked against the page"
belize-guatemala-claim,GT,2022,court,Government of Guatemala,Guatemala files its Reply in the ICJ case by the time-limit of 8 December 2022.,https://www.un.org/depts/los/general_assembly/contributions80/08ICJeng.pdf,The Reply and the Rejoinder were filed within the time-limits thus fixed.,secondary,yes,"research agent (part1), quote checked against the page"
belize-guatemala-claim,GT,2022-09-20,international,President Alejandro Giammattei,"Guatemala's president reaffirms at the UNGA the commitment to resolve before the ICJ the territorial, insular and maritime dispute with Belize.",https://documents.un.org/api/symbol/access?s=A/77/PV.5&l=en&t=pdf,"territorial, insular and maritime dispute with Belize.",primary,yes,"research agent (part1), quote checked against the page"
belize-guatemala-claim,GT,2023-09-19,international,President Alejandro Giammattei,"Guatemala's president cites at the UNGA its territorial, maritime and insular dispute with Belize before the ICJ.",https://gadebate.un.org/sites/default/files/gastatements/78/gt_es.pdf,"TAL ES EL CASO DE NUESTRO DIFERENDO TERRITORIAL, MARÍTIMO E INSULAR CON BELICE",primary,yes,"research agent (part1), quote checked against the page"
belize-guatemala-claim,GT,2023-12-01,court,Government of Guatemala,"Guatemala applies to intervene in Belize v. Honduras over the Sapodilla Cayes, which it also claims.",https://icj-web.leman.un-icc.cloud/sites/default/files/case-related/185/185-20231201-int-01-00-en.pdf,"concerning sovereignty over the Sapodilla Cays or Cayes, a cluster of islands in the Gulf of Honduras, which Guatemala also claims.",primary,yes,"research agent (part1), quote checked against the page"
belize-guatemala-claim,GT,2024-09-24,international,President Bernardo Arevalo,"Guatemala's president reaffirms at the UNGA the commitment to resolve the territorial, insular and maritime dispute with Belize before the ICJ.",https://gadebate.un.org/sites/default/files/gastatements/79/gt_es.pdf,"el diferendo territorial, insular y marítimo con nuestro vecino, nuestro país hermano, Belice.",primary,yes,"research agent (part1), quote checked against the page"
belize-guatemala-claim,GT,2025-09-24,international,President Bernardo Arevalo,"Guatemala's president tells the UNGA the ICJ ruling will end the territorial, insular and maritime dispute with Belize; written phase concluded.",https://gadebate.un.org/sites/default/files/gastatements/80/gt_es.pdf,"La futura resolución de la Corte Internacional de Justicia (CIJ) pondrá fin al Diferendo Territorial, Insular y Marítimo con Belice.",primary,yes,"research agent (part1), quote checked against the page"
belize-guatemala-claim,GT,2025-11-24,court,Agent of Guatemala before the ICJ,"In ICJ hearings on its intervention in the Sapodilla Cayes case, Guatemala pleads its claim to the cays as against Belize.",https://icj-web.leman.un-icc.cloud/sites/default/files/case-related/185/185-20251124-ora-01-00-bic.pdf,Guatemala’s claim to the Sapodilla Cays as against Belize was indeed developed in that case and supported by a wealth of material annexed to its written pleadings,primary,yes,"research agent (part1), quote checked against the page"
belize-guatemala-claim,GT,2026-09-17,statement,Ministry of Foreign Affairs,"Guatemala's foreign ministry announces the ICJ hearing dates for its territorial, insular and maritime claim against Belize (Feb 2027).",https://lahora.gt/nacionales/ralvarado/2026/09/17/la-corte-internacional-de-justicia-fija-fechas-para-audiencias-orales-por-diferendo-territorial-entre-guatemala-y-belice-now/,"La cancillería guatemalteca recordó que el caso «Guatemala/Belice» fue presentado de común acuerdo por la República de Guatemala y Belice en 2019, con el objetivo de resolver de manera definitiva el diferendo territorial, insular y marítimo entre ambos países.",secondary,yes,"research agent (part1), quote checked against the page"
belize-guatemala-claim,GT,2026-09-25,international,Foreign Minister Carlos Ramiro Martinez,"Guatemala's foreign minister welcomes at the UNGA the ICJ hearing dates on the territorial, insular and maritime dispute with Belize.",https://gadebate.un.org/sites/default/files/gastatements/81/gt_es.pdf,"sobre el Diferendo Territorial, Insular y Marítimo con Belice. Esto es más que un simple hito procesal para mi país.",primary,yes,"research agent (part1), quote checked against the page"
ceuta,MA,2006-01,statement,Government spokesman (Minister of Communication Nabil Benabdellah),"Morocco called Prime Minister Zapatero's visit to Ceuta and Melilla ""inopportune"" but lodged no official protest (reported by Courrier international citing El País).",https://www.courrierinternational.com/breve/2006/02/01/le-maroc-qualifie-d-inopportune-la-visite-de-zapatero-a-ceuta-et-mellila,"Le Maroc a regretté ce voyage et l’a qualifié d“ ‘inopportun” mais, en revanche, n’a émis aucune protestation officielle.",secondary,yes,"research agent (part2), quote checked against the page"
ceuta,MA,2007-05-31,international,"Government of Morocco (declaration upon ratification of UNCLOS, deposited with the UN Secretary-General)","On ratifying UNCLOS, Morocco declared that Sebta, Melilla and the Spanish islets are Moroccan territories under Spanish occupation and that ratification is no recognition of that occupation (UN Treaty Collection record; Spain objected on 10 Sep 2008).",https://treaties.un.org/Pages/ViewDetailsIII.aspx?src=TREATY&mtdsg_no=XXI-6&chapter=21&Temp=mtdsg3&clang=_en,"The Government of the Kingdom of Morocco affirms once again that Sebta, Melilia, the islet of Al-Hoceima, the rock of Badis and the Chafarinas Islands are Moroccan territories. Morocco has never ceased to demand the recovery of these territories, which are under Spanish occupation",primary,yes,"research agent (round2-a), quote checked against the page"
ceuta,MA,2007-11-02,statement,Ministry of Foreign Affairs and Cooperation,"Morocco recalled its ambassador from Madrid indefinitely over the Spanish King's planned visit to the ""occupied cities"" of Ceuta and Melilla (AP via NBC News, citing MAP).",https://www.nbcnews.com/id/wbna21604565,"Morocco’s Foreign Ministry announced the “indefinite recall for consultation” of Ambassador Omar Azziman “following the official announcement ... of the regrettable visit by his majesty King Juan Carlos on Nov. 5 and 6 to the occupied cities of Ceuta and Melilla,” the official Moroccan news agency MAP said Friday.",secondary,yes,"research agent (part2), quote checked against the page"
ceuta,MA,2007-11-06,statement,King Mohammed VI (Royal statement),"The King condemned the Spanish royal visit and affirmed Morocco's sovereignty rights over the ""two occupied cities and the islands attached to them"" (text reproduced by Bladi.net).",https://www.bladi.net/communique-de-mohammed-vi-denoncant-la-visite-du-roi-d.html,"Tout en exprimant la détermination de Notre Majesté à préserver et à garantir tous Nos droits inaliénables et légitimes de souveraineté, Nous considérons que rien ne saurait modifier ou altérer le statut juridique des deux villes occupées et des îles qui en relèvent,",secondary,yes,"research agent (part2), quote checked against the page"
ceuta,MA,2008-05-23,law,"King (dahir n° 1.04.134), countersigned by Prime Minister Abbas El Fassi; published in Bulletin officiel n° 5714 of 5 Mar 2009","The dahir publishing UNCLOS in Moroccan law carries the government declaration that Sebta and Melilla are Moroccan territories under Spanish occupation (reported by Hespress, 2026; the Bulletin officiel itself was not reached).",https://fr.hespress.com/487179-sebta-et-melilla-un-document-officiel-de-2009-reaffirme-la-position-marocaine-sur-les-iles-et-les-presides-occupes.html,Cette déclaration figure dans le dahir n°1.04.134 du 23 mai 2008 portant publication de la Convention des Nations unies sur le droit de la mer,secondary,yes,"research agent (round2-a), quote checked against the page"
ceuta,MA,2008-07-11,statement,"Prime Minister (Abbas El Fassi), after meeting Spanish PM Zapatero in Morocco; remarks to Moroccan public TV 2M","The Moroccan Prime Minister said he had raised with Zapatero Morocco's ""right"" to ""recover"" Ceuta and Melilla, as every Moroccan and the King feel (reported by Libertad Digital).",https://www.libertaddigital.com/mundo/zapatero-sobre-el-dossier-de-ceuta-y-melilla-seguimos-con-el-dialogo-fructifero-1276334574/,"El primer ministro marroquí, Abbas el Fassi, afirmó este viernes haber reivindicado ante el presidente del Gobierno, José Luis Rodríguez Zapatero, el ""derecho"" de Marruecos a ""recuperar"" Ceuta y Melilla",secondary,yes,"research agent (round2-a), quote checked against the page"
ceuta,MA,2010-05,statement,"Prime Minister (Abbas El Fassi), in the Moroccan parliament","The Prime Minister called on Spain in parliament to open a dialogue on ending the occupation of Sebta and Melilla; the Zapatero government answered there was nothing to discuss (reported by Bladi.net, 3 May 2011, ""en mai dernier"" = May 2010). Day not given.",https://www.bladi.net/maroc-question-sebta-melilla.html,Le fait que le premier ministre Abbas El Fassi ait osé appeler l’Espagne à ouvrir un dialogue sur la fin de l’occupation de Sebta et Melilla en mai dernier au parlement marocain,secondary,yes,"research agent (round2-a), quote checked against the page"
ceuta,MA,2012-06-20,statement,"Minister of Foreign Affairs and Cooperation (Saâdeddine El Othmani), joint press conference in Rabat with Spanish FM García-Margallo","The foreign minister said Morocco's position on the ""occupied cities"" of Sebta and Melilla is unchanged and Morocco wants to open a dialogue with Spain (reported by Bladi.net, 23 Jun 2012; ""mercredi"" = 20 Jun 2012).",https://www.bladi.net/maroc-sebta-melilla.html,"La position du Maroc sur le dossier des villes occupées de Sebta et Melilla n’a pas changé, a indiqué le ministre des Affaires étrangères Saâdedine El Othmani, mercredi lors d’une conférence de presse à Rabat",secondary,yes,"research agent (round2-a), quote checked against the page"
ceuta,MA,2020-12,statement,"Head of Government (Saadeddine El Othmani), TV interview",The Moroccan Head of Government said Ceuta and Melilla are Moroccan like the Sahara and the issue will be reopened one day; Spain summoned Morocco's ambassador (reported by El Mundo).,https://www.elmundo.es/espana/2020/12/21/5fe100ac21efa01f038b458a.html,"En este sentido, ha considerado que ""llegará el día en que vamos a reabrir el asunto de Ceuta y Melilla, territorios marroquíes como el Sáhara"".",secondary,yes,"research agent (part2), quote checked against the page"
ceuta,MA,2021-06-10,statement,"House of Representatives (bureau and presidents of the parliamentary groups, communiqué after an urgent meeting chaired by Speaker Habib El Malki)","Answering the European Parliament resolution on the Ceuta migration crisis, the bureau of the lower house reiterated the legal status of Sebta as ""this occupied Moroccan city"" (reported by Bladi.net, 11 Jun 2021; LesEco.ma 14 Jun 2021 dates the meeting to 10 Jun). Names Ceuta only.","https://www.bladi.net/maroc-chambre-representants-denonce-resolution-europeenne,83607.html",le bureau de la Chambre des Représentants et les Présidents des groupes et le groupement parlementaire réitèrent le statut juridique de « cette ville marocaine occupée »,secondary,yes,"research agent (round2-a), quote checked against the page"
ceuta,MA,2022-09-09,international,"Government of Morocco (written reply to the UN special procedures, OHCHR Geneva, communication AL MAR 2/2022 of 13 Jul 2022)","In its reply on the 24 June 2022 Melilla fence deaths, Morocco wrote that it has no land border with Spain, that Melilla ""remains an occupied presidio"", and called Ceuta and Melilla occupied Moroccan presidios throughout the 11-page letter (reported by El Español, 13 Oct 2022). Hours later a senior MFA official told EFE the April 2022 joint declaration does recognise land borders.",https://www.elespanol.com/mundo/20221013/marruecos-onu-no-frontera-terrestre-espana-melilla/710428955_0.html,"Posteriormente, a lo largo del documento, de 11 páginas, menciona a Ceuta y Melilla en varias ocasiones, y siempre se refiere a ellas como ""presidios marroquíes ocupados"" o ""enclaves"".",secondary,yes,"research agent (round2-a), quote checked against the page"
ceuta,MA,2026-08,statement,"Minister of Justice (Abdellatif Ouahbi), interview with Asharq News",The Justice Minister said Morocco still claims Ceuta and Melilla and raises the issue at every meeting with Spain (reported by Infobae).,https://www.infobae.com/espana/2026/08/11/el-ministro-de-justicia-de-marruecos-sobre-ceuta-y-melilla-cada-vez-que-nos-reunimos-con-espana-planteamos-la-cuestion-seguimos-reivindicando-nuestros-territorios/,"“Nuestra política respecto a este asunto es de largo aliento”, ha matizado el ministro, antes de precisar cuál es el objetivo de esa estrategia: “Seguimos reivindicando nuestros territorios y queremos resolver el problema mediante el diálogo”.",secondary,"no: Morocco's foreign minister told Spain in September 2026 that ministers' remarks on Ceuta and Melilla in the election campaign were party statements, not the official position","research agent (part2), quote checked against the page"
ceuta,MA,2026-08-21,statement,"Minister of Justice (Abdellatif Ouahbi), interview with public channel 2M",The Justice Minister called Ceuta and Melilla a historical and geographical right of Morocco and proposed a dialogue commission for their return; Spain's MFA rejected it (reported by El Español).,https://www.elespanol.com/espana/20260821/marruecos-ceuta-melilla-reclama-derecho-historico-geografico-retorno-seno-patria/1003744359954_0.html,"""La cuestión de Ceuta y Melilla seguirá siendo un tema de diálogo entre nosotros y España, y mantendremos nuestro derecho histórico y nuestro derecho geográfico"", ha declarado Ouahbi en una entrevista con el canal público marroquí 2M.",secondary,"no: Morocco's foreign minister told Spain in September 2026 that ministers' remarks on Ceuta and Melilla in the election campaign were party statements, not the official position","research agent (part2), quote checked against the page"
durand-line,AF,2006-07-06,statement,Islamic Republic of Afghanistan - Foreign Minister Rangin Dadfar Spanta,"FM calls the Durand Line an Afghan 'national issue' beyond his authority (remarks at CSIS, Washington)",https://www.rferl.org/a/1069736.html,"Echoing the policies of Afghan governments from the 1950s to the 1980s, Spanta called the Durand Line an Afghan ""national issue"" that lies beyond his authority as foreign minister.",secondary,yes,"research agent (part3), quote checked against the page"
durand-line,AF,2007-01-10,international,Islamic Republic of Afghanistan - Permanent Representative to the UN,Identical letters to the UN Secretary-General and Security Council President (A/61/695-S/2007/13) opposing Pakistan's fencing and mining of 'its side of the Durand Line',https://documents.un.org/api/symbol/access?s=S/2007/13&l=en&t=pdf,the Islamic Republic of Afghanistan strongly opposes the decision of the Government of the Islamic Republic of Pakistan to fence and mine its side of the Durand Line,primary,yes,"research agent (part3), quote checked against the page"
durand-line,AF,2012-10-22,statement,Islamic Republic of Afghanistan - Ministry of Foreign Affairs (spokesman Janan Mosazai),MoFA rejects US envoy's statement that the Durand Line is an international border,https://web.archive.org/web/20130510142126/http://www.pajhwok.com/en/2012/10/24/no-change-stance-durand-line-faizi,"The Afghan government, therefore, rejects and considers irrelevant any statement by anyone about the legal status of this line,",secondary,yes,"research agent (part3), quote checked against the page"
durand-line,AF,2012-10-24,statement,Islamic Republic of Afghanistan - Presidential spokesman Aimal Faizi,Presidential spokesman says foreign statements do not change Kabul's stance on the Durand Line,https://web.archive.org/web/20130510142126/http://www.pajhwok.com/en/2012/10/24/no-change-stance-durand-line-faizi,"Statements on the legal status of the Durand Land would in no way affect the Afghan people’s decision or the government’s standpoint on the issue, the presidential spokesman said on Wednesday.",secondary,yes,"research agent (part3), quote checked against the page"
durand-line,AF,2013-05,statement,Islamic Republic of Afghanistan - President Hamid Karzai,President says Afghanistan cannot accept the Durand Line (Goshta gate crisis),https://iol.co.za/news/world/2013-05-06-afghans-file-protest-with-pakistan-over-border/,"“Since the Durand Line has been imposed on Afghanistan, it was not acceptable to the Afghans and we cannot accept the Durand Line,” Karzai said last week.",secondary,yes,"research agent (part3), quote checked against the page"
durand-line,AF,2016-06-15,statement,Islamic Republic of Afghanistan - Wolesi Jirga (lower house of parliament),Wolesi Jirga statement condemns Pakistani attack 'along the Durand Line' at Torkham and the construction of border facilities,http://www.outlookafghanistan.net/national_detail.php?post_id=15529,The Wolesi Jirga condemns attack on Afghan border forces along the Durand Line and in Torkham township. It considers the construction of facilities on the border against the bilateral agreement of the two countries.,secondary,yes,"research agent (part3), quote checked against the page"
durand-line,AF,2017-06-20,statement,Islamic Republic of Afghanistan - Minister for Border and Tribal Affairs Abdul Ghafoor,Minister opposes Pakistan's fencing of 'the disputed Durand Line',https://www.aa.com.tr/en/middle-east/afghanistan-opposes-border-fencing-by-pakistan/846274,"“The Afghan government strongly believes that fencing the disputed Durand Line does not help bring peace and security, but actually divides the tribes living since centuries on both sides of the border,” he said.",secondary,yes,"research agent (part3), quote checked against the page"
durand-line,AF,2018-06-21,statement,Islamic Republic of Afghanistan - National Security Adviser Hanif Atmar,NSA denies a secret deal recognising the Durand Line; says no government has the right to talk about it,https://www.arabnews.pk/world/kabul-rejects-reports-of-secret-border-deal-with-pakistan-1325626,"The Durand Line is an issue that belongs to all Afghans, and no government “has the right” to talk about it, he said.",secondary,yes,"research agent (part3), quote checked against the page"
durand-line,AF,2019-09-19,statement,Islamic Republic of Afghanistan - Presidential spokesman Sediq Sediqi,Presidential spokesman says the fate of the Durand Line lies with the people and Afghanistan does not recognise the Torkham inauguration board,http://www.outlookafghanistan.net/national_detail.php?post_id=24576,"Presidential Spokesman Sediq Sediqi on Thursday said the authority to decide the fate of Durand Line lies with the people of Afghanistan, not the state.",secondary,yes,"research agent (part3), quote checked against the page"
durand-line,AF,2020-09-07,statement,Islamic Republic of Afghanistan - First Vice President Amrullah Saleh,First VP says no Afghan politician can overlook the Durand Line and that Peshawar was Afghanistan's winter capital,https://mei.edu/publications/enduring-divide-afghanistan-pakistan-and-durand-line,"On Sept. 7, Afghanistan’s first vice president, Amrullah Saleh, opened Pandora’s box by saying in an interview that “No Afghan politician of national stature can overlook the issue of Durand Line.”",secondary,yes,"research agent (part3), quote checked against the page"
durand-line,AF,2021-12-19,statement,Islamic Emirate (Taliban) - Ministry of Defence spokesman Enayatullah Khwarazmi,MoD spokesman says Taliban forces stopped Pakistan erecting an 'illegal' border fence in Nangarhar,https://pass.dawn.com/news/1665245/taliban-stop-pakistani-troops-from-fencing-border,Afghan defence ministry spokesman Enayatullah Khwarazmi said Taliban forces stopped the Pakistani military from erecting what he called an “illegal” border fence along the eastern province of Nangarhar on Sunday.,secondary,yes,"research agent (part3), quote checked against the page"
durand-line,AF,2022-01,statement,Islamic Emirate (Taliban) - chief spokesman and acting information minister Zabihullah Mujahid,Spokesman says the Durand Line issue is unresolved and fencing divides one nation,https://www.dawn.com/news/1667422,"“The issue of the Durand Line is still an unresolved one, while the construction of fencing itself creates rifts between a nation spread across both sides of the border.",secondary,yes,"research agent (part3), quote checked against the page"
durand-line,AF,2022-01-06,statement,Islamic Emirate (Taliban) - Deputy Minister of Foreign Affairs Sher Mohammad Abbas Stanikzai,"Deputy FM says the Durand Line is an issue for the whole nation, not the government",https://thediplomat.com/2022/01/taliban-pakistan-ties-run-into-trouble/,"“The Durand Line is an issue of the whole nation, not the government. It doesn’t belong to the government. We will give the responsibility to the nation, so the nation will make the decision,” he said.",secondary,yes,"research agent (part3), quote checked against the page"
durand-line,AF,2024-02-16,statement,Islamic Emirate (Taliban) - Deputy Minister of Foreign Affairs Sher Mohammad Abbas Stanikzai,Deputy FM says Afghanistan never recognised and will never recognise the Durand Line; Afghan territory lies beyond it,https://www.tolonews.com/afghanistan-187446,"We have never recognized Durand and will never recognize it, today half of Afghanistan is separated and is on the other side of the Durand Line.",secondary,yes,"research agent (part3), quote checked against the page"
durand-line,AF,2024-12-28,statement,Islamic Emirate (Taliban) - Ministry of National Defense,MoD statement calls the border a 'hypothetical line' while announcing strikes across it,https://www.ariananews.af/afghanistan-carries-out-retaliatory-attack-against-pakistan/,"Several points across the hypothetical line including centers and hideouts of evil elements and their supporters from where attacks were organized in Afghanistan were attacked in revenge from the southeast of the country,",secondary,yes,"research agent (part3), quote checked against the page"
durand-line,AF,2025-10-19,statement,Islamic Emirate (Taliban) - Minister of Defence Mohammad Yaqoob Mujahid,Defence minister says the Durand Line is hypothetical and was not discussed in the Doha ceasefire agreement,https://www.aninews.in/news/world/asia/hypothetical-durand-line-was-not-discussed-afghan-defense-minister-on-doha-talks20251019193938,"Mujahid emphasised that the Durand Line is hypothetical and it was not discussed in any part of the agreement, stressing that the issue is a matter between nations, Tolo News reported.",secondary,yes,"research agent (part3), quote checked against the page"
durand-line,AF,2026-03,statement,Islamic Emirate (Taliban) - Minister of Defence Mohammad Yaqoob Mujahid,Defence minister says Pakistan asked the Taliban to recognise the Durand Line; calls it an unresolved historical issue to be left to the people,https://kabulnow.com/2026/03/taliban-defense-minister-says-pakistan-wants-durand-line-recognized-as-official-border/,He emphasized that the Durand Line is a longstanding historical issue that neither the current nor past governments have resolved and said it should not be allowed to heighten tensions.,secondary,yes,"research agent (part3), quote checked against the page"
eastern-ossetia-claim,area/south-ossetia,2009-07,statement,President Eduard Kokoity,In an interview Kokoity said the Truso Gorge is native Ossetian land and its return to Ossetia must be raised (reported by Civil.ge).,https://civil.ge/archives/275926,"Today, it is necessary to raise the issue of returning these lands to Ossetia,” Kokoity said in an interview in July 2009.",secondary,yes,"research agent (part1), quote checked against the page"
eastern-ossetia-claim,area/south-ossetia,2015-03-19,international,South Ossetian delegation to the Geneva International Discussions (MFA communique),The delegation raised at Geneva the historical territories of Eastern Ossetia controlled by Georgia.,https://mfa.rsogov.org/ru/node/1271,"Югоосетинские участники вынесли на заседание вопрос о проблеме исторических территорий Восточной Осетии, контроль над которыми ныне осуществляет Грузия.",primary,yes,"research agent (part1), quote checked against the page"
eastern-ossetia-claim,area/south-ossetia,2016-03-24,international,South Ossetian delegation to the Geneva International Discussions (MFA communique),The delegation raised Ossetian monuments in the territories of Eastern Ossetia under Georgian control (borderline: cultural-heritage framing).,https://mfa.rsogov.org/ru/node/1659,"находящихся под контролем Грузии территориях Восточной Осетии, куда не допускается изгнанное оттуда осетинское население",primary,yes,"research agent (part1), quote checked against the page"
eastern-ossetia-claim,area/south-ossetia,2017-08-28,statement,Ministry of Foreign Affairs,"MFA statement says the Truso and Ghuda gorges and the Kobi basin are the eastern part of Ossetia's ethnic territory, cut off by the Bolsheviks.",https://mfa.rsogov.org/ru/node/2228,"исторически ущелья Тырсыгом, Кудыком и Кобийская котловина составляют восточную часть этнической территории Осетии",primary,yes,"research agent (part1), quote checked against the page"
eastern-ossetia-claim,area/south-ossetia,2017-12-05,statement,Ministry of Foreign Affairs (spokesperson's comment),"MFA comment on 'historical Eastern Ossetia' (Truso, Ghuda, Kobi) under Georgian control.",https://mfa.rsogov.org/ru/node/2386,"проблема исторической Восточной Осетии (Тырсыгом, Кудыком и Кобийская котловина), территория которой находится под грузинским контролем, давняя и с каждым годом усложняется",primary,yes,"research agent (part1), quote checked against the page"
eastern-ossetia-claim,area/south-ossetia,2018-06-26,statement,Ministry of Foreign Affairs (spokesperson's comment),"MFA comment calls the transfer of Truso, Ghuda and Kobi to the Georgian SSR an annexation by Soviet Georgia.",https://mfa.rsogov.org/ru/node/2606,"Куда более уместно и необходимо говорить об аннексии советской Грузией восточной части Осетии, ущелья Тырсыгом, Кудыком и Кобийская котловина",primary,yes,"research agent (part1), quote checked against the page"
eastern-ossetia-claim,area/south-ossetia,2018-08-24,statement,President Anatoly Bibilov,"Bibilov said the Truso Gorge was recently part of Ossetia, not Georgia.",https://presidentruo.org/anatolij-bibilov-ob-itogax-10-let-priznaniya-yuzhnaya-osetiya-vyxodit-na-novyj-uroven-razvitiya/,"Никто не забыл, что буквально недавно Тырсыгом был частью Осетии, а не Грузии.",primary,yes,"research agent (part1), quote checked against the page"
eastern-ossetia-claim,area/south-ossetia,2019-01-30,statement,"Foreign Minister Dmitry Medoev (interview to Neues Deutschland, published by the MFA)",Medoev said the lands of historical Eastern Ossetia will sooner or later be returned to Ossetia.,https://mfa.rsogov.org/ru/node/2865,рано или поздно эти земли будут возвращены в Осетию и на них будут жить осетины!,primary,yes,"research agent (part1), quote checked against the page"
eastern-ossetia-claim,area/south-ossetia,2019-03-07,statement,"Foreign Minister Dmitry Medoev (interview to the newspaper Respublika, published by the MFA)",Medoev called the Ghuda-Kobi basin primordial lands of Ossetia-Alania transferred by the Bolsheviks.,https://mfa.rsogov.org/ru/node/2878,"Что касается Гудско-Кобинской котловины, могу только в очередной раз повторить: это исконные земли Осетии-Алании",primary,yes,"research agent (part1), quote checked against the page"
eastern-ossetia-claim,area/south-ossetia,2019-07-04,international,South Ossetian delegation to the Geneva International Discussions (MFA communique),The delegation again raised 'historical Eastern Ossetia' under Georgian control at Geneva.,https://mfa.rsogov.org/ru/node/2975,"в очередной раз была поднята проблема исторической Восточной Осетии (Тырсыгом, Кобийская котловина, Гудское ущелье), территория которой находится под грузинским контролем",primary,yes,"research agent (part1), quote checked against the page"
eastern-ossetia-claim,area/south-ossetia,2020-05-23,statement,Ministry of Foreign Affairs (official representative's comment),"MFA comment speaks of Georgia's annexation of the eastern part of historical Ossetia, the Truso Gorge and the Kobi basin.",https://mfa.rsogov.org/ru/node/3177,"задуматься об аннексии Грузией восточной части исторической Осетии - Труссовского ущелья и Кобийской котловины, которую незаконно отторгли большевики",primary,yes,"research agent (part1), quote checked against the page"
eastern-ossetia-claim,area/south-ossetia,2021-07-01,international,South Ossetian delegation to the Geneva International Discussions (MFA communique),The delegation raised the rights of natives of the historical part of Ossetia under Georgian jurisdiction (borderline: rights framing).,https://mfa.rsogov.org/ru/node/3419,"уроженцев исторической части Осетии (Тырсыгом, Кобийская котловина, Гудское ущелье), оказавшейся под юрисдикцией Грузии",primary,yes,"research agent (part1), quote checked against the page"
eastern-ossetia-claim,area/south-ossetia,2021-12-27,statement,President Anatoly Bibilov (year-end press conference),Bibilov referred to Kob and Tyrsygom (Truso) as 'our territories'.,https://presidentruo.org/itogovaya-za-2021-god-press-konferenciya/,"куда делись остальные наши территории, в частности, Коб, Тырсыгом",primary,yes,"research agent (part1), quote checked against the page"
eastern-ossetia-claim,area/south-ossetia,2022-10-06,international,South Ossetian delegation to the Geneva International Discussions (MFA communique),The delegation raised Georgia's denial of access to natives of the Kazbegi district (Tyrsygom); no territorial claim stated (borderline).,https://mfa.rsogov.org/ru/node/3713,грубые нарушения Грузией прав осетин - уроженцев Казбегского района (Тырсыгом),primary,yes,"research agent (part1), quote checked against the page"
eastern-ossetia-claim,area/south-ossetia,2023-12-06,international,South Ossetian delegation to the Geneva International Discussions (MFA communique),Same rights-only formula on natives of the Kazbegi district (Tyrsygom); no territorial claim stated (borderline).,https://mfa.rsogov.org/ru/node/3912,грубые нарушения Грузией прав осетин - уроженцев Казбегского района (Тырсыгом),primary,yes,"research agent (part1), quote checked against the page"
eastern-ossetia-claim,area/south-ossetia,2024-06-26,international,South Ossetian delegation to the Geneva International Discussions (MFA communique),Same rights-only formula on natives of the Kazbegi district (Tyrsygom); no territorial claim stated (borderline).,https://mfa.rsogov.org/ru/node/4015,продолжающиеся грубые нарушения Грузией прав осетин – уроженцев Казбегского района (Тырсыгом),primary,yes,"research agent (part1), quote checked against the page"
eastern-ossetia-claim,area/south-ossetia,2025-11-12,international,South Ossetian delegation to the Geneva International Discussions (MFA communique),Same rights-only formula on natives of the Kazbegi district (Tyrsygom); no territorial claim stated (borderline).,https://mfa.rsogov.org/ru/node/4769,продолжающиеся грубые нарушения Грузией прав осетин - уроженцев Казбегского района (Тырсыгом),primary,yes,"research agent (part1), quote checked against the page"
eastern-ossetia-claim,area/south-ossetia,2026-03-19,international,South Ossetian delegation to the Geneva International Discussions (MFA communique),"The delegation raised access to homes and lands 'in the Tyrsygom valley in the Kazbegi district of Georgia'; locates the area in Georgia, no territorial claim (borderline).",https://mfa.rsogov.org/ru/node/4840,отказывают в доступе к их домам и исконным землям в долине Тырсыгом в Казбегском районе Грузии,primary,yes,"research agent (part1), quote checked against the page"
essequibo,VE,2000-05-23,statement,Ministry of Foreign Affairs (communiqué),Communiqué protesting Guyana's agreement with Beal Aerospace for a launch site in the Essequibo and rejecting all concessions granted there.,https://ipsnoticias.net/2000/05/guyana-venezuela-base-de-satelites-perturba-diferendo-limitrofe/,"La cancillería de Venezuela reiteró que ""no reconoce las concesiones y otras cesiones otorgadas en el territorio Esequibo o en su proyección marítima"", y expresa preocupación por el otorgamiento por parte de Guyana de autorizaciones para operar allí a empresas ""de toda índole"".",secondary,yes,"research agent (part2), quote checked against the page"
essequibo,VE,2000-07-26,statement,Minister of Foreign Affairs José Vicente Rangel (television interview),Foreign minister says Venezuela will itself grant oil concessions in the disputed Essequibo area and warns companies holding Guyanese concessions.,https://edition.cnn.com/2000/WORLD/americas/07/26/venezuela.guyana.reut/index.html,"CARACAS (Reuters) -- Venezuela said Wednesday it would grant oil exploration concessions in a large disputed border area that is currently part of Guyana, raising the stakes in a bitter war of words with its eastern neighbor.",secondary,yes,"research agent (part2), quote checked against the page"
essequibo,VE,2003-12-07,statement,"President Hugo Chávez (weekly programme Aló, Presidente)",The President states on his weekly programme that the Essequibo is Venezuelan land taken by the British empire (per the MFA's 2015 book 'Guayana Esequiba: historia de un despojo').,https://aviacion.mil.ve/wp-content/uploads/2026/07/GUAYANA-ESEQUIBA-HISTORIA-DE-UN-DESPOJO.pdf,"2003 7 de diciembre. El presidente Hugo Chávez en su programa dominical Aló, Presidente dice con respecto al Esequibo: “Esa tierra es venezolana y nos la quitó el imperio inglés”.",primary,yes,"research agent (part2), quote checked against the page"
essequibo,VE,2010-10-05,international,"Permanent Representative Jorge Valero Briceño (UN General Assembly, debate on the Secretary-General's report)",Venezuela's UN ambassador welcomes the appointment of a new Good Officer on the Guyana-Venezuela controversy over the Essequibo territory.,https://documents.un.org/api/symbol/access?s=A/65/PV.26&l=en&t=pdf,"A distinguished Jamaican, Mr. Norman Girvan, was appointed to that post to encourage dialogue on the dispute between Venezuela and Guyana over the Guyana-Essequibo territory.",primary,yes,"research agent (part2), quote checked against the page"
essequibo,VE,2011-09-29,statement,President Hugo Chávez,"Amid Guyana's continental shelf submission, the President says Venezuelans have always known the Essequibo belongs to them, while stressing peaceful handling (per the MFA's 2015 book).",https://aviacion.mil.ve/wp-content/uploads/2026/07/GUAYANA-ESEQUIBA-HISTORIA-DE-UN-DESPOJO.pdf,29 de septiembre. El presidente Hugo Chávez declara: El pueblo venezolano siempre ha tenido conciencia sobre el hecho de que el Esequipo le pertenece.,primary,yes,"research agent (part2), quote checked against the page"
essequibo,VE,2011-09-30,international,"Minister of Foreign Affairs Nicolás Maduro (joint declaration with Guyana's foreign minister, Port of Spain)",Joint declaration in which Venezuela recalls its sovereignty and jurisdiction in the Atlantic front and both sides recognise the 1899 Award controversy still exists (text reproduced in the MFA's 2015 book).,https://aviacion.mil.ve/wp-content/uploads/2026/07/GUAYANA-ESEQUIBA-HISTORIA-DE-UN-DESPOJO.pdf,"Por su parte, Venezuela recordó su legítimo derecho de soberanía y jurisdicción en la Fachada Atlántica.",primary,yes,"research agent (part2), quote checked against the page"
essequibo,VE,2012-03-09,international,Minister of Foreign Affairs,Letter to the UN Secretary-General objecting to Guyana's continental shelf submission as covering the territory west of the Essequibo under dispute.,https://www.un.org/depts/los/clcs_new/submissions_files/guy57_11/clcs57_2011_ven_e.pdf,"proposes a limit for the continental shelf formed by the territory west of the Essequibo river, which is the subject of a territorial sovereignty dispute under the Geneva Agreement of 1966",primary,yes,"research agent (part2), quote checked against the page"
essequibo,VE,2013-10,statement,Ministry of Foreign Affairs (communiqué),"After the navy detains the Guyana-licensed survey ship Teknik Perdana, the foreign ministry lodges an 'energetic protest' over illicit activities in Venezuelan maritime space.",https://www.bbc.com/mundo/noticias/2013/10/131014_venezuela_guyana_barco_disputa_dp,"La Cancillería en Caracas confirmó la detención y reiteró, con una ""enérgica protesta"", que se realizaron actividades ""ilícitas dentro del espacio marítimo"" de Venezuela.",secondary,yes,"research agent (part2), quote checked against the page"
essequibo,VE,2015-02-26,international,Government of Venezuela (demand to Guyana and ExxonMobil),"Venezuela demands that Guyana and ExxonMobil halt activities in the Stabroek block, a zone under claim (per the MFA's 2015 book chronology).",https://aviacion.mil.ve/wp-content/uploads/2026/07/GUAYANA-ESEQUIBA-HISTORIA-DE-UN-DESPOJO.pdf,26 de febrero. Venezuela exige a Guyana y a la Exxon Mobil la paralización de sus actividades en el Bloque Stabroek y advierte sobre toda ilegalidad de las operaciones en una zona objeto de reclamación,primary,yes,"research agent (part2), quote checked against the page"
essequibo,VE,2015-05-26,law,"President Nicolás Maduro (Decree No. 1.787, Gaceta Oficial 40.669 of 8 June 2015)","Decree creating maritime defence zones whose Atlantic zone runs to the mouth of the Essequibo, with an area left 'to be delimited' pending the controversy with Guyana.",https://tugacetaoficial.com/leyes/decreto-no-1-787-mediante-el-cual-se-crean-y-activan-las-zonas-operativas-de-defensa-integral-maritima-e-insular-zodimain/,"Sin embargo existe un área marítima por delimitar, que será determinada una vez se resuelva la controversia pendiente entre la República Bolivariana de Venezuela y la República Cooperativa de Guyana según el acuerdo de Ginebra de 1966",primary,yes,"research agent (part2), quote checked against the page"
essequibo,VE,2015-07-09,international,Government of Venezuela (communication to the UN Secretary-General),Venezuela asks the UN Secretary-General to have a new Good Officer appointed for the controversy (as recounted in Venezuela's 2019 Memorandum).,https://web.archive.org/web/20230603222426id_/https://icj-cij.org/sites/default/files/case-related/171/171-20191128-WRI-01-00-EN.pdf,"Therefore, Venezuela needed to resort once again to the Secretary General of the United Nations Organization on July 9th, 2015, requesting him to intercede so that the Parties proceed with the appointment of a new good officer.",primary,yes,"research agent (part2), quote checked against the page"
essequibo,VE,2015-09-29,international,President Nicolás Maduro (UN General Assembly general debate),In the UNGA general debate the President refers to Venezuela's historical claim and his meeting with Guyana's President convened by the Secretary-General.,https://documents.un.org/api/symbol/access?s=A/70/PV.17&l=en&t=pdf,"Again, I am glad to say that peaceful diplomacy prevailed and allowed us to successfully take steps in connection with a historical claim that Venezuela has had since 1835.",primary,yes,"research agent (part2), quote checked against the page"
essequibo,VE,2016-03-15,international,Government of Venezuela (communication to the UN Secretary-General),Communication to the UN Secretary-General opposing judicial settlement of the territorial controversy (as recounted in Venezuela's 2019 Memorandum).,https://web.archive.org/web/20230603222426id_/https://icj-cij.org/sites/default/files/case-related/171/171-20191128-WRI-01-00-EN.pdf,"Venezuela sent on March 15th, 2016 a communication to the Secretary General of the United Nations Organization explaining, based on the Geneva Agreement, the reasons preventing to resort to the judicial way",primary,yes,"research agent (part2), quote checked against the page"
essequibo,VE,2017-09-25,international,Minister of Foreign Affairs Jorge Arreaza (UN General Assembly general debate),In the UNGA general debate the foreign minister refers to the ongoing territorial dispute with Guyana under the Geneva Agreement good-offices process.,https://documents.un.org/api/symbol/access?s=A/72/PV.23&l=en&t=pdf,"mechanism so as reach a practical solution, satisfactory to the parties, in the case of the ongoing territorial dispute between ourselves and our brothers and neighbours in the cooperative Republic of Guyana.",primary,yes,"research agent (part2), quote checked against the page"
essequibo,VE,2018-02-01,statement,Government of Venezuela (MFA communiqué),"Communiqué responding to the UN Secretary-General's referral of the controversy to the ICJ, reaffirming the Geneva Agreement as the only path.",https://mppre.gob.ve/publicacion/208,"Venezuela ratifica la plena vigencia del Acuerdo de Ginebra del 17 de febrero de 1966, suscrito y ratificado entre nuestro país y el Reino Unido de la Gran Bretaña e Irlanda del Norte, en consulta con el Gobierno de la Guayana Británica",primary,yes,"research agent (part2), quote checked against the page"
essequibo,VE,2018-06-18,court,President Nicolás Maduro (letter handed to the ICJ President by the Executive Vice-President); MFA communiqué,"At the ICJ President's meeting on Guyana's application, Venezuela hands over a presidential letter stating it will not take part, the Court lacking jurisdiction.",https://mppre.gob.ve/publicacion/336,"ha comunicado al Presidente de la Corte, mediante misiva suscrita por el Presidente de la República, Nicolás Maduro Moros, su decisión soberana de no participar en el procedimiento que pretende incoar Guyana, por carecer la Corte manifiestamente de jurisdicción",primary,yes,"research agent (part2), quote checked against the page"
essequibo,VE,2019-09-27,international,Executive Vice-President Delcy Rodríguez (UN General Assembly general debate),At the 74th UNGA general debate Venezuela's Vice-President ratifies the claim to Guayana Esequiba under the Geneva Agreement.,https://mppre.gob.ve/publicacion/553-0,"el día 27 de septiembre de 2019, en el marco de la 74ta Asamblea General de las Naciones Unidas, la Vicepresidenta de la República, Delcy Rodríguez, ratificó ante todos los países del mundo nuestra legítima reclamación sobre la Guayana Esequiba sujeta al Acuerdo de Ginebra del 17 de febrero de 1966.",primary,yes,"research agent (part2), quote checked against the page"
essequibo,VE,2019-10-03,statement,Government of Venezuela (MFA communiqué),Communiqué on the 120th anniversary of the 1899 Award reiterating Venezuela's territorial claim to Guayana Esequiba; it reports the Vice-President's 27 Sept 2019 UNGA statement.,https://mppre.gob.ve/publicacion/553-0,"la República Bolivariana de Venezuela reitera con absoluta firmeza su histórica contención territorial sobre el Esequibo, en razón de que se pretende despojar a nuestra Patria de sus legítimos derechos sobre la Guayana Esequiba.",primary,yes,"research agent (part2), quote checked against the page"
essequibo,VE,2019-11-28,court,Government of Venezuela (Memorandum to the ICJ),Memorandum to the ICJ in Guyana v. Venezuela contesting jurisdiction and asserting the territorial dispute over Guayana Esequiba under the Geneva Agreement.,https://web.archive.org/web/20230603222426id_/https://icj-cij.org/sites/default/files/case-related/171/171-20191128-WRI-01-00-EN.pdf,This Agreement is the unquestionable regulatory framework for the settlement of the territorial dispute between Guyana and Venezuela over the Guayana Esequiba. This has been persistently upheld by Venezuela,primary,yes,"research agent (part2), quote checked against the page"
essequibo,VE,2020-07-24,court,Minister of Foreign Affairs (letter to the ICJ President),Letter to the ICJ President maintaining Venezuela's objections and describing the case as a territorial controversy under the Geneva Agreement.,https://web.archive.org/web/20230603220908id_/https://icj-cij.org/sites/default/files/case-related/171/171-20200724-OTH-01-00-EN.pdf,"The objections by Venezuela to the jurisdiction of the Court remain wholly valid, effective and relevant and should lead the Court to declare that it does not have jurisdiction to entertain Guyana's Application.",primary,yes,"research agent (part2), quote checked against the page"
essequibo,VE,2020-12-18,statement,Government of Venezuela (MFA communiqué),Communiqué rejecting the ICJ judgment on jurisdiction and stating Venezuela will continue to press its claim.,https://mppre.gob.ve/publicacion/696,"la República Bolivariana de Venezuela repudia el fallo emitido por la CIJ en los términos referidos, a la vez que reivindica, una vez más, la vigencia del Acuerdo de Ginebra de 1966 y ratifica que continuará ejerciendo su justo reclamo",primary,yes,"research agent (part2), quote checked against the page"
essequibo,VE,2021-01-21,statement,Government of Venezuela (MFA communiqué),"Communiqué contesting the ICJ's handling of Guyana's application and the scheduling of the case, closing with the Essequibo motto.",https://mppre.gob.ve/publicacion/708,"la República Bolivariana de Venezuela ha afirmado que esta sentencia no se ajusta a derecho, en tanto que los argumentos esgrimidos por la Corte para sustentar su decisión no solo son insuficientes para establecer el consentimiento de las Partes",primary,yes,"research agent (part2), quote checked against the page"
essequibo,VE,2022-06-07,court,Government of Venezuela (filing at the ICJ),Venezuela files preliminary objections to the admissibility of Guyana's application at the ICJ.,https://web.archive.org/web/20230603201957id_/https://icj-cij.org/sites/default/files/case-related/171/171-20220607-WRI-01-00-EN.pdf,The Bolivarian Republic of Venezuela hereby files preliminary objections to the admissibility of the application of the Co-operative Republic of Guyana in the terms provided in Article 79 bis of the Rules of Court.,primary,yes,"research agent (part2), quote checked against the page"
essequibo,VE,2022-11-17,court,Executive Vice-President Delcy Rodríguez (oral pleading at the ICJ),Venezuela pleads its preliminary objections at the ICJ; its head of delegation asserts Venezuela's title to the territory west of the Essequibo.,https://web.archive.org/web/20230603221928id_/https://icj-cij.org/sites/default/files/case-related/171/171-20221117-ORA-01-00-BI.pdf,Le Venezuela est le seul et l’unique héritier historique indiscutable du territoire situé à l’ouest du fleuve Essequibo.,primary,yes,"research agent (part2), quote checked against the page"
essequibo,VE,2023-10-12,statement,Government of Venezuela (MFA communiqué),Communiqué protesting Guyana's offshore licensing round in undelimited waters and warning participating companies.,https://mppre.gob.ve/publicacion/2156-0,"Finalmente, el Gobierno de la República Bolivariana de Venezuela, advierte a todas las empresas que participen en el ilegal proceso de licitación convocado por Guyana, que aplicará todas las medidas necesarias para evitar la explotación ilegítima de los recursos naturales que pertenecen a nuestra nación.",primary,yes,"research agent (part2), quote checked against the page"
essequibo,VE,2023-12-06,statement,President Nicolás Maduro,"After the 3 December 2023 consultative referendum, the President announces nine measures, incl. a High Commission and an organic law to create the Guayana Esequiba state.",https://mppre.gob.ve/publicacion/2245-anuncios-para-la-proteccion-y-defensa-de-la-guayana-esequiba,"En una ratificación del carácter vinculante del referéndum consultivo del domingo 3 de diciembre, el presidente de la República Bolivariana de Venezuela, Nicolás Maduro Moros, anunció nueve acciones estratégicas para ejecutar las decisiones aprobadas por el pueblo venezolano en defensa de los derechos históricos sobre la Guayana Esequiba.",primary,yes,"research agent (part2), quote checked against the page"
essequibo,VE,2024-01-31,international,Government (letter to the UN Secretary-General),Letter to the UN Secretary-General rejecting Guyana's 2011 continental shelf submission as an act against Venezuelan sovereignty.,https://www.un.org/depts/los/clcs_new/submissions_files/guy57_11/20240131VenLetUn001E.pdf,The Government of the Bolivarian Republic of Venezuela emphasizes that the Guianese submission is a serious event committed against the sovereignty of our country.,primary,yes,"research agent (part2), quote checked against the page"
essequibo,VE,2024-04-03,law,"National Assembly (Ley Orgánica, Gaceta Oficial 6.798 Extraordinario)",Organic Law for the Defence of Guayana Esequiba published; it declares the territory usurped by Guyana and creates the state of Guayana Esequiba.,https://inea.gob.ve/wp-content/uploads/2026/04/Ley-Organica-para-la-Defensa-de-la-Guayana-Esequiba.pdf,"Esta Ley tiene por objeto establecer los medios y mecanismos orientados a la defensa del territorio de la Guayana Esequiba, actualmente usurpado por la República Cooperativa de Guyana, como resultado del írrito Laudo Arbitral de 1899",primary,yes,"research agent (part2), quote checked against the page"
essequibo,VE,2024-04-08,court,Government of Venezuela (Counter-Memorial filed at the ICJ; MFA communiqué),Venezuela files its Counter-Memorial on the merits at the ICJ setting out its sovereign right over Guayana Esequiba.,https://mppre.gob.ve/publicacion/2347-la-verdad-de-venezuela-prevalecera-frente-al-despojo-imperial-recuperaremos-el-esequibo,"La República Bolivariana de Venezuela informa la presentación, ante la Corte Internacional de Justicia (CIJ), del documento contentivo de la verdad sólida y la posición oficial, en relación con las bases históricas y actuales de su derecho soberano sobre la Guayana Esequiba.",primary,yes,"research agent (part2), quote checked against the page"
essequibo,VE,2024-09-25,international,Minister of Foreign Affairs Yván Gil (UN General Assembly general debate),At the 79th UNGA general debate the foreign minister invokes the 2023 referendum mandate to recover Guayana Esequiba.,https://mppre.gob.ve/publicacion/2996-0,"“El pasado 3 de diciembre de 2023, el pueblo venezolano se expresó con claridad y contundencia, en un referéndum consultivo, mediante el cual otorgó un mandato ineludible al Estado venezolano para recuperar la Guayana Esequiba, territorio que representa una herencia sagrada de la lucha de nuestros Libertadores”",primary,yes,"research agent (part2), quote checked against the page"
essequibo,VE,2025-02-17,statement,Government of Venezuela (MFA communiqué),Communiqué on the 59th anniversary of the Geneva Agreement denouncing Guyana's disposal of a territory that does not belong to it.,https://mppre.gob.ve/publicacion/4056-0,"Venezuela reafirma la plena vigencia del Acuerdo de Ginebra y denuncia las constantes y sistemáticas violaciones por parte del Gobierno de la República Cooperativa de Guyana, que ha pretendido desconocer sus compromisos y disponer unilateralmente de un territorio que no le pertenece",primary,yes,"research agent (part2), quote checked against the page"
essequibo,VE,2025-05-25,statement,President Nicolás Maduro,"On the day Venezuela elects for the first time a governor and legislative council for its 'Guayana Esequiba' state, the President declares Guyana an illegal occupier.",https://mppre.gob.ve/publicacion/4968-presidente-maduro-vamos-a-recuperar-la-guayana-esequiba-para-el-pueblo,"«Es el ejercicio de la soberanía real, porque la República Cooperativa de Guyana ha sido ocupante ilegal como herencia del imperio británico, que ocupó ilegalmente ese territorio;",primary,yes,"research agent (part2), quote checked against the page"
essequibo,VE,2025-08-11,court,Attorney General and UN ambassador (Rejoinder filed at the ICJ); Executive Vice-President (communiqué),Venezuela files its Rejoinder at the ICJ asserting its historic rights and titles over Guayana Esequiba.,https://mppre.gob.ve/publicacion/5528-0,"La República Bolivariana de Venezuela presentó un nuevo documento ante la Corte Internacional de Justicia (CIJ), con pruebas que reivindican los derechos históricos y legítimos de la nación sobre la Guayana Esequiba.",primary,yes,"research agent (part2), quote checked against the page"
essequibo,VE,2026-05-11,court,Acting President Delcy Rodríguez (oral pleading at the ICJ merits hearings),"Venezuela appears at the ICJ merits hearings (4-11 May 2026); the acting President pleads in person, rejecting the Court's jurisdiction over the Guayana Esequiba controversy.",https://mppre.gob.ve/publicacion/7240,"la presidenta Encargada de la República Bolivariana de Venezuela, Delcy Rodríguez, manifestó de forma contundente la postura histórica de la Nación: «Venezuela nunca ha otorgado consentimiento para someter la controversia territorial sobre la Guayana Esequiba a la jurisdicción de esta corte».",primary,yes,"research agent (part2), quote checked against the page"
essequibo,VE,2026-09,international,President Delcy Rodríguez (UN General Assembly general debate),In the general debate of the 81st UN General Assembly the President reaffirms Venezuela's historic rights over Guayana Esequiba.,https://mppre.gob.ve/publicacion/8383,"En su intervención esta semana en el Debate General del 81.° período ordinario de sesiones de la Asamblea General de la Organización de las Naciones Unidas (ONU), en Nueva York, la presidenta Delcy Rodríguez reafirmó los históricos derechos de Venezuela sobre la Guayana Esequiba",primary,yes,"research agent (part2), quote checked against the page"
essequibo,VE,2026-09-25,statement,Minister of Foreign Affairs Félix Plasencia,Foreign minister states Venezuela will not abide by any ICJ decision on the Guayana Esequiba controversy and only bilateral negotiation is legitimate.,https://mppre.gob.ve/publicacion/8383,"""Venezuela ratifica su histórica posición de no reconocimiento de la jurisdicción de la Corte Internacional de Justicia (CIJ) para la dirimir la controversia territorial sobre la Guayana Esequiba"", reiteró este viernes el ministro para Relaciones Exteriores y Comercio Internacional, Félix Plasencia González",primary,yes,"research agent (part2), quote checked against the page"
essequibo,VE,2026-10-03,statement,Ministry of Foreign Affairs (communiqué),Communiqué on the 127th anniversary of the 1899 Award reaffirming rejection of the Award and Venezuela's historic rights over Guayana Esequiba.,https://mppre.gob.ve/publicacion/8417-venezuela-reafirma-su-historico-firme-e-irrevocable-rechazo-al-laudo-arbitral-de-paris-de-1899,"A 127 años de aquel artificio, viciado de nulidad desde sus orígenes, Venezuela ratifica sus derechos históricos sobre la Guayana Esequiba y reafirma la plena vigencia del Acuerdo de Ginebra de 1966",primary,yes,"research agent (part2), quote checked against the page"
estonia-russia-border,EE,2020-01-01,statement,President of the Riigikogu Henn Põlluaas (EKRE),New Year address on ETV: all states recognised restored Estonia in all its attributes including the (Tartu) state border; the Tartu treaty is in force,https://lounaeestlane.ee/riigikogu-esimehe-henn-polluaasa-uusaastatervitus/,"Taasiseseisvumisel tunnustasid kõik riigid meid Eesti Vabariigi õigusjärglasena kõikides selle tunnustes, kaasa arvatud riigipiir.",secondary,yes,"research agent (part3), quote checked against the page"
estonia-russia-border,EE,2020-02-02,statement,President of the Riigikogu Henn Põlluaas (EKRE),Speech at the Tartu Peace Treaty centenary: Russia annexed the lands beyond the Narva river and Petserimaa; Estonia needs no border treaty voiding the Tartu treaty,https://www.riigikogu.ee/wpcms/wp-content/uploads/2020/01/K%C3%B5ne-Tartus-2.02.20.pdf,Venemaa on rahvusvahelist õigust rikkudes annekteerinud Narva jõe taguse ja Petserimaa ning keeldub tunnustamast Tartu rahu kehtivust.,primary,yes,"research agent (part3), quote checked against the page"
estonia-russia-border,EE,2021-01,statement,President of the Riigikogu Henn Põlluaas (EKRE),New Year address restates that the border line set by the Tartu Peace Treaty is still valid (reported via Russian Duma reactions),https://www.err.ee/1227196/vene-poliitikud-kritiseerisid-polluaasa-viidet-tartu-rahu-jargsele-piirile,Vene parlamendiliikmed kritiseerisid riigikogu esimehe Henn Põlluaasa uusaastatervituses esitatud seisukohta Tartu rahulepingus sätestatud piirijoone kehtivusele ka praegu.,secondary,yes,"research agent (part3), quote checked against the page"
estonia-russia-border,EE,2021-02-24,statement,"President of the Riigikogu Henn Põlluaas (EKRE), speech at the state flag-raising ceremony on Independence Day",The Riigikogu President said the border fixed by the Tartu treaty is still valid although Russia still occupies Petserimaa and the lands beyond the Narva; Estonia need not legalise the occupation with a new border treaty (Riigikogu press release).,https://www.riigikogu.ee/pressiteated/riigikogu-esimehe-henn-polluaasa-kone-pidulikul-riigilipu-heiskamise-tseremoonial-2/,"Samuti kehtib sellega kindlaks määratud riigipiir, hoolimata sellest, et Venemaa okupeerib endiselt Petserimaad ja Narva-taguseid alasid.",primary,yes,"research agent (round2-a), quote checked against the page"
falkland-islands,AR,2000-09-07,international,"President Fernando de la Rúa (UN Millennium Summit, General Assembly)","Called on the UK to resume negotiations on the sovereignty dispute over the Malvinas, South Georgia and South Sandwich Islands.",https://documents.un.org/api/symbol/access?s=A/55/PV.6&l=en,"sovereignty dispute, thus ending a colonial situation",primary,yes,"research agent (part1), quote checked against the page"
falkland-islands,AR,2001-11-10,international,President Fernando de la Rúa (UNGA general debate),Restated the sovereignty dispute and the constitutional aim of recovering the islands as part of national territory.,https://documents.un.org/api/symbol/access?s=A/56/PV.44&l=en,"sovereignty over that part of our national territory,",primary,yes,"research agent (part1), quote checked against the page"
falkland-islands,AR,2002-09-17,international,Foreign Minister Carlos Ruckauf (UNGA general debate),Restated the sovereignty dispute and the constitutional aim of recovering the islands as part of national territory.,https://documents.un.org/api/symbol/access?s=A/57/PV.12&l=en,"sovereignty over that part of our national territory,",primary,yes,"research agent (part1), quote checked against the page"
falkland-islands,AR,2003-09-25,international,President Néstor Kirchner (UNGA general debate),"Raised Argentina's sovereignty dispute over the Malvinas, South Georgia and South Sandwich Islands.",https://documents.un.org/api/symbol/access?s=A/58/PV.11&l=en,to our feelings and interests as our sovereignty dispute,primary,yes,"research agent (part1), quote checked against the page"
falkland-islands,AR,2004-09-21,international,President Néstor Kirchner (UNGA general debate),Called for bilateral negotiations with the UK to settle the sovereignty dispute.,https://documents.un.org/api/symbol/access?s=A/59/PV.4&l=en,"lasting solution to this sovereignty dispute, which is an",primary,yes,"research agent (part1), quote checked against the page"
falkland-islands,AR,2005-09-18,international,Foreign Minister Rafael Bielsa (UNGA general debate),"Stated that recovering sovereignty over the Malvinas, South Georgia and South Sandwich Islands is a national interest.",https://documents.un.org/api/symbol/access?s=A/60/PV.12&l=en,"exercise of sovereignty over the Malvinas, South",primary,yes,"research agent (part1), quote checked against the page"
falkland-islands,AR,2006-09-20,international,President Néstor Kirchner (UNGA general debate),Restated the sovereignty dispute and called for bilateral negotiations with the UK.,https://documents.un.org/api/symbol/access?s=A/61/PV.13&l=en,involves a sovereignty dispute that must be resolved,primary,yes,"research agent (part1), quote checked against the page"
falkland-islands,AR,2007-09-25,international,President Néstor Kirchner (UNGA general debate),Called the islands Argentine national territory illegally occupied since 1833.,https://documents.un.org/api/symbol/access?s=A/62/PV.5&l=en,of Argentine national territory. Ever since that act of,primary,yes,"research agent (part1), quote checked against the page"
falkland-islands,AR,2008-09-23,international,President Cristina Fernández de Kirchner (UNGA general debate),Raised 'our Malvinas Islands' as a colonial enclave and asked the UN to urge the UK to negotiate.,https://documents.un.org/api/symbol/access?s=A/63/PV.5&l=en,"Here I refer to the issue of our Malvinas Islands,",primary,yes,"research agent (part1), quote checked against the page"
falkland-islands,AR,2009-09-23,international,President Cristina Fernández de Kirchner (UNGA general debate),Called the Malvinas a colonial enclave and pressed the sovereignty question.,https://gadebate.un.org/sites/default/files/gastatements/64/64_ar_es_24.pdf,en donde aún tenemos un enclave colonial: nuestras Islas Malvinas,primary,yes,"research agent (part1), quote checked against the page"
falkland-islands,AR,2009-11-18,law,National Congress (Ley 26.552),"Law redefining the province of Tierra del Fuego to include the Malvinas, South Georgia and South Sandwich Islands.",http://servicios.infoleg.gob.ar/infolegInternet/anexos/160000-164999/161401/norma.htm,"las islas Malvinas, la isla Beauchêne, las rocas Cormorán y Negra, las islas Georgias del Sur, las islas Sandwich del Sur",primary,yes,"research agent (part1), quote checked against the page"
falkland-islands,AR,2010-02-16,law,President (Decreto 256/2010),"Decree requiring prior authorisation for ships sailing between the mainland and the islands, stating the UK occupies them illegitimately.",http://servicios.infoleg.gob.ar/infolegInternet/anexos/160000-164999/164297/norma.htm,"ocupa ilegítimamente las ISLAS MALVINAS, GEORGIAS DEL SUR Y SANDWICH DEL SUR",primary,yes,"research agent (part1), quote checked against the page"
falkland-islands,AR,2010-09-24,international,President Cristina Fernández de Kirchner (UNGA general debate),Claimed Argentina's sovereign rights over the Malvinas before the Assembly.,https://gadebate.un.org/sites/default/files/gastatements/65/65_ar_es_24.pdf,debemos una vez más en esta Asamblea reclamar por nuestros derechos soberanos en las islas Malvinas,primary,yes,"research agent (part1), quote checked against the page"
falkland-islands,AR,2010-10-20,map,National Congress (Ley 26.651),Law making the bicontinental map of Argentina (by the Instituto Geográfico Nacional) mandatory in education and public offices.,http://servicios.infoleg.gob.ar/infolegInternet/anexos/175000-179999/175020/norma.htm,el mapa bicontinental de la República Argentina el cual muestra el sector antártico en su real proporción con relación al sector continental e insular,primary,yes,"research agent (part1), quote checked against the page"
falkland-islands,AR,2011-09-21,international,President Cristina Fernández de Kirchner (UNGA general debate),Raised the question of sovereignty over the Malvinas.,https://gadebate.un.org/sites/default/files/gastatements/66/ar_es_25.pdf,"Malvinas, la cuestión de soberanía sobre Malvinas es también una prueba de fuego para este cuerpo",primary,yes,"research agent (part1), quote checked against the page"
falkland-islands,AR,2012-09-25,international,President Cristina Fernández de Kirchner (UNGA general debate),Said the UK illegally usurped 'our Malvinas islands' and recalled her June appearance before the Decolonization Committee.,https://documents.un.org/api/symbol/access?s=A/67/PV.7&l=en,Kingdom illegally usurped our Malvinas islands. Not,primary,yes,"research agent (part1), quote checked against the page"
falkland-islands,AR,2013-09-24,international,President Cristina Fernández de Kirchner (UNGA general debate),Raised the sovereignty dispute over 'our Malvinas Islands'.,https://documents.un.org/api/symbol/access?s=A/68/PV.7&l=en,in connection with the sovereignty dispute involving,primary,yes,"research agent (part1), quote checked against the page"
falkland-islands,AR,2014-09-24,international,President Cristina Fernández de Kirchner (UNGA general debate),Restated Argentina's sovereignty claim against the UK and asked the Assembly to urge negotiations.,https://documents.un.org/api/symbol/access?s=A/69/PV.6&l=en,against the United Kingdom on a matter of sovereignty.,primary,yes,"research agent (part1), quote checked against the page"
falkland-islands,AR,2015-06-25,international,Foreign Minister Héctor Timerman (UN Special Committee on Decolonization),Contested British occupation of 'that part of Argentine territory' and demanded restitution.,https://documents.un.org/api/symbol/access?s=A/AC.109/2015/SR.6&l=en,contest British occupation of that part of Argentine,secondary,yes,"research agent (part1), quote checked against the page"
falkland-islands,AR,2016-01-03,statement,"Ministry of Foreign Affairs (communique, reproduced by the Embassy in Colombia)","On the 183rd anniversary of 1833, reaffirmed Argentina's sovereignty rights over the islands.",https://ecolo.cancilleria.gob.ar/es/content/3-de-enero-de-2016-183-a%C3%B1os-de-la-usurpaci%C3%B3n-brit%C3%A1nica-de-las-islas-malvinas,el pueblo y el gobierno argentino reafirman una vez más los imprescriptibles derechos de soberanía de la República Argentina sobre las Islas Malvinas,primary,yes,"research agent (part1), quote checked against the page"
falkland-islands,AR,2017-01-03,statement,"Ministry of Foreign Affairs (press release 02/2017, reproduced by the Embassy in Colombia)","On the 184th anniversary of 1833, reaffirmed Argentina's sovereignty rights over the islands.",https://ecolo.cancilleria.gob.ar/es/content/comunicado-de-prensa-cuesti%C3%B3n-de-las-islas-malvinas-184-a%C3%B1os-de-la-usurpaci%C3%B3n-brit%C3%A1nica,"Hoy, el pueblo y el gobierno argentino reafirman una vez más los imprescriptibles derechos de soberanía de la República Argentina sobre las Islas Malvinas",primary,yes,"research agent (part1), quote checked against the page"
falkland-islands,AR,2018-01-02,statement,Ministry of Foreign Affairs (press release 001/18),Called the islands an integral part of national territory illegally occupied and cited the constitutional aim to recover them.,https://www.cancilleria.gob.ar/es/actualidad/noticias/cuestion-de-las-islas-malvinas-la-argentina-reafirma-sus-legitimos-derechos-de-0,La Cláusula Transitoria Primera de la Constitución Nacional consagra el objetivo permanente e irrenunciable de recuperar el ejercicio pleno de la soberanía sobre las Islas Malvinas,primary,yes,"research agent (part1), quote checked against the page"
falkland-islands,AR,2019-01-03,statement,Ministry of Foreign Affairs (press release 001/19),Called the islands an integral part of national territory illegally occupied by the UK.,https://www.cancilleria.gob.ar/es/actualidad/noticias/cuestion-de-las-islas-malvinas-la-argentina-reafirma-sus-legitimos-derechos-de,"las Islas Malvinas, parte integrante del territorio nacional argentino, fueron ilegalmente ocupadas",primary,yes,"research agent (part1), quote checked against the page"
falkland-islands,AR,2020-08-04,law,National Congress (Ley 27.558),Law creating the National Council on the Malvinas to promote Argentina's rights over the islands.,http://servicios.infoleg.gob.ar/infolegInternet/anexos/340000-344999/341413/norma.htm,"de los derechos argentinos sobre las Islas Malvinas, Georgias del Sur",primary,yes,"research agent (part1), quote checked against the page"
falkland-islands,AR,2021-09-21,international,President Alberto Fernández (UNGA general debate),"Reaffirmed Argentina's sovereignty over the islands, part of national territory illegally occupied by the UK.",https://gadebate.un.org/sites/default/files/gastatements/76/ar_es.pdf,La República Argentina reafirma sus derechos de soberanía legítimos e imprescriptibles sobre las Islas Malvinas,primary,yes,"research agent (part1), quote checked against the page"
falkland-islands,AR,2022-01-03,statement,Ministry of Foreign Affairs (press release 003/22),"On the 189th anniversary of 1833, reaffirmed Argentina's sovereignty rights over the islands.",https://www.cancilleria.gob.ar/es/actualidad/noticias/189-anos-de-la-ocupacion-ilegal-de-las-islas-malvinas,han reafirmado ininterrumpidamente sus legítimos e imprescriptibles derechos de soberanía sobre las Islas Malvinas,primary,yes,"research agent (part1), quote checked against the page"
falkland-islands,AR,2023-09-19,international,President Alberto Fernández (UNGA general debate),"Reaffirmed Argentina's sovereignty over the islands, illegally occupied by the UK.",https://gadebate.un.org/sites/default/files/gastatements/78/ar_es.pdf,Quiero reafirmar también los legítimos e imprescriptibles derechos de soberanía de la República Argentina sobre las Islas Malvinas,primary,yes,"research agent (part1), quote checked against the page"
falkland-islands,AR,2024-01-03,statement,Ministry of Foreign Affairs (press release 003/24),"On the anniversary of 1833, reaffirmed Argentina's sovereign rights over the islands.",https://www.cancilleria.gob.ar/es/actualidad/noticias/cuestion-de-las-islas-malvinas-la-argentina-reafirma-sus-legitimos-derechos-de-2,todos los gobiernos argentinos han reafirmado sus legítimos e imprescriptibles derechos soberanos sobre las Islas Malvinas,primary,yes,"research agent (part1), quote checked against the page"
falkland-islands,AR,2025-01-03,statement,Ministry of Foreign Affairs (press release 003/25),"On the anniversary of 1833, reaffirmed Argentina's sovereign rights over the islands.",https://www.cancilleria.gob.ar/es/actualidad/noticias/cuestion-de-las-islas-malvinas-la-argentina-reafirma-sus-legitimos-derechos-de-3,todos los gobiernos argentinos han reafirmado sus legítimos e imprescriptibles derechos soberanos sobre las Islas Malvinas,primary,yes,"research agent (part1), quote checked against the page"
falkland-islands,AR,2025-09-24,international,Argentina at the UNGA general debate (UN summary),Reiterated the claim of sovereignty over the Malvinas and called on the UK to resume negotiations.,https://gadebate.un.org/en/80/argentina,He reiterated claims of sovereignty over the Malvinas Islands,secondary,yes,"research agent (part1), quote checked against the page"
falkland-islands,AR,2026-01-03,statement,Ministry of Foreign Affairs (communique),"On the 193rd anniversary of 1833, the Government reaffirmed Argentina's sovereignty rights over the islands.",https://www.cancilleria.gob.ar/es/actualidad/noticias/cuestion-de-las-islas-malvinas-la-argentina-reafirma-sus-legitimos-derechos-de-4,"El Gobierno y el Pueblo argentino reafirman una vez más, a 193 años de la ilegítima ocupación de las Islas Malvinas, sus legítimos e imprescriptibles derechos de soberanía",primary,yes,"research agent (part1), quote checked against the page"
gibraltar,ES,2000-09-29,international,"Permanent Mission of Spain to the UN, Fourth Committee (General Assembly)",In the Fourth Committee general debate Spain reaffirmed it would not renounce restoration of its sovereignty over Gibraltar (summary record A/C.4/55/SR.7).,https://documents.un.org/api/symbol/access?s=A/C.4/55/SR.7&l=en,including General Assembly resolutions 1514 (XV) of 14 December 1960 and 2625 (XXV) of 24 October 1970. Spain would not renounce its right to the restoration of its sovereignty over Gibraltar.,primary,yes,"research agent (part2), quote checked against the page"
gibraltar,ES,2001-10-12,international,"Permanent Mission of Spain to the UN, Fourth Committee (General Assembly)",Spain reported to the Fourth Committee on sovereignty talks with the UK under the Brussels process (A/C.4/56/SR.6).,https://documents.un.org/api/symbol/access?s=A/C.4/56/SR.6&l=en,said that the United Kingdom and Spain had addressed the practical issues relating to cooperation and sovereignty during the ministerial meeting convened on the question of Gibraltar on 26 July 2001 within the framework of the Brussels Declaration of 1984.,primary,yes,"research agent (part2), quote checked against the page"
gibraltar,ES,2002-10-04,international,"Permanent Mission of Spain to the UN, Fourth Committee (General Assembly)","Spain told the Fourth Committee that territorial integrity, not self-determination, applies to Gibraltar (A/C.4/57/SR.6).",https://documents.un.org/api/symbol/access?s=A/C.4/57/SR.6&l=en,"There were specific cases, such as that of Gibraltar, where the principle of territorial integrity should be applied, in accordance with various General Assembly resolutions.",primary,yes,"research agent (part2), quote checked against the page"
gibraltar,ES,2003-10-08,international,"Permanent Mission of Spain to the UN, Fourth Committee (General Assembly)",Spain opposed Gibraltar's self-determination bid and the 2002 referendum before the Fourth Committee (A/C.4/58/SR.4).,https://documents.un.org/api/symbol/access?s=A/C.4/58/SR.4&l=en,The Government of Gibraltar was thereby attempting to garner implicit or explicit support for its opposition to the principle of territorial integrity traditionally recognized by the Organization and international law.,primary,yes,"research agent (part2), quote checked against the page"
gibraltar,ES,2004-10-06,international,"Permanent Mission of Spain to the UN, Fourth Committee (General Assembly)",Spain called in the Fourth Committee for in-depth negotiations on the sovereignty issue (A/C.4/59/SR.4).,https://documents.un.org/api/symbol/access?s=A/C.4/59/SR.4&l=en,In-depth negotiations on the sovereignty issue should not only yield rapid results but also lead to a future of cooperation and harmony for the people of Gibraltar.,primary,yes,"research agent (part2), quote checked against the page"
gibraltar,ES,2005-10-06,international,"Permanent Mission of Spain to the UN, Fourth Committee (General Assembly)",Spain told the Fourth Committee that sovereignty stays a bilateral Spain-UK issue outside the new Trilateral Forum (A/C.4/60/SR.3).,https://documents.un.org/api/symbol/access?s=A/C.4/60/SR.3&l=en,"Gibraltar’s sovereignty would be one such issue to be handled bilaterally, although of course the aspirations and interest of the people of Gibraltar would be taken into account.",primary,yes,"research agent (part2), quote checked against the page"
gibraltar,ES,2006-10-04,international,"Permanent Mission of Spain to the UN, Fourth Committee (General Assembly)",Spain stated in the Fourth Committee it did not renounce sovereignty over Gibraltar or the isthmus (A/C.4/61/SR.4).,https://documents.un.org/api/symbol/access?s=A/C.4/61/SR.4&l=en,"Spain did not renounce its sovereignty over Gibraltar, which had been ceded under article X of the Treaty of Utrecht of 1713, or over the isthmus Territory, whose occupation Spain had never recognized.",primary,yes,"research agent (part2), quote checked against the page"
gibraltar,ES,2007-10-15,international,"Permanent Mission of Spain to the UN, Fourth Committee (General Assembly)",Spain told the Fourth Committee that Gibraltar's colonial situation undermines Spain's territorial integrity (A/C.4/62/SR.6).,https://documents.un.org/api/symbol/access?s=A/C.4/62/SR.6&l=en,"As recognized in General Assembly resolutions and decisions, the continuation of the colonial situation in Gibraltar was not in conformity with the Charter of the United Nations because it undermined Spain’s unity and territorial integrity.",primary,yes,"research agent (part2), quote checked against the page"
gibraltar,ES,2008-10-07,international,"Permanent Mission of Spain to the UN, Fourth Committee (General Assembly)",Spain told the Fourth Committee that Gibraltar can be decolonized only after the sovereignty issues are resolved (A/C.4/63/SR.3).,https://documents.un.org/api/symbol/access?s=A/C.4/63/SR.3&l=en,"It was also a doctrine of the General Assembly that in the case of Gibraltar and a few other Non-Self-Governing Territories, decolonization could occur only after the sovereignty issues were resolved.",primary,yes,"research agent (part2), quote checked against the page"
gibraltar,ES,2009-10-09,international,"Permanent Mission of Spain to the UN, Fourth Committee (General Assembly)",Spain asserted in the Fourth Committee its sovereignty claim and its claim to the isthmus (A/C.4/64/SR.6).,https://documents.un.org/api/symbol/access?s=A/C.4/64/SR.6&l=en,"The second dispute referred to borders, since part of the Territory had been occupied by the United Kingdom without any legal basis. Spain must fully recover jurisdiction over the isthmus, which was currently being illegally exercised by the United Kingdom.",primary,yes,"research agent (part2), quote checked against the page"
gibraltar,ES,2010-10-06,international,"Permanent Mission of Spain to the UN, Fourth Committee (General Assembly)",Spain told the Fourth Committee the colonial situation in Gibraltar violates the Charter by undermining Spain's territorial integrity (A/C.4/65/SR.4).,https://documents.un.org/api/symbol/access?s=A/C.4/65/SR.4&l=en,recalled that the General Assembly had repeatedly recognized in its decisions and resolutions that the colonial situation in Gibraltar was in violation of the Charter of the United Nations because it undermined the unity and territorial integrity of Spain.,primary,yes,"research agent (part2), quote checked against the page"
gibraltar,ES,2011-10-04,international,"Permanent Mission of Spain to the UN, Fourth Committee (General Assembly)",Spain told the Fourth Committee the solution is restitution of the Utrecht territory and the isthmus (A/C.4/66/SR.3).,https://documents.un.org/api/symbol/access?s=A/C.4/66/SR.3&l=en,"For Spain, the solution was the restitution of both the territory transferred from Spain under the Treaty of Utrecht and the land later occupied illegally by the United Kingdom.",primary,yes,"research agent (part2), quote checked against the page"
gibraltar,ES,2012-10-09,international,"Permanent Mission of Spain to the UN, Fourth Committee (General Assembly)",Spain repeated in the Fourth Committee its demand for restitution of Gibraltar and the isthmus (A/C.4/67/SR.3).,https://documents.un.org/api/symbol/access?s=A/C.4/67/SR.3&l=en,"For Spain, the solution was the restitution of both the territory transferred from Spain under the Treaty of Utrecht and the land later occupied illegally by the United Kingdom.",primary,yes,"research agent (part2), quote checked against the page"
gibraltar,ES,2013-09-25,international,"President of the Government (Mariano Rajoy), UN General Assembly general debate",Rajoy raised Gibraltar as a British colony affecting Spain's territorial integrity in the UNGA general debate.,https://gadebate.un.org/sites/default/files/gastatements/68/es_es.pdf,"Un año más debo traer a esta Asamblea la cuestión de Gibraltar, colonia británica, a las que esta organización incluyó en 1963 en la lista de territorios no autónomos pendientes de descolonización.",primary,yes,"research agent (part2), quote checked against the page"
gibraltar,ES,2014-10-10,international,"Permanent Mission of Spain to the UN, Fourth Committee (General Assembly)",Spain told the Fourth Committee the dispute can be resolved only by bilateral Spain-UK negotiation under the 1984 Brussels framework (A/C.4/69/SR.5).,https://documents.un.org/api/symbol/access?s=A/C.4/69/SR.5&l=en,"The dispute could be resolved only through bilateral negotiations between the Governments of Spain and the United Kingdom, taking into account the interests of the people of Gibraltar, as stipulated in the 1984 Brussels Agreement.",primary,yes,"research agent (part2), quote checked against the page"
gibraltar,ES,2015-10-09,international,"Permanent Mission of Spain to the UN, Fourth Committee (General Assembly)",Spain asked the UK in the Fourth Committee to negotiate on Gibraltar under the UN mandate (A/C.4/70/SR.3).,https://documents.un.org/api/symbol/access?s=A/C.4/70/SR.3&l=en,"Spain was ready to begin negotiations to reach a definitive solution in accordance with the relevant General Assembly resolutions, the applicable principles and the Charter of the United Nations, and was counting on the United Kingdom to do the same, as agreed by the Foreign Ministers of both countries in 1984.",primary,yes,"research agent (part2), quote checked against the page"
gibraltar,ES,2016-10-04,international,"Permanent Mission of Spain to the UN, Fourth Committee (General Assembly)",Spain restated in the Fourth Committee its position on the isthmus and territorial waters and renewed its offer after the Brexit vote (A/C.4/71/SR.3).,https://documents.un.org/api/symbol/access?s=A/C.4/71/SR.3&l=en,"said that, year after year, his country had addressed the Committee regarding the illegal occupation of the isthmus of Gibraltar and Spanish sovereignty over the territorial waters — neither of which had been ceded to the United Kingdom — and, above all, reiterated United Nations doctrine regarding the decolonization of that territory.",primary,yes,"research agent (part2), quote checked against the page"
gibraltar,ES,2017-10-03,international,"Permanent Mission of Spain to the UN, Fourth Committee (General Assembly)",Spain told the Fourth Committee it would keep requesting restitution of Gibraltar (A/C.4/72/SR.3).,https://documents.un.org/api/symbol/access?s=A/C.4/72/SR.3&l=en,The British occupation was contrary to international law and violated the integrity of Spanish territory; therefore Spain would continue to request restitution until decolonization had been completed.,primary,yes,"research agent (part2), quote checked against the page"
gibraltar,ES,2018-10-09,international,"Permanent Mission of Spain to the UN, Fourth Committee (General Assembly)",Spain told the Fourth Committee it would keep requesting restitution of Gibraltar (A/C.4/73/SR.3).,https://documents.un.org/api/symbol/access?s=A/C.4/73/SR.3&l=en,"The British occupation was contrary to international law and violated the integrity of Spanish territory; therefore, Spain would continue to request restitution until decolonization had been completed.",primary,yes,"research agent (part2), quote checked against the page"
gibraltar,ES,2019-10-08,international,"Permanent Mission of Spain to the UN, Fourth Committee (General Assembly)",Spain told the Fourth Committee it never accepted the British occupation and would keep requesting restitution (A/C.4/74/SR.3).,https://documents.un.org/api/symbol/access?s=A/C.4/74/SR.3&l=en,Spain had never accepted the British occupation and would continue to request restitution of the territories seized from it by force.,primary,yes,"research agent (part2), quote checked against the page"
gibraltar,ES,2020-10-15,international,"Permanent Mission of Spain to the UN, Fourth Committee (General Assembly)",In a right of reply in the Fourth Committee Spain called Gibraltar a colony destroying its territorial integrity (A/C.4/75/SR.3).,https://documents.un.org/api/symbol/access?s=A/C.4/75/SR.3&l=en,"replying to the comments made by the representative of the United Kingdom, said that Gibraltar was a colony that destroyed the national unity and territorial integrity of Spain and was incompatible with the provisions of General Assembly resolution 1514 (XV).",primary,yes,"research agent (part2), quote checked against the page"
gibraltar,ES,2021-10-20,international,"Permanent Mission of Spain to the UN, Fourth Committee (General Assembly)",Spain denied UK sovereignty over Gibraltar's waters and the isthmus in the Fourth Committee (A/C.4/76/SR.9).,https://documents.un.org/api/symbol/access?s=A/C.4/76/SR.9&l=en,"The United Kingdom thus did not have sovereignty over the waters surrounding Gibraltar, and it had no right to the isthmus, which it occupied.",primary,yes,"research agent (part2), quote checked against the page"
gibraltar,ES,2022-09-22,international,"President of the Government (Pedro Sánchez), UN General Assembly general debate",Sánchez told the UNGA that any EU-UK agreement on Gibraltar must respect Spain's legal position on sovereignty and jurisdiction.,https://gadebate.un.org/sites/default/files/gastatements/77/es_en.pdf,"This Agreement must fully respect UN doctrine regarding said territory, with which Spain is fully aligned. And it must, too, respect the legal position of my country as concerns the sovereignty and jurisdiction thereof.",primary,yes,"research agent (part2), quote checked against the page"
gibraltar,ES,2023-09-20,international,"President of the Government (Pedro Sánchez), UN General Assembly general debate",Sánchez repeated at the UNGA that the Gibraltar agreement must respect Spain's position on sovereignty and jurisdiction.,https://gadebate.un.org/sites/default/files/gastatements/78/es_es.pdf,"Este acuerdo deberá ser plenamente respetuoso con la doctrina de Naciones Unidas sobre dicho territorio, con la que España se alinea plenamente. Y también debe serlo con la posición jurídica de mi país con respecto a la soberanía y la jurisdicción en relación con el mismo.",primary,yes,"research agent (part2), quote checked against the page"
gibraltar,ES,2024-10-15,international,"Permanent Mission of Spain to the UN, Fourth Committee (General Assembly)","Spain asserted in the Fourth Committee that it retains sovereignty over the isthmus, waters and airspace (A/C.4/79/SR.8).",https://documents.un.org/api/symbol/access?s=A/C.4/79/SR.8&l=en,It was abundantly clear under the terms of the Treaty of Utrecht that Spain retained sovereignty over the isthmus and surrounding waters of Gibraltar and its airspace.,primary,yes,"research agent (part2), quote checked against the page"
gibraltar,ES,2025-06-17,international,"Representative of Spain, Special Committee on Decolonization (C-24)",Spain told the C-24 that Gibraltar's colonial situation affects its territorial integrity and called for decolonization under that principle (UN press release GA/COL/3393).,https://press.un.org/en/2025/gacol3393.doc.htm,"Today his country continues to be a victim of a colonial situation that severely affects its territorial integrity, he said.",secondary,yes,"research agent (part2), quote checked against the page"
gibraltar,ES,2026-06-15,international,"Representative of Spain, Special Committee on Decolonization (C-24)",Spain told the C-24 the EU-UK Gibraltar agreement safeguards its sovereignty position and stressed territorial integrity (UN press release GA/COL/3398).,https://press.un.org/en/2026/gacol3398.doc.htm,"However, he stressed, the agreement also contains safeguards for the respective legal positions held by Spain and the United Kingdom, in terms of sovereignty and jurisdiction.",secondary,yes,"research agent (part2), quote checked against the page"
gibraltar,ES,2026-07-14,statement,"Ministry of Foreign Affairs, EU and Cooperation (press release 118; Minister Albares)",At the signing of the EU-UK Gibraltar agreement the Spanish MFA stated that Spain's sovereignty claim remains intact.,https://www.exteriores.gob.es/es/Comunicacion/NotasPrensa/Paginas/2026_NOTAS_P/Albares-en-la-firma-del-acuerdo-de-Gibraltar-un-acuerdo-historico-que-abre-una-nueva-era-tres-siglos-despues.aspx,La Unión Europea y Reino Unido rubrican el marco jurídico integral que regula las relaciones con el Peñón manteniendo intacta la reclamación española de soberanía,primary,yes,"research agent (part2), quote checked against the page"
gilgit-baltistan,IN,2000-03-09,statement,Minister of State for External Affairs (answer in Parliament),"[generic] Answer on PoK: entire J&K integral to India; about 78,000 sq km under Pakistan's illegal occupation",https://www.mea.gov.in/FrontEnd/FetchPublicationDetailData?pkid=9854&languageId=1,"The entire state of Jammu & Kashmir is an integral part of the Indian Union. An area of approximately 78,000 sq kms. is under Pakistans illegal and forcible occupation.",primary,yes,"research agent (part3), quote checked against the page"
gilgit-baltistan,IN,2001-08-30,statement,Minister of State for External Affairs (answer in Parliament),"[generic] Answer in Parliament: Pakistan illegally occupies about 78,000 sq km of Indian territory in J&K",https://www.mea.gov.in/FrontEnd/FetchPublicationDetailData?pkid=8997&languageId=1,"Pakistan has forcibly and illegally occupied approximately 78,000 sq kms of Indian territory in the State of Jammu & Kashmir.",primary,yes,"research agent (part3), quote checked against the page"
gilgit-baltistan,IN,2002-04-17,statement,Minister of External Affairs (answer in Parliament),"[generic] Answer in Parliament: Pakistan illegally occupying about 78,000 sq km of J&K since 1947",https://www.mea.gov.in/FrontEnd/FetchPublicationDetailData?pkid=17031&languageId=1,"Pakistan has been illegally occupying approximately 78,000 sq. kms. of Indian territory in the State of Jammu & Kashmir since 1947.",primary,yes,"research agent (part3), quote checked against the page"
gilgit-baltistan,IN,2003-12-03,statement,Minister of State for External Affairs (answer in Parliament),[generic] Answer on efforts to get back PoK: the issue to resolve is Pakistan's vacation of the area it occupies,https://www.mea.gov.in/FrontEnd/FetchPublicationDetailData?pkid=10139&languageId=1,The State of Jammu and Kashmir is an integral part of India. A portion of the State is under forcible and illegal occupation of Pakistan.,primary,yes,"research agent (part3), quote checked against the page"
gilgit-baltistan,IN,2004-07-07,statement,Minister of State for External Affairs (answer in Parliament),"[generic] Answer in Lok Sabha: Pakistan in illegal and forcible occupation of about 78,000 sq km",https://www.mea.gov.in/FrontEnd/FetchPublicationDetailData?pkid=18121&languageId=1,"Pakistan has been in illegal and forcible occupation of approximately 78,000 sq. kms.",primary,yes,"research agent (part3), quote checked against the page"
gilgit-baltistan,IN,2005-05-05,statement,Minister of State for External Affairs (answer in Parliament),"[generic] Rajya Sabha answer on India's stand on PoK and the Northern Areas: entire State integral, part under Pakistan's forcible occupation",https://www.mea.gov.in/FrontEnd/FetchPublicationDetailData?pkid=9995&languageId=1,the entire State of Jammu and Kashmir is an integral part of the Indian Union. A part of the territory of the State is under the forcible occupation of Pakistan.,primary,yes,"research agent (part3), quote checked against the page"
gilgit-baltistan,IN,2005-10-25,statement,Ministry of External Affairs (Official Spokesperson),Briefing on curfew in Gilgit: Gilgit and Baltistan called regions of Jammu and Kashmir,https://www.mea.gov.in/FrontEnd/FetchPublicationDetailData?pkid=4508&languageId=1,There is a history of sectarian conflict in Gilgit and Baltistan regions of Jammu and Kashmir and of severe repressive measures being taken against legitimate protests and demonstrations.,primary,yes,"research agent (part3), quote checked against the page"
gilgit-baltistan,IN,2006-03-08,international,Ministry of External Affairs,Protest to Pakistan through diplomatic channels against the Bhasha dam in the northern part of J&K,https://www.mea.gov.in/FrontEnd/FetchPublicationDetailData?pkid=4883&languageId=1,"The Government of India conveyed through diplomatic channels today to the Government of Pakistan, its protest against the proposed construction of Bhasha dam in territory that is part of the State of Jammu & Kashmir, which is an integral part of India by virtue of its accession to it in 1947.",primary,yes,"research agent (part3), quote checked against the page"
gilgit-baltistan,IN,2006-07-12,statement,Ministry of External Affairs (Official Spokesperson),Gilgit-Baltistan described as 'the other part of Pakistan occupied Kashmir' without representative institutions,https://www.mea.gov.in/FrontEnd/FetchPublicationDetailData?pkid=3565&languageId=1,"The situation in Gilgit-Baltistan, the other part of Pakistan occupied Kashmir, is even worse as it has never had even a semblance of representative institutions.",primary,yes,"research agent (part3), quote checked against the page"
gilgit-baltistan,IN,2008-04-16,statement,Minister of External Affairs (answer in Parliament),"[generic] Answer in Lok Sabha: Pakistan in illegal and forcible occupation of about 78,000 sq km of J&K",https://www.mea.gov.in/FrontEnd/FetchPublicationDetailData?pkid=14726&languageId=1,"Pakistan is in illegal and forcible occupation of approximately 78,000 sq. kms. of Indian territory in the State of Jammu & Kashmir since 1948.",primary,yes,"research agent (part3), quote checked against the page"
gilgit-baltistan,IN,2009-09-11,international,Ministry of External Affairs,Protest through diplomatic channels against the Gilgit-Baltistan Empowerment and Self Governance Order 2009,https://www.mea.gov.in/FrontEnd/FetchPublicationDetailData?pkid=1329&languageId=1,"The Government of India protested through diplomatic channels today against the Government of Pakistans so called ""Gilgit-Baltistan Empowerment and Self Governance Order -2009"". ... The entire state of Jammu and Kashmir is an integral part of India by virtue of its accession in 1947.",primary,yes,"research agent (part3), quote checked against the page"
gilgit-baltistan,IN,2009-10-14,statement,Ministry of External Affairs (Official Spokesperson),[generic] On China-Pakistan projects in PoK: Pakistan in illegal occupation of parts of J&K since 1947,https://www.mea.gov.in/FrontEnd/FetchPublicationDetailData?pkid=1267&languageId=1,Pakistan has been in illegal occupation of parts of the Indian State of Jammu & Kashmir since 1947.,primary,yes,"research agent (part3), quote checked against the page"
gilgit-baltistan,IN,2009-11-13,statement,Ministry of External Affairs (Official Spokesperson),On the 2009 Gilgit-Baltistan elections: a cosmetic exercise to camouflage Pakistan's illegal occupation,https://www.mea.gov.in/FrontEnd/FetchPublicationDetailData?pkid=1333&languageId=1,The elections in Gilgit-Baltistan are just another cosmetic exercise intended to camouflage the fact of Pakistan’s illegal occupation of areas of the state of Jammu and Kashmir.,primary,yes,"research agent (part3), quote checked against the page"
gilgit-baltistan,IN,2010-01-01,statement,Ministry of External Affairs (Official Spokesperson),On the 'so-called CM of Gilgit-Baltistan' calling it Pakistan's fifth province: any change of status unacceptable (page date doubtful),https://www.mea.gov.in/FrontEnd/FetchPublicationDetailData?pkid=2707&languageId=1,"Any action to alter the status of any part of the territory under the illegal occupation of Pakistan has no legal basis whatsoever, and is completely unacceptable. Pakistans actions regarding Gilgit-Baltistan in the past few months cannot camouflage its illegal occupation of part of the state of Jammu and Kashmir",primary,yes,"research agent (part3), quote checked against the page"
gilgit-baltistan,IN,2010-07-28,statement,Minister of External Affairs (answer in Parliament),"Lok Sabha answer naming Chinese projects in Pakistan-occupied J&K incl. Naltar, Bunji and Jaglot-Skardu road",https://www.mea.gov.in/FrontEnd/FetchPublicationDetailData?pkid=16500&languageId=1,"Naltar Hydropower Project, Bunji Hydropower Project and Jaglot-Skardu road. Government has raised this issue with the Chinese side and has clearly conveyed Indias consistent position that Pakistan has been in illegal occupation of parts of the Indian State of Jammu and Kashmir since 1947.",primary,yes,"research agent (part3), quote checked against the page"
gilgit-baltistan,IN,2011-11-23,statement,Minister of State for External Affairs (answer in Parliament),[generic] Answer on Chinese statement on PoK: India's position conveyed that Pakistan illegally occupies parts of J&K,https://www.mea.gov.in/FrontEnd/FetchPublicationDetailData?pkid=16383&languageId=1,"Government has clearly conveyed to the Chinese side, India’s consistent position that Pakistan has been in illegal occupation of parts of the Indian State of Jammu and Kashmir since 1947.",primary,yes,"research agent (part3), quote checked against the page"
gilgit-baltistan,IN,2012-03-15,statement,Minister of State for External Affairs (answer in Parliament),Rajya Sabha answer on reported lease of Gilgit-Baltistan 'in Pakistan Occupied Kashmir' to China,https://www.mea.gov.in/FrontEnd/FetchPublicationDetailData?pkid=19647&languageId=1,Government has not seen any official statement or report by the Government of Pakistan on leasing a substantial area of Gilgit-Baltistan in Pakistan Occupied Kashmir (POK) to China. ... Government remains firm in its resolve to take all necessary steps to effectively safeguard India’s security and territorial integrity.,primary,yes,"research agent (part3), quote checked against the page"
gilgit-baltistan,IN,2012-11-29,statement,Minister of State for External Affairs (answer in Parliament),[generic] Answer on Chinese roads/railway through PoK: position conveyed that Pakistan illegally occupies parts of J&K,https://www.mea.gov.in/FrontEnd/FetchPublicationDetailData?pkid=20866&languageId=1,Government is aware that China is executing infrastructure projects in Pakistan Occupied Kashmir. Government has raised this issue with the Chinese side and has clearly conveyed India’s consistent position that Pakistan has been in illegal occupation of parts of the Indian State of Jammu and Kashmir since 1947.,primary,yes,"research agent (part3), quote checked against the page"
gilgit-baltistan,IN,2013-08-07,statement,Minister of State for External Affairs (answer in Parliament),[generic] Answer on China-Pakistan Economic Corridor through PoK; concerns conveyed to China,https://www.mea.gov.in/FrontEnd/FetchPublicationDetailData?pkid=22016&languageId=1,"Roads and other forms of connectivity envisaged in this Economic Corridor would pass through Pakistan Occupied Kashmir. ... Government has conveyed its concerns to China about their activities in Pakistan Occupied Kashmir, and asked them to cease such activities.",primary,yes,"research agent (part3), quote checked against the page"
gilgit-baltistan,IN,2014-02-13,statement,Minister of State for External Affairs (answer in Parliament),"[generic] Rajya Sabha answer: Pakistan in illegal and forcible occupation of about 78,000 sq km of J&K",https://www.mea.gov.in/FrontEnd/FetchPublicationDetailData?pkid=22916&languageId=1,"Pakistan is in illegal and forcible occupation of approximately 78,000 sq. kms of Indian Territory in Jammu and Kashmir.",primary,yes,"research agent (part3), quote checked against the page"
gilgit-baltistan,IN,2015-06-02,statement,Ministry of External Affairs (Official Spokesperson),On the 8 June 2015 Gilgit-Baltistan elections: Gilgit and Baltistan are integral to India; elections camouflage illegal occupation,https://www.mea.gov.in/FrontEnd/FetchPublicationDetailData?pkid=25307&languageId=1,The entire State of Jammu & Kashmir which includes the regions of Gilgit and Baltistan is an integral part of India.,primary,yes,"research agent (part3), quote checked against the page"
gilgit-baltistan,IN,2015-09-30,international,Permanent Mission of India to the UN,[generic] Right of reply in the UNGA 70th general debate: J&K's occupier is Pakistan; CPEC passes through Indian territory occupied by Pakistan,https://www.mea.gov.in/FrontEnd/FetchPublicationDetailData?pkid=25873&languageId=1,"It was stated that Jammu and Kashmir is under foreign occupation. It is, except that the occupier in question is Pakistan.",primary,yes,"research agent (part3), quote checked against the page"
gilgit-baltistan,IN,2016-03-16,statement,Minister of State for External Affairs (answer in Parliament),"[generic] Answer in Lok Sabha: Pakistan in illegal occupation of about 78,000 sq km of J&K",https://www.mea.gov.in/FrontEnd/FetchPublicationDetailData?pkid=26541&languageId=1,"Pakistan has been in illegal occupation of approximately 78,000 sq. kms. of Indian territory in Jammu and Kashmir.",primary,yes,"research agent (part3), quote checked against the page"
gilgit-baltistan,IN,2017-04-05,statement,Minister of State for External Affairs (answer in Parliament),"Lok Sabha answer on proposed provisional provincial status for 'Gilgit-Baltistan': whole State integral, change unacceptable",https://www.mea.gov.in/FrontEnd/FetchPublicationDetailData?pkid=28329&languageId=1,"area of the Indian State of Jammu and Kashmir, which is under illegal occupation of Pakistan, be given ""provisional provincial status"". It is our consistent position that the entire State of Jammu and Kashmir is an integral part of India.",primary,yes,"research agent (part3), quote checked against the page"
gilgit-baltistan,IN,2017-08-10,statement,Minister of State for External Affairs (answer in Parliament),[generic] Rajya Sabha answer: CPEC passes through parts of J&K illegally occupied by Pakistan; China asked to cease activities in PoK,https://www.mea.gov.in/FrontEnd/FetchPublicationDetailData?pkid=28850&languageId=1,"passes through parts of the Indian state of Jammu & Kashmir which has been in illegal occupation of Pakistan since 1947. Government has conveyed to the Chinese side, including at the highest level, its concerns about their activities in Pakistan Occupied Kashmir and asked them to cease these activities.",primary,yes,"research agent (part3), quote checked against the page"
gilgit-baltistan,IN,2018-05-27,international,Ministry of External Affairs,Pakistan's Deputy High Commissioner summoned; protest against the Gilgit Baltistan Order 2018,https://www.mea.gov.in/FrontEnd/FetchPublicationDetailData?pkid=29923&languageId=1,It was clearly conveyed that the entire state of Jammu and Kashmir which also includes the so-called Gilgit-Baltistan areas is an integral part of India by virtue of its accession in 1947.,primary,yes,"research agent (part3), quote checked against the page"
gilgit-baltistan,IN,2018-07-19,statement,Minister of State for External Affairs (answer in Parliament),[generic] Rajya Sabha answer: Pakistan repeatedly called upon to vacate all areas under its illegal occupation,https://www.mea.gov.in/FrontEnd/FetchPublicationDetailData?pkid=30102&languageId=1,We have repeatedly and consistently called upon Pakistan to immediately vacate all areas under its illegal occupation.,primary,yes,"research agent (part3), quote checked against the page"
gilgit-baltistan,IN,2019-01-18,international,Ministry of External Affairs,Pakistan's Deputy High Commissioner summoned; protest against Supreme Court of Pakistan order on Gilgit-Baltistan,https://www.mea.gov.in/FrontEnd/FetchPublicationDetailData?pkid=30919&languageId=1,"It was reiterated that the entire state of Jammu and Kashmir, which also includes the so-called Gilgit-Baltistan has been, is and shall remain an integral part of India.",primary,yes,"research agent (part3), quote checked against the page"
gilgit-baltistan,IN,2019-11-02,map,Ministry of Home Affairs / Survey General of India,"Official maps of the new UTs: Leh district of UT Ladakh includes the 1947 districts Gilgit, Gilgit Wazarat, Chilhas and Tribal Territory",https://pib.gov.in/PressReleasePage.aspx?PRID=1590112,"to include the areas of the districts of Gilgit, Gilgit Wazarat, Chilhas and Tribal Territory of 1947, in addition to the remaining areas of Leh and Ladakh districts of 1947",primary,yes,"research agent (part3), quote checked against the page"
gilgit-baltistan,IN,2019-12-12,statement,Minister of State for External Affairs (answer in Parliament),"[generic] Rajya Sabha answer: Pakistan illegally occupies about 78,000 sq km in the UTs of J&K and Ladakh",https://www.mea.gov.in/FrontEnd/FetchPublicationDetailData?pkid=32197&languageId=1,"Pakistan has been in illegal occupation of approximately 78,000 sq.kms of Indian territory in the Union Territories of Jammu & Kashmir and Ladakh.",primary,yes,"research agent (part3), quote checked against the page"
gilgit-baltistan,IN,2020-02-28,international,Permanent Mission of India to the UN Human Rights Council (Geneva),[generic] Right of reply at HRC 43: Pakistan should end its occupation of 'Pakistan occupied Jammu and Kashmir',https://www.mea.gov.in/FrontEnd/FetchPublicationDetailData?pkid=32437&languageId=1,"First, end illegal and forcible occupation and reverse the demographic changes in Pakistan occupied Jammu and Kashmir",primary,yes,"research agent (part3), quote checked against the page"
gilgit-baltistan,IN,2020-03-11,statement,Minister of State for External Affairs (answer in Parliament),[generic] Lok Sabha answer on the PoK resolution: UTs of J&K and Ladakh integral; Pakistan called on to vacate all occupied areas,https://www.mea.gov.in/FrontEnd/FetchPublicationDetailData?pkid=32499&languageId=1,We have consistently called upon Pakistan to immediately vacate all areas under its illegal and forcible occupation,primary,yes,"research agent (part3), quote checked against the page"
gilgit-baltistan,IN,2020-05-04,international,Ministry of External Affairs,Demarche and protest against Supreme Court of Pakistan order on Gilgit-Baltistan,https://www.mea.gov.in/FrontEnd/FetchPublicationDetailData?pkid=32668&languageId=1,"It was clearly conveyed that the entire Union Territories of Jammu & Kashmir and Ladakh, including the areas of Gilgit and Baltistan, are an integral part of India by virtue of its fully legal and irrevocable accession.",primary,yes,"research agent (part3), quote checked against the page"
gilgit-baltistan,IN,2020-06-03,statement,Ministry of External Affairs (Official Spokesperson),"Concern at destruction of Buddhist heritage in 'so called Gilgit-Baltistan', Indian territory under Pakistan's occupation",https://www.mea.gov.in/FrontEnd/FetchPublicationDetailData?pkid=32726&languageId=1,"We have conveyed our strong concern at reports of vandalism, defacement and destruction of invaluable Indian Buddhist heritage located in so called ""Gilgit-Baltistan"" area of the Indian territory under illegal and forcible occupation of Pakistan.",primary,yes,"research agent (part3), quote checked against the page"
gilgit-baltistan,IN,2020-09-29,international,Ministry of External Affairs,Protest to Pakistan against announced Gilgit-Baltistan Legislative Assembly elections,https://www.mea.gov.in/FrontEnd/FetchPublicationDetailData?pkid=33071&languageId=1,"The Government of India has conveyed its strong protest to the Government of Pakistan and reiterated that the entire Union Territories of Jammu and Kashmir and Ladakh, including the areas of so-called Gilgit and Baltistan are an integral part of India by virtue of its accession in 1947.",primary,yes,"research agent (part3), quote checked against the page"
gilgit-baltistan,IN,2020-11-01,statement,Ministry of External Affairs (Official Spokesperson),Rejects Pakistan's 'provisional provincial status' for Gilgit-Baltistan,https://www.mea.gov.in/FrontEnd/FetchPublicationDetailData?pkid=33159&languageId=1,"I reiterate that the Union Territories of Jammu and Kashmir and Ladakh, including the area of so-called ""Gilgit-Baltistan"", are an integral part of India",primary,yes,"research agent (part3), quote checked against the page"
gilgit-baltistan,IN,2021-09-15,international,Permanent Mission of India to the UN Human Rights Council (Geneva),[generic] Right of reply at HRC 48 citing human rights violations in the territories Pakistan occupies,https://www.mea.gov.in/FrontEnd/FetchPublicationDetailData?pkid=34266&languageId=1,"The Council is aware of Pakistan’s attempts to divert the Council’s attention from serious human rights violations being perpetrated by its Government, including in the territories occupied by it.",primary,yes,"research agent (part3), quote checked against the page"
gilgit-baltistan,IN,2022-02-04,statement,Minister of State for External Affairs (answer in Parliament),Lok Sabha answer: Shaksgam ceded to China from areas illegally occupied by Pakistan in UT of Ladakh,https://www.mea.gov.in/FrontEnd/FetchPublicationDetailData?pkid=34811&languageId=1,"Pakistan illegally ceded 5,180 sq. kms. of Indian territory in Shaksgam Valley from areas illegally occupied by Pakistan in Union Territory of Ladakh to China.",primary,yes,"research agent (part3), quote checked against the page"
gilgit-baltistan,IN,2022-02-09,statement,Ministry of External Affairs (Official Spokesperson),[generic] Rejects China-Pakistan joint statement; CPEC projects are in Indian territory illegally occupied by Pakistan,https://www.mea.gov.in/FrontEnd/FetchPublicationDetailData?pkid=34824&languageId=1,"we have consistently conveyed our concerns to China and Pakistan on the projects in the so-called CPEC, which are in India’s territory that has been illegally occupied by Pakistan.",primary,yes,"research agent (part3), quote checked against the page"
gilgit-baltistan,IN,2023-07-26,law,Ministry of Home Affairs (bill introduced in Lok Sabha),[generic] J&K Reorganisation (Amendment) Bill 2023: seat nominated for displaced persons from Pakistan-occupied J&K; 24 seats kept for the occupied area,https://prsindia.org/files/bills_acts/bills_parliament/2023/Jammu%20and%20Kashmir%20Reorganisation%20%28Amendment%29%20Bill%2C%202023.pdf,any area of the then State of Jammu and Kashmir presently under occupation of Pakistan,primary,yes,"research agent (part3), quote checked against the page"
gilgit-baltistan,IN,2023-12-11,law,Parliament of India,"[generic] J&K Reorganisation (Amendment) Bill 2023 passed by Rajya Sabha (after Lok Sabha, 6 Dec 2023)",https://prsindia.org/billtrack/the-jammu-and-kashmir-reorganisation-amendment-bill-2023,"Passed Rajya Sabha Dec 11, 2023 ... one member representing displaced persons from Pakistan-occupied Jammu and Kashmir",secondary,yes,"research agent (part3), quote checked against the page"
gilgit-baltistan,IN,2024-06-13,statement,Ministry of External Affairs (Official Spokesperson),[generic] Rejects China-Pakistan joint statement; CPEC projects in Indian territory under Pakistan's illegal occupation,https://www.mea.gov.in/FrontEnd/FetchPublicationDetailData?pkid=37866&languageId=1,"The same joint statement also mentions activities and projects under the so-called China-Pakistan Economic Corridor (CPEC), some of which are in Indias sovereign territory under forcible and illegal occupation by Pakistan.",primary,yes,"research agent (part3), quote checked against the page"
gilgit-baltistan,IN,2025-07-24,statement,Minister of State for External Affairs (answer in Parliament),[generic] Rajya Sabha answer: CPEC passes through parts of UTs of Ladakh and J&K under illegal occupation of Pakistan,https://www.mea.gov.in/FrontEnd/FetchPublicationDetailData?pkid=39840&languageId=1,which passes through parts of the Indian Union Territories of Ladakh and Jammu & Kashmir under illegal occupation of Pakistan,primary,yes,"research agent (part3), quote checked against the page"
gilgit-baltistan,IN,2025-08-01,statement,Minister of State for External Affairs (answer in Parliament),"[generic] Lok Sabha answer: official maps show all of the UTs of J&K and Ladakh, including Pakistan-occupied territory, as India",https://www.mea.gov.in/FrontEnd/FetchPublicationDetailData?pkid=39905&languageId=1,"The official maps published by the Government of India unambiguously represent entire Union Territories of Jammu & Kashmir and Ladakh, including the territories illegally occupied by Pakistan, as parts of the Union of India.",primary,yes,"research agent (part3), quote checked against the page"
gilgit-baltistan,IN,2026-05-26,statement,Ministry of External Affairs (Official Spokesperson),[generic] Rejects China-Pakistan joint statement; opposes CPEC projects in Indian territory occupied by Pakistan,https://www.mea.gov.in/FrontEnd/FetchPublicationDetailData?pkid=41238&languageId=1,we resolutely oppose and reject any moves by other countries to reinforce or legitimise Pakistan's illegal and forcible occupation of these territories,primary,yes,"research agent (part3), quote checked against the page"
gilgit-baltistan,IN,2026-06-05,international,Ministry of External Affairs,Protest to Pakistan against 7 June 2026 'General Elections' in 'Gilgit-Baltistan',https://www.mea.gov.in/FrontEnd/FetchPublicationDetailData?pkid=41268&languageId=1,"The Government of India reiterated its well-known position that the entire Union Territories of Jammu & Kashmir and Ladakh, including the so-called “Gilgit-Baltistan”, are integral and inalienable parts of India",primary,yes,"research agent (part3), quote checked against the page"
gilgit-baltistan,IN,2026-10-01,international,Permanent Mission of India to the UN,[generic] Right of reply in the UNGA Third Committee: the only outstanding matter is Pakistan's vacation of the territory it occupies,https://pminewyork.gov.in/IndiaatUNGA?id=NTY1MA,"The Union Territories of Jammu, Kashmir and Ladakh were, are and will always remain integral and inalienable parts of India. The only outstanding matter is the vacation of the territory Pakistan holds under illegal and forcible occupation.",primary,yes,"research agent (part3), quote checked against the page"
halaib-triangle,SD,2000-03-07,international,Permanent Representative of the Sudan to the UN (Ambassador ElFatih Erwa),Sudan asks the Security Council (S/2000/198) to keep its 1958 complaint against Egypt over Halaib (S/3963) on the list of matters of which it is seized.,https://documents.un.org/api/symbol/access?s=S/2000/198&l=en&t=pdf,the wish of the Government of the Republic of Sudan to have retained on the list of matters of which the Security Council is seized,primary,yes,"research agent (part1), quote checked against the page"
halaib-triangle,SD,2001,international,Government of the Sudan (Member State not named in the source),"The UN Secretary-General reports that Member States asked in 2001 to retain item 4, Sudan's 1958 complaint against Egypt (S/3963), on the Security Council's list (S/2002/30); the requesting State is not named.",https://documents.un.org/api/symbol/access?s=S/2002/30&l=en&t=pdf,"Member States notified the Secretary-General of their wish to have items 1, 2, 3, 4, 5, 6, 8",secondary,yes,"research agent (part1), quote checked against the page"
halaib-triangle,SD,2002,international,Government of the Sudan (Member State not named in the source),"The UN Secretary-General reports that Member States asked in 2002 to retain item 4, Sudan's 1958 complaint against Egypt (S/3963), on the Security Council's list (S/2003/40); the requesting State is not named.",https://documents.un.org/api/symbol/access?s=S/2003/40&l=en&t=pdf,"Member States notified the Secretary-General of their wish to have items 1, 2, 3, 4, 5, 6, 8",secondary,yes,"research agent (part1), quote checked against the page"
halaib-triangle,SD,2003,international,Government of the Sudan (Member State not named in the source),"The UN Secretary-General reports that Member States asked in 2003 to retain item 4, Sudan's 1958 complaint against Egypt (S/3963), on the Security Council's list (S/2004/20); the requesting State is not named.",https://documents.un.org/api/symbol/access?s=S/2004/20&l=en&t=pdf,"Member States notified the Secretary-General of their wish to have items 1, 2, 3, 4, 5, 6, 8",secondary,yes,"research agent (part1), quote checked against the page"
halaib-triangle,SD,2004,international,Government of the Sudan (Member State not named in the source),"The UN Secretary-General reports that Member States asked in 2004 to retain item 4, Sudan's 1958 complaint against Egypt (S/3963), on the Security Council's list (S/2005/15); the requesting State is not named.",https://documents.un.org/api/symbol/access?s=S/2005/15&l=en&t=pdf,"Member States notified the Secretary-General of their wish to have items 1, 2, 3, 4, 5, 6, 8",secondary,yes,"research agent (part1), quote checked against the page"
halaib-triangle,SD,2005,international,Government of the Sudan (Member State not named in the source),"The UN Secretary-General reports that Member States asked in 2005 to retain item 4, Sudan's 1958 complaint against Egypt (S/3963), on the Security Council's list (S/2006/10); the requesting State is not named.",https://documents.un.org/api/symbol/access?s=S/2006/10&l=en&t=pdf,"Member States notified the Secretary-General of their wish to have items 1, 2, 3, 4, 5, 6, 8",secondary,yes,"research agent (part1), quote checked against the page"
halaib-triangle,SD,2006-03-10,international,"Chargé d'affaires a.i., Permanent Mission of the Sudan to the UN",Sudan asks the Security Council (S/2006/158) to keep its 1958 complaint against Egypt over Halaib (item 'Letter dated 20 February 1958 from the representative of the Sudan') on the list of matters of which it is seized.,https://documents.un.org/api/symbol/access?s=S/2006/158&l=en&t=pdf,the Government of the Republic of the Sudan wishes to have retained on the list of matters of which the Security Council is seized,primary,yes,"research agent (part1), quote checked against the page"
halaib-triangle,SD,2007-02-21,international,Permanent Representative of the Sudan to the UN,Sudan asks the Security Council (S/2007/116) to keep its 1958 complaint against Egypt over Halaib (item 'Letter dated 20 February 1958 from the representative of the Sudan') on the list of matters of which it is seized.,https://documents.un.org/api/symbol/access?s=S/2007/116&l=en&t=pdf,the Government of the Republic of the Sudan wishes to have retained on the list of matters of which the Security Council is seized,primary,yes,"research agent (part1), quote checked against the page"
halaib-triangle,SD,2008-02-15,international,"Chargé d'affaires a.i., Permanent Mission of the Sudan to the UN",Sudan asks the Security Council (S/2008/119) to keep its 1958 complaint against Egypt over Halaib (item 'Letter dated 20 February 1958 from the representative of the Sudan') on the list of matters of which it is seized.,https://documents.un.org/api/symbol/access?s=S/2008/119&l=en&t=pdf,the Government of the Republic of the Sudan wishes to have retained on the list of matters of which the Security Council is seized,primary,yes,"research agent (part1), quote checked against the page"
halaib-triangle,SD,2009-02-06,international,Permanent Representative of the Sudan to the UN,Sudan asks the Security Council (S/2009/78) to keep its 1958 complaint against Egypt over Halaib (item 'Letter dated 20 February 1958 from the representative of the Sudan') on the list of matters of which it is seized.,https://documents.un.org/api/symbol/access?s=S/2009/78&l=en&t=pdf,the Government of the Republic of the Sudan wishes to have retained on the list of matters of which the Security Council is seized,primary,yes,"research agent (part1), quote checked against the page"
halaib-triangle,SD,2010-02-05,international,Permanent Representative of the Sudan to the UN,Sudan asks the Security Council (S/2010/73) to keep its 1958 complaint against Egypt over Halaib (item 'Letter dated 20 February 1958 from the representative of the Sudan') on the list of matters of which it is seized.,https://documents.un.org/api/symbol/access?s=S/2010/73&l=en&t=pdf,the Government of the Sudan wishes to have retained on the list of matters of which the Security Council is seized,primary,yes,"research agent (part1), quote checked against the page"
halaib-triangle,SD,2011-01-24,international,Permanent Representative of the Sudan to the UN,Sudan asks the Security Council (S/2011/34) to keep its 1958 complaint against Egypt over Halaib (item 'Letter dated 20 February 1958 from the representative of the Sudan') on the list of matters of which it is seized.,https://documents.un.org/api/symbol/access?s=S/2011/34&l=en&t=pdf,the Government of the Sudan wishes to have retained on the list of matters of which the Security Council is seized,primary,yes,"research agent (part1), quote checked against the page"
halaib-triangle,SD,2012-01-24,international,Permanent Representative of the Sudan to the UN,Sudan asks the Security Council (S/2012/60) to keep its 1958 complaint against Egypt over Halaib (item 'Letter dated 20 February 1958 from the representative of the Sudan') on the list of matters of which it is seized.,https://documents.un.org/api/symbol/access?s=S/2012/60&l=en&t=pdf,the Government of the Sudan wishes to have retained on the list of matters of which the Security Council is seized,primary,yes,"research agent (part1), quote checked against the page"
halaib-triangle,SD,2013-02-15,international,Permanent Representative of the Sudan to the UN,Sudan asks the Security Council (S/2013/100) to keep its 1958 complaint against Egypt over Halaib (item 'Letter dated 20 February 1958 from the representative of the Sudan') on the list of matters of which it is seized.,https://documents.un.org/api/symbol/access?s=S/2013/100&l=en&t=pdf,the Government of the Sudan wishes to have retained on the list,primary,yes,"research agent (part1), quote checked against the page"
halaib-triangle,SD,2014-01-08,international,"Chargé d'affaires a.i., Permanent Mission of the Sudan to the UN",Sudan asks the Security Council (S/2014/13) to keep its 1958 complaint against Egypt over Halaib (item 'Letter dated 20 February 1958 from the representative of the Sudan') on the list of matters of which it is seized.,https://documents.un.org/api/symbol/access?s=S/2014/13&l=en&t=pdf,the Government of the Sudan wishes to have retained on the list of matters of which the Security Council is seized,primary,yes,"research agent (part1), quote checked against the page"
halaib-triangle,SD,2015-01-12,international,"Chargé d'affaires a.i., Permanent Mission of the Sudan to the UN",Sudan asks the Security Council (S/2015/22) to keep its 1958 complaint against Egypt over Halaib (item 'Letter dated 20 February 1958 from the representative of the Sudan') on the list of matters of which it is seized.,https://documents.un.org/api/symbol/access?s=S/2015/22&l=en&t=pdf,the Government of the Sudan wishes to have retained on the list of matters of which the Security Council is seized,primary,yes,"research agent (part1), quote checked against the page"
halaib-triangle,SD,2016-01-08,international,Permanent Representative of the Sudan to the UN,Sudan asks the Security Council (S/2016/26) to keep its 1958 complaint against Egypt over Halaib (item 'Letter dated 20 February 1958 from the representative of the Sudan') on the list of matters of which it is seized.,https://documents.un.org/api/symbol/access?s=S/2016/26&l=en&t=pdf,the Government of the Sudan wishes to have retained on the list of matters of which the Security Council is seized,primary,yes,"research agent (part1), quote checked against the page"
halaib-triangle,SD,2016-04-17,statement,Ministry of Foreign Affairs,Sudan's foreign ministry says it is following the Egypt-Saudi agreement to protect its rights in the Halaib Triangle and urges Egypt to negotiate or go to international arbitration.,https://sudantribune.net/article/246333,وحث البيان القاهرة للجلوس والتفاوض المباشر بشأن النزاع على المثلث الحدودي، أسوة بما تم مع السعودية في النزاع على الجزيرتين او اللجوء للتحكيم الدولي,secondary,yes,"research agent (part1), quote checked against the page"
halaib-triangle,SD,2016-05-10,statement,Foreign Minister Ibrahim Ghandour,Sudan's foreign minister says all AU- and UN-approved maps show Halaib as Sudanese and that Sudan pursues its claim.,https://sudantribune.net/article/246619,وأكد وزير الخارجية السوداني إبراهيم غندور، أن جميع الخرط المعتمدة لدى الاتحاد الأفريقي والأمم المتحدة تؤكد سودانية حلايب,secondary,yes,"research agent (part1), quote checked against the page"
halaib-triangle,SD,2017-01-05,international,Permanent Representative of the Sudan to the UN,Sudan asks the Security Council (S/2017/7) to keep its 1958 complaint against Egypt over Halaib (item 'Letter dated 20 February 1958 from the representative of the Sudan') on the list of matters of which it is seized.,https://documents.un.org/api/symbol/access?s=S/2017/7&l=en&t=pdf,the Government of the Sudan wishes to have retained on the list of matters of which the Security Council is seized,primary,yes,"research agent (part1), quote checked against the page"
halaib-triangle,SD,2017-03-03,international,Ministry of Foreign Affairs,Sudan's foreign ministry rejects Egypt's 1990 baselines decree north of 22°N and states that the Hala'ib Triangle is Sudanese territory under Egyptian military occupation (circulated by UN DOALOS).,https://web.archive.org/web/2024id_/https://www.un.org/depts/los/LEGISLATIONANDTREATIES/PDFFILES/SDN_2017_Decree_148_en.pdf,It should be noted that the Hala’ib Triangle is Sudanese territory located within the political and geographical borders of the Republic of the Sudan,primary,yes,"research agent (part1), quote checked against the page"
halaib-triangle,SD,2017-07-06,international,Ministry of Foreign Affairs,"Sudan's foreign ministry rejects Egypt's declaration of 4 May 2017, calls Egypt's presence in Hala'ib an illegal occupation and asks for arbitration (circulated by UN DOALOS).",https://web.archive.org/web/2024id_/https://www.un.org/depts/los/LEGISLATIONANDTREATIES/PDFFILES/SDN_NV_13_07_2017.pdf,It deems that presence to be an illegal occupation.,primary,yes,"research agent (part1), quote checked against the page"
halaib-triangle,SD,2017-12-05,international,Ministry of Foreign Affairs,Sudan's foreign ministry rejects the 2016 Egypt-Saudi maritime boundary agreement insofar as it covers the maritime areas of the Halaib Triangle (circulated by UN DOALOS).,https://web.archive.org/web/20260930190708id_/https://www.un.org/depts/los/LEGISLATIONANDTREATIES/PDFFILES/SDN_15_12_2017_en.pdf,which affects the sovereignty and historical rights of Sudan in the Halaib Triangle,primary,yes,"research agent (part1), quote checked against the page"
halaib-triangle,SD,2018-01-03,international,Permanent Representative of the Sudan to the UN,Sudan asks the Security Council (S/2018/5) to keep its 1958 complaint against Egypt over Halaib (item 'Letter dated 20 February 1958 from the representative of the Sudan') on the list of matters of which it is seized.,https://documents.un.org/api/symbol/access?s=S/2018/5&l=en&t=pdf,the Government of the Sudan wishes to have retained,primary,yes,"research agent (part1), quote checked against the page"
halaib-triangle,SD,2019-01-03,international,Permanent Representative of the Sudan to the UN,Sudan asks the Security Council (S/2019/3) to keep its 1958 complaint against Egypt over Halaib (item 'Letter dated 20 February 1958 from the representative of the Sudan') on the list of matters of which it is seized.,https://documents.un.org/api/symbol/access?s=S/2019/3&l=en&t=pdf,"the Government of the Sudan wishes to have retained, on the list of matters of which the Security Council is seized",primary,yes,"research agent (part1), quote checked against the page"
halaib-triangle,SD,2020-01-02,international,Permanent Representative of the Sudan to the UN,Sudan asks the Security Council (S/2020/9) to keep its 1958 complaint against Egypt over Halaib (item 'Letter dated 20 February 1958 from the representative of the Sudan') on the list of matters of which it is seized.,https://documents.un.org/api/symbol/access?s=S/2020/9&l=en&t=pdf,"the Government of the Sudan wishes to have retained, on the list of matters of which the Security Council is seized",primary,yes,"research agent (part1), quote checked against the page"
halaib-triangle,SD,2021-01-04,international,Permanent Representative of the Sudan to the UN,Sudan asks the Security Council (S/2021/6) to keep its 1958 complaint against Egypt over Halaib (item 'Letter dated 20 February 1958 from the representative of the Sudan') on the list of matters of which it is seized.,https://documents.un.org/api/symbol/access?s=S/2021/6&l=en&t=pdf,the Government of the Sudan wishes to have retained on the list of matters of which the Security Council is seized,primary,yes,"research agent (part1), quote checked against the page"
halaib-triangle,SD,2022-01-06,international,"Chargé d'affaires a.i., Permanent Mission of the Sudan to the UN",Sudan asks the Security Council (S/2022/12) to keep its 1958 complaint against Egypt over Halaib (item 'Letter dated 20 February 1958 from the representative of the Sudan') on the list of matters of which it is seized.,https://documents.un.org/api/symbol/access?s=S/2022/12&l=en&t=pdf,"the Government of the Sudan wishes to have retained, on the list of matters of which the Security Council is seized",primary,yes,"research agent (part1), quote checked against the page"
halaib-triangle,SD,2023-01-04,international,Permanent Representative of the Sudan to the UN,Sudan asks the Security Council (S/2023/17) to keep its 1958 complaint against Egypt over Halaib (item 'Letter dated 20 February 1958 from the representative of the Sudan') on the list of matters of which it is seized.,https://documents.un.org/api/symbol/access?s=S/2023/17&l=en&t=pdf,the Government of the Sudan wishes to have retained on the list of matters of which the Security Council is seized,primary,yes,"research agent (part1), quote checked against the page"
halaib-triangle,SD,2024-01-03,international,Permanent Representative of the Sudan to the UN,Sudan asks the Security Council (S/2024/17) to keep its 1958 complaint against Egypt over Halaib (item 'Letter dated 20 February 1958 from the representative of the Sudan') on the list of matters of which it is seized.,https://documents.un.org/api/symbol/access?s=S/2024/17&l=en&t=pdf,"the Government of the Sudan wishes to have retained, on the list of matters of which the Security Council is seized",primary,yes,"research agent (part1), quote checked against the page"
halaib-triangle,SD,2025-01-06,international,Permanent Representative of the Sudan to the UN,Sudan asks the Security Council (S/2025/9) to keep its 1958 complaint against Egypt over Halaib (item 'Letter dated 20 February 1958 from the representative of the Sudan') on the list of matters of which it is seized.,https://documents.un.org/api/symbol/access?s=S/2025/9&l=en&t=pdf,"the Government of the Sudan wishes to have retained, on the list of matters of which the Security Council is seized",primary,yes,"research agent (part1), quote checked against the page"
halaib-triangle,SD,2026-01-05,international,Permanent Representative of the Sudan to the UN,Sudan asks the Security Council (S/2026/13) to keep its 1958 complaint against Egypt over Halaib (item 'Letter dated 20 February 1958 from the representative of the Sudan') on the list of matters of which it is seized.,https://documents.un.org/api/symbol/access?s=S/2026/13&l=en&t=pdf,"the Government of the Sudan wishes to have retained, on the list of matters of which the Security Council is seized",primary,yes,"research agent (part1), quote checked against the page"
heglig,SS,2012-04-14,international,Permanent Mission of South Sudan to the UN (Chargé d'affaires a.i.),Letter to the President of the Security Council (S/2012/225) stating that South Sudan claims Heglig and places the 1/1/56 border well north of it.,https://documents.un.org/api/symbol/access?s=S/2012/225&l=en&t=pdf,"both sides claim Heglig as being within their territory. For this reason, South Sudan has always contended that Heglig is one of the disputed areas. It is the position of South Sudan that the 1/1/56 border, which under the terms of the Comprehensive Peace Agreement is the basis for the north/south border, in fact lies well to the north of Heglig.",primary,yes,"research agent (part2), quote checked against the page"
heglig,SD,2012-04-23,international,Permanent Representative of the Sudan to the UN,Letter to the President of the Security Council (S/2012/252) calling Heglig a Sudanese town unlawfully occupied by South Sudan.,https://documents.un.org/api/symbol/access?s=S/2012/252&l=en&t=pdf,With reference to our complaint filed on 10 April 2012 regarding the unlawful occupation by the Government of the Republic of South Sudan of the Sudanese town of Heglig,primary,yes,"research agent (part2), quote checked against the page"
heglig,SS,2012-04-23,statement,Senior government official Barnaba Marial Benjamin (press conference in Juba),"At a press conference in Juba after the withdrawal, the government renewed its claim to ownership of Panthou (Heglig).",https://www.radiotamazuj.org/en/news/article/south-sudan-says-withdrawal-from-heglig-not-the-end,The government of South Sudan has renewed its commitment to claiming ownership of Panthou (Heglig) after withdrawing its troops from the disputed border area last Friday.,secondary,yes,"research agent (part2), quote checked against the page"
heglig,SS,2012-05,map,Council of Ministers (Cabinet),Cabinet approved a new official map of South Sudan that includes Heglig (reported in S/2012/486; Sudan's letter S/2012/326 dates the endorsement to 11 May 2012).,https://documents.un.org/api/symbol/access?s=S/2012/486&l=en&t=pdf,"Early in May, the Cabinet approved a new map of South Sudan, which included Heglig and other disputed territories, including some currently administered by Kenya and Uganda.",secondary,yes,"research agent (part2), quote checked against the page"
heglig,SD,2012-05-02,international,Permanent Representative of the Sudan to the UN,"Letter (S/2012/284) transmitting the Government's observations, calling South Sudan's claims that Heglig belongs to it an ongoing aggression.",https://documents.un.org/api/symbol/access?s=S/2012/284&l=en&t=pdf,"Moreover, claims are once again being made that Heglig belongs to South Sudan. Those declarations and claims constitute an ongoing aggression and a threat thereof",primary,yes,"research agent (part2), quote checked against the page"
heglig,SS,2012-05-03,statement,Government of South Sudan,Declared it would comply with resolution 2046 and seek to resolve its claim on Heglig through international legal mechanisms (reported in the UN Secretary-General report S/2012/486).,https://documents.un.org/api/symbol/access?s=S/2012/486&l=en&t=pdf,"On 3 May, the Government of the Republic of South Sudan declared that it would fully comply with Council resolution 2046 (2012) and that it would seek to resolve its claim on Heglig through international legal mechanisms.",secondary,yes,"research agent (part2), quote checked against the page"
heglig,SS,2012-05-11,international,Permanent Mission of South Sudan to the UN (Chargé d'affaires a.i.),Letter to the President of the Security Council (S/2012/315) calling Panthou (Heglig) a Southern Sudan area.,https://documents.un.org/api/symbol/access?s=S/2012/315&l=en&t=pdf,"withdrawn its forces from the Southern Sudan area of Panthou (Heglig), and agreed to adhere to the United Nations and African Union call for a ceasefire.",primary,yes,"research agent (part2), quote checked against the page"
heglig,SD,2012-05-15,international,Permanent Mission of the Sudan to the UN (Chargé d'affaires a.i.),Letter (S/2012/326) protesting South Sudan's new map and calling Heglig part of the Republic of the Sudan.,https://documents.un.org/api/symbol/access?s=S/2012/326&l=en&t=pdf,"It even included such parts of the Republic of the Sudan as Heglig, over which there was originally no dispute.",primary,yes,"research agent (part2), quote checked against the page"
heglig,SS,2012-06-27,international,Permanent Mission of South Sudan to the UN; Chief Negotiator Pagan Amum,"Letter (S/2012/499) transmitting the chief negotiator's letter to the AU panel, which lists Heglig among disputed and claimed areas under Sudanese occupation.",https://documents.un.org/api/symbol/access?s=S/2012/499&l=en&t=pdf,"The safe demilitarized border zone based on the map surprisingly leaves significant portions of the disputed and claimed areas still under occupation of the Sudanese Armed Forces and militarized, including but not limited to the areas of Heglig and Kafia Kingi/Hofra el Nahas",primary,yes,"research agent (part2), quote checked against the page"
heglig,SS,2012-10-24,international,"Minister for Foreign Affairs Nhial Deng Nhial (statement to the AU Peace and Security Council, circulated as S/2012/786)","Foreign Minister's statement at the AU PSC, transmitted to the Security Council, calling Panthou (Heglig) a claimed area to be settled.",https://documents.un.org/api/symbol/access?s=S/2012/786&l=en&t=pdf,It is worth reminding your Excellencies that the clashes of April this year between Sudan and South Sudan were on the claimed area of Panthou (Heglig).,primary,yes,"research agent (part2), quote checked against the page"
ilemi-triangle,SS,2011,map,Office of the Vice President of South Sudan,Office of the Vice President issued a corrected official map showing the 1914 alignment (Ilemi inside South Sudan) after an earlier version followed Kenyan maps,https://www.dur.ac.uk/media/durham-university/research-/research-centres/middle-eastern-and-islamic-studies/pdfs/A-Border-Too-Far---The-Ilemi-Triangle-Yesterday-and-Today.pdf,"When officials realized what they had done, they had hastily to issue a corrected version, which now showed the alignment of 1914.",secondary,yes,"research agent (part3), quote checked against the page"
ilemi-triangle,SS,2011-07-09,law,Republic of South Sudan (Transitional Constitution),Transitional Constitution defines the territory as the three Southern Provinces in their 1 January 1956 boundaries (implicitly the 1914 line; Ilemi not named),https://faolex.fao.org/docs/pdf/ssd127441.pdf,"The territory of the Republic of South Sudan comprises all lands and air space that constituted the three former Southern Provinces of Bahr el Ghazal, Equatoria and Upper Nile in their boundaries as they stood on January 1, 1956",primary,yes,"research agent (part3), quote checked against the page"
ilemi-triangle,SS,2021-01-27,statement,"President Salva Kiir (closing remarks, Jonglei-Pibor peace conference, Juba)","Borderline: the President says Kenya, Uganda, CAR and DR Congo have annexed South Sudan territory despite the colonial lines, and that a committee looks into the borders; he does not name Ilemi (the reporter links it to Ilemi).",https://eyeradio.org/south-sudan-to-dialogue-with-neighbors-annexing-its-colonial-territories/,"Kiir said -with the exception of Ethiopia -Kenya, Uganda, Central African Republic and DR Congo have all annexed South Sudan territories despite the colonial border lines",secondary,yes,"research agent (round2-b), quote checked against the page"
ilemi-triangle,SS,2026-08-27,statement,Vice President Taban Deng Gai,Vice President rejects regional maps showing Ilemi in Kenya and says it is South Sudan land,https://peopledaily.digital/news/its-not-part-of-kenya-south-sudan-vp-taban-deng-renews-claim-over-disputed-ilemi-triangle,This Ilemi Triangle should be seen always a place of discussion. It’s not part of Kenya. It is South Sudan land.,secondary,yes,"research agent (part3), quote checked against the page"
indian-jammu-kashmir-ladakh,PK,2000-12-04,international,Permanent Mission to the UN (transmitting Foreign Secretary's statement of 2 Dec 2000),Letter to the Secretary-General (A/55/670-S/2000/1158) offers dialogue on the Jammu and Kashmir dispute in conformity with Security Council resolutions.,https://documents.un.org/api/symbol/access?s=S/2000/1158&l=en&t=pdf,"Pakistan is prepared to enter into a meaningful dialogue with India to address the Jammu and Kashmir dispute, as well as other disputes, in conformity with Security Council resolutions",primary,yes,"research agent (part1), quote checked against the page"
indian-jammu-kashmir-ladakh,PK,2001-09-25,international,Delegation to the UN General Assembly (Mr. Ahmad),"GA statement on the Secretary-General's report calls Kashmir the core dispute with India (A/56/PV.9; two-column PDF, quote is one column line).",https://documents.un.org/api/symbol/access?s=A/56/PV.9&l=en&t=pdf,settlement of the core dispute of Kashmir and,primary,yes,"research agent (part1), quote checked against the page"
indian-jammu-kashmir-ladakh,PK,2002-08-12,international,Permanent Mission to the UN (transmitting Minister of State for Foreign Affairs' letter),"Letter (A/56/1023-S/2002/921) rejects Indian-held State Assembly elections, citing the UN-promised plebiscite.",https://documents.un.org/api/symbol/access?s=S/2002/921&l=en&t=pdf,the relevant Security Council resolutions that promised the Kashmiri people their right to determine their own future through a United Nations-supervised plebiscite,primary,yes,"research agent (part1), quote checked against the page"
indian-jammu-kashmir-ladakh,PK,2003-08-19,international,Permanent Mission to the UN,Identical letters to the GA and SC presidents (A/58/298-S/2003/823) on the Jammu and Kashmir dispute.,https://documents.un.org/api/symbol/access?s=S/2003/823&l=en&t=pdf,"matters relating to peace and security in South Asia, in the context of Pakistan-India relations and the Jammu and Kashmir dispute",primary,yes,"research agent (part1), quote checked against the page"
indian-jammu-kashmir-ladakh,PK,2004-09-22,international,President Pervez Musharraf (UN General Assembly),General debate statement calls for a resolution of the Kashmir dispute (A/59/PV.5; quote is one column line).,https://documents.un.org/api/symbol/access?s=A/59/PV.5&l=en&t=pdf,We desire a resolution for Kashmir which is just and,primary,yes,"research agent (part1), quote checked against the page"
indian-jammu-kashmir-ladakh,PK,2005-09-21,international,Foreign Minister Khurshid Kasuri (UN General Assembly),General debate statement calls for a just solution to the dispute over Jammu and Kashmir (A/60/PV.18; quote is one column line).,https://documents.un.org/api/symbol/access?s=A/60/PV.18&l=en&t=pdf,"just solution to the dispute over Jammu and Kashmir,",primary,yes,"research agent (part1), quote checked against the page"
indian-jammu-kashmir-ladakh,PK,2006-02-13,international,Permanent Mission to the UN,"Letter (S/2006/104) transmits the India-Pakistan Foreign Secretaries' joint statement on seeking a final settlement on Jammu and Kashmir (borderline: joint text, no explicit claim).",https://documents.un.org/api/symbol/access?s=S/2006/104&l=en&t=pdf,had a detailed exchange of views on Jammu and Kashmir and agreed to continue the sustained dialogue in a purposeful and forward-looking manner to find a peaceful and negotiated final settlement,primary,yes,"research agent (part1), quote checked against the page"
indian-jammu-kashmir-ladakh,PK,2007-10-02,international,Delegation to the UN General Assembly (Mr. Khan),General debate statement raises the Jammu and Kashmir dispute (A/62/PV.14; quote is one column line).,https://documents.un.org/api/symbol/access?s=A/62/PV.14&l=en&t=pdf,especially the Jammu and Kashmir dispute that has,primary,yes,"research agent (part1), quote checked against the page"
indian-jammu-kashmir-ladakh,PK,2008-09-25,international,President Asif Ali Zardari (UN General Assembly),General debate statement names Jammu and Kashmir the core issue with India (A/63/PV.10; quote is one column line; weak).,https://documents.un.org/api/symbol/access?s=A/63/PV.10&l=en&t=pdf,core issue of Jammu and Kashmir or cooperation on,primary,yes,"research agent (part1), quote checked against the page"
indian-jammu-kashmir-ladakh,PK,2009-09-25,international,President Asif Ali Zardari (UN General Assembly),General debate statement calls for progress on the Kashmir dispute (A/64/PV.7; quote is one column line).,https://documents.un.org/api/symbol/access?s=A/64/PV.7&l=en&t=pdf,Kashmir dispute is necessary for durable peace and,primary,yes,"research agent (part1), quote checked against the page"
indian-jammu-kashmir-ladakh,PK,2011-01-01,international,Permanent Mission to the UN,Annual letter (S/2011/11) asks that the India-Pakistan question stay on the Security Council's list of seized matters (borderline: no explicit claim).,https://documents.un.org/api/symbol/access?s=S/2011/11&l=en&t=pdf,the Government of Pakistan would like to see the following items retained on the list of matters of which the Security Council is seized: (a) The India-Pakistan question.,primary,yes,"research agent (part1), quote checked against the page"
indian-jammu-kashmir-ladakh,PK,2012-01-01,international,Permanent Mission to the UN,Annual letter (S/2012/6) asks that the India-Pakistan question stay on the Security Council's list of seized matters (borderline: no explicit claim).,https://documents.un.org/api/symbol/access?s=S/2012/6&l=en&t=pdf,the Government of Pakistan would like to see the following items retained on the list of matters of which the Security Council is seized: (a) The India-Pakistan question.,primary,yes,"research agent (part1), quote checked against the page"
indian-jammu-kashmir-ladakh,PK,2013-09-27,international,Prime Minister Nawaz Sharif (UN General Assembly),General debate statement asks the UN to remain attentive to Jammu and Kashmir and self-determination (A/68/PV.15; quote is one column line).,https://documents.un.org/api/symbol/access?s=A/68/PV.15&l=en&t=pdf,remain attentive to the issue of Jammu and Kashmir,primary,yes,"research agent (part1), quote checked against the page"
indian-jammu-kashmir-ladakh,PK,2014-09-26,international,Prime Minister Nawaz Sharif (UN General Assembly),General debate statement calls Pakistan a party to the Kashmir dispute (A/69/PV.12; quote is one column line).,https://documents.un.org/api/symbol/access?s=A/69/PV.12&l=en&t=pdf,Kashmir is our historic commitment and a duty as a,primary,yes,"research agent (part1), quote checked against the page"
indian-jammu-kashmir-ladakh,PK,2015-09-30,international,Prime Minister Nawaz Sharif (UN General Assembly),General debate statement says the Kashmir dispute has remained unresolved since 1947 (A/70/PV.19; quote is one column line).,https://documents.un.org/api/symbol/access?s=A/70/PV.19&l=en&t=pdf,"solution. Since 1947, the Kashmir dispute has remained",primary,yes,"research agent (part1), quote checked against the page"
indian-jammu-kashmir-ladakh,PK,2016-05-12,international,Permanent Mission to the UN,"Identical letters (S/2016/440) on maps: the entire State of Jammu and Kashmir is disputed, as shown on Pakistan's official maps.",https://documents.un.org/api/symbol/access?s=S/2016/440&l=en&t=pdf,"Thus, the entire State of Jammu and Kashmir is a United Nations declared and internationally accepted “disputed territory”.",primary,yes,"research agent (part1), quote checked against the page"
indian-jammu-kashmir-ladakh,PK,2017-06-13,international,Permanent Mission to the UN (transmitting Adviser on Foreign Affairs' letter of 31 May 2017),Identical letters (S/2017/499) call for the plebiscite promised by Security Council resolutions.,https://documents.un.org/api/symbol/access?s=S/2017/499&l=en&t=pdf,"the people of Jammu and Kashmir still await the implementation of the Security Council resolutions that promised them the right to self-determination, to be exercised through the holding of a free and impartial plebiscite under the auspices of the United Nations",primary,yes,"research agent (part1), quote checked against the page"
indian-jammu-kashmir-ladakh,PK,2018-04-04,international,Permanent Mission to the UN (transmitting Foreign Minister Khawaja Asif's letter of 12 Mar 2018),Letter (S/2018/308) on Indian-occupied Jammu and Kashmir and the UN-promised self-determination.,https://documents.un.org/api/symbol/access?s=S/2018/308&l=en&t=pdf,Their only demand is the realization of the right to self-determination promised to them by the United Nations.,primary,yes,"research agent (part1), quote checked against the page"
indian-jammu-kashmir-ladakh,PK,2018-09-29,international,Foreign Minister Shah Mahmood Qureshi (UN General Assembly),General debate statement on the unresolved Jammu and Kashmir dispute (A/73/PV.14; quote is one column line).,https://documents.un.org/api/symbol/access?s=A/73/PV.14&l=en&t=pdf,The unresolved Jammu and Kashmir dispute hinders,primary,yes,"research agent (part1), quote checked against the page"
indian-jammu-kashmir-ladakh,PK,2019-08-06,international,Foreign Minister Shah Mahmood Qureshi (letter via Permanent Mission),"Letter to the SG, GA and SC presidents (A/73/974-S/2019/635) rejects India's 5 August 2019 measures as undermining the disputed status.",https://documents.un.org/api/symbol/access?s=S/2019/635&l=en&t=pdf,"Pakistan condemns and rejects these illegal actions, including the Indian attempts to wilfully undermine the internationally recognized disputed status of Jammu and Kashmir",primary,yes,"research agent (part1), quote checked against the page"
indian-jammu-kashmir-ladakh,PK,2019-08-13,international,Foreign Minister Shah Mahmood Qureshi (letter via Permanent Mission),Letter (S/2019/654) requests an urgent Security Council meeting on the India-Pakistan question.,https://documents.un.org/api/symbol/access?s=S/2019/654&l=en&t=pdf,The Jammu and Kashmir dispute between Pakistan and India has been on the agenda of the Security Council since January 1948.,primary,yes,"research agent (part1), quote checked against the page"
indian-jammu-kashmir-ladakh,PK,2020-08-03,international,Foreign Minister Shah Mahmood Qureshi (letter via Permanent Mission),Letter (S/2020/771) on the first anniversary of 5 August 2019 demands a UN plebiscite.,https://documents.un.org/api/symbol/access?s=S/2020/771&l=en&t=pdf,"the international community must demand that India allow a free and impartial plebiscite under United Nations auspices, as prescribed in the relevant Security Council resolutions",primary,yes,"research agent (part1), quote checked against the page"
indian-jammu-kashmir-ladakh,PK,2020-08-04,map,Prime Minister Imran Khan and federal cabinet,"Official political map of Pakistan unveiled, showing occupied Kashmir as disputed territory (Dawn report).",https://www.dawn.com/news/1572590,"The map clearly identifies occupied Kashmir as a ""disputed territory"" and states that the final status will be decided in line with the relevant United Nations Security Council (UNSC) resolutions.",secondary,yes,"research agent (part1), quote checked against the page"
indian-jammu-kashmir-ladakh,PK,2021-02-01,international,Foreign Minister Shah Mahmood Qureshi (letter via Permanent Mission),Letter (S/2021/102) calls India's 2019 measures null and void under SC resolutions 91 and 122.,https://documents.un.org/api/symbol/access?s=S/2021/102&l=en&t=pdf,Such unilateral measures are null and void as stipulated in Security Council resolutions 91 (1951) and 122 (1957).,primary,yes,"research agent (part1), quote checked against the page"
indian-jammu-kashmir-ladakh,PK,2022-02-03,international,Foreign Minister Shah Mahmood Qureshi (letter via Permanent Mission),Letter (S/2022/90) on Indian illegally occupied Jammu and Kashmir.,https://documents.un.org/api/symbol/access?s=S/2022/90&l=en&t=pdf,"These unilateral and illegal measures, including all attempts to change the demographic structure of the occupied territory, constitute flagrant",primary,yes,"research agent (part1), quote checked against the page"
indian-jammu-kashmir-ladakh,PK,2023-02-06,international,Foreign Minister (letter of 3 Feb 2023 via Permanent Mission),Letter (S/2023/91) calls for the UN-supervised plebiscite.,https://documents.un.org/api/symbol/access?s=S/2023/91&l=en&t=pdf,so that they can exercise their right to self-determination through a United Nations-supervised plebiscite,primary,yes,"research agent (part1), quote checked against the page"
indian-jammu-kashmir-ladakh,PK,2024-02-05,international,Foreign Minister (letter via Permanent Mission),Letter (S/2024/133) says India cannot abdicate its obligations on a disputed territory despite its Supreme Court's 2023 judgment.,https://documents.un.org/api/symbol/access?s=S/2024/133&l=en&t=pdf,"it is obvious that India cannot abdicate its international obligations regarding an internationally recognized disputed territory, on the pretext of domestic legislation and judicial verdicts.",primary,yes,"research agent (part1), quote checked against the page"
indian-jammu-kashmir-ladakh,PK,2025-08-05,international,Deputy Prime Minister and Foreign Minister Ishaq Dar (letter via Permanent Mission),Identical letters (S/2025/501) on the sixth anniversary of 5 August 2019 restate the disputed status and the plebiscite.,https://documents.un.org/api/symbol/access?s=S/2025/501&l=en&t=pdf,to undermine its internationally recognized disputed status and consolidate its occupation,primary,yes,"research agent (part1), quote checked against the page"
indian-jammu-kashmir-ladakh,PK,2026-02-05,international,Deputy Prime Minister and Foreign Minister (letter via Permanent Mission),Letter on Kashmir Solidarity Day (S/2026/63) says the plebiscite resolutions remain unimplemented.,https://documents.un.org/api/symbol/access?s=S/2026/63&l=en&t=pdf,This failure has rendered the disputed region a persistent source of instability in South Asia.,primary,yes,"research agent (part1), quote checked against the page"
indian-jammu-kashmir-ladakh,PK,2026-09-25,international,"Permanent Mission to the UN (right of reply, UNGA 81 general debate)",Right of reply says Jammu and Kashmir never was part of India and is a disputed territory.,https://pakun.org/uploads/09252026_01_c44cabc211.pdf,"It is an internationally recognized disputed territory, a huge part of which is under India’s forcible and illegal occupation for nearly eight decades",primary,yes,"research agent (part1), quote checked against the page"
junagadh,PK,2015-11-26,statement,"Ministry of Foreign Affairs spokesperson, weekly briefing","Asked about Junagadh and the Nawab's criticism of the Foreign Office, the spokesperson answered only that Pakistan stands for resolving disputes under UN resolutions.",https://mofa.gov.pk/record-of-the-press-briefing-by-spokesperson-on-26-november-2015,He also called for separate cases for Kashmir and Junagadh. What is your response to these statements? (Anwar Abbas- Waqat News) Answer We stand for resolution of disputes in accordance with the UN resolutions,primary,yes,"research agent (part2), quote checked against the page"
junagadh,PK,2020-08-04,map,Prime Minister (Imran Khan) / Federal Government,Pakistan unveiled a new official political map that shows Junagadh and Manavadar as Pakistani territory.,https://www.dawn.com/news/1572694,The claim on Junagadh and Manavadar too has been underscored.,secondary,yes,"research agent (part2), quote checked against the page"
junagadh,PK,2020-08-20,statement,"Ministry of Foreign Affairs spokesperson, weekly briefing",The spokesperson said the Indian occupation of Junagadh and Manavadar is illegal and Pakistan's claim rests on the Nawab's Instrument of Accession.,https://mofa.gov.pk/press-releases/transcript-of-the-press-briefing-by-spokesperson-on-thursday-20-august-2020,The Indian occupation of Junagarh and Manavadar is illegal. Pakistan’s claim in this regard is based on legal and historical facts. The Instrument of Accession to Pakistan by the Nawab of Junagarh is a legal reality that cannot be denied.,primary,yes,"research agent (part2), quote checked against the page"
junagadh,PK,2024-09-05,statement,"Ministry of Foreign Affairs spokesperson, weekly briefing","Asked about Junagadh being under Indian occupation, the spokesperson called it a historic issue of Partition and said Pakistan's position on all disputed areas is unchanged.",https://mofa.gov.pk/press-releases/transcript-of-the-press-briefing-by-the-spokesperson-on-thursday-5-september-2024,Spokesperson: These are historic issues. It is linked to the legacy of Partition and India’s annexation. Pakistan's position with respect to all disputed areas remains unchanged.,primary,yes,"research agent (part2), quote checked against the page"
kangwane-ingwavuma,SZ,2003,statement,"King Mswati III (State of the Kingdom speech, opening of parliament)",King's speech opening parliament reiterates the wish to see all Swazis reunited (reported in the context of the land claim),https://web.archive.org/web/20120424124615/http://www.irinnews.org/Report/44343/SWAZILAND-Land-claim-falls-on-deaf-SA-ears,"Opening parliament this year, Mswati, in his annual State of the Kingdom speech, reiterated his desire to see all Swazis reunited.",secondary,yes,"research agent (part3), quote checked against the page"
kangwane-ingwavuma,SZ,2003-06-16,statement,"Prince Khuzulwandle, chairman of the government's Border Adjustment Committee","Chairman of the government border committee says KaNgwane, Ngwavuma and Nsikazi rightfully belong to Swaziland and complains of South African silence",https://web.archive.org/web/20120424124615/http://www.irinnews.org/Report/44343/SWAZILAND-Land-claim-falls-on-deaf-SA-ears,"This land rightfully belongs to Swazis, and most of the Swazis on that land long to be reunited with the rest of the Swazi population,"" Prince Khuzulwandle said.",secondary,yes,"research agent (part3), quote checked against the page"
kangwane-ingwavuma,SZ,2013,statement,King Mswati III,King appoints a border restoration committee to claim parts of KwaZulu-Natal and Mpumalanga (date approximate: 'more than a year' before September 2014),https://iol.co.za/capetimes/news/2014-09-15-swazis-claim-land-in-south-africa/,The king appointed a border restoration committee more than a year ago to claim large sections of KwaZulu-Natal and Mpumalanga that he says historically belong to Swazi kings.,secondary,yes,"research agent (part3), quote checked against the page"
kangwane-ingwavuma,SZ,2017-03,statement,King Mswati III (appoints the Border Determination Special Committee); its chairman Prince Guduza,"The King appoints a committee to recover land in South Africa; its chairman says Tshwane and large parts of Gauteng, Limpopo and KwaZulu-Natal belong to Swaziland (date: the week before 31 March 2017; reported from the state paper Swazi Observer).",https://013.co.za/2017/03/31/king-mswati-iii-restarts-fresh-claims-south-african-land/,"Swaziland King Mswati III has refreshed claims of parts of South Africa's land, with the appointment of a committee that is tasked to recover it",secondary,yes,"research agent (round2-b), quote checked against the page"
kangwane-ingwavuma,SZ,2025-05-19,statement,"King Mswati III (announces the new 15-member Border Restoration Committee, chaired by Chief Mgebiseni Dlamini)",The King names a new Border Restoration Committee to negotiate the return of land from South Africa; the kingdom's claim includes Mpumalanga and the towns of Ingwavuma and Kosi Bay (date: 'on Monday' before the 21 May 2025 article). Checked in the browser; curl gets no page; text saved in pages/atnews-2025-05-21-eswatini-brc.txt.,https://www.atnews.co.za/eswatini-king-forms-new-border-restoration-committee-to-reclaim-land-lost-to-south-africa-during-colonial-era/,King Mswati III announced the new 15 members of the Border Restoration Committee (BRC) on Monday,secondary,yes,"research agent (round2-b), quote checked against the page"
kuril-islands,JP,2000-04-11,statement,Prime Minister Yoshiro Mori (House of Councillors plenary),The Prime Minister tells the Diet that Japan and Russia agreed to try to resolve the attribution of the four islands and conclude a peace treaty by 2000.,https://kokkai.ndl.go.jp/api/speech?speechID=114715254X01420000411_003&recordPacking=xml,二〇〇〇年までに四島の帰属の問題を解決し、平和条約を締結するべく交渉を継続することで一致いたしております,primary,yes,"research agent (part1), quote checked against the page"
kuril-islands,JP,2001-09-27,statement,"Prime Minister Junichiro Koizumi (policy speech, House of Representatives)",In his policy speech the Prime Minister pledges to resolve the attribution of the four northern islands and conclude a peace treaty.,https://kokkai.ndl.go.jp/api/speech?speechID=115305254X00120010927_028&recordPacking=xml,北方四島の帰属の問題を解決して平和条約を締結するべく、引き続き全力を尽くします。,primary,yes,"research agent (part1), quote checked against the page"
kuril-islands,JP,2002-02-04,statement,"Prime Minister Junichiro Koizumi (policy speech, House of Representatives)",In his policy speech the Prime Minister restates the consistent policy of resolving the attribution of the four northern islands.,https://kokkai.ndl.go.jp/api/speech?speechID=115405254X00420020204_009&recordPacking=xml,平和条約締結問題は、北方四島の帰属の問題を解決して平和条約を締結するとの一貫した方針のもと、精力的に交渉を進めます。,primary,yes,"research agent (part1), quote checked against the page"
kuril-islands,JP,2003-07-18,statement,Foreign Minister Yoriko Kawaguchi (House of Representatives Foreign Affairs Committee),The Foreign Minister tells the Diet that the four northern islands are historically and legally Japan's inherent territory.,https://kokkai.ndl.go.jp/api/speech?speechID=115603968X01420030718_013&recordPacking=xml,北方四島は、申し上げるまでもなく、歴史的にも法的にも我が国の固有の領土であります。,primary,yes,"research agent (part1), quote checked against the page"
kuril-islands,JP,2004-01-19,statement,"Prime Minister Junichiro Koizumi (policy speech, House of Representatives)",In his policy speech the Prime Minister calls the four northern islands Japan's inherent territory whose attribution must be resolved.,https://kokkai.ndl.go.jp/api/speech?speechID=115905254X00120040119_020&recordPacking=xml,我が国固有の領土である北方四島の帰属の問題を解決して平和条約を締結することを目指してまいります。,primary,yes,"research agent (part1), quote checked against the page"
kuril-islands,JP,2005-02-22,statement,House of Representatives (resolution),"The House of Representatives resolves that the government should resolve the attribution of Habomai, Shikotan, Kunashiri and Etorofu and conclude a peace treaty.",https://www8.cao.go.jp/hoppo/shiryou/kokkaiketsugi/pdf/syu-17_h170222.pdf,全国民の悲願にこたえ、歯舞、色丹及び国後、択捉等の北方領 土の帰属の問題を解決して平和条約を早期に締結するという一貫した方針に基づき,primary,yes,"research agent (part1), quote checked against the page"
kuril-islands,JP,2006-01-20,statement,"Prime Minister Junichiro Koizumi (policy speech, House of Representatives)",In his policy speech the Prime Minister restates the basic policy of resolving the attribution of the four northern islands.,https://kokkai.ndl.go.jp/api/speech?speechID=116405254X00120060120_018&recordPacking=xml,ロシアとの間では、北方四島の帰属の問題を解決して平和条約を早期に締結するとの基本方針のもと、さまざまな分野における協力を拡大いたします。,primary,yes,"research agent (part1), quote checked against the page"
kuril-islands,JP,2007-01-26,statement,"Prime Minister Shinzo Abe (policy speech, House of Representatives)",In his policy speech the Prime Minister restates the basic policy of resolving the attribution of the four northern islands.,https://kokkai.ndl.go.jp/api/speech?speechID=116605254X00220070126_003&recordPacking=xml,ロシアとは、北方四島の帰属の問題を解決し平和条約を締結するとの基本方針にのっとり、領土問題の解決に粘り強く取り組むとともに,primary,yes,"research agent (part1), quote checked against the page"
kuril-islands,JP,2008-05-23,statement,Foreign Minister Masahiko Koumura (House of Councillors special committee on Okinawa and Northern problems),The Foreign Minister calls the four northern islands Japan's inherent territory illegally occupied by Russia.,https://kokkai.ndl.go.jp/api/speech?speechID=116913895X00520080523_064&recordPacking=xml,我が国固有の領土である北方四島がロシアにより不法占拠をされ続けている現状は極めて遺憾であります。,primary,yes,"research agent (part1), quote checked against the page"
kuril-islands,JP,2009-07-10,law,National Diet (amendment of the Act on Special Measures for Promoting the Resolution of the Northern Territories Issue),The amended Act states in its first article that the Northern Territories are Japan's inherent territory.,https://www8.cao.go.jp/hoppo/shiryou/pdf/hokutokuhou_gaiyou.pdf,北方領土が我が国固有の領土であるにもかかわらず、北方領土問題が今なお未解決であることに起因して北方領土元居住者及び,primary,yes,"research agent (part1), quote checked against the page"
kuril-islands,JP,2010-04-01,law,"Cabinet Office, Ministry of Foreign Affairs and MLIT (Basic Policy, joint notice No. 1)",The revised Basic Policy under the special-measures Act restates that the Northern Territories are Japan's inherent territory.,https://www8.cao.go.jp/hoppo/shiryou/pdf/kihonhoushin.pdf,北方領土が我が国固有の領土であるにもかかわらず、北方領土問題が今なお未解決 である現在の状況,primary,yes,"research agent (part1), quote checked against the page"
kuril-islands,JP,2010-11-16,statement,Prime Minister Naoto Kan (House of Representatives plenary),The Prime Minister reports protesting President Medvedev's visit to Kunashiri on the basis that the four islands are Japan's inherent territory.,https://kokkai.ndl.go.jp/api/speech?speechID=117605254X00920101116_068&recordPacking=xml,北方四島が我が国固有の領土であるという我が国の原則的な立場はしっかりと伝えました。そして、今回、自分は、メドベージェフ大統領の国後訪問について、その立場から改めて抗議をいたしたところであります。,primary,yes,"research agent (part1), quote checked against the page"
kuril-islands,JP,2011-09-16,statement,Prime Minister Yoshihiko Noda (House of Councillors plenary),The Prime Minister restates that Japan will negotiate to resolve the attribution of the four northern islands.,https://kokkai.ndl.go.jp/api/speech?speechID=117815254X00320110916_030&recordPacking=xml,北方四島の帰属の問題を解決して平和条約を締結をすべく、粘り強く交渉を行っていく考えでございます。,primary,yes,"research agent (part1), quote checked against the page"
kuril-islands,JP,2012-07-26,statement,Prime Minister Yoshihiko Noda (House of Representatives plenary),The Prime Minister calls the four northern islands Japan's inherent territory whose attribution must be resolved.,https://kokkai.ndl.go.jp/api/speech?speechID=118005254X03020120726_025&recordPacking=xml,北方領土については、我が国固有の領土である北方四島の帰属の問題を解決して平和条約を締結するという一貫した方針に基づき、引き続き、精力的かつ粘り強く交渉をしてまいります。,primary,yes,"research agent (part1), quote checked against the page"
kuril-islands,JP,2013-03-04,statement,Prime Minister Shinzo Abe (House of Representatives plenary),The Prime Minister restates that Japan will negotiate to resolve the attribution of the four northern islands.,https://kokkai.ndl.go.jp/api/speech?speechID=118305254X00920130304_024&recordPacking=xml,北方四島の帰属の問題を解決して平和条約を締結すべく、ロシアとの交渉を粘り強く行っていく考えであります。,primary,yes,"research agent (part1), quote checked against the page"
kuril-islands,JP,2014-09-30,statement,Prime Minister Shinzo Abe (House of Representatives plenary),The Prime Minister restates that Japan will negotiate to resolve the attribution of the four northern islands.,https://kokkai.ndl.go.jp/api/speech?speechID=118705254X00220140930_004&recordPacking=xml,北方領土問題については、北方四島の帰属の問題を解決して平和条約を締結すべく、粘り強く交渉に取り組んでまいります。,primary,yes,"research agent (part1), quote checked against the page"
kuril-islands,JP,2015-08-24,statement,Prime Minister Shinzo Abe (House of Councillors Budget Committee),The Prime Minister calls Prime Minister Medvedev's visit to Etorofu incompatible with Japan's position on the four islands and reports a protest to the Russian ambassador.,https://kokkai.ndl.go.jp/api/speech?speechID=118915261X02020150824_028&recordPacking=xml,この週末にメドベージェフ首相が択捉島を訪問したことは、北方四島に関する日本の立場と相入れず、また日本国民の感情を傷つけるものであり、極めて遺憾であります。,primary,yes,"research agent (part1), quote checked against the page"
kuril-islands,JP,2016-11-25,statement,Prime Minister Shinzo Abe (House of Councillors plenary),The Prime Minister calls the four northern islands Japan's inherent territory and reports representations over Russian missile deployment there.,https://kokkai.ndl.go.jp/api/speech?speechID=119215254X01320161125_008&recordPacking=xml,北方四島は、我が国の固有の領土です。,primary,yes,"research agent (part1), quote checked against the page"
kuril-islands,JP,2017-02-03,statement,Prime Minister Shinzo Abe (House of Representatives Budget Committee),The Prime Minister states that Japan's consistent position is that the four northern islands are its inherent territory.,https://kokkai.ndl.go.jp/api/speech?speechID=119305261X00620170203_289&recordPacking=xml,いずれにせよ、北方四島は日本固有の領土であるというのが我が国の一貫した立場であり,primary,yes,"research agent (part1), quote checked against the page"
kuril-islands,JP,2018-10-30,statement,Prime Minister Shinzo Abe (House of Representatives plenary),The Prime Minister restates the basic policy of resolving the attribution of the four northern islands.,https://kokkai.ndl.go.jp/api/speech?speechID=119705254X00320181030_012&recordPacking=xml,いずれにせよ、政府としては、北方四島の帰属の問題を解決して平和条約を締結するとの基本方針のもと、引き続き粘り強く取り組んでまいります。,primary,yes,"research agent (part1), quote checked against the page"
kuril-islands,JP,2019-10-08,statement,Prime Minister Shinzo Abe (House of Councillors plenary),The Prime Minister states that the Northern Territories are islands over which Japan has sovereignty.,https://kokkai.ndl.go.jp/api/speech?speechID=120015254X00220191008_003&recordPacking=xml,北方領土は、我が国が主権を有する島々です。,primary,yes,"research agent (part1), quote checked against the page"
kuril-islands,JP,2020-06-18,statement,Foreign Minister Toshimitsu Motegi (House of Representatives special committee on Okinawa and Northern problems),The Foreign Minister states that the Northern Territories are islands over which Japan has sovereignty and that the peace-treaty negotiation concerns the attribution of the four islands.,https://kokkai.ndl.go.jp/api/speech?speechID=120103895X00420200618_034&recordPacking=xml,北方領土は我が国が主権を有する島々でありまして、政府としてこの立場に変わりはなく,primary,yes,"research agent (part1), quote checked against the page"
kuril-islands,JP,2021-10-12,statement,Prime Minister Fumio Kishida (House of Councillors plenary),The Prime Minister states that the Northern Territories are islands over which Japan has sovereignty.,https://kokkai.ndl.go.jp/api/speech?speechID=120515254X00320211012_003&recordPacking=xml,北方領土は我が国が主権を有する島々です。,primary,yes,"research agent (part1), quote checked against the page"
kuril-islands,JP,2022-04-01,statement,Prime Minister Fumio Kishida (House of Councillors plenary),The Prime Minister states that the Northern Territories are islands over which Japan has sovereignty and Japan's inherent territory.,https://kokkai.ndl.go.jp/api/speech?speechID=120815254X01320220401_016&recordPacking=xml,北方領土は我が国が主権を有する島々であり、我が国固有の領土です。,primary,yes,"research agent (part1), quote checked against the page"
kuril-islands,JP,2023-03-24,statement,Prime Minister Fumio Kishida (House of Representatives plenary),The Prime Minister restates the policy of resolving the attribution of the four islands and concluding a peace treaty.,https://kokkai.ndl.go.jp/api/speech?speechID=121105254X01220230324_030&recordPacking=xml,北方領土問題に関しては、四島の帰属の問題を解決して平和条約を締結するとの方針を堅持いたします。,primary,yes,"research agent (part1), quote checked against the page"
kuril-islands,JP,2024-12-02,statement,Prime Minister Shigeru Ishiba (House of Representatives plenary),The Prime Minister states that Japan's position that the peace-treaty negotiation concerns the attribution of the four islands is consistent.,https://kokkai.ndl.go.jp/api/speech?speechID=121605254X00320241202_008&recordPacking=xml,北方領土問題につきましては、平和条約交渉の対象は四島の帰属の問題であるという点で、我が国の立場は一貫いたしております。,primary,yes,"research agent (part1), quote checked against the page"
kuril-islands,JP,2025-02-07,statement,Prime Minister Shigeru Ishiba (video message to the National Rally to Demand the Return of the Northern Territories),The Prime Minister restates the policy of resolving the attribution of the four Northern Islands and concluding a peace treaty.,https://japan.kantei.go.jp/103/statement/202502/07message.html,the Japanese Government will maintain its policy of resolving the issue of the attribution of the four Northern Islands and concluding a peace treaty.,primary,yes,"research agent (part1), quote checked against the page"
kuril-islands,JP,2025-03-25,statement,Foreign Minister Takeshi Iwaya (House of Councillors special committee),The Foreign Minister states that the Northern Territories are islands over which Japan has sovereignty and Japan's inherent territory.,https://kokkai.ndl.go.jp/api/speech?speechID=121715359X00320250325_065&recordPacking=xml,北方領土は言うまでもなく我が国が主権を有する島々でございまして、我が国固有の領土でございます。,primary,yes,"research agent (part1), quote checked against the page"
kuril-islands,JP,2026-02-07,statement,Prime Minister Sanae Takaichi (National Rally to Demand the Return of the Northern Territories),The Prime Minister restates the government's policy of resolving the attribution of the four northern islands and concluding a peace treaty.,https://www.kantei.go.jp/jp/104/actions/202602/07hoppou.html,『北方四島の帰属の問題を解決し、平和条約を締結する』という政府の方針に変わりはありません。,primary,yes,"research agent (part1), quote checked against the page"
kuril-islands,JP,2026-03-04,statement,Foreign Minister Toshimitsu Motegi (House of Representatives Budget Committee),The Foreign Minister states that the Northern Territories are islands over which Japan has sovereignty and Japan's inherent territory.,https://kokkai.ndl.go.jp/api/speech?speechID=122105261X00520260304_148&recordPacking=xml,北方領土は、我が国が主権を有する島々でありまして、我が国固有の領土であります。,primary,yes,"research agent (part1), quote checked against the page"
kuril-islands,JP,2026-07-01,map,"Geospatial Information Authority of Japan (national area survey, edition as at 1 July 2026)","The official area survey counts Etorofu, Kunashiri, Shikotan and the Habomai islands within Hokkaido (Nemuro) and gives the area of the northern region.",https://www.gsi.go.jp/KOKUJYOHO/MENCHO/backnumber/GSI-menseki20260701.pdf,"北方地域（歯舞群島と☆の地域）の面積は5,003.05km2",primary,yes,"research agent (part1), quote checked against the page"
kuril-islands,JP,2026-08-14,statement,Minister of State for Okinawa and Northern Territories Affairs Hitoshi Kikawada (message),The minister states that the government protested President Putin's visit to Etorofu the same day and that the four northern islands are Japan's inherent territory.,https://www8.cao.go.jp/hoppo/pdf/message260814.pdf,北方四島は、歴史的にも、国際法上も、我が国が主権を有する島々であり、 我が国固有の領土です。,primary,yes,"research agent (part1), quote checked against the page"
mayotte,KM,2000-09-21,international,Minister for Foreign Affairs Souef Mohamed El-Amine (UNGA general debate),"In the UN General Assembly general debate, Comoros appealed to France for talks on reintegrating the Comorian island of Mayotte into the Comoros.",https://documents.un.org/api/symbol/access?s=A/55/PV.26&l=en&t=pdf,reintegrating the Comorian island of Mayotte into its,primary,yes,"research agent (part1), quote checked against the page"
mayotte,KM,2001-11-15,international,Minister for Foreign Affairs Souef Mohamed El-Amine (UNGA general debate),"In the UN General Assembly general debate, Comoros sought the return of Mayotte, an island of Comoros administered by France, to its natural fold.",https://documents.un.org/api/symbol/access?s=A/56/PV.54&l=en&t=pdf,allow the return of Mayotte to its natural fold.,primary,yes,"research agent (part1), quote checked against the page"
mayotte,KM,2001-12-23,law,Union of the Comoros (constitution adopted by referendum),The 2001 Constitution (Fundamental Law) of the Union of the Comoros lists Maore (Mayotte) among the islands composing the Union.,https://clr.africanchildforum.org/Legislation%20Per%20Country/comoros/comoros_constitution_2001_en.pdf,"The Union of the Comoros is a Republic, composed of the autonomous Islands of Mwali (Mohéli), Maoré (Mayotte), Ndzuwani (Anjouan) and N'gazidja (Grande Comore).",secondary,yes,"research agent (part1), quote checked against the page"
mayotte,KM,2002-09-17,international,Minister of State for Foreign Affairs Souef Mohamed El-Amine (UNGA general debate),"In the UN General Assembly general debate, Comoros called the question of the Comorian island of Mayotte a matter of sovereignty it cannot abandon.",https://documents.un.org/api/symbol/access?s=A/57/PV.13&l=en&t=pdf,"of sovereignty, and thus of dignity and patriotic",primary,yes,"research agent (part1), quote checked against the page"
mayotte,KM,2004-09-28,international,Minister for Foreign Affairs Souef Mohamed El-Amine (UNGA general debate),"In the UN General Assembly general debate, Comoros recalled that Comoros was admitted to the UN as a four-island archipelago including Mayotte and called on France to negotiate.",https://documents.un.org/api/symbol/access?s=A/59/PV.13&l=en&t=pdf,"Archipelago, composed of four islands: Mayotte,",primary,yes,"research agent (part1), quote checked against the page"
mayotte,KM,2005-09-20,international,Minister of State for Foreign Affairs Aboudou Soefo (UNGA general debate),"In the UN General Assembly general debate, Comoros raised the issue of the Comorian island of Mayotte and reported a new dialogue with France.",https://documents.un.org/api/symbol/access?s=A/60/PV.16&l=en&t=pdf,of the Comorian island of Mayotte. Following a series,primary,yes,"research agent (part1), quote checked against the page"
mayotte,KM,2007-09-27,international,President Ahmed Abdallah Sambi (UNGA general debate),"In the UN General Assembly general debate, the President restated the Comorian claim of sovereignty over Mayotte.",https://documents.un.org/api/symbol/access?s=A/62/PV.9&l=en&t=pdf,supported the just claim by the Comoros of sovereignty,primary,yes,"research agent (part1), quote checked against the page"
mayotte,KM,2008-09-25,international,President Ahmed Abdallah Sambi (UNGA general debate),"In the UN General Assembly general debate, the President set out the Comorian claim to Mayotte against France's planned 2009 departmentalisation referendum.",https://documents.un.org/api/symbol/access?s=A/63/PV.9&l=en&t=pdf,justification of the Comorian claim to the island of,primary,yes,"research agent (part1), quote checked against the page"
mayotte,KM,2009-09-24,international,President Ahmed Abdallah Mohamed Sambi (UNGA general debate),"In the UN General Assembly general debate, the President protested France's referendums in Mayotte and restated that Comoros was admitted within borders including Mayotte.",https://gadebate.un.org/sites/default/files/gastatements/64/64_km_fr_24.pdf,"L'Assemblée Générale des Nations Unies a, à maintes reprises, reprouvé la présence française dans l'île comorienne de Mayotte",primary,yes,"research agent (part1), quote checked against the page"
mayotte,KM,2010-09-24,international,President Ahmed Abdallah Sambi (UNGA general debate),"In the UN General Assembly general debate, the President devoted his address to the Comorian claim to Mayotte and the agenda item on it.",https://gadebate.un.org/sites/default/files/gastatements/65/65_km_fr_24.pdf,qui confirment la legitimite de la revendication comorienne de cette ile de Mayotte,primary,yes,"research agent (part1), quote checked against the page"
mayotte,KM,2011-09-23,international,President Ikililou Dhoinine (UNGA general debate),"In the UN General Assembly general debate, the President declared France's departmentalisation of Mayotte null and void.",https://gadebate.un.org/sites/default/files/gastatements/66/km_fr_25.pdf,"la départementalisation de l'île comorienne de Mayotte, décidée unilatéralement par la France, est pour nous, comme pour la communauté internationale, nulle et non avenue",primary,yes,"research agent (part1), quote checked against the page"
mayotte,KM,2012-09-27,international,President Ikililou Dhoinine (UNGA general debate),"In the UN General Assembly general debate, the President called on France to let Mayotte return to its natural home, the Union of the Comoros.",https://documents.un.org/api/symbol/access?s=A/67/PV.12&l=en&t=pdf,"way for Mayotte to return to its natural home, which",primary,yes,"research agent (part1), quote checked against the page"
mayotte,KM,2013-09-25,international,President Ikililou Dhoinine (UNGA general debate),"In the UN General Assembly general debate, the President recalled that Comoros was admitted to the UN as an archipelago including Mayotte.",https://gadebate.un.org/sites/default/files/gastatements/68/km_fr_25.pdf,"la nécessité de respecter l'Unité et l'Intégrité Territoriales de l'Archipel des Comores, composées des îles d'Anjouan, de la Grande- Comore,de Mayotte et de Mohéli",primary,yes,"research agent (part1), quote checked against the page"
mayotte,KM,2014-09-26,international,President Ikililou Dhoinine (UNGA general debate),"In the UN General Assembly general debate, the President said the four-island Comoros still awaits the completion of its decolonisation (implicit: does not name Mayotte in this passage).",https://documents.un.org/api/symbol/access?s=A/69/PV.13&l=en&t=pdf,"integrity of the Comoro Archipelago, consisting of four",primary,yes,"research agent (part1), quote checked against the page"
mayotte,KM,2015-09-30,international,President Ikililou Dhoinine (UNGA general debate),"In the UN General Assembly general debate, the President said Comoros, admitted with Mayotte, has been cut off from part of its territory by France.",https://documents.un.org/api/symbol/access?s=A/70/PV.20&l=en&t=pdf,"of the Comoros, composed of the islands of Mayotte,",primary,yes,"research agent (part1), quote checked against the page"
mayotte,KM,2016-09-23,international,President Azali Assoumani (UNGA general debate),"In the UN General Assembly general debate, the President counted Mayotte among the four islands of Comoros, still under French administration.",https://documents.un.org/api/symbol/access?s=A/71/PV.17&l=en&t=pdf,"islands, including the island of Mayotte — which is,",primary,yes,"research agent (part1), quote checked against the page"
mayotte,KM,2017-09-21,international,President Azali Assoumani (UNGA general debate),"In the UN General Assembly general debate, the President called Mayotte an integral part of Comorian territory under French administration.",https://documents.un.org/api/symbol/access?s=A/72/PV.13&l=en&t=pdf,"Mayotte, which is an integral part of its territory,",primary,yes,"research agent (part1), quote checked against the page"
mayotte,KM,2018,law,Union of the Comoros (constitution revised in 2018),The Constitution as revised in 2018 lists Maore (Mayotte) in the national territory and makes its return a national priority.,https://natlex.ilo.org/dyn/natlex2/natlex2/files/download/72696/COM-72696%20(CONSOLID).pdf,"des îles et îlots de Mwali (Mohéli), Maoré (Mayotte), Ndzuwani (Anjouan) et Ngazidja (Grande Comore)",primary,yes,"research agent (part1), quote checked against the page"
mayotte,KM,2018-09-27,international,President Azali Assoumani (UNGA general debate),"In the UN General Assembly general debate, the President spoke of the Comorian island of Mayotte and opposed the expulsion of Comorians from it (borderline: about expulsions rather than sovereignty).",https://documents.un.org/api/symbol/access?s=A/73/PV.11&l=en&t=pdf,"With regard to the Comorian island of Mayotte,",primary,yes,"research agent (part1), quote checked against the page"
mayotte,KM,2019-09-26,international,President Azali Assoumani (UNGA general debate),"In the UN General Assembly general debate, the President restated the search for a solution to the problem of the Comorian island of Mayotte.",https://documents.un.org/api/symbol/access?s=A/74/PV.8&l=en&t=pdf,"of the Comorian island of Mayotte. Indeed, despite this unpleasant dispute between friendly countries,",primary,yes,"research agent (part1), quote checked against the page"
mayotte,KM,2020-09-24,international,"President Azali Assoumani (UNGA general debate, pre-recorded)","In the UN General Assembly general debate, the President said Mayotte remains at the forefront of Comorian foreign policy and demands as a matter of national sovereignty.",https://documents.un.org/api/symbol/access?s=A/75/PV.9&l=en&t=pdf,"Accordingly, Mayotte will always remain at the forefront of our foreign policy and our demands.",primary,yes,"research agent (part1), quote checked against the page"
mayotte,KM,2021-09-23,international,President Azali Assoumani (UNGA general debate),"In the UN General Assembly general debate, the President referred to the Franco-Comorian territorial dispute over the Comorian island of Mayotte.",https://gadebate.un.org/sites/default/files/gastatements/76/km_fr.pdf,"relatif à la question de l'ile comorienne de Mayotte, ce dossier a été marqué ces dernières années",primary,yes,"research agent (part1), quote checked against the page"
mayotte,KM,2022-09-22,international,President Azali Assoumani (UNGA general debate),"In the UN General Assembly general debate, the President solemnly recalled the Comorian character of Mayotte, removed from Comorian sovereignty.",https://gadebate.un.org/sites/default/files/gastatements/77/km_fr.pdf,"le caractère comorien de cette île, soustraite à la souveraineté comorienne, lors du processus de décolonisation de notre pays",primary,yes,"research agent (part1), quote checked against the page"
mayotte,KM,2023-09-20,international,President Azali Assoumani (UNGA general debate),"In the UN General Assembly general debate, the President solemnly recalled that Mayotte is Comorian.",https://gadebate.un.org/sites/default/files/gastatements/78/km_fr.pdf,"en tant que Président de l'Union Africaine et de l'Union des Comores, la comorianité de l'île de Mayotte",primary,yes,"research agent (part1), quote checked against the page"
mayotte,KM,2024-09-26,international,Minister for Foreign Affairs Mbae Mohamed (UNGA general debate),"In the UN General Assembly general debate, the Foreign Minister invoked UN resolutions recognising Comorian sovereignty over Mayotte.",https://gadebate.un.org/sites/default/files/gastatements/79/km_fr.pdf,lesquelles reconnaissent la souveraineté des Comores sur l'île de Mayotte,primary,yes,"research agent (part1), quote checked against the page"
mayotte,KM,2025-09-24,international,President Azali Assoumani (UNGA general debate),"In the UN General Assembly general debate, the President called Mayotte a Comorian island under French occupation and claimed the whole national territory.",https://gadebate.un.org/sites/default/files/gastatements/80/km_fr.pdf,île comorienne toujours sous occupation française,primary,yes,"research agent (part1), quote checked against the page"
mayotte,KM,2026-09-24,international,President Azali Assoumani (UNGA general debate),"In the UN General Assembly general debate, the President said Comorians are at home in Mayotte and Comorian sovereignty over the whole archipelago is not for sale.",https://gadebate.un.org/sites/default/files/gastatements/81/km_fr.pdf,les Comoriens sont chez eux à Mayotte,primary,yes,"research agent (part1), quote checked against the page"
melilla,MA,2006-01,statement,Government spokesman (Minister of Communication Nabil Benabdellah),"Morocco called Prime Minister Zapatero's visit to Ceuta and Melilla ""inopportune"" but lodged no official protest (reported by Courrier international citing El País).",https://www.courrierinternational.com/breve/2006/02/01/le-maroc-qualifie-d-inopportune-la-visite-de-zapatero-a-ceuta-et-mellila,"Le Maroc a regretté ce voyage et l’a qualifié d“ ‘inopportun” mais, en revanche, n’a émis aucune protestation officielle.",secondary,yes,"research agent (part2), quote checked against the page"
melilla,MA,2007-05-31,international,"Government of Morocco (declaration upon ratification of UNCLOS, deposited with the UN Secretary-General)","On ratifying UNCLOS, Morocco declared that Sebta, Melilla and the Spanish islets are Moroccan territories under Spanish occupation and that ratification is no recognition of that occupation (UN Treaty Collection record; Spain objected on 10 Sep 2008).",https://treaties.un.org/Pages/ViewDetailsIII.aspx?src=TREATY&mtdsg_no=XXI-6&chapter=21&Temp=mtdsg3&clang=_en,"The Government of the Kingdom of Morocco affirms once again that Sebta, Melilia, the islet of Al-Hoceima, the rock of Badis and the Chafarinas Islands are Moroccan territories. Morocco has never ceased to demand the recovery of these territories, which are under Spanish occupation",primary,yes,"research agent (round2-a), quote checked against the page"
melilla,MA,2007-11-02,statement,Ministry of Foreign Affairs and Cooperation,"Morocco recalled its ambassador from Madrid indefinitely over the Spanish King's planned visit to the ""occupied cities"" of Ceuta and Melilla (AP via NBC News, citing MAP).",https://www.nbcnews.com/id/wbna21604565,"Morocco’s Foreign Ministry announced the “indefinite recall for consultation” of Ambassador Omar Azziman “following the official announcement ... of the regrettable visit by his majesty King Juan Carlos on Nov. 5 and 6 to the occupied cities of Ceuta and Melilla,” the official Moroccan news agency MAP said Friday.",secondary,yes,"research agent (part2), quote checked against the page"
melilla,MA,2007-11-06,statement,King Mohammed VI (Royal statement),"The King condemned the Spanish royal visit and affirmed Morocco's sovereignty rights over the ""two occupied cities and the islands attached to them"" (text reproduced by Bladi.net).",https://www.bladi.net/communique-de-mohammed-vi-denoncant-la-visite-du-roi-d.html,"Tout en exprimant la détermination de Notre Majesté à préserver et à garantir tous Nos droits inaliénables et légitimes de souveraineté, Nous considérons que rien ne saurait modifier ou altérer le statut juridique des deux villes occupées et des îles qui en relèvent,",secondary,yes,"research agent (part2), quote checked against the page"
melilla,MA,2008-05-23,law,"King (dahir n° 1.04.134), countersigned by Prime Minister Abbas El Fassi; published in Bulletin officiel n° 5714 of 5 Mar 2009","The dahir publishing UNCLOS in Moroccan law carries the government declaration that Sebta and Melilla are Moroccan territories under Spanish occupation (reported by Hespress, 2026; the Bulletin officiel itself was not reached).",https://fr.hespress.com/487179-sebta-et-melilla-un-document-officiel-de-2009-reaffirme-la-position-marocaine-sur-les-iles-et-les-presides-occupes.html,Cette déclaration figure dans le dahir n°1.04.134 du 23 mai 2008 portant publication de la Convention des Nations unies sur le droit de la mer,secondary,yes,"research agent (round2-a), quote checked against the page"
melilla,MA,2008-07-11,statement,"Prime Minister (Abbas El Fassi), after meeting Spanish PM Zapatero in Morocco; remarks to Moroccan public TV 2M","The Moroccan Prime Minister said he had raised with Zapatero Morocco's ""right"" to ""recover"" Ceuta and Melilla, as every Moroccan and the King feel (reported by Libertad Digital).",https://www.libertaddigital.com/mundo/zapatero-sobre-el-dossier-de-ceuta-y-melilla-seguimos-con-el-dialogo-fructifero-1276334574/,"El primer ministro marroquí, Abbas el Fassi, afirmó este viernes haber reivindicado ante el presidente del Gobierno, José Luis Rodríguez Zapatero, el ""derecho"" de Marruecos a ""recuperar"" Ceuta y Melilla",secondary,yes,"research agent (round2-a), quote checked against the page"
melilla,MA,2010-05,statement,"Prime Minister (Abbas El Fassi), in the Moroccan parliament","The Prime Minister called on Spain in parliament to open a dialogue on ending the occupation of Sebta and Melilla; the Zapatero government answered there was nothing to discuss (reported by Bladi.net, 3 May 2011, ""en mai dernier"" = May 2010). Day not given.",https://www.bladi.net/maroc-question-sebta-melilla.html,Le fait que le premier ministre Abbas El Fassi ait osé appeler l’Espagne à ouvrir un dialogue sur la fin de l’occupation de Sebta et Melilla en mai dernier au parlement marocain,secondary,yes,"research agent (round2-a), quote checked against the page"
melilla,MA,2010-08-07,statement,Ministry of Foreign Affairs and Cooperation (communiqué),"An MFA communiqué on border incidents denounced violence by ""the police of the occupied city of Melilla"" (reported by Yabiladi, Aug 2010). Names Melilla only.",https://www.yabiladi.com/articles/details/3073/nouvelles-agressions-melilla-l-incident-sardine.html,«le gouvernement de SM le Roi dénonce avec force la poursuite de faits violents en série par la police de la ville occupée de Melilla»,secondary,yes,"research agent (round2-a), quote checked against the page"
melilla,MA,2012-06-20,statement,"Minister of Foreign Affairs and Cooperation (Saâdeddine El Othmani), joint press conference in Rabat with Spanish FM García-Margallo","The foreign minister said Morocco's position on the ""occupied cities"" of Sebta and Melilla is unchanged and Morocco wants to open a dialogue with Spain (reported by Bladi.net, 23 Jun 2012; ""mercredi"" = 20 Jun 2012).",https://www.bladi.net/maroc-sebta-melilla.html,"La position du Maroc sur le dossier des villes occupées de Sebta et Melilla n’a pas changé, a indiqué le ministre des Affaires étrangères Saâdedine El Othmani, mercredi lors d’une conférence de presse à Rabat",secondary,yes,"research agent (round2-a), quote checked against the page"
melilla,MA,2020-12,statement,"Head of Government (Saadeddine El Othmani), TV interview",The Moroccan Head of Government said Ceuta and Melilla are Moroccan like the Sahara and the issue will be reopened one day; Spain summoned Morocco's ambassador (reported by El Mundo).,https://www.elmundo.es/espana/2020/12/21/5fe100ac21efa01f038b458a.html,"En este sentido, ha considerado que ""llegará el día en que vamos a reabrir el asunto de Ceuta y Melilla, territorios marroquíes como el Sáhara"".",secondary,yes,"research agent (part2), quote checked against the page"
melilla,MA,2022-09-09,international,"Government of Morocco (written reply to the UN special procedures, OHCHR Geneva, communication AL MAR 2/2022 of 13 Jul 2022)","In its reply on the 24 June 2022 Melilla fence deaths, Morocco wrote that it has no land border with Spain, that Melilla ""remains an occupied presidio"", and called Ceuta and Melilla occupied Moroccan presidios throughout the 11-page letter (reported by El Español, 13 Oct 2022). Hours later a senior MFA official told EFE the April 2022 joint declaration does recognise land borders.",https://www.elespanol.com/mundo/20221013/marruecos-onu-no-frontera-terrestre-espana-melilla/710428955_0.html,"Posteriormente, a lo largo del documento, de 11 páginas, menciona a Ceuta y Melilla en varias ocasiones, y siempre se refiere a ellas como ""presidios marroquíes ocupados"" o ""enclaves"".",secondary,yes,"research agent (round2-a), quote checked against the page"
melilla,MA,2026-08,statement,"Minister of Justice (Abdellatif Ouahbi), interview with Asharq News",The Justice Minister said Morocco still claims Ceuta and Melilla and raises the issue at every meeting with Spain (reported by Infobae).,https://www.infobae.com/espana/2026/08/11/el-ministro-de-justicia-de-marruecos-sobre-ceuta-y-melilla-cada-vez-que-nos-reunimos-con-espana-planteamos-la-cuestion-seguimos-reivindicando-nuestros-territorios/,"“Nuestra política respecto a este asunto es de largo aliento”, ha matizado el ministro, antes de precisar cuál es el objetivo de esa estrategia: “Seguimos reivindicando nuestros territorios y queremos resolver el problema mediante el diálogo”.",secondary,"no: Morocco's foreign minister told Spain in September 2026 that ministers' remarks on Ceuta and Melilla in the election campaign were party statements, not the official position","research agent (part2), quote checked against the page"
melilla,MA,2026-08-21,statement,"Minister of Justice (Abdellatif Ouahbi), interview with public channel 2M",The Justice Minister called Ceuta and Melilla a historical and geographical right of Morocco and proposed a dialogue commission for their return; Spain's MFA rejected it (reported by El Español).,https://www.elespanol.com/espana/20260821/marruecos-ceuta-melilla-reclama-derecho-historico-geografico-retorno-seno-patria/1003744359954_0.html,"""La cuestión de Ceuta y Melilla seguirá siendo un tema de diálogo entre nosotros y España, y mantendremos nuestro derecho histórico y nuestro derecho geográfico"", ha declarado Ouahbi en una entrevista con el canal público marroquí 2M.",secondary,"no: Morocco's foreign minister told Spain in September 2026 that ministers' remarks on Ceuta and Melilla in the election campaign were party statements, not the official position","research agent (part2), quote checked against the page"
moldovan-held-left-bank,area/transnistria,2002-07-17,law,President and Supreme Council of the PMR,"Law No. 155-Z-III on the administrative-territorial division lists Varnita under Bendery and Cocieri, Molovata Noua, Dorotcaia, Cosnita, Pirita and Copanca as PMR localities (adopted 2002-06-12, signed 2002-07-17)",https://ulpmr.ru/ul/show/0GNnQxtaABBvNnWbyaSXC3QgqXHXgd4Jkmzo=,город Бендеры село Варница село Гыска,secondary,yes,"research agent (part3), quote checked against the page"
moldovan-held-left-bank,area/transnistria,2017-08-24,statement,President of the PMR (Vadim Krasnoselsky),The President calls Cocieri a Pridnestrovian village when recalling the 1992 war,https://president.gospmr.org/press-sluzhba/novosti/glava-pridnestrovskogo-gosudarstva-prokommentiroval-nezavisimoy-gazete-initsiativu-praviteljstva-respubliki-moldova.html,в приднестровских селах Кочиеры и Дубоссары появились первые жертвы,primary,yes,"research agent (part3), quote checked against the page"
moldovan-held-left-bank,area/transnistria,2017-09-27,law,President and Supreme Council of the PMR,Amendment of the PMR Customs Code (No. 254-ZID-VI) treats legal entities located in Varnita as PMR legal entities,https://president.gospmr.org/pravovye-akty/zakoni/zakon-pridnestrovskoy-moldavskoy-respubliki-o-vnesenii-izmeneniy-i-dopolneniy-v-tamojenniy-kodeks-pridnestrovskoy-moldavskoy-respubliki-.html,"юридическими лицами Приднестровской Молдавской Республики либо их структурными подразделениями (участки, филиалы и так далее) с местонахождением в селе Варница или микрорайоне «Северный»",primary,yes,"research agent (part3), quote checked against the page"
moldovan-held-left-bank,area/transnistria,2018-05-30,law,President and Supreme Council of the PMR,Law No. 153-ZID-VI amends the local-government law for PMR localities on territories temporarily under the control of Moldova (adopted 2018-05-16),https://president.gospmr.org/pravovye-akty/zakoni/zakon-pridnestrovskoy-moldavskoy-respubliki-o-vnesenii-izmeneniya-i-dopolneniya-v-zakon-pridnestrovskoy-moldavskoy-respubliki-ob-organah-mestnoy-vlasti-mestnogo-samoupravleniya-i-gosudarstvennoy-administratsii-v-pridnestrovskoy-moldavskoy-respublike-.html,"В населенных пунктах, размещенных на территориях временно находящихся под контролем Республики Молдова, в которых не избраны Советы народных депутатов сел (поселков)",primary,yes,"research agent (part3), quote checked against the page"
moldovan-held-left-bank,area/transnistria,2018-10-19,law,President of the PMR (decree No. 394),"Decree assigns PMR village councils to run Dorotcaia, Cosnita, Pogrebea, Pirita, Cocieri and Molovata Noua as PMR localities temporarily under Moldovan control",https://president.gospmr.org/pravovye-akty/ukazi/ob-opredelenii-organov-mestnogo-samoupravleniya-osuschestvlyayuschih-svoi-funktsii-v-naselennih-punktah-razmeschennih-na-territoriyah-vremenno-nahodyaschihsya-pod-kontrolem-respubliki-moldova.html,"Роговский сельский Совет народных депутатов и администрация села Роги в селах Кочиеры, Новая Моловата",primary,yes,"research agent (part3), quote checked against the page"
moldovan-held-left-bank,area/transnistria,2019-01-25,law,President of the PMR (decree No. 18),Decree assigns the Protiagailovca village council to run Varnita as a PMR locality temporarily under Moldovan control (repealed by decree No. 149 of 2019-05-13),https://president.gospmr.org/pravovye-akty/ukazi/ob-opredelenii-organov-mestnogo-samoupravleniya-osuschestvlyayuschih-svoi-funktsii-v-naselennom-punkte-razmeschennom-na-territorii-vremenno-nahodyascheysya-pod-kontrolem-respubliki-moldova.html,"в селе Варница, размещенном на территории, временно находящейся под контролем Республики Молдова",primary,yes,"research agent (part3), quote checked against the page"
moldovan-held-left-bank,area/transnistria,2019-03-26,law,President and Supreme Council of the PMR,"Law No. 34-ZID-VI restates the state register of the administrative-territorial division, listing Varnita under Bendery and Dorotcaia, Cocieri, Cosnita, Pirita and Copanca (adopted 2019-03-13)",https://president.gospmr.org/pravovye-akty/zakoni/zakon-pridnestrovskoy-moldavskoy-respubliki-o-vnesenii-izmeneniy-i-dopolneniya-v-zakon-pridnestrovskoy-moldavskoy-respubliki-ob-administrativno-territorialjnom-ustroystve-pridnestrovskoy-moldavskoy-respubliki-.html,а) город Бендеры: 1) село Варница; 2) село Гыска; 3) село Протягайловка,primary,yes,"research agent (part3), quote checked against the page"
moldovan-held-left-bank,area/transnistria,2019-07-30,law,President and Supreme Council of the PMR,Electoral Code amendment (No. 158-ZID-VI) provides for a Bendery city council constituency that includes Varnita,https://president.gospmr.org/pravovye-akty/zakoni/zakon-pridnestrovskoy-moldavskoy-respublis-vnesenii-izmeneniy-i-dopolneniy-v-izbirateljniy-kodeks-pridnestrovskoy-moldavskoy-respubliki-.html,При образовании избирательного округа по выборам народного депутата городского Совета народных депутатов города Бендеры с входящим в состав данного округа селом Варница,primary,yes,"research agent (part3), quote checked against the page"
moldovan-held-left-bank,area/transnistria,2020-10-21,statement,"PMR Government (head of the Dubasari state administration, citing Operational HQ decision No. 73 of 2020-09-17)","Government site names Varnita, Copanca, Molovata Noua, Cocieri, Pogrebea, Dorotcaia, Cosnita and Pirita as PMR localities temporarily under Moldovan jurisdiction",http://web.archive.org/web/20201130083539/http://gov-pmr.org/item/18750,"в населенных пунктах Приднестровской Молдавской Республики, временно находящихся под юрисдикцией Республики Молдова (селе Варница; селе Копанка Слободзейского района; селах Новая Маловата, Кочиеры, Погребя, Дороцкое, Кошница, Пырыта Дубоссарского района)",primary,yes,"research agent (part3), quote checked against the page"
moldovan-held-left-bank,area/transnistria,2021-02-27,law,President and Supreme Council of the PMR,Law No. 22-ZD-VII adds the Moldovan-language name of Cocieri (and others) to the register of PMR localities (adopted 2021-02-10),https://president.gospmr.org/pravovye-akty/zakoni/zakon-pridnestrovskoy-moldavskoy-respubliki-o-vnesenii-dopolneniy-v-zakon-pridnestrovskoy-moldavskoy-respubliki-ob-administrativno-territorialjnom-ustroystve-pridnestrovskoy-moldavskoy-respubliki-.html,село Кочиеры село Кочиерь,primary,yes,"research agent (part3), quote checked against the page"
moldovan-held-left-bank,area/transnistria,2021-12-13,statement,President of the PMR (Vadim Krasnoselsky),The President complains that PMR election staff with a ballot box were not let into Dorotcaia,https://president.gospmr.org/press-sluzhba/novosti/stenogramma.html,В Дороцкое не пустили наших сотрудников с избирательной урной,primary,yes,"research agent (part3), quote checked against the page"
moldovan-held-left-bank,area/transnistria,2022-12-28,law,President and Supreme Council of the PMR,Law No. 389-Z-VII on the 2023 budget grants transport benefits to residents of Slobodzeia district villages including Copanca,https://president.gospmr.org/file.xp?file=76014,"селах Кицканы, Копанка, Ново-Котовск, Приозерное",primary,yes,"research agent (part3), quote checked against the page"
moldovan-held-left-bank,area/transnistria,2023-04-26,law,President of the PMR (decree No. 134),"Decree approves the list of PMR localities that make up PMR territory but lie beyond its checkpoints; the annex lists Varnita, Copanca, Pogrebea, Dorotcaia, Cosnita and Pirita",https://president.gospmr.org/pravovye-akty/ukazi/ob-utverjdenii-perechnya-naselennih-punktov-pridnestrovskoy-moldavskoy-respubliki-sostavlyayuschih-territoriyu-pridnestrovskoy-moldavskoy-respubliki-i-nahodyaschihsya-za-predelami-tamojennih-i-pogranichnih-punktov-propuska-pridnestrovskoy-moldavskoy-respubliki.html,"Об утверждении Перечня населенных пунктов Приднестровской Молдавской Республики, составляющих территорию Приднестровской Молдавской Республики и находящихся за пределами таможенных и пограничных пунктов пропуска Приднестровской Молдавской Республики",primary,yes,"research agent (part3), quote checked against the page"
moldovan-held-left-bank,area/transnistria,2024-12-28,law,President and Supreme Council of the PMR,Law No. 361-Z-VII on the 2025 budget grants transport benefits to residents of Slobodzeia district villages including Copanca,https://president.gospmr.org/file.xp?file=92438,"селах Кицканы, Копанка, Ново-Котовск, Приозерное",primary,yes,"research agent (part3), quote checked against the page"
moldovan-held-left-bank,area/transnistria,2025-06-26,statement,Ministry of Foreign Affairs of the PMR,MFA country profile (archived 2025-06-26; undated page) says the PMR includes the Slobodzeia district village of Copanca on the right bank,https://web.archive.org/web/20250626220421/https://mid.gospmr.org/ru/republic_main,"а также села Слободзейского района: Копанка, Кицканы, Меренешты, Кременчуг",primary,yes,"research agent (part3), quote checked against the page"
moldovan-held-left-bank,area/transnistria,2025-12-30,law,President and Supreme Council of the PMR,Law No. 275-Z-VIII on the 2026 budget grants transport benefits to residents of Slobodzeia district villages including Copanca,https://president.gospmr.org/file.xp?file=98569,"селах Кицканы, Копанка, Ново-Котовск, Приозерное",primary,yes,"research agent (part3), quote checked against the page"
noktundo,KR,1990,international,Government of the Republic of Korea,Demanded from the Soviet/Russian minister (envoy) in Seoul the return of Noktundo; no result.,https://n.news.naver.com/mnews/article/028/0002483397?sid=103,우리 정부 역시 지난 1990년 서울 주재 러시아 공사에게 반환을 요구하였으나 실효를 거두지 못했다,secondary,yes,"research agent (part1), quote checked against the page"
north-korea-claimed-by-rok,KR,2005-03-10,law,"National Assembly (Act No. 7389, partial amendment)",Amendment giving the governors of the five northern provinces political-appointee status and adjusting the provinces' functions.,https://law.go.kr/LSW/lsRvsRsnListP.do?chrClsCd=010102&lsId=001097,"이북5도 도지사의 정무직공무원 배치근거를 마련하고, 이북5도가 월남 이북5도민에 대하여 실질적인 지원을 하고 이북5도의 향토문화를 계승·발전시킬 수 있도록 이북5도의 관장사무를 조정하는 한편",primary,yes,"research agent (part2), quote checked against the page"
north-korea-claimed-by-rok,KR,2005-12-29,law,"National Assembly (Act No. 7763, Act on the Development of Inter-Korean Relations, enacted; in force 2006-06-30)","Act defines inter-Korean relations as a provisional special relationship, not one between states (borderline: consistent with the territorial claim but does not restate Article 3).",https://law.go.kr/LSW/lsRvsRsnListP.do?chrClsCd=010102&lsId=010087,"남북관계는 국가간의 관계가 아닌 통일을 지향하는 과정에서 잠정적으로 형성되는 특수관계로, 남북간 거래는 국가간 거래가 아닌 민족내부의 거래로 규정함.",primary,yes,"research agent (part2), quote checked against the page"
north-korea-claimed-by-rok,KR,2006-05-25,law,President (Presidential Decree No. 19484 amending the Regulation on Honorary Mayors of the unrecovered areas),Decree amendment on the terms of honorary mayors and county heads appointed for the unrecovered northern areas.,https://www.law.go.kr/LSW/lsInfoR.do?lsiSeq=174289&chrClsCd=010202&urlMode=lsInfoP&efYd=20150819&ancYnChk=0,"부 칙 <대통령령 제19484호, 2006. 5. 25.> ①(시행일) 이 영은 공포한 날부터 시행한다. ②(보궐 명예시장ㆍ군수의 임기에 관한 경과조치) 이 영 시행당시 궐위로 인하여 위촉된 명예시장ㆍ군수의 임기는 2007년 6월 24일까지로 한다.",primary,yes,"research agent (part2), quote checked against the page"
north-korea-claimed-by-rok,KR,2009-09-15,law,"President (Presidential Decree No. 21727, full revision of the Regulation on Honorary Mayors of the unrecovered areas)","Full revision of the decree on honorary mayors, county heads and village heads appointed for the unrecovered northern areas (purpose clause in its 2015 form shown in the source; 2009 wording not checked).",https://www.law.go.kr/LSW/lsInfoR.do?lsiSeq=174289&chrClsCd=010202&urlMode=lsInfoP&efYd=20150819&ancYnChk=0,"부 칙 <대통령령 제21727호, 2009. 9. 15.> 이 영은 공포한 날부터 시행한다.",primary,yes,"research agent (part2), quote checked against the page"
north-korea-claimed-by-rok,KR,2010-03-12,law,"National Assembly (Act No. 10058, partial amendment)",Plain-language rewrite of the Act on the Five Northern Provinces; article 3 as rewritten keeps the provinces' temporary offices in Seoul until their territory is recovered.,https://www.law.go.kr/LSW/lsInfoR.do?lsiSeq=251461&chrClsCd=010202&urlMode=lsInfoP&efYd=20230611&ancYnChk=0,제3조(도청의 임시 위치) 이북5도의 임시 사무소는 해당 관할지구가 수복될 때까지 서울특별시에 둔다. [전문개정 2010. 3. 12.],primary,yes,"research agent (part2), quote checked against the page"
north-korea-claimed-by-rok,KR,2015-05-18,law,"National Assembly (Act No. 13291, partial amendment; in force 2015-08-19)","Amendment extends the Act to the unrecovered cities and counties of pre-1945 Gyeonggi and Gangwon and renames it the Act on the Five Northern Korean Provinces, etc.",https://law.go.kr/LSW/lsRvsRsnListP.do?chrClsCd=010102&lsId=001097,"현행법은 우리나라 지역 중 1945년 8월 15일 현재 아직 수복되지 아니한 이북 5도(道)의 행정에 관한 특별조치를 규정하고 있으나, 미수복 지역에는 경기도와 강원도의 행정구역 일부 시ㆍ군도 포함되어 있으므로 이 법의 적용범위에 포함됨을 명확히 규정하고",primary,yes,"research agent (part2), quote checked against the page"
north-korea-claimed-by-rok,KR,2015-08-19,law,President (Presidential Decree No. 26498 amending the Regulation on Honorary Mayors and County Heads of the Five Northern Provinces),Decree amendment extends honorary mayors to the unrecovered cities and counties; its purpose clause says this makes clear that the unrecovered areas are also national territory.,https://www.law.go.kr/LSW/lsInfoR.do?lsiSeq=174289&chrClsCd=010202&urlMode=lsInfoP&efYd=20150819&ancYnChk=0,"제1조(목적) 이 영은 이북5도와 미수복 시ㆍ군에 명예시장ㆍ군수 등을 두어 수복되지 아니한 지역도 영토임을 명백히 밝히고, 실지(失地) 회복을 통한 통일의지를 고취함을 목적으로 한다. <개정 2015. 8. 19.>",primary,yes,"research agent (part2), quote checked against the page"
north-korea-claimed-by-rok,KR,2023-06-07,law,"National Assembly (Act No. 19427, consequential amendment; in force 2023-06-11)",The Act on the Five Northern Korean Provinces is amended (renaming Gangwon to Gangwon Special Self-Governing Province) and keeps defining the five provinces as not yet recovered.,https://www.law.go.kr/LSW/lsInfoR.do?lsiSeq=251461&chrClsCd=010202&urlMode=lsInfoP&efYd=20230611&ancYnChk=0,"“이북5도”란 1945년 8월 15일 현재 행정구역 상의 도(道)로서 아직 수복되지 아니한 황해도, 평안남도, 평안북도, 함경남도, 함경북도를 말한다.",primary,yes,"research agent (part2), quote checked against the page"
north-korea-claimed-by-rok,KR,2026-03-02,law,Government (appointment of the governor of Hwanghae under the Five Northern Provinces Act),"A vice-minister-level governor of Hwanghae, one of the five 'unrecovered' northern provinces, is appointed (borderline kind: an administrative act under the Act, not a new law).",https://www.khan.co.kr/article/202603021852001,2일 이북5도 황해도지사(차관급)에 배우 명계남씨(73)가 임명됐다. 1952년생으로 충남 공주 출신인 명 신임 지사는 신일고 졸업 후 연세대 신학과에 진학했으나 중퇴하고 영화·연극계에서 평생 배우로 활동해왔다.,secondary,yes,"research agent (part2), quote checked against the page"
olivenza,PT,2001-08-10,statement,"Ministry of Foreign Affairs (answer to Requerimento 253/VIII/2, Assembleia da Republica)",MNE tells parliament its legal-political doctrine on the territory of Olivenca is unchanged and cites Article 5(3) of the Constitution (state does not alienate territory),http://app.parlamento.pt/webutils/docs/doc.pdf?path=6148523063484d364c793968636d356c6443397a6158526c6379395753556c4a5447566e4c305276593356745a57353062334e515a584a6e6457353059584e535a5846315a584a70625756756447397a4c7a4a54544338345a6a45304e44557a5a43316b5a44526d4c545177596d5174595755794e6930335a6a63774f5751774e6a6b344e544d756347526d&fich=8f14453d-dd4f-40bd-ae26-7f709d069853.pdf&Inline=true,Da parte do Ministério dos Negócios Estrangeiros não houve nenhuma alteração à doutrina jurídico-política que tem sido seguida relativamente ao território de Olivença,primary,yes,"research agent (part3), quote checked against the page"
olivenza,PT,2001-11-21,statement,"Assembleia da Republica, Committee on Constitutional Affairs, Rights, Freedoms and Guarantees (report on Petition 61/VIII/2, approved unanimously)",Parliamentary committee report on the Olivenca petition states that de jure Olivenca is part of Portugal and Portuguese authorities never recognised Spanish sovereignty,http://app.parlamento.pt/webutils/docs/doc.pdf?path=6148523063484d364c793968636d356c6443397a6158526c6379395753556c4a5447566e4c304e505453387851554e45544563765247396a6457316c626e52766331426c64476c6a59573876595755354e6d5a6a4e7a51744e325a6b4e6930304e4449774c5749355a444d745a6a4d354e32597a5a445979597a59784c6e426b5a673d3d&fich=ae96fc74-7fd6-4420-b9d3-f397f3d62c61.pdf&Inline=true,"podendo afirmar-se que, de jure, Olivença é parte de Portugal, nunca tendo as autoridades portuguesas reconhecido qualquer direito soberano de Espanha sobre aquele território",primary,yes,"research agent (part3), quote checked against the page"
olivenza,PT,2003-09-04,statement,Minister of Foreign Affairs (Antonio Martins da Cruz),Foreign minister says the Olivenza question is frozen since 1815 and will not be reopened (reported by El Periodico Extremadura),https://web.archive.org/web/20110726071032/http://www.elperiodicoextremadura.com/noticias/noticia.asp?pkid=70565,el problema de Olivenza está congelado desde el Tratado de Viena de 1815,secondary,yes,"research agent (part3), quote checked against the page"
olivenza,PT,2008-12-01,map,"Instituto Geografico do Exercito (Army survey office, now CIGeoE)","Carta Militar de Portugal 1:25 000 series M888, which covers continental Portugal, includes sheet 441-A Olivenca (edition 3), filed under Evora district",https://www.igeoe.pt/index.php?id=186&p=1&distrito=7&escala=1&extracto=441-A,Carta Militar de Portugal Série M888- Folha 441-A - Olivença Edição: 3 Data de Edição: 2008-12-01,primary,yes,"research agent (part3), quote checked against the page"
olivenza,PT,2014-09-26,statement,"Government / Ministry of Foreign Affairs (per RTP video report; MNE official Maria Manuela Falcão and ambassador Rui Lopes Aleixo named only by O Despertar, 2024-11-29)","RTP report: Portugal still does not recognise Spanish sovereignty in Olivença; the government exempts the municipalities of Elvas and Alandroal from the otherwise mandatory boundary verification because of the latent conflict over Olivença. The officials' own words are in the video, not in the page text.",https://www.rtp.pt/noticias/pais/portugal-continua-a-nao-reconhecer-soberania-espanhola-em-olivenca_v769789,"Os municipios de Elvas e Alandroal estão dispensados pelo próprio Governo de realizar a aferiçao de fronteira que é obrigatória - ou não houvesse um conflito latente com Espanha, em torno da cidade de Olivença.",secondary,yes,"research agent (round2-a), quote checked against the page"
olivenza,PT,2024-09-03,statement,"Ministry of Justice (answer to Pergunta 357/XVI/1, Assembleia da Republica)","Justice ministry tells parliament that people born in Olivenca before Law 37/81 are treated as Portuguese by attribution, under the 1951 Attorney-General opinion",http://app.parlamento.pt/webutils/docs/doc.pdf?path=6148523063484d364c793968636d356c6443397a6158526c63793959566b6c4d5a5763765247396a6457316c626e52766331426c636d6431626e526863314a6c6358566c636d6c745a57353062334d764d564e4d4c7a67774d4449795a6a55314c5759354f5467744e475a6d4d7931684d32517a4c5751314e5759334e32557a4e5455784e6935775a47593d&fich=80022f55-f998-4ff3-a3d3-d55f77e35516.pdf&Inline=true,"Nestes casos, o interessado é considerado português por atribuição",primary,yes,"research agent (part3), quote checked against the page"
olivenza,PT,2024-09-13,statement,Minister of National Defence (Nuno Melo),Defence minister says Olivenca is Portuguese and the Portuguese state does not recognise it as Spanish territory (Lusa via Observador),https://observador.pt/2024/09/13/nuno-melo-diz-que-olivenca-e-portuguesa-e-pais-nao-abdica/,"no que toca a Olivença, o Estado português não reconhece como sendo território espanhol",secondary,no: the minister called his 2024 remarks personal and the foreign ministry declined to comment on them,"research agent (part3), quote checked against the page"
olivenza,PT,2024-10-29,statement,"Minister of National Defence (Nuno Melo), hearing of the Assembleia da República National Defence Committee","In a parliamentary committee hearing the defence minister repeated that Olivença is Portuguese and said this has been the position of Portugal for 209 years, uninterruptedly, and of the foreign ministry and several governments (DN/Lusa).",https://www.dn.pt/nuno-melo-diz-que-a-sua-posicao-sobre-olivenca-e-a-do-estado-e-de-varios-governos,"""Eu não lhe pergunto se Olivença é portuguesa, mas a resposta que eu dou corresponde à posição de Portugal há 209 anos, ininterruptamente: em monarquia, na Primeira República, no Estado Novo e também agora"", afirmou Nuno Melo.",secondary,no: the minister called his 2024 remarks personal and the foreign ministry declined to comment on them,"research agent (round2-a), quote checked against the page"
roc-legacy-claims,TW,1993-11-26,court,"Council of Grand Justices (Judicial Yuan), J.Y. Interpretation No. 328","The constitutional court declines to define the ROC's 'existing national boundaries', calling their extent a major political question, which leaves the territorial clause undefined but in force (latest court step before 2000).",https://cons.judicial.gov.tw/docdata.aspx?fid=100&id=310509,其所稱固有疆域範圍之界定，為重大之政治問題，不應由行使司法權之釋憲機關予以解釋。,primary,yes,"research agent (part1), quote checked against the page"
roc-legacy-claims,TW,2000-04-25,law,President (promulgation of the sixth revision of the Additional Articles of the Constitution),"The Additional Articles of the Constitution are revised and promulgated in full (the text of this version, including its territorial-change procedure, was not read).",https://law.moj.gov.tw/LawClass/LawHistory.aspx?pcode=A0000002,6.中華民國八十九年四月二十五日總統（89）華總一義字第 8900108350 號令修正公布全文 11 條,primary,yes,"research agent (part1), quote checked against the page"
roc-legacy-claims,TW,2000-12-20,law,President (promulgation of amendments to the Cross-Strait Act),"Article 2 of the Act Governing Relations between the People of the Taiwan Area and the Mainland Area, the article that defines the 'mainland area' as ROC territory outside the Taiwan Area, is amended (what changed in Article 2 was not read).",https://law.moj.gov.tw/LawClass/LawHistory.aspx?pcode=Q0010001,7.中華民國八十九年十二月二十日總統（89）華總一義字第 8900301110 號令修正公布第 2、16、21 條條文,primary,yes,"research agent (part1), quote checked against the page"
roc-legacy-claims,TW,2002-01-30,law,Executive Yuan (amendment of the Enforcement Rules of the Cross-Strait Act),"Narrowing: the enforcement area of the 'mainland area' is redefined as the areas under Chinese Communist control, dropping Outer Mongolia (the mainland itself stays ROC territory under the Act).",https://web.archive.org/web/20131203011813/http://www.mac.gov.tw/public/Attachment/252122204856.pdf,修正為「本條例第 二條第二款之施行區域，指中共控制之地區」 ，已不包含 外蒙古。,primary,yes,"research agent (part1), quote checked against the page"
roc-legacy-claims,TW,2002-07-08,statement,"Ministry of Foreign Affairs (letter, as quoted by the Mainland Affairs Council)",Narrowing: the Foreign Ministry states that Mongolia is a sovereign independent state and a UN member and that recognition of states is unconditional and irrevocable.,https://web.archive.org/web/20131203011813/http://www.mac.gov.tw/public/Attachment/252122204856.pdf,三、外交部在 91 年 7 月 8 日函示略以： 「蒙古已為主權獨立 國家，且為聯合國會員國之一。,primary,yes,"research agent (part1), quote checked against the page"
roc-legacy-claims,TW,2003-04-16,statement,Premier at the 2834th Executive Yuan meeting (as quoted by the Mainland Affairs Council),Narrowing: the Executive Yuan records that 'Mongolia' is a state recognised by the ROC government.,https://web.archive.org/web/20131203011813/http://www.mac.gov.tw/public/Attachment/252122204856.pdf,故「蒙古國」 為我政府所承認之國家。,primary,yes,"research agent (part1), quote checked against the page"
roc-legacy-claims,TW,2003-10-29,law,President (promulgation of the full text of the Cross-Strait Act),"The Cross-Strait Act is re-promulgated in full (96 articles), including Article 2 defining the 'mainland area' as ROC territory outside the Taiwan Area; Article 2 has not been amended since.",https://law.moj.gov.tw/LawClass/LawHistory.aspx?pcode=Q0010001,9.中華民國九十二年十月二十九日總統華總一義字第 09200199770 號令 修正公布全文 96 條,primary,yes,"research agent (part1), quote checked against the page"
roc-legacy-claims,TW,2003-12-29,law,"Executive Yuan (Enforcement Rules of the Cross-Strait Act, full text)",The Enforcement Rules are reissued in full; their Article 3 keeps the 'mainland area' of the Act as the areas under Chinese Communist control.,https://law.moj.gov.tw/LawClass/LawHistory.aspx?pcode=Q0010002,6.中華民國九十二年十二月二十九日行政院院臺秘字第 0920094274 號令 修正發布全文 73 條,primary,yes,"research agent (part1), quote checked against the page"
roc-legacy-claims,TW,2005-06-10,law,President (promulgation of the seventh revision of the Additional Articles of the Constitution),The Additional Articles keep the territory 'according to its existing national boundaries' and make any change require a Legislative Yuan proposal and a referendum of the free area.,https://law.moj.gov.tw/LawClass/LawAll.aspx?pcode=A0000002,中華民國領土，依其固有疆域，非經全體立法委員四分之一之提議，全體立法委員四分之三之出席，及出席委員四分之三之決議，提出領土變更案,primary,yes,"research agent (part1), quote checked against the page"
roc-legacy-claims,TW,2006-01-27,law,President Chen Shui-bian (Presidential Order abolishing the Organic Law of the Mongolian Leagues and Banners),Narrowing: the law organising Outer Mongolia's leagues and banners is abolished (does not by itself change the territorial clause).,https://www.president.gov.tw/Page/294/37297,茲廢止蒙古盟部旗組織法，公布之。,primary,yes,"research agent (part1), quote checked against the page"
roc-legacy-claims,TW,2008-11-16,statement,"President Ma Ying-jeou (address to the ROC Constitution Society, as recorded in the Mainland Affairs Council chronicle)",The President states that under the Cross-Strait Act the mainland area is ROC territory outside the Taiwan Area.,https://web.archive.org/web/20190831032649/https://www.mac.gov.tw/News_Content.aspx?n=9223A12B5B31CB37&sms=35FA2C4073CF4DFB&s=9E4C933FACE5362A,大陸地區的定義是「台灣地區以外的中華民國領土」,primary,yes,"research agent (part1), quote checked against the page"
roc-legacy-claims,TW,2012-05-20,statement,"President Ma Ying-jeou (inaugural address, as recorded in the Mainland Affairs Council chronicle)",The President states that under the Constitution the ROC's territorial sovereignty covers Taiwan and the mainland.,https://web.archive.org/web/20191114083927/https://www.mac.gov.tw/News_Content.aspx?n=9223A12B5B31CB37&sms=35FA2C4073CF4DFB&s=BB46C5C060050132,依據憲法，中華民國領土主權涵蓋臺灣與大陸，目前政府的統治權僅及於臺、澎、金、馬。,primary,yes,"research agent (part1), quote checked against the page"
roc-legacy-claims,TW,2012-05-21,statement,Mainland Affairs Council (press reference material),Narrowing: the Council states that Mongolia was no longer part of the 'existing national boundaries' of Article 4 when the Constitution was promulgated in 1946.,https://web.archive.org/web/20131203011813/http://www.mac.gov.tw/public/Attachment/252122204856.pdf,當時蒙古已非我國憲法 第 4 條所稱的「固有之疆域」。,primary,yes,"research agent (part1), quote checked against the page"
roc-legacy-claims,TW,2012-11-23,statement,Mainland Affairs Council (statement on the new PRC passport),"Protesting the PRC passport's map and images, the Council states that under the ROC Constitution the ROC's territory has its existing national boundaries.",https://web.archive.org/web/20191114083927/https://www.mac.gov.tw/News_Content.aspx?n=9223A12B5B31CB37&sms=35FA2C4073CF4DFB&s=BB46C5C060050132,依據中華民國憲法，中華民國領土有其固有之疆域,primary,yes,"research agent (part1), quote checked against the page"
roc-legacy-claims,TW,2013-06-12,statement,Mainland Affairs Council (press release No. 037),"The Council states that the ROC's constitutional territory covers Taiwan and the mainland, so the government cannot recognise another state on its mainland territory (repeat in a year that already has a row).",https://web.archive.org/web/20221228152428/https://www.mac.gov.tw/News_Content.aspx?n=B383123AEADAEE52&sms=2B7F1AE4AC63A181&s=DDE78B52FD5B8CAF,我國憲法上的領土，涵蓋臺灣與大陸，政府當然不能承認在我國大陸領土上，另有一個國家的存在,primary,yes,"research agent (round2-b), quote checked against the page"
roc-legacy-claims,TW,2013-10-22,statement,"President Ma Ying-jeou (address to the delegation to the Cross-Strait Economic, Trade and Culture Forum, as recorded in the Mainland Affairs Council chronicle)",The President states that under the Constitution mainland China is still ROC territory.,https://web.archive.org/web/20191114060332/https://www.mac.gov.tw/News_Content.aspx?n=9223A12B5B31CB37&sms=35FA2C4073CF4DFB&s=5935914C4A894937,根據憲法，中華民國是主權獨立國家，中國大陸仍然是我們的領土。,primary,yes,"research agent (part1), quote checked against the page"
roc-legacy-claims,TW,2017-12-13,law,President (Presidential Order abolishing the Organic Act of the Mongolian and Tibetan Affairs Commission),Narrowing (administrative): the commission that administered Mongolian and Tibetan affairs is abolished; the territorial clause is unchanged.,https://law.moj.gov.tw/LawClass/LawHistory.aspx?pcode=D0000044,9.中華民國一百零六年十二月十三日總統華總一義字第 10600149551 號 令公布廢止,primary,yes,"research agent (part1), quote checked against the page"
roc-legacy-claims,TW,2019-02-27,court,Supreme Court (criminal judgment 108 Tai-Shang No. 334),"Borderline kind (a domestic judgment, not a filing): the Supreme Court holds that the mainland area remains ROC inherent territory, beyond its reach only by a factual obstacle, and that sovereignty over it has not been given up.",https://lawplayer.com/valuable-judgment/646b8db8c3e2a9cc78b4d5fe,大陸地區現在雖因事實上之障礙，為我國主權（統治權）所不及，但在大陸地區犯罪，仍應受我國法律之處罰，揭明大陸地區猶屬我國之領域，且未放棄對此地區之主權,secondary,yes,"research agent (round2-b), quote checked against the page"
roc-legacy-claims,TW,2022-06-08,law,President (promulgation of amendments to the Cross-Strait Act),"The Cross-Strait Act is amended (Articles 9, 40-1, 91, 93-1, 93-2); its Article 2 still defines the mainland area as ROC territory outside the Taiwan Area (borderline: the amendment does not touch Article 2).",https://law.moj.gov.tw/LawClass/LawAll.aspx?pcode=Q0010001,二、大陸地區：指臺灣地區以外之中華民國領土。,primary,yes,"research agent (part1), quote checked against the page"
sabah,PH,2001-03-13,court,Government of the Philippines (application to the ICJ),"The Philippines applies to intervene in Indonesia/Malaysia (Ligitan and Sipadan) to safeguard its claim to sovereignty over North Borneo; heard in June 2001, rejected 23 Oct 2001.",https://www.icj-cij.org/case/102,"In its Application, the Philippines indicated that the object of its request was to “preserve and safeguard the historical and legal rights [of its Government] arising from its claim to dominion and sovereignty over the territory of North Borneo",secondary,yes,"research agent (part2), quote checked against the page"
sabah,PH,2008-08-20,law,Office of the President (Memorandum Circular No. 162),Presidential memorandum circular issuing guidelines on North Borneo (Sabah) to safeguard the Philippines' historical and legal right there.,https://elibrary.judiciary.gov.ph/thebookshelf/showdocs/8/12237,"WHEREAS, by virtue of Article 1 of the 1987 Philippine Constitution on National Territory, the Philippines has historical and legal right over certain parts of North Borneo (Sabah);",primary,yes,"research agent (part2), quote checked against the page"
sabah,PH,2009-08-04,international,Permanent Mission to the UN (note verbale No. 000819 to the UN Secretary-General),"Note verbale asking the CLCS not to consider the Malaysia-Viet Nam joint submission, citing the territorial controversy including North Borneo (copy annexed to the 2020 note).",https://www.un.org/depts/los/clcs_new/submissions_files/mys_12_12_2019/2020_03_06_PHL_NV_UN_002.pdf,"lays claim on areas that are disputed not only because they overlap with that of the Philippines, but also because of the controversy arising from the territorial claims on someoftheislands in the area including NorthBorneo.",primary,yes,"research agent (part2), quote checked against the page"
sabah,PH,2011-08-16,court,"Supreme Court of the Philippines (en banc), on the government respondents' defence of RA 9522","Supreme Court upholds RA 9522 (2009 baselines law) and holds that the statutory Sabah claim in section 2 of RA 5446 is retained, as the government respondents had argued.",https://lawphil.net/judjuris/juri2011/aug2011/gr_187167_2011.html,"Section 2 of RA 5446, which RA 9522 did not repeal, keeps open the door for drawing the baselines of Sabah: Section 2. The definition of the baselines of the territorial sea of the Philippine Archipelago as provided in this Act is without prejudice to the delineation of the baselines of the territorial sea around the territory of Sabah",primary,yes,"research agent (part2), quote checked against the page"
sabah,PH,2013-03-02,statement,Presidential Communications Development and Strategic Planning Office chief Ricky Carandang (radio interview),"During the Lahad Datu standoff a Palace communications official says the Sabah claim is not being dropped, while rejecting armed assertion of it.",https://www.philstar.com/headlines/2013/03/03/915181/surrender-without-conditions/amp/,"He added that the Sabah claim was not being dropped but that internationalizing the issue by involving the United Nations, the International Court of Justice or other countries would not work at this time.",secondary,yes,"research agent (part2), quote checked against the page"
sabah,PH,2015-03-30,statement,Department of Foreign Affairs spokesperson Charles Jose (press conference),DFA spokesperson denies reports the Philippines offered Sabah to Malaysia and says the claim will not be dropped.,https://www.philstar.com/headlines/2015/03/30/1439178/dfa-philippines-maintains-claim-sabah,"During a press conference aired on television, DFA Spokesperson Charles Jose clarified that the note verbale from the Philippines to Malaysia was part of the two countries' ""friendly bilateral relations"" and that Sabah was not included in the issue. ""There's no way that we are dropping our claim on Sabah,"" Jose said.",secondary,yes,"research agent (part2), quote checked against the page"
sabah,PH,2016-05-31,statement,President-elect Rodrigo Duterte,President-elect says he will pursue the Philippines' Sabah claim by peaceful means and that the government's position is unchanged.,https://www.philstar.com/headlines/2016/06/02/1589333/duterte-denies-fueling-sabah-dispute,President-elect Rodrigo Duterte on Tuesday maintained that he was not fueling the Sabah dispute when he said that he would pursue the Philippines’ claim over the Malaysian-held territory.,secondary,yes,"research agent (part2), quote checked against the page"
sabah,PH,2018-02-05,statement,Presidential spokesman Harry Roque (press briefing),"Asked about Malaysia's rejection of any Sabah claim, the presidential spokesman says the constitutional definition of territory, including historic title, stays.",https://www.philstar.com/headlines/2018/02/05/1785080/palace-hints-sabah-claim-will-be-retained-proposed-charter,"When asked to react to Malaysia's statement that it would not recognize any claim by any party on Sabah, Roque replied: ""There’s a definition of Philippine territory in all our Constitutions, it includes territory by reason of historic title.""",secondary,yes,"research agent (part2), quote checked against the page"
sabah,PH,2020-03-06,international,Permanent Mission to the UN (note verbale to the UN Secretary-General),Note verbale on Malaysia's 2019 continental shelf submission stating that it is projected from parts of North Borneo over which the Philippines never relinquished sovereignty.,https://www.un.org/depts/los/clcs_new/submissions_files/mys_12_12_2019/2020_03_06_PHL_NV_UN_002.pdf,"Moreover, the Malaysian submission is projected from portions of North Borneo over which the Republic of the Philippines has never relinquished its sovereignty.",primary,yes,"research agent (part2), quote checked against the page"
sabah,PH,2020-07-27,statement,Secretary of Foreign Affairs Teodoro Locsin Jr. (tweet; followed by summoning Malaysia's ambassador),Foreign Secretary publicly states Sabah is not in Malaysia and then summons Malaysia's ambassador after Malaysia summoned the Philippine envoy.,https://www.rappler.com/newsbreak/in-depth/sabah-not-in-malaysia-when-locsin-awakens-sleeping-giant/,"“Sabah is not in Malaysia if you want to have anything to do with the Philippines,” Locsin tweeted the US embassy, which refused to take down the tweet.",secondary,yes,"research agent (part2), quote checked against the page"
sabah,PH,2020-10-09,international,Permanent Mission to the UN (note verbale to the UN Secretary-General),"Note verbale replying to Malaysia, reiterating that the Philippines never relinquished sovereignty over a portion of North Borneo.",https://www.un.org/depts/los/clcs_new/submissions_files/mys_12_12_2019/2020_10_09_PHL_NV_UN_003.pdf,reiterates that the Malaysian submission is projected from a portion of North Borneo over which the Republic of the Philippines has never relinquished its sovereignty.,primary,yes,"research agent (part2), quote checked against the page"
sabah,PH,2023-03-04,statement,President Ferdinand Marcos Jr. (official vlog),"After meeting Malaysia's Prime Minister, the President says the Philippines has a claim to Sabah and the two foreign ministries will discuss it.",https://www.philstar.com/headlines/2023/03/06/2249640/marcos-anwar-seek-depth-talk-sabah,"“We also discussed the issue of Sabah. As you know, we have a claim in Sabah that we say is in the Philippines. Now, they are the administrator of Sabah, so we said we need to discuss that thoroughly,” the President said in Filipino.",secondary,yes,"research agent (part2), quote checked against the page"
sabah,PH,2024-11-07,law,"Congress and President (Republic Act No. 12064, Philippine Maritime Zones Act)",Maritime Zones Act expressly preserves section 2 of RA 5446 (the Sabah baselines reservation) from repeal.,https://lawphil.net/statutes/repacts/ra2024/ra_12064_2024.html,"Provided, That nothing in this Act shall be construed as repealing Section 2 of Republic Act No. 5446, as amended, and Section 2 of Republic Act No. 9522.",primary,yes,"research agent (part2), quote checked against the page"
sabah,PH,2025-03-19,international,Permanent Mission to the UN (note verbale to the UN Secretary-General),"Note verbale on the Philippines' West Palawan continental shelf submission, answering Malaysia and reasserting sovereignty over North Borneo (reported by the Philippine Daily Inquirer via ANN).",https://asianews.network/philippines-revives-sabah-claim-in-note-to-united-nations/,"In a March 19 note verbale to the UN secretary general, the Philippine Permanent Mission to the UN said Manila “has never relinquished its sovereignty over North Borneo.”",secondary,yes,"research agent (part2), quote checked against the page"
sabah,PH,2026-02,statement,Department of Foreign Affairs (maritime affairs spokesperson Rogelio Villanueva),DFA spokesperson states the Philippines maintains its sovereignty claim over Sabah and that RA 12064 (2024) did not repeal section 2 of RA 5446.,https://www.thestar.com.my/news/nation/2026/02/26/sabah039s-position-in-m039sia-settled-not-open-to-external-assertion-says-shafie,"The Philippine News Agency reported that DFA maritime affairs spokesperson Rogelio Villanueva said the country maintains its sovereignty claim over Sabah, which is currently administered by Malaysia.",secondary,yes,"research agent (part2), quote checked against the page"
sakteng,CN,2020-06-02,international,"Council Member for the China constituency, 58th GEF Council","At the GEF Council, China opposes a grant for project 10561 because Sakteng Wildlife Sanctuary lies in 'China-Bhutan disputed areas'",https://www.thegef.org/sites/default/files/council-meeting-documents/HIGHLIGHTS_58th_Council_Meeting%20(002).pdf,"in light of the Sakteng Wildlife Sanctuary in the project ID 10561 is located in the China-Bhutan disputed areas which is on the agenda of China-Bhutan boundary talk, China opposes and does not join the Council decision on this project",primary,yes,"research agent (part3), quote checked against the page"
sakteng,CN,2020-07-04,statement,Ministry of Foreign Affairs,"MFA statement to Indian media (Hindustan Times, The Hindu): boundary never delimited, disputes in the eastern, central and western sectors",https://thediplomat.com/2020/07/whats-behind-chinas-expansion-of-its-territorial-dispute-with-bhutan/,"The boundary between China and Bhutan has never been delimited. There have been disputes over the eastern, central and western sectors for a long time,” the Chinese MFA said, according to The Hindu",secondary,yes,"research agent (part3), quote checked against the page"
sakteng,CN,2020-07-21,statement,Ministry of Foreign Affairs (spokesperson Wang Wenbin),"Asked about the Sakteng claim at the MFA briefing, the spokesperson repeats disputes in the middle, eastern and western sections and a 'package solution'",https://www.outlookindia.com/making-a-difference/world-news-china-says-it-proposed-package-solution-to-resolve-border-dispute-with-bhutan-news-357134,"The boundary between China and Bhutan has not been delimited and there are disputes in the middle, eastern and western sections,"" he said.",secondary,yes,"research agent (part3), quote checked against the page"
sakteng,CN,2021-10-14,international,Assistant Foreign Minister Wu Jianghao (Chinese Government Representative),China and Bhutan sign the MoU on a Three-Step Roadmap for the boundary negotiation (boundary in general; Sakteng / eastern sector not mentioned),https://www.mfa.gov.cn/eng/wjb/zygy/hd/202406/t20240603_11374887.html,signed the Memorandum of Understanding (MoU) on a Three-Step Roadmap for Expediting the China-Bhutan Boundary Negotiation in Beijing and Thimphu via video link,primary,yes,"research agent (part3), quote checked against the page"
sakteng,CN,2023-10-24,international,Vice Minister of Foreign Affairs Sun Weidong (head of Chinese delegation),25th round of China-Bhutan boundary talks; JTT agreement signed (boundary in general; Sakteng / eastern sector not mentioned),https://www.mfa.gov.cn/eng/wjb/zzjg_663340/bianhaisi_eng_665278/bianhaixiangguanxinwen_665280/202310/t20231025_11167414.html,The two sides agreed to continue working together to simultaneously push forward the implementation of all the steps of the Three-Step Roadmap.,primary,yes,"research agent (part3), quote checked against the page"
sakteng,CN,2024-08-22,international,"Ministry of Foreign Affairs (Director-General of the Department of Boundary and Ocean Affairs Hong Liang, head of the Chinese expert group)","[generic] 14th China-Bhutan Expert Group Meeting on boundary issues in Thimphu and 2nd meeting of the Joint Technical Team on delimitation and demarcation; the boundary in general, Sakteng / the eastern sector not mentioned.",https://www.mfa.gov.cn/eng/xw/wjbxw/202408/t20240823_11478583.html,"The 14th Expert Group Meeting on the China-Bhutan Boundary Issues was held in Thimphu, Bhutan from August 20 to 22, 2024.",primary,no: China-Bhutan boundary talks that do not name Sakteng,"research agent (round2-a), quote checked against the page"
sakteng,CN,2026-04-01,international,Ministry of Foreign Affairs (Director-General of the Department of Boundary and Ocean Affairs Hou Yanqi),"[generic] 15th China-Bhutan Expert Group Meeting in Beijing; the Joint Technical Team discussed the alignment ""in areas where there are no disputes"". The boundary in general; Sakteng / the eastern sector not mentioned, and the release does not say which areas are disputed.",https://www.fmprc.gov.cn/eng/wjb/zzjg_663340/bianhaisi_eng_665278/bianhaixiangguanxinwen_665280/202604/t20260401_11884879.html,"held discussions on the boundary alignment in areas where there are no disputes, in keeping with the Cooperation Agreement",primary,no: China-Bhutan boundary talks that do not name Sakteng,"research agent (round2-a), quote checked against the page"
saudi-uae-border,AE,2004-12,statement,President Sheikh Khalifa bin Zayed,"On his first visit abroad as President, Sheikh Khalifa raised the border issue (1974 Jeddah agreement) with Riyadh, per Gulf officials quoted by the press.",https://web.archive.org/web/20090905175202/http://www.arabicnews.com/ansub/Daily/Day/050223/2005022318.html,Sheikh Khaleifa Bin Zayed raised this issue with Riyadh in his first visit abroad ( in December 2004),secondary,yes,"research agent (part1), quote checked against the page"
saudi-uae-border,AE,2006,map,UAE Ministry of Information (UAE Yearbook 2006),The official UAE Yearbook 2006 printed a new map extending Abu Dhabi west to Qatar's border to include Khor al-Udaid and south to include part of the Zararah/Shaybah field (scholar's account; the yearbook map itself was not seen).,https://dokumen.pub/the-uae-and-saudi-arabia-border-disputes-and-international-relations-in-the-gulf-9781350989337.html,"published the UAE Yearbook for 2006; this included a new map, showing Abu Dhabi's territory extending west to Qatar's southern border to include Khor al-Udaid, as well as south from Liwa to include part of the Zararah/Shaybah oil field",secondary,yes,"research agent (round2-b), quote checked against the page"
saudi-uae-border,AE,2009-08,map,UAE government (national ID card),"The map printed on UAE national ID cards contradicted the 1974 border agreement, by Saudi Arabia's account, which then barred entry on these cards.",https://www.thenationalnews.com/uae/id-dispute-prompts-calls-for-better-way-of-resolving-gulf-disputes-1.602398,"Saudi Arabia declared last week that Emiratis would no longer be able to cross the border using ID cards, alleging the map printed on the cards contradicted a border agreement.",secondary,yes,"research agent (part1), quote checked against the page"
saudi-uae-border,AE,2009-12-27,international,Ministry of Foreign Affairs,Note to the UN Secretariat transmitting the UAE's 8 December 2009 note to Saudi Arabia: parts of the 1974 agreement cannot be implemented in their present text and should be amended.,https://web.archive.org/web/20260117080250id_/https://www.un.org/Depts/los/LEGISLATIONANDTREATIES/PDFFILES/communications/are_note_27122009ea.pdf,confirmed in its previous correspondence that parts of the boundary agreement of 1974 cannot be implemented in their present text,primary,yes,"research agent (part1), quote checked against the page"
saudi-uae-border,AE,2010-03-21,international,Ministry of Foreign Affairs,"Note to the Saudi foreign ministry, cited by the UAE in 2024 as one of its notes saying parts of the 1974 agreement are unenforceable and must be amended.",https://documents.un.org/api/symbol/access?s=A/78/886&l=en&t=pdf,Note No. 3/6/2-276 of 21 March 2010 to the Ministry of Foreign Affairs of the Kingdom of Saudi Arabia,primary,yes,"research agent (part1), quote checked against the page"
saudi-uae-border,AE,2011-07-24,international,Ministry of Foreign Affairs,"Note to the Saudi foreign ministry (also 27 February 2011), cited by the UAE in 2024 as stating its position that parts of the 1974 agreement must be amended.",https://documents.un.org/api/symbol/access?s=A/78/886&l=en&t=pdf,Note No. 3/6/1-146 (Classified) of 24 July 2011 to the Ministry of Foreign Affairs of the Kingdom of Saudi Arabia,primary,yes,"research agent (part1), quote checked against the page"
saudi-uae-border,AE,2022,law,Cabinet,"Cabinet Decision No. 35 of 2022 sets UAE straight baselines, which Saudi Arabia rejects as contrary to the 1974 agreement (maritime, borderline).",https://documents.un.org/api/symbol/access?s=A/78/811&l=en&t=pdf,"These lines were determined by Cabinet Decision No. 35 (2022) in accordance with article 16, paragraph 2 of the United Nations Convention on the Law of the Sea.",primary,yes,"research agent (part1), quote checked against the page"
saudi-uae-border,AE,2024-05-16,international,Ministry of Foreign Affairs via Permanent Representative to the UN,"Note circulated at the UN: the UAE recognises no Saudi maritime zones beyond the median line off Al Udeid, and parts of the 1974 agreement are unenforceable and should be amended.",https://documents.un.org/api/symbol/access?s=A/78/886&l=en&t=pdf,"Moreover, parts of the 1974 Agreement are no longer enforceable and should be amended.",primary,yes,"research agent (part1), quote checked against the page"
sool-sanaag-cayn,area/somaliland,2001-05-31,law,People of Somaliland (constitutional referendum),Constitution approved by referendum; Article 2 defines the territory as that of the former Somaliland Protectorate (English translation by somalilandlaw.com).,http://www.somalilandlaw.com/body_somaliland_constitution.htm,The territory of the Republic of Somaliland covers the same area as that of the former Somaliland Protectorate,primary,yes,"research agent (part2), quote checked against the page"
sool-sanaag-cayn,area/somaliland,2005,law,House of Representatives / President,House of Representatives Election Law No. 20-2/2005 allocates seats to Sanaag and Sool regions (English translation by somalilandlaw.com).,http://www.somalilandlaw.com/representatives__election_law.htm,1. Hargeisa Region 20 seat 2. Togdher Region 15 seats 3. Awdal region 13 seats 4. Sanag Region 12 seats 5. Sool Region 12 seats 6. Sahil Region 10 seats,primary,yes,"research agent (part2), quote checked against the page"
sool-sanaag-cayn,area/somaliland,2007,law,House of Representatives / House of Elders / President,"Revised Regions and Districts Law No. 23/2002 (revision dated 2006, signed 2007) lists Sanaag and Sool among the six regions of Somaliland, with Laascaanood as a regional capital.",http://www.somalilandlaw.com/Xeerka_gob_degmo_Final2007.pdf,"Jamhuuriyadda Somaliland waxay u qaybsantaa (6) Lix Gobol, lixdaas Gobol oo kala ah:- a) Gobolka Maroodijeex b) Gobolka Togdheer. c) Gobolka Sanaag. d) Gobolka Awdal. e) Gobolka Sool. f) Gobolka Saaxil.",primary,yes,"research agent (part2), quote checked against the page"
sool-sanaag-cayn,area/somaliland,2019-12-23,law,President Muse Bihi Abdi (decree); House of Representatives (approved 11/12/2019),"Regions and Districts Self-Management Law No. 23/2019 promulgated; Art. 9 lists Sanaag and Sool as regions and Laascaanood as a regional capital (in force on gazetting, 4 January 2020).",http://www.somalilandlaw.com/Faafinta_wkb_Xeerka_Gobollada_iyo_Degmo.pdf,"Jamhuuriyadda Somaliland waxay u qaybsantaa (6) Lix Gobol, lixdaas Gobol oo kala ah: - a) Gobolka Maroodijeex. b) Gobolka Togdheer. c) Gobolka Sanaag. d) Gobolka Awdal. —10— e) Gobolka Sool. f) Gobolka Saaxil.",primary,yes,"research agent (part2), quote checked against the page"
sool-sanaag-cayn,area/somaliland,2022-12-31,statement,Government of Somaliland (Ministry of Foreign Affairs press release),"Statement on the situation in Laas-Anod, rejecting claims by Somalia and Puntland over the eastern regions.",https://web.archive.org/web/20230323024503/https://mfa.govsomaliland.org/article/immediate-release-statement-current-situation-laas-anod-soma,"The Government of Somaliland strongly opposes the claims by the so-called Federal Republic of Somalia, in particular Puntland, who continue to share misinformation that incites violence within the east",primary,yes,"research agent (part2), quote checked against the page"
sool-sanaag-cayn,area/somaliland,2023-03-31,statement,Ministry of Foreign Affairs,Statement in reply to US criticism asserting the right to defend Somaliland's territorial integrity in the Las Anod conflict.,https://www.hiiraan.com/news4/2023/Apr/190612/somaliland_asserts_right_to_defend_territorial_integrity_amid_us_criticism.aspx,"The Republic of Somaliland has the right to defend its territorial integrity, and our Armed Forces have been doing so with restraint and professionalism.",secondary,yes,"research agent (part2), quote checked against the page"
sool-sanaag-cayn,area/somaliland,2023-06-08,statement,Government of Somaliland (Ministry of Foreign Affairs press release),"Press release on the UN Security Council statement of 7 June 2023, calling Las Anod and Sool a region of Somaliland and citing its letter of 12 April 2023 to the UN Secretary-General.",https://web.archive.org/web/20230608122833/https://mfa.govsomaliland.org/article/hargeisa-somaliland-june-8th-2023-press-release-un-security,The government of Somaliland is concerned by the Security Council’s failure to acknowledge the rapidly expanding presence of Al Shabab in Las Anod and Sool region of Somaliland.,primary,yes,"research agent (part2), quote checked against the page"
sool-sanaag-cayn,area/somaliland,2023-10-19,statement,Government of Somaliland (Ministry of Foreign Affairs press release),"Protest against Somalia's recognition of the SSC-Khaatumo authority over Las Anod, asserting Somaliland's 26 June 1960 borders.",https://web.archive.org/web/20231022052444/https://mfa.govsomaliland.org/article/republic-somaliland-protests-somalias-recognition-clan-milit,The Government of Somaliland firmly asserts that neither Somalia nor the Clan militia have jurisdiction or claim over Las-Anod. Somalia's acceptance of the militia's declaration is a deliberate attack on Somaliland's statehood and territorial integrity within its 26 June 1960 borders.,primary,yes,"research agent (part2), quote checked against the page"
sool-sanaag-cayn,area/somaliland,2023-11-01,international,Government of Somaliland (Ministry of Foreign Affairs press release),"Objection to UN Security Council resolution 2705 (2023), calling Las Anod a Somaliland city under illegal occupation.",https://web.archive.org/web/20241006132136/https://mfa.govsomaliland.org/article/somaliland-rejects-un-security-councils-mischaracterization,"Since February 2023, clan militias supported by the Federal Government of Somalia (FGS) and its Federal Member State of Puntland have illegally occupied the eastern Somaliland city of Las-Anod.",primary,yes,"research agent (part2), quote checked against the page"
sool-sanaag-cayn,area/somaliland,2024-11-02,statement,Government of Somaliland (Ministry of Foreign Affairs press release),"Condemnation of an attack on Qorilugud (Buuhoodle area, Cayn) by forces from the eastern Sool region, called a violation of Somaliland's sovereignty.",https://web.archive.org/web/20241102193420/https://mfa.govsomaliland.org/article/somaliland-government-condemns-mogadishu-regimes-aggression,These actions constitute a grave violation of Somaliland’s sovereignty and an assault on its peace and stability.,primary,yes,"research agent (part2), quote checked against the page"
sool-sanaag-cayn,area/somaliland,2025-04-07,statement,House of Representatives,"Parliament condemned the Somali Prime Minister's planned visit to Las Anod, asserting Somaliland jurisdiction over the town.",https://www.hiiraan.com/news4/2025/Apr/201018/somaliland_parliament_condemns_somali_pm_s_planned_visit_to_las_anod.aspx,Lawmakers asserted that Las Anod remains under the jurisdiction of Somaliland and described the Prime Minister’s planned trip as an unacceptable violation of Somaliland’s sovereignty.,secondary,yes,"research agent (part2), quote checked against the page"
sool-sanaag-cayn,area/somaliland,2025-04-11,statement,Ministry of Foreign Affairs and International Cooperation,"Condemnation of the planned visit of Somalia's Prime Minister to Laas Anod as a violation of Somaliland's sovereignty, addressed to the AU, IGAD, UN and Arab League.",https://web.archive.org/web/20250411131535/https://mfa.govsomaliland.org/article/somaliland-government-condemns-planned-visit-prime-minister,The Ministry of Foreign Affairs and International Cooperation of the Republic of Somaliland strongly and unequivocally condemns the planned visit by the Prime Minister of Somalia to Laas Anod. This provocative act constitutes a blatant violation of Somaliland’s sovereignty,primary,yes,"research agent (part2), quote checked against the page"
sool-sanaag-cayn,area/somaliland,2025-08-02,statement,Council of Ministers (read by Minister of Information Ahmed Yasin Sheikh Ali Ayaanle),Cabinet statement rejecting the newly formed North Eastern State as illegal and declaring Sool and Sanaag inalienable parts of Somaliland.,https://www.hiiraan.com/news4/2025/Aug/202433/somaliland_rejects_newly_formed_northeastern_regional_state_calling_it_illegal.aspx,"“Sool, Sanaag, and Togdheer are an inalienable part of the territory of Somaliland. The people of these regions actively participated in the founding of Somaliland and were among those who voted in the referendum that ratified our independence,” Minister Ayaanle added.",secondary,yes,"research agent (part2), quote checked against the page"
sool-sanaag-cayn,area/somaliland,2026-08-16,statement,Ministry of Foreign Affairs and International Cooperation,"Statement on a UN delegation's visit to Las Anod, insisting such visits require Somaliland's prior consultation and travel authorization.",https://somalilandstandard.com/somaliland-criticizes-the-visit-of-un-delegation-to-las-anod/,"However, the Somaliland government informed the UN that visits by senior officials from the UN to Sool’s provincial capital, Las Anod-which it described as facing sensitive political and security situations—require prior consultation and travel authorization from Somaliland",secondary,yes,"research agent (part2), quote checked against the page"
tunbs,AE,2000-09-07,international,"Sheikh Hamad Bin Mohammad Al-Sharqi, Member of the Supreme Council (Millennium Summit)",Millennium Summit address: dispute arising from Iran's 1971 occupation of the three UAE islands,https://documents.un.org/api/symbol/access?s=A/55/PV.5&l=en&t=pdf,"the United Arab Emirates persists in its endeavours to find a just solution to the dispute with the Islamic Republic of Iran arising from Iran’s occupation in 1971 of the three islands that belong to the United Arab Emirates — Greater Tunb, Lesser Tunb and Abu Musa.",primary,yes,"research agent (part3), quote checked against the page"
tunbs,AE,2000-09-15,international,Minister for Foreign Affairs (Rashid Abdullah Al-Noaimi),UNGA 55 general debate: calls on Iran to negotiate or go to the ICJ over the occupied islands,https://documents.un.org/api/symbol/access?s=A/55/PV.16&l=en&t=pdf,"a peaceful solution for ending Iran’s occupation of our three islands Greater Tunb, Lesser Tunb and Abu Musa, or agreeing to submit the dispute to the International Court of Justice.",primary,yes,"research agent (part3), quote checked against the page"
tunbs,AE,2001-11-12,international,Chairman of the UAE delegation (Abdul Aziz Bin Nasser Al-Shamsi),UNGA 56 general debate: calls on Iran to settle the occupation of the three islands by negotiation or ICJ,https://documents.un.org/api/symbol/access?s=A/56/PV.48&l=en&t=pdf,"a peaceful settlement to the occupation of our three islands, Greater Tunb, Lesser Tunb and Abu Moussa, either through direct negotiations or by referring the dispute to the International Court of Justice",primary,yes,"research agent (part3), quote checked against the page"
tunbs,AE,2002-09-20,international,Minister for Foreign Affairs (Rashid Abdullah Al-Noaimi),"UNGA 57 general debate: claims complete sovereignty over the three islands (UAE also replied to Iran the same day, A/57/PV.19)",https://documents.un.org/api/symbol/access?s=A/57/PV.18&l=en&t=pdf,"the United Arab Emirates calls upon the Islamic Republic of Iran to solve the issue of its occupation of the three islands, Greater Tunb, Lesser Tunb, and Abu Moussa, through bilateral talks or through the International Court of Justice.",primary,yes,"research agent (part3), quote checked against the page"
tunbs,AE,2003-09-26,international,"UAE delegation (Mr. Al-Shamsi), right of reply",UNGA 58: right of reply to Iran on the three occupied islands,https://documents.un.org/api/symbol/access?s=A/58/PV.14&l=en&t=pdf,"The United Arab Emirates deeply regrets the continued false claims made by the Islamic Republic of Iran in order to change the legal, political and historical status quo of those three islands since their occupation by the Islamic Republic of Iran in 1971.",primary,yes,"research agent (part3), quote checked against the page"
tunbs,AE,2004-09-22,international,Minister for Foreign Affairs (Rashid Abdullah Al-Noaimi),UNGA 59 general debate: the question of Iran's occupation of the three islands,https://documents.un.org/api/symbol/access?s=A/59/PV.6&l=en&t=pdf,"the United Arab Emirates has pursued a firm and peaceful policy regarding the question of the occupation by the Islamic Republic of Iran of our three islands: Greater Tunb, Lesser Tunb and Abou Moussa.",primary,yes,"research agent (part3), quote checked against the page"
tunbs,AE,2005-09-19,international,Minister for Foreign Affairs (Rashid Abdullah Al-Noaimi),"UNGA 60 general debate: calls on Iran to resolve the occupation by negotiation or ICJ (also World Summit address, A/60/PV.8, 16 Sep 2005, and right of reply, A/60/PV.14)",https://documents.un.org/api/symbol/access?s=A/60/PV.13&l=en&t=pdf,"the United Arab Emirates calls upon the Islamic Republic of Iran to respond to its peaceful initiatives aimed at resolving the issue of Iran’s occupation of the three islands of the United Arab Emirates — Greater Tunb, Lesser Tunb and Abu Musa — through bilateral negotiations or by referral to the International Court of Justice.",primary,yes,"research agent (part3), quote checked against the page"
tunbs,AE,2006-09-20,international,Minister for Foreign Affairs (Sheikh Abdullah Bin Zayed Al Nahyan),"UNGA 61 general debate: asks Iran to settle its occupation of the three UAE islands (right of reply same day, A/61/PV.13)",https://documents.un.org/api/symbol/access?s=A/61/PV.12&l=en&t=pdf,"we ask the Islamic Republic of Iran to demonstrate its goodwill towards finding a just and lasting settlement for its occupation of the three United Arab Emirates islands, Greater and Lesser Tunb and Abu Musa",primary,yes,"research agent (part3), quote checked against the page"
tunbs,AE,2007-09-28,international,Minister for Foreign Affairs (Sheikh Abdullah Bin Zayed Al Nahyan),UNGA 62 general debate: no progress on the Iranian occupation of the three islands (plus right of reply in the same meeting),https://documents.un.org/api/symbol/access?s=A/62/PV.11&l=en&t=pdf,"no progress whatsoever has been made on the issue of the Iranian occupation since 1971 of three islands belonging to the United Arab Emirates: the Greater Tunb, the Lesser Tunb and Abu Musa.",primary,yes,"research agent (part3), quote checked against the page"
tunbs,AE,2008-09-27,international,Minister for Foreign Affairs (Sheikh Abdullah Bin Zayed Al Nahyan),UNGA 63 general debate: demands full restoration of sovereignty over the three islands (right of reply A/63/PV.14),https://documents.un.org/api/symbol/access?s=A/63/PV.13&l=en&t=pdf,"I would like to reiterate our firm position demanding the full restoration of our full sovereignty over the three occupied islands and their territorial waters, airspace, continental shelf and exclusive economic zone.",primary,yes,"research agent (part3), quote checked against the page"
tunbs,AE,2009-09-26,international,Minister for Foreign Affairs (Sheikh Abdullah Bin Zayed Al Nahyan),UNGA 64 general debate: demands return of the islands under full UAE sovereignty,https://gadebate.un.org/sites/default/files/gastatements/64/64_ae_en_24.pdf,"The UAE demands the return of these islands under its full sovereignty, including their regional waters, airspace, continental shelf and their exclusive economic zone, as integral parts of the UAE.",primary,yes,"research agent (part3), quote checked against the page"
tunbs,AE,2010-04-20,statement,"Minister for Foreign Affairs (Sheikh Abdullah Bin Zayed Al Nahyan), before the Federal National Council",Foreign Minister tells the Federal National Council the occupied islands will return to the UAE,http://gulfnews.com/news/gulf/uae/government/islands-issue-mars-iran-uae-ties-abdullah-tells-fnc-1.615065,"The UAE's rights will be restored, no matter how long it takes, and here I am speaking of not only land, but also resources exhausted as the country will not tolerate any attack on its rights in any way,"" Shaikh Abdullah said.",secondary,yes,"research agent (part3), quote checked against the page"
tunbs,AE,2010-09-28,international,Minister for Foreign Affairs (Sheikh Abdullah Bin Zayed Al Nahyan),UNGA 65 general debate: demands return of the islands under full UAE sovereignty,https://gadebate.un.org/sites/default/files/gastatements/65/65_ae_en_24.pdf,"my Government reiterates in this forum its deep regret at the continued occupation by the Islamic Republic of Iran of the three UAE islands: The Greater Tunb, The Lesser Tunb and Abu Musa, and demands the return of these islands under its full sovereignty",primary,yes,"research agent (part3), quote checked against the page"
tunbs,AE,2011-09-26,international,Minister for Foreign Affairs (Sheikh Abdullah Bin Zayed Al Nahyan),UNGA 66 general debate: the illegitimate occupation of the three islands since 1971,https://gadebate.un.org/sites/default/files/gastatements/66/ae_en_25.pdf,"We apply the same approach in dealing with the occupation by the Islamic Republic of Iran of the three UAE islands: Abu Musa, and the Greater and Lesser Tunbs.",primary,yes,"research agent (part3), quote checked against the page"
tunbs,AE,2012-09-28,international,Minister for Foreign Affairs (Sheikh Abdullah Bin Zayed Al Nahyan),UNGA 67 general debate: demands restoration of UAE sovereignty over the three islands,https://gadebate.un.org/sites/default/files/gastatements/67/ae_en_25.pdf,"my Government expresses, once again, its regret regarding the continued Iranian occupation of our three islands: Abu Musa, and the Greater and Lesser Tunbs, and demands for the restoration of the UAE's full sovereignty over these islands.",primary,yes,"research agent (part3), quote checked against the page"
tunbs,AE,2013-09-28,international,Minister for Foreign Affairs (Sheikh Abdullah Bin Zayed Al Nahyan),UNGA 68 general debate: demands restoration of undiminished UAE sovereignty (right of reply same meeting),https://documents.un.org/api/symbol/access?s=A/68/PV.20&l=en&t=pdf,"my Government expresses, once again, its regret at the continued Iranian occupation of our three islands — Abu Musa, Greater Tunb and Lesser Tunb — and demands that the undiminished sovereignty of the United Arab Emirates over those islands be fully restored.",primary,yes,"research agent (part3), quote checked against the page"
tunbs,AE,2014-09-27,international,Minister for Foreign Affairs (Sheikh Abdullah Bin Zayed Al Nahyan),"UNGA 69 general debate: rejects the Iranian occupation, demands restoration of full sovereignty",https://documents.un.org/api/symbol/access?s=A/69/PV.15&l=en&t=pdf,"my Government again rejects the continuing Iranian occupation of three islands that belong to the United Arab Emirates — Greater Tunb, Lesser Tunb and Abu Musa. We demand restoration of the full sovereignty of the United Arab Emirates over the islands",primary,yes,"research agent (part3), quote checked against the page"
tunbs,AE,2015-10-02,international,Minister for Foreign Affairs (Sheikh Abdullah Bin Zayed Al Nahyan),"UNGA 70 general debate: rejects Iran's continued occupation, demands restoration of sovereignty",https://gadebate.un.org/sites/default/files/gastatements/70/70_ae_en_24.pdf,"I reiterate the United Arab Emirates rejection of Iran’s continued occupation of the UAE three islands Greater Tunb, Lesser Tunb and Abu Musa, and demand restoration of the UAE full sovereignty over these islands.",primary,yes,"research agent (part3), quote checked against the page"
tunbs,AE,2016-09-24,international,Minister for Foreign Affairs and International Cooperation (Sheikh Abdullah Bin Zayed Al Nahyan),UNGA 71 general debate: sovereignty over the three islands is the core national issue,https://gadebate.un.org/sites/default/files/gastatements/71/71_ae_en_24.pdf,"our core national issue which is the sovereignty of the UAE over its three islands: Greater Tunb, Lesser Tunb and Abu Musa, which are occupied by Iran against the provisions of international law and the Charter of the United Nations.",primary,yes,"research agent (part3), quote checked against the page"
tunbs,AE,2017-09-22,international,Minister for Foreign Affairs and International Cooperation (Sheikh Abdullah Bin Zayed Al Nahyan),UNGA 72 general debate: legitimate right to sovereignty over the three islands,https://gadebate.un.org/sites/default/files/gastatements/72/ae_en.pdf,"We reaffirm from this podium the UAE's firm position and its legitimate right to sovereignty over its three islands: Greater Tunb, Lesser Tunb and Abu Musa, which are occupied by Iran in violation of the provisions of international law and the Charter of the United Nations.",primary,yes,"research agent (part3), quote checked against the page"
tunbs,AE,2018-09-29,international,Minister for Foreign Affairs and International Cooperation (Sheikh Abdullah Bin Zayed Al Nahyan),"UNGA 73 general debate: demand for sovereignty over the three islands (right of reply 1 Oct 2018, A/73/PV.16)",https://documents.un.org/api/symbol/access?s=A/73/PV.14&l=en&t=pdf,"The United Arab Emirates reiterates its demand for its legitimate right to sovereignty over its three islands — Greater Tunb, Lesser Tunb and Abu Musa, which Iran has occupied for 47 years, in flagrant violation of international law and the Charter of the United Nations.",primary,yes,"research agent (part3), quote checked against the page"
tunbs,AE,2019-09-28,international,Minister for Foreign Affairs and International Cooperation (Sheikh Abdullah Bin Zayed Al Nahyan),"UNGA 74 general debate: UAE has never renounced its claim to the three islands (right of reply 30 Sep 2019, A/74/PV.13)",https://documents.un.org/api/symbol/access?s=A/74/PV.12&l=en&t=pdf,"the United Arab Emirates has never renounced its claim to sovereignty and legitimate rights over the three islands of Greater Tunb, Lesser Tunb and Abu Musa, which are occupied by Iran in a flagrant violation of international law and the Charter.",primary,yes,"research agent (part3), quote checked against the page"
tunbs,AE,2020-09-29,international,"Statement by the Minister for Foreign Affairs and International Cooperation, introduced by the UAE representative (virtual session)","UNGA 75 general debate: legitimate right of sovereignty over the three islands (right of reply same day, A/75/PV.15)",https://documents.un.org/api/symbol/access?s=A/75/PV.14&l=en&t=pdf,"we reiterate the UAE’s firm position and its legitimate right of sovereignty over its three islands: Greater Tunb, Lesser Tunb, and Abu Musa, which are occupied by Iran in flagrant violation of international law and the UN Charter",primary,yes,"research agent (part3), quote checked against the page"
tunbs,AE,2021-09-27,international,Minister of State (Khalifa Shaheen Al Marar),UNGA 76 general debate: demands Iran end its occupation; will never cease its demand for sovereignty,https://gadebate.un.org/sites/default/files/gastatements/76/ae_en.pdf,"We reiterate our demand that Iran ends its occupation of the three UAE islands: Greater Tunb, Lesser Tunb, and Abu Musa. The UAE will never cease its demand for its legitimate sovereignty over the islands occupied by Iran since 1971",primary,yes,"research agent (part3), quote checked against the page"
tunbs,AE,2022-09-24,international,Minister of State for International Cooperation (Reem Al Hashimy),"UNGA 77 general debate: demands an end to Iran's occupation (rights of reply 26 Sep 2022, A/77/PV.14)",https://documents.un.org/api/symbol/access?s=A/77/PV.13&l=en&t=pdf,"we reiterate our demand for an end to Iran’s occupation of the three United Arab Emirates islands — Greater Tunb, Lesser Tunb and Abu Musa — whose United Arab Emirates sovereignty has been proven by history and international law.",primary,yes,"research agent (part3), quote checked against the page"
tunbs,AE,2023-09-23,international,Minister of State for International Cooperation (Reem Al Hashimy),UNGA 78 general debate: renews demand that Iran end its occupation; direct negotiation or ICJ,https://gadebate.un.org/sites/default/files/gastatements/78/ae_en.pdf,"The UAE renews its demand to Iran to end its occupation of the three UAE islands: Greater Tunb, Lesser Tunb, and Abu Musa. Our legitimate right to these islands has not diminished and time will not diminish nor extinguish our sovereignty over these islands.",primary,yes,"research agent (part3), quote checked against the page"
tunbs,AE,2024-09-30,international,Minister of State (Sheikh Shakhboot bin Nahyan Al Nahyan),UNGA 79 general debate: the islands are an integral part of the UAE,https://gadebate.un.org/sites/default/files/gastatements/79/ae_en.pdf,"my country renews its demand to Iran to end its occupation of the three UAE islands: Greater Tunb, Lesser Tunb, and Abu Musa. These islands are an integral part of the UAE.",primary,yes,"research agent (part3), quote checked against the page"
tunbs,AE,2025-09-27,international,Minister of State (Lana Zaki Nusseibeh),UNGA 80 general debate: the dispute is at the forefront of national priorities,https://gadebate.un.org/sites/default/files/gastatements/80/ae_en.pdf,"We continue to call on Iran to end its occupation of these islands, which are an integral part of UAE territory, as well as to respond to our repeated calls to resolve this dispute through direct negotiations",primary,yes,"research agent (part3), quote checked against the page"
tunbs,AE,2026-09-28,international,Minister of State (Khalifa Shaheen Al Marar),UNGA 81 general debate: rejects Iran's occupation; negotiations or ICJ,https://gadebate.un.org/sites/default/files/gastatements/81/ae_en.pdf,"the United Arab Emirates has consistently called for a peaceful settlement of this conflict, whether through direct negotiations or by recourse to the International Court of Justice.",primary,yes,"research agent (part3), quote checked against the page"
