key,country,iso_codes,place,place_title,wikidata,section,passage,passages,source_url,status
Russia / Anadyr (town),Russia,SU,Anadyr,Anadyr (town),Q7978,E-visa to visit certain regions (was effective from 8 August 2017 to 31 December 2020),Ugolny Airport (Anadyr) | Chukotka Autonomous Okrug,1,https://en.wikipedia.org/w/index.php?title=Visa_history_of_Russia&oldid=1370012171,mapped
Russia / Caribbean,Russia,SU,Caribbean,Caribbean,Q664609,International events / Community of Latin American and Caribbean States,"The Russian foreign minister, at a meeting with ambassadors of countries of South America and the Caribbean, once again made clear Russia's intention to create a visa-free regime with all countries.",1,https://en.wikipedia.org/w/index.php?title=Visa_history_of_Russia&oldid=1370012171,ignored
Russia / Chukotka Autonomous Okrug,Russia,SU,Chukotka Autonomous Okrug,Chukotka Autonomous Okrug,Q7984,E-visa to visit certain regions (was effective from 8 August 2017 to 31 December 2020),Ugolny Airport (Anadyr) | Chukotka Autonomous Okrug,1,https://en.wikipedia.org/w/index.php?title=Visa_history_of_Russia&oldid=1370012171,mapped
Russia / Commonwealth of Independent States,Russia,SU,Commonwealth of Independent States,Commonwealth of Independent States,Q7779,International events / ex-USSR,"On 9 October 1992, Russia signed a multilateral agreement on visa-free movement of citizens of the Commonwealth of Independent States (CIS).",1,https://en.wikipedia.org/w/index.php?title=Visa_history_of_Russia&oldid=1370012171,ignored
Russia / Ivangorod,Russia,SU,Ivangorod,Ivangorod,Q15256,International events / ex-USSR,"At the end of 1996, Russia and Estonia agreed on simplified border crossings by residents of border areas, affecting 10,000 residents of Ivangorod and Narva.",1,https://en.wikipedia.org/w/index.php?title=Visa_history_of_Russia&oldid=1370012171,ignored
Russia / Kaliningrad,Russia,SU,Kaliningrad,Kaliningrad,Q1829,International events / ex-USSR,Special protocols established a visa-free regime between Lithuania and the Kaliningrad region.,2,https://en.wikipedia.org/w/index.php?title=Visa_history_of_Russia&oldid=1370012171,mapped
Russia / Kaliningrad Oblast,Russia,SU,Kaliningrad region,Kaliningrad Oblast,Q1749,International events / ex-USSR,Special protocols established a visa-free regime between Lithuania and the Kaliningrad region.,2,https://en.wikipedia.org/w/index.php?title=Visa_history_of_Russia&oldid=1370012171,mapped
Russia / Kuril Islands,Russia,SU,Kuril Islands,Kuril Islands,Q80389,International events / Asia,"From 1991, until they were terminated in September 2022, agreements were in force between Russia and Japan, group travel to central and southern Kuril Islands were visa-free for pre-approved lists of the Foreign Ministry.",2,https://en.wikipedia.org/w/index.php?title=Visa_history_of_Russia&oldid=1370012171,ignored
Russia / Leningrad Oblast,Russia,SU,Leningrad Region,Leningrad Oblast,Q2191,E-visa to visit certain regions (was effective from 8 August 2017 to 31 December 2020),"Citizens of the following 54 countries can apply for a single-entry eVisa to visit regions in the Russian Far East, Saint Petersburg and Leningrad Region and Kaliningrad Region:",1,https://en.wikipedia.org/w/index.php?title=Visa_history_of_Russia&oldid=1370012171,mapped
Russia / Moscow,Russia,SU,Moscow,Moscow,Q649,International events / United States,"During a meeting in Moscow on 10 March 2011, Russian Prime Minister Vladimir Putin proposed the introduction of reciprocal visa-free travel to US Vice President Joe Biden, saying, ""it would be a historical step in the development of Russian-US relations ""and would create"" an absolutely new atmosphere between our countries."" The Vice President's immediate reaction was cordial, but non-committal.",1,https://en.wikipedia.org/w/index.php?title=Visa_history_of_Russia&oldid=1370012171,ignored
Russia / Narva,Russia,SU,Narva,Narva,Q102158,International events / ex-USSR,"At the end of 1996, Russia and Estonia agreed on simplified border crossings by residents of border areas, affecting 10,000 residents of Ivangorod and Narva.",1,https://en.wikipedia.org/w/index.php?title=Visa_history_of_Russia&oldid=1370012171,ignored
Russia / Saint Petersburg,Russia,SU,Saint Petersburg,Saint Petersburg,Q656,E-visa to visit certain regions (was effective from 8 August 2017 to 31 December 2020),"Citizens of the following 54 countries can apply for a single-entry eVisa to visit regions in the Russian Far East, Saint Petersburg and Leningrad Region and Kaliningrad Region:",1,https://en.wikipedia.org/w/index.php?title=Visa_history_of_Russia&oldid=1370012171,mapped
Russia / Sakhalin,Russia,SU,Sakhalin Island,Sakhalin,Q7792,International events / Asia,"A visa-free regime was also introduced for citizens of Japan who visit the burial place of relatives located in the Kuril Islands and Sakhalin Island, by pre-authorized list in the regional Russian-Japanese consultations.",1,https://en.wikipedia.org/w/index.php?title=Visa_history_of_Russia&oldid=1370012171,ignored
Russia / Schengen Area,Russia,SU,Schengen Area,Schengen Area,Q1969730,International events / Europe / European Union,"Lithuania, Bulgaria, the Czech Republic, Slovakia, Hungary, Poland, Romania, Croatia, Slovenia, and Cyprus had to cancel their bilateral visa-free agreements with Russia before joining the EU and accepting the common visa requirements of the Schengen Area.",1,https://en.wikipedia.org/w/index.php?title=Visa_history_of_Russia&oldid=1370012171,ignored
Russia / Vladivostok,Russia,SU,Vladivostok,Vladivostok,Q959,Russian Federation (1991-present) / Visa-free travel / E-visa to visit certain regions of the Far East,"In 2015, Vladivostok again received, 106 years after it was cancelled, the status of ""porto franco"" (free port) by Federal Law №212-FZ, ""On the free port of Vladivostok"", signed by the President of the Russian Federation on 13 July 2015 and taking effect 12 October 2015.",1,https://en.wikipedia.org/w/index.php?title=Visa_history_of_Russia&oldid=1370012171,mapped
Overseas France / Schengen Area,Overseas France,,Schengen Area,Schengen Area,Q1969730,,"Although the European portion of France is part of the Schengen Area, its overseas departments, collectivities and other territories apply their own visa policies, which have some additional exemptions or restrictions compared to the visa policy of the Schengen Area.",2,https://en.wikipedia.org/w/index.php?title=Visa_policies_of_Overseas_France&oldid=1367404568,ignored
Afghanistan / Kabul International Airport,Afghanistan,AF,Kabul International Airport,Kabul International Airport,Q744802,Proposed reform,"In February 2015, Afghanistan announced visa-on-arrival facility at Kabul International Airport for business visitors, journalists, athletes, airline staff and passengers in transit from countries that do not have a diplomatic mission of Afghanistan.",3,https://en.wikipedia.org/w/index.php?title=Visa_policy_of_Afghanistan&oldid=1376132418,ignored
Afghanistan / Ministry of Commerce and Industry (Afghanistan),Afghanistan,AF,Ministry of Industry and Commerce,Ministry of Commerce and Industry (Afghanistan),Q113100187,Proposed reform,"On December 10, 2022, the Taliban Ministry of Industry and Commerce opened the ""Afghanistan Investment Desk"" at Kabul Airport which will facilitate visas on arrival for certain foreign investors.",1,https://en.wikipedia.org/w/index.php?title=Visa_policy_of_Afghanistan&oldid=1376132418,ignored
Albania / European Free Trade Association,Albania,AL,EFTA member state,European Free Trade Association,Q166546,Visa exemption / Ordinary passports / Substitute visa,"The visa exemption also applies to valid Green Card holders, holders of residence permits issued by any Schengen Area member state, or holders of refugee and stateless travel documents issued by any European Union member state or EFTA member state.",1,https://en.wikipedia.org/w/index.php?title=Visa_policy_of_Albania&oldid=1369799485,ignored
Albania / Micronesia,Albania,AL,Micronesia,Micronesia,Q3359409,,"It grants 90-day visa-free entry to all Schengen Annex II nationalities, except for Dominica, Timor-Leste, Grenada, Kiribati, Marshall Islands, Micronesia, Palau, Saint Lucia, Saint Vincent and the Grenadines, Samoa, Solomon Islands, Tonga and Tuvalu.",1,https://en.wikipedia.org/w/index.php?title=Visa_policy_of_Albania&oldid=1369799485,ignored
Albania / Schengen Area,Albania,AL,Schengen Area member state,Schengen Area,Q1969730,Visa exemption / Ordinary passports / Substitute visa,"Holders of a valid and previously used multiple-entry ""C"" visa issued by any Schengen Area member state may enter Albania without a visa for 90 days.",4,https://en.wikipedia.org/w/index.php?title=Visa_policy_of_Albania&oldid=1369799485,ignored
Antigua and Barbuda / Schengen Area,Antigua and Barbuda,AG,Schengen Area member state,Schengen Area,Q1969730,Visa on arrival / Substitute visa,"Holders of a valid visa or permanent residence permit issued by any Schengen Area member state, Canada, the United Kingdom or the United States may obtain a visa on arrival for a maximum stay of 30 days.",1,https://en.wikipedia.org/w/index.php?title=Visa_policy_of_Antigua_and_Barbuda&oldid=1370310578,ignored
Armenia / Schengen Area,Armenia,AM,Schengen Area member state,Schengen Area,Q1969730,Visa on arrival / Conditional visa on arrival,"Citizens of these countries and territories may apply for a visa on arrival only if they hold a valid visa issued by any Schengen Area member state, Australia, Canada, Cyprus, Ireland, Japan, New Zealand, South Korea, the United Kingdom or the United States, or a residence permit issued by any GCC member state, any Schengen Area member state, Cyprus, Ireland or the United States.",1,https://en.wikipedia.org/w/index.php?title=Visa_policy_of_Armenia&oldid=1376847301,ignored
Artsakh / Commonwealth of Independent States,Artsakh,,Commonwealth of Independent States,Commonwealth of Independent States,Q7779,Visa exemption,"Citizens of the following countries, including those from the Commonwealth of Independent States and all Eurasian Union member states, could visit Artsakh without a visa:",1,https://en.wikipedia.org/w/index.php?title=Visa_policy_of_Artsakh&oldid=1324974595,ignored
Artsakh / Eurasian Economic Union,Artsakh,,Eurasian Union,Eurasian Economic Union,Q4173083,Visa exemption,"Citizens of the following countries, including those from the Commonwealth of Independent States and all Eurasian Union member states, could visit Artsakh without a visa:",1,https://en.wikipedia.org/w/index.php?title=Visa_policy_of_Artsakh&oldid=1324974595,ignored
Australia / Adelaide,Australia,AU,Adelaide,Adelaide,Q5112,Visa exemption / Transit without a visa,Transit without a visa through Adelaide applies only to passengers departing on the same aircraft unless advance notice is given by the airline.,1,https://en.wikipedia.org/w/index.php?title=Visa_policy_of_Australia&oldid=1378282566,ignored
Australia / Ashmore and Cartier Islands,Australia,AU,Territory of Ashmore and Cartier Islands,Ashmore and Cartier Islands,Q133888,Visa exemption / Special purpose visa,"These include members of the Royal Family and the members of the Royal party, guests of Government, Status of forces agreement forces members including civilian component members, Asia‑Pacific forces members, Commonwealth forces members, foreign armed forces dependents, foreign naval forces members, airline positioning crew members and airline crew members, eligible transit passengers, persons visiting Macquarie Island, eligible children born in Australia and Indonesian traditional fishermen visiting the Territory of Ashmore and Cartier Islands.",1,https://en.wikipedia.org/w/index.php?title=Visa_policy_of_Australia&oldid=1378282566,unmapped
Australia / Australian Antarctic Territory,Australia,AU,Australian Antarctic Territory,Australian Antarctic Territory,Q178994,External territories,"Australian Antarctic Territory – an environmental authorisation must be obtained, based on an environmental impact assessment (EIA) submitted by the organiser of the activity.",1,https://en.wikipedia.org/w/index.php?title=Visa_policy_of_Australia&oldid=1378282566,unmapped
Australia / Cairns,Australia,AU,Cairns,Cairns,Q189133,Visa exemption / Transit without a visa,"A Transit visa is required for Gold Coast airport, and for Cairns airport and Sydney airport if staying overnight.",1,https://en.wikipedia.org/w/index.php?title=Visa_policy_of_Australia&oldid=1378282566,ignored
Australia / European Free Trade Association,Australia,AU,EFTA,European Free Trade Association,Q166546,,"Nationals of 36 countries, comprising the 27 EU member states, the four EFTA member states, the United Kingdom, and four European microstates, may apply for an eVisitor visa (subclass 651) online without a visa application charge.",1,https://en.wikipedia.org/w/index.php?title=Visa_policy_of_Australia&oldid=1378282566,ignored
"Australia / Gold Coast, Queensland",Australia,AU,Gold Coast,"Gold Coast, Queensland",Q140075,Visa exemption / Transit without a visa,"A Transit visa is required for Gold Coast airport, and for Cairns airport and Sydney airport if staying overnight.",1,https://en.wikipedia.org/w/index.php?title=Visa_policy_of_Australia&oldid=1378282566,ignored
Australia / Heard Island and McDonald Islands,Australia,AU,Heard Island and McDonald Islands,Heard Island and McDonald Islands,Q131198,External territories,Heard Island and McDonald Islands – a permit to enter and undertake activities in the Territory of Heard Island and McDonald Islands is required and is issued by the Australian Antarctic Division.,1,https://en.wikipedia.org/w/index.php?title=Visa_policy_of_Australia&oldid=1378282566,unmapped
Australia / Macquarie Island,Australia,AU,Macquarie Island,Macquarie Island,Q46650,Visa exemption / Special purpose visa,"These include members of the Royal Family and the members of the Royal party, guests of Government, Status of forces agreement forces members including civilian component members, Asia‑Pacific forces members, Commonwealth forces members, foreign armed forces dependents, foreign naval forces members, airline positioning crew members and airline crew members, eligible transit passengers, persons visiting Macquarie Island, eligible children born in Australia and Indonesian traditional fishermen visiting the Territory of Ashmore and Cartier Islands.",2,https://en.wikipedia.org/w/index.php?title=Visa_policy_of_Australia&oldid=1378282566,unmapped
Australia / Norfolk Island,Australia,AU,Norfolk Island,Norfolk Island,Q31057,Visa types / Norfolk Island visas,All Norfolk Island immigration permits are no longer valid.,3,https://en.wikipedia.org/w/index.php?title=Visa_policy_of_Australia&oldid=1378282566,ignored
Australia / Sydney,Australia,AU,Sydney,Sydney,Q3130,Visa exemption / Transit without a visa,"A Transit visa is required for Gold Coast airport, and for Cairns airport and Sydney airport if staying overnight.",1,https://en.wikipedia.org/w/index.php?title=Visa_policy_of_Australia&oldid=1378282566,ignored
Azerbaijan / Baku,Azerbaijan,AZ,Baku,Baku,Q9248,Visa on arrival,"As of 2024, no airline operates direct flights between New York and Baku, so U.S citizens are not eligible to obtain a visa on arrival unless they meet another condition.",2,https://en.wikipedia.org/w/index.php?title=Visa_policy_of_Azerbaijan&oldid=1376563946,ignored
Azerbaijan / Barxudarlı,Azerbaijan,AZ,Barxudarlı,Barxudarlı,Q809674,Admission restrictions,"The Government of Azerbaijan strictly prohibits the entry and transit of foreign citizens to the exclaves of Karki, Yuxarı Əskipara, Barxudarlı and Sofulu, which are de jure part of Azerbaijan but under the control of Armenia, without the prior consent of the Government of Azerbaijan.",1,https://en.wikipedia.org/w/index.php?title=Visa_policy_of_Azerbaijan&oldid=1376563946,unmapped
"Azerbaijan / Karki, Azerbaijan",Azerbaijan,AZ,Karki,"Karki, Azerbaijan",Q201557,Admission restrictions,"The Government of Azerbaijan strictly prohibits the entry and transit of foreign citizens to the exclaves of Karki, Yuxarı Əskipara, Barxudarlı and Sofulu, which are de jure part of Azerbaijan but under the control of Armenia, without the prior consent of the Government of Azerbaijan.",1,https://en.wikipedia.org/w/index.php?title=Visa_policy_of_Azerbaijan&oldid=1376563946,unmapped
"Azerbaijan / Sofulu, Qazax",Azerbaijan,AZ,Sofulu,"Sofulu, Qazax",Q4430101,Admission restrictions,"The Government of Azerbaijan strictly prohibits the entry and transit of foreign citizens to the exclaves of Karki, Yuxarı Əskipara, Barxudarlı and Sofulu, which are de jure part of Azerbaijan but under the control of Armenia, without the prior consent of the Government of Azerbaijan.",1,https://en.wikipedia.org/w/index.php?title=Visa_policy_of_Azerbaijan&oldid=1376563946,unmapped
Azerbaijan / Yukhari Askipara,Azerbaijan,AZ,Yuxarı Əskipara,Yukhari Askipara,Q195887,Admission restrictions,"The Government of Azerbaijan strictly prohibits the entry and transit of foreign citizens to the exclaves of Karki, Yuxarı Əskipara, Barxudarlı and Sofulu, which are de jure part of Azerbaijan but under the control of Armenia, without the prior consent of the Government of Azerbaijan.",1,https://en.wikipedia.org/w/index.php?title=Visa_policy_of_Azerbaijan&oldid=1376563946,unmapped
Belarus / Augustów Canal,Belarus,BY,Augustów Canal,Augustów Canal,Q770907,Visa exemption / Ordinary passports / Regional visa-free regime / Brest-Grodno visa-free territory,The legislation superseded the previous decrees that established two separate visa-free zones: Brest area including Belovezhskaya Pushcha National Park (since June 2015) and Augustów Canal area including Grodno (since October 2016).,1,https://en.wikipedia.org/w/index.php?title=Visa_policy_of_Belarus&oldid=1377688872,mapped
Belarus / Belovezhskaya Pushcha National Park,Belarus,BY,Belovezhskaya Pushcha National Park,Belovezhskaya Pushcha National Park,Q13469680,Visa exemption / Ordinary passports / Regional visa-free regime / Brest-Grodno visa-free territory,The legislation superseded the previous decrees that established two separate visa-free zones: Brest area including Belovezhskaya Pushcha National Park (since June 2015) and Augustów Canal area including Grodno (since October 2016).,1,https://en.wikipedia.org/w/index.php?title=Visa_policy_of_Belarus&oldid=1377688872,mapped
Belarus / Brest Airport,Belarus,BY,Brest,Brest Airport,Q27048,Visa exemption / Ordinary passports / Visa exemption by air,"Effective 17 October 2021, citizens of 76 countries may enter Belarus visa‑free for up to 30 days, if arriving and exiting exclusively through the international airports of Minsk, Brest, Gomel, Grodno, Mogilev, or Vitebsk.",3,https://en.wikipedia.org/w/index.php?title=Visa_policy_of_Belarus&oldid=1377688872,mapped
Belarus / Brest region,Belarus,BY,Brest Region,Brest region,Q173822,Visa exemption / Ordinary passports / Regional visa-free regime / Brest-Grodno visa-free territory,"Since November 2019, citizens that qualify for the visa-free program through the Minsk National Airport may visit a visa-free zone in the Brest Region and the Grodno Region for 15 days without a visa.",1,https://en.wikipedia.org/w/index.php?title=Visa_policy_of_Belarus&oldid=1377688872,mapped
Belarus / Gomel Airport,Belarus,BY,Gomel,Gomel Airport,Q27546,Visa exemption / Ordinary passports / Visa exemption by air,"Effective 17 October 2021, citizens of 76 countries may enter Belarus visa‑free for up to 30 days, if arriving and exiting exclusively through the international airports of Minsk, Brest, Gomel, Grodno, Mogilev, or Vitebsk.",1,https://en.wikipedia.org/w/index.php?title=Visa_policy_of_Belarus&oldid=1377688872,ignored
Belarus / Grodno Airport,Belarus,BY,Grodno,Grodno Airport,Q27049,Visa exemption / Ordinary passports / Visa exemption by air,"Effective 17 October 2021, citizens of 76 countries may enter Belarus visa‑free for up to 30 days, if arriving and exiting exclusively through the international airports of Minsk, Brest, Gomel, Grodno, Mogilev, or Vitebsk.",3,https://en.wikipedia.org/w/index.php?title=Visa_policy_of_Belarus&oldid=1377688872,mapped
Belarus / Grodno region,Belarus,BY,Grodno Region,Grodno region,Q191061,Visa exemption / Ordinary passports / Regional visa-free regime / Brest-Grodno visa-free territory,"Since November 2019, citizens that qualify for the visa-free program through the Minsk National Airport may visit a visa-free zone in the Brest Region and the Grodno Region for 15 days without a visa.",1,https://en.wikipedia.org/w/index.php?title=Visa_policy_of_Belarus&oldid=1377688872,mapped
Belarus / Mahilyow Airport,Belarus,BY,Mogilev,Mahilyow Airport,Q27217,Visa exemption / Ordinary passports / Visa exemption by air,"Effective 17 October 2021, citizens of 76 countries may enter Belarus visa‑free for up to 30 days, if arriving and exiting exclusively through the international airports of Minsk, Brest, Gomel, Grodno, Mogilev, or Vitebsk.",1,https://en.wikipedia.org/w/index.php?title=Visa_policy_of_Belarus&oldid=1377688872,ignored
Belarus / Minsk National Airport,Belarus,BY,Minsk,Minsk National Airport,Q777855,Visa exemption / Ordinary passports / Visa exemption by air,"Effective 17 October 2021, citizens of 76 countries may enter Belarus visa‑free for up to 30 days, if arriving and exiting exclusively through the international airports of Minsk, Brest, Gomel, Grodno, Mogilev, or Vitebsk.",2,https://en.wikipedia.org/w/index.php?title=Visa_policy_of_Belarus&oldid=1377688872,ignored
Belarus / Vitebsk Vostochny Airport,Belarus,BY,Vitebsk,Vitebsk Vostochny Airport,Q1373250,Visa exemption / Ordinary passports / Visa exemption by air,"Effective 17 October 2021, citizens of 76 countries may enter Belarus visa‑free for up to 30 days, if arriving and exiting exclusively through the international airports of Minsk, Brest, Gomel, Grodno, Mogilev, or Vitebsk.",1,https://en.wikipedia.org/w/index.php?title=Visa_policy_of_Belarus&oldid=1377688872,ignored
Bhutan / Gelephu,Bhutan,BT,Gelephu,Gelephu,Q1499697,Freedom of movement,"From 23 September 2022, this freedom of movement is now restricted to travel within the border towns of Phuentsholing, Gelephu, and Samdrup Jongkhar.",1,https://en.wikipedia.org/w/index.php?title=Visa_policy_of_Bhutan&oldid=1374073838,mapped
Bhutan / Samdrup Jongkhar,Bhutan,BT,Samdrup Jongkhar,Samdrup Jongkhar,Q2380103,Freedom of movement,"From 23 September 2022, this freedom of movement is now restricted to travel within the border towns of Phuentsholing, Gelephu, and Samdrup Jongkhar.",1,https://en.wikipedia.org/w/index.php?title=Visa_policy_of_Bhutan&oldid=1374073838,mapped
Bosnia and Herzegovina / Schengen Area,Bosnia and Herzegovina,BA,Schengen Area member state,Schengen Area,Q1969730,Visa exemption / Ordinary passports / Substitute visa,"Holders of a valid multiple-entry visa issued by any Schengen Area member state, Cyprus, Ireland, Monaco or the United States of America may enter Bosnia and Herzegovina without a visa for a maximum stay of 30 days.",2,https://en.wikipedia.org/w/index.php?title=Visa_policy_of_Bosnia_and_Herzegovina&oldid=1373140275,ignored
Brazil / Federal Senate (Brazil),Brazil,BR,Brazilian Senate,Federal Senate (Brazil),Q2119413,Visa exemption / Proposed changes,"In March 2025, the Brazilian Senate approved a proposal to restore the unilateral visa exemption for nationals of Australia, Canada and the United States (as well as Japan, which had a reciprocal exemption).",1,https://en.wikipedia.org/w/index.php?title=Visa_policy_of_Brazil&oldid=1372769899,ignored
"Brazil / North Region, Brazil",Brazil,BR,North,"North Region, Brazil",Q478465,Visa exemption / Ordinary passports,"The dates below refer to the entry into force of reciprocal agreements, unless otherwise noted. | *1 August 1931: Austria (replaced by another agreement from 21 October 1967) | *5 February 1948: Switzerland (for tourism) | *11 December 1948: Liechtenstein (for tourism) | *21 July 1953: Denmark | *19 March 1956: Argentina, Bolivia, Canada, Chile, Colombia, Costa Rica, Cuba, Dominican Republic, Ecuador, El Salvador, Guatemala, Haiti, Honduras, Mexico, Nicaragua, Panama, Paraguay, Peru, United States, Uruguay, Venezuela (unilateral exemption for tourism; Cuba ended 24 June 1970, others replaced w",1,https://en.wikipedia.org/w/index.php?title=Visa_policy_of_Brazil&oldid=1372769899,ignored
Brunei / Brunei International Airport,Brunei,BN,Brunei International Airport,Brunei International Airport,Q1148514,Visa exemption / Non-ordinary passports,"The visa exemption for citizens of both countries was codified into Passports (Visa) (Exemption) Order 1985 upon its enactment on 1 March 1985. | Ordinary passports: | * 1 March 1985: Indonesia, Philippines and Thailand (only by air and disembarks at the Brunei International Airport) | * 1 September 1985: Canada, France, Japan, Liechtenstein, South Korea, Switzerland and United Kingdom | * 1 October 1986: Belgium, Luxembourg and Netherlands | * 24 January 1987: West Germany, as Germany from 3 Oct 1990 | * 1 February 1987: Maldives | * 1 October 1987: Sweden | * 1 June 1988: Denmark | * 1 July ",1,https://en.wikipedia.org/w/index.php?title=Visa_policy_of_Brunei&oldid=1372986645,ignored
Cambodia / Bavet municipality,Cambodia,KH,Bavet Municipality,Bavet municipality,Q1385809,Visa on arrival / Electronic visa (e-Visa),File:Cambodia Visa On Arrival for Indian Passport.jpg|Cambodian visa on Arrival in Indian Passport at Bavet Municipality,1,https://en.wikipedia.org/w/index.php?title=Visa_policy_of_Cambodia&oldid=1376465089,ignored
Cambodia / Phnom Penh International Airport,Cambodia,KH,Phnom Penh International Airport,Phnom Penh International Airport,Q1054163,Transit,Transit passengers who are leaving on the same arrival aircraft do not need a visa when transiting through Phnom Penh International Airport.,1,https://en.wikipedia.org/w/index.php?title=Visa_policy_of_Cambodia&oldid=1376465089,ignored
Canada / Schengen Area,Canada,CA,Schengen Area,Schengen Area,Q1969730,Visa policy changes,"Canadian citizens enjoy visa-free access to the Schengen Area, which includes the Czech Republic.",1,https://en.wikipedia.org/w/index.php?title=Visa_policy_of_Canada&oldid=1377451809,ignored
Canada / Vancouver International Airport,Canada,CA,Vancouver International Airport,Vancouver International Airport,Q321224,Transit,A plan was announced in 2015 to allow all passengers to transit without a visa through the Vancouver International Airport.,1,https://en.wikipedia.org/w/index.php?title=Visa_policy_of_Canada&oldid=1377451809,ignored
"Cape Verde / Boa Vista, Cape Verde",Cape Verde,CV,Boa Vista,"Boa Vista, Cape Verde",Q110440,Visa on arrival,"Citizens from the following countries may obtain a visa on arrival at Sal, Boa Vista, São Vicente or Santiago international airports.",1,https://en.wikipedia.org/w/index.php?title=Visa_policy_of_Cape_Verde&oldid=1376132425,ignored
"Cape Verde / Sal, Cape Verde",Cape Verde,CV,Sal,"Sal, Cape Verde",Q111989,Visa on arrival,"Citizens from the following countries may obtain a visa on arrival at Sal, Boa Vista, São Vicente or Santiago international airports.",1,https://en.wikipedia.org/w/index.php?title=Visa_policy_of_Cape_Verde&oldid=1376132425,ignored
"Cape Verde / Santiago, Cape Verde",Cape Verde,CV,Santiago,"Santiago, Cape Verde",Q108448,Visa on arrival,"Citizens from the following countries may obtain a visa on arrival at Sal, Boa Vista, São Vicente or Santiago international airports.",1,https://en.wikipedia.org/w/index.php?title=Visa_policy_of_Cape_Verde&oldid=1376132425,ignored
"Cape Verde / São Vicente, Cape Verde",Cape Verde,CV,São Vicente,"São Vicente, Cape Verde",Q112031,Visa on arrival,"Citizens from the following countries may obtain a visa on arrival at Sal, Boa Vista, São Vicente or Santiago international airports.",1,https://en.wikipedia.org/w/index.php?title=Visa_policy_of_Cape_Verde&oldid=1376132425,ignored
Colombia / Schengen Area,Colombia,CO,Schengen Area,Schengen Area,Q1969730,Visa exemption / Substitute visa,Holders of passports issued by the following countries or territories are granted visa-free access for a maximum of 90 days (unless otherwise noted) if they hold visas or residence permits issued by the United States or a Schengen Area country:,1,https://en.wikipedia.org/w/index.php?title=Visa_policy_of_Colombia&oldid=1374237631,ignored
Djibouti / Djibouti–Ambouli International Airport,Djibouti,DJ,Ambouli International Airport,Djibouti–Ambouli International Airport,Q620706,eVisa,Holders of e-Visa can enter Djibouti through Ambouli International Airport or any other border crossing.,1,https://en.wikipedia.org/w/index.php?title=Visa_policy_of_Djibouti&oldid=1359820594,ignored
Ecuador / Galápagos Islands,Ecuador,EC,Galápagos Islands,Galápagos Islands,Q38095,Galapagos,All visitors to Galápagos Islands must obtain a Transit Control Card at the airport for a fee.,1,https://en.wikipedia.org/w/index.php?title=Visa_policy_of_Ecuador&oldid=1373470131,mapped
Egypt / Dahab,Egypt,EG,Dahab,Dahab,Q370495,Visa exemption / Sinai Visa-free Program,"According to the Egyptian Consulate General in the United Kingdom, citizens of all European Union member states, the United Kingdom and the United States may enter Egypt without a visa for a maximum of 15 days as a free entry permission stamp will be granted upon arrival if they are travelling to Sharm El Sheikh, Dahab, Nuweiba and Taba resorts only without leaving them.",1,https://en.wikipedia.org/w/index.php?title=Visa_policy_of_Egypt&oldid=1378193836,mapped
Egypt / Nuweiba,Egypt,EG,Nuweiba,Nuweiba,Q1011488,Visa exemption / Sinai Visa-free Program,"According to the Egyptian Consulate General in the United Kingdom, citizens of all European Union member states, the United Kingdom and the United States may enter Egypt without a visa for a maximum of 15 days as a free entry permission stamp will be granted upon arrival if they are travelling to Sharm El Sheikh, Dahab, Nuweiba and Taba resorts only without leaving them.",1,https://en.wikipedia.org/w/index.php?title=Visa_policy_of_Egypt&oldid=1378193836,mapped
Egypt / Rafah Border Crossing,Egypt,EG,Rafah Border Crossing,Rafah Border Crossing,Q2564302,Visa exemption / Other visa exemption,"Palestine - for male nationals in transit to the Gaza Strip via Rafah Border Crossing if the border crossing at Rafah is confirmed to be open; for male nationals who hold an official invitation issued to participants of international and regional conferences; and for male nationals who hold an ""Investment Authority approval"" for those entering Egypt for business related to companies or projects in Egypt.",1,https://en.wikipedia.org/w/index.php?title=Visa_policy_of_Egypt&oldid=1378193836,ignored
Egypt / Schengen Area,Egypt,EG,Schengen Area member state,Schengen Area,Q1969730,Visa on arrival / Conditional visa on arrival,"According to Timatic, travelers with a valid and used visas issued by any Schengen Area member state, Australia, Canada, Japan, New Zealand, the United Kingdom or the United States, or a residence permit issued by any GCC member state, any Schengen Area member state, Australia, Canada, Japan, New Zealand, the United Kingdom or the United States are eligible for a visa on arrival for a maximum of 30 days.",4,https://en.wikipedia.org/w/index.php?title=Visa_policy_of_Egypt&oldid=1378193836,ignored
Egypt / Sharm El Sheikh,Egypt,EG,Sharm El Sheikh,Sharm El Sheikh,Q644,Visa exemption / Sinai Visa-free Program,"According to the Egyptian Consulate General in the United Kingdom, citizens of all European Union member states, the United Kingdom and the United States may enter Egypt without a visa for a maximum of 15 days as a free entry permission stamp will be granted upon arrival if they are travelling to Sharm El Sheikh, Dahab, Nuweiba and Taba resorts only without leaving them.",1,https://en.wikipedia.org/w/index.php?title=Visa_policy_of_Egypt&oldid=1378193836,mapped
Egypt / Sharm El Sheikh International Airport,Egypt,EG,Sharm el-Sheikh,Sharm El Sheikh International Airport,Q326268,Visa exemption / Sinai Visa-free Program,"According to Timatic, citizens of all countries may enter Egypt without a visa at Sharm el-Sheikh, Saint Catherine or Taba airports, for a maximum stay of 15 days.",1,https://en.wikipedia.org/w/index.php?title=Visa_policy_of_Egypt&oldid=1378193836,mapped
Egypt / St. Catherine International Airport,Egypt,EG,Saint Catherine,St. Catherine International Airport,Q1936042,Visa exemption / Sinai Visa-free Program,"According to Timatic, citizens of all countries may enter Egypt without a visa at Sharm el-Sheikh, Saint Catherine or Taba airports, for a maximum stay of 15 days.",1,https://en.wikipedia.org/w/index.php?title=Visa_policy_of_Egypt&oldid=1378193836,mapped
Egypt / Taba International Airport,Egypt,EG,Taba,Taba International Airport,Q690636,Visa exemption / Sinai Visa-free Program,"According to the Egyptian Consulate General in the United Kingdom, citizens of all European Union member states, the United Kingdom and the United States may enter Egypt without a visa for a maximum of 15 days as a free entry permission stamp will be granted upon arrival if they are travelling to Sharm El Sheikh, Dahab, Nuweiba and Taba resorts only without leaving them.",2,https://en.wikipedia.org/w/index.php?title=Visa_policy_of_Egypt&oldid=1378193836,mapped
"Egypt / Taba, Egypt",Egypt,EG,Taba,"Taba, Egypt",Q867592,Visa exemption / Sinai Visa-free Program,"According to the Egyptian Consulate General in the United Kingdom, citizens of all European Union member states, the United Kingdom and the United States may enter Egypt without a visa for a maximum of 15 days as a free entry permission stamp will be granted upon arrival if they are travelling to Sharm El Sheikh, Dahab, Nuweiba and Taba resorts only without leaving them.",2,https://en.wikipedia.org/w/index.php?title=Visa_policy_of_Egypt&oldid=1378193836,mapped
El Salvador / Schengen Area,El Salvador,SV,Schengen Area member state,Schengen Area,Q1969730,Visa exemption / Ordinary passports / Substitute visa,"Citizens of other countries who would normally require visas may enter El Salvador without a visa for up to 180 days if holding a valid visa issued by any Schengen Area member state, Canada or the United States.",1,https://en.wikipedia.org/w/index.php?title=Visa_policy_of_El_Salvador&oldid=1376793736,ignored
Equatorial Guinea / Malabo International Airport,Equatorial Guinea,GQ,Malabo International Airport,Malabo International Airport,Q655320,Electronic Visa (e-Visa),e-Visa holders must arrive via Malabo International Airport.,1,https://en.wikipedia.org/w/index.php?title=Visa_policy_of_Equatorial_Guinea&oldid=1370534172,ignored
Ethiopia / Addis Ababa Bole International Airport,Ethiopia,ET,Addis Ababa Bole International Airport,Addis Ababa Bole International Airport,Q44923,Visa on arrival,"Tourist visa (valid for up to 3 months) can be issued on arrival at Addis Ababa Bole International Airport to nationals of the following countries and territories, or persons holding residence permits issued by these countries or territories.",3,https://en.wikipedia.org/w/index.php?title=Visa_policy_of_Ethiopia&oldid=1367289338,ignored
Gabon / Libreville,Gabon,GA,Libreville,Libreville,Q3825,Electronic visa (e-Visa),The e-Visa is issued 72 hours after the application and is valid only for those arriving via Leon Mba International Airport in Libreville.,1,https://en.wikipedia.org/w/index.php?title=Visa_policy_of_Gabon&oldid=1370269580,ignored
Gabon / Léon-Mba International Airport,Gabon,GA,Leon Mba International Airport,Léon-Mba International Airport,Q420847,Electronic visa (e-Visa),The e-Visa is issued 72 hours after the application and is valid only for those arriving via Leon Mba International Airport in Libreville.,1,https://en.wikipedia.org/w/index.php?title=Visa_policy_of_Gabon&oldid=1370269580,ignored
Greenland / Schengen Area,Greenland,,Schengen Area,Schengen Area,Q1969730,,"Nationals of Nordic countries are free to enter, reside and work in Greenland, and nationals of other countries exempt from visas for short stays in the Schengen Area may also visit Greenland without a visa.",3,https://en.wikipedia.org/w/index.php?title=Visa_policy_of_Greenland&oldid=1360605790,ignored
Guatemala / Schengen Area,Guatemala,GT,Schengen Area member state,Schengen Area,Q1969730,Visa exemption / Ordinary passports / Substitute visa,"Citizens of other countries who would normally require visas may enter Guatemala without a visa for up to 90 days if holding a valid visa issued by any Schengen Area member state, Canada, Mexico or the United States, or a permanent residence card (Green Card) issued by the United States.",1,https://en.wikipedia.org/w/index.php?title=Visa_policy_of_Guatemala&oldid=1369703806,ignored
"Guyana / Annai, Guyana",Guyana,GY,Annai,"Annai, Guyana",Q564209,Visa exemption / Ordinary passports,ID - May enter Guyana through Lethem by land and travel as far as Annai using an ID card in lieu of a passport.,1,https://en.wikipedia.org/w/index.php?title=Visa_policy_of_Guyana&oldid=1369741255,unmapped
"Guyana / Lethem, Guyana",Guyana,GY,Lethem,"Lethem, Guyana",Q1203781,Visa exemption / Ordinary passports,ID - May enter Guyana through Lethem by land and travel as far as Annai using an ID card in lieu of a passport.,1,https://en.wikipedia.org/w/index.php?title=Visa_policy_of_Guyana&oldid=1369741255,unmapped
Guyana / Schengen Area,Guyana,GY,Schengen Area member state,Schengen Area,Q1969730,Visa exemption / Ordinary passports / Substitute visa,"Citizens of the following countries may enter Guyana without a visa for up to 90 days if they hold a valid visa issued by any Schengen Area member state, Canada or the United States, or a permanent residence card (Green Card) issued by the United States:",1,https://en.wikipedia.org/w/index.php?title=Visa_policy_of_Guyana&oldid=1369741255,ignored
Haiti / Schengen Area,Haiti,HT,Schengen Area member state,Schengen Area,Q1969730,,"They may enter without a visa for up to 3 months if they are holding a valid visa or residence permit issued by any Schengen Area member state, Canada or the United States.",1,https://en.wikipedia.org/w/index.php?title=Visa_policy_of_Haiti&oldid=1370340017,ignored
Honduras / Schengen Area,Honduras,HN,Schengen Are member state,Schengen Area,Q1969730,Visa exemption / Ordinary passports / Substitute visa,"Citizens of other countries who would normally require visas may enter Honduras without a visa for up to 90 days if holding a valid visa issued by any Schengen Are member state, Canada or the United States (except for ""C1"" and ""D"" visas).",1,https://en.wikipedia.org/w/index.php?title=Visa_policy_of_Honduras&oldid=1370482621,ignored
India / Andaman and Nicobar Islands,India,IN,Andaman and Nicobar Islands,Andaman and Nicobar Islands,Q40888,Restricted and protected area permits,A Restricted Area Permit (RAP) is required to enter the Andaman and Nicobar Islands and parts of Sikkim.,1,https://en.wikipedia.org/w/index.php?title=Visa_policy_of_India&oldid=1377179318,mapped
India / Arunachal Pradesh,India,IN,Arunachal Pradesh,Arunachal Pradesh,Q1162,Restricted and protected area permits,"A Protected Area Permit (PAP) is required to enter the states of Arunachal Pradesh and Sikkim and some parts of the states of Himachal Pradesh, Jammu and Kashmir, Rajasthan and Uttarakhand.",1,https://en.wikipedia.org/w/index.php?title=Visa_policy_of_India&oldid=1377179318,mapped
India / Bagdogra,India,IN,Bagdogra,Bagdogra,Q4841529,Restricted and protected area permits,"Permits are not required for nationals of Bhutan travelling by air to/from Thimphu via Bagdogra and for nationals of Nepal travelling by air to/from Kathmandu (if travelling by land a pass issued by either the Foreigners Regional Registration Office, Superintendent of police or the diplomatic representation of India in Bhutan or Nepal is required).",1,https://en.wikipedia.org/w/index.php?title=Visa_policy_of_India&oldid=1377179318,ignored
India / Bagdogra Airport,India,IN,Bagdogra,Bagdogra Airport,Q2900847,Restricted and protected area permits,"Permits are not required for nationals of Bhutan travelling by air to/from Thimphu via Bagdogra and for nationals of Nepal travelling by air to/from Kathmandu (if travelling by land a pass issued by either the Foreigners Regional Registration Office, Superintendent of police or the diplomatic representation of India in Bhutan or Nepal is required).",1,https://en.wikipedia.org/w/index.php?title=Visa_policy_of_India&oldid=1377179318,ignored
India / Chennai International Airport,India,IN,Chennai,Chennai International Airport,Q502670,History / 2016,"Five seaports – Mumbai, Kochi, Chennai, Goa and Mangaluru – would receive tourists coming with e-visa.",1,https://en.wikipedia.org/w/index.php?title=Visa_policy_of_India&oldid=1377179318,ignored
India / Chennai Port,India,IN,Chennai,Chennai Port,Q3524002,History / 2016,"Five seaports – Mumbai, Kochi, Chennai, Goa and Mangaluru – would receive tourists coming with e-visa.",1,https://en.wikipedia.org/w/index.php?title=Visa_policy_of_India&oldid=1377179318,ignored
India / Chhatrapati Shivaji Maharaj International Airport,India,IN,Mumbai,Chhatrapati Shivaji Maharaj International Airport,Q504368,History / 2016,"Five seaports – Mumbai, Kochi, Chennai, Goa and Mangaluru – would receive tourists coming with e-visa.",1,https://en.wikipedia.org/w/index.php?title=Visa_policy_of_India&oldid=1377179318,ignored
India / Cochin International Airport,India,IN,Kochi,Cochin International Airport,Q592172,History / 2016,"Five seaports – Mumbai, Kochi, Chennai, Goa and Mangaluru – would receive tourists coming with e-visa.",1,https://en.wikipedia.org/w/index.php?title=Visa_policy_of_India&oldid=1377179318,ignored
India / Cochin Port,India,IN,Kochi,Cochin Port,Q5139316,History / 2016,"Five seaports – Mumbai, Kochi, Chennai, Goa and Mangaluru – would receive tourists coming with e-visa.",1,https://en.wikipedia.org/w/index.php?title=Visa_policy_of_India&oldid=1377179318,ignored
India / Himachal Pradesh,India,IN,Himachal Pradesh,Himachal Pradesh,Q1177,Restricted and protected area permits,"A Protected Area Permit (PAP) is required to enter the states of Arunachal Pradesh and Sikkim and some parts of the states of Himachal Pradesh, Jammu and Kashmir, Rajasthan and Uttarakhand.",1,https://en.wikipedia.org/w/index.php?title=Visa_policy_of_India&oldid=1377179318,mapped
India / Jammu and Kashmir (union territory),India,IN,Jammu and Kashmir,Jammu and Kashmir (union territory),Q66278313,Restricted and protected area permits,"A Protected Area Permit (PAP) is required to enter the states of Arunachal Pradesh and Sikkim and some parts of the states of Himachal Pradesh, Jammu and Kashmir, Rajasthan and Uttarakhand.",1,https://en.wikipedia.org/w/index.php?title=Visa_policy_of_India&oldid=1377179318,mapped
India / Kerala,India,IN,Kerala,Kerala,Q1186,Pakistani passport holders and persons of Pakistani origin / Visa on arrival for persons over 65 years of age,"This scheme does not apply to those who wish to visit Punjab, Kerala and Restricted Areas, nor does it apply to those who have ever been denied an Indian visa before.",1,https://en.wikipedia.org/w/index.php?title=Visa_policy_of_India&oldid=1377179318,unmapped
India / Lakshadweep,India,IN,Lakshadweep,Lakshadweep,Q26927,Restricted and protected area permits,Special permits are needed to enter Lakshadweep Islands.,1,https://en.wikipedia.org/w/index.php?title=Visa_policy_of_India&oldid=1377179318,mapped
India / Mangalore International Airport,India,IN,Mangaluru,Mangalore International Airport,Q290527,History / 2016,"Five seaports – Mumbai, Kochi, Chennai, Goa and Mangaluru – would receive tourists coming with e-visa.",1,https://en.wikipedia.org/w/index.php?title=Visa_policy_of_India&oldid=1377179318,ignored
India / Minicoy,India,IN,Minicoy,Minicoy,Q162448,Restricted and protected area permits,Maldivian citizens are allowed to visit Minicoy island for fifteen days if allowed by the High Commissioner of India to the Maldives.,1,https://en.wikipedia.org/w/index.php?title=Visa_policy_of_India&oldid=1377179318,mapped
India / Ministry of Culture (India),India,IN,Minister of Culture,Ministry of Culture (India),Q4294433,History / 2025,"In December 2025, Minister of Culture and Tourism Gajendra Singh Shekhawat announced plans to expand the visa-on-arrival facility to nationals of more countries based on reciprocity, and to simplify the e-Visa application.",1,https://en.wikipedia.org/w/index.php?title=Visa_policy_of_India&oldid=1377179318,ignored
India / Mormugao Port,India,IN,Goa,Mormugao Port,Q60296757,History / 2016,"Five seaports – Mumbai, Kochi, Chennai, Goa and Mangaluru – would receive tourists coming with e-visa.",1,https://en.wikipedia.org/w/index.php?title=Visa_policy_of_India&oldid=1377179318,ignored
India / Mumbai Port,India,IN,Mumbai,Mumbai Port,Q15260223,History / 2016,"Five seaports – Mumbai, Kochi, Chennai, Goa and Mangaluru – would receive tourists coming with e-visa.",1,https://en.wikipedia.org/w/index.php?title=Visa_policy_of_India&oldid=1377179318,ignored
India / Punjab,India,IN,Punjab,Punjab,Q169132,Pakistani passport holders and persons of Pakistani origin / Visa on arrival for persons over 65 years of age,"This scheme does not apply to those who wish to visit Punjab, Kerala and Restricted Areas, nor does it apply to those who have ever been denied an Indian visa before.",1,https://en.wikipedia.org/w/index.php?title=Visa_policy_of_India&oldid=1377179318,unmapped
India / Rajasthan,India,IN,Rajasthan,Rajasthan,Q1437,Restricted and protected area permits,"A Protected Area Permit (PAP) is required to enter the states of Arunachal Pradesh and Sikkim and some parts of the states of Himachal Pradesh, Jammu and Kashmir, Rajasthan and Uttarakhand.",1,https://en.wikipedia.org/w/index.php?title=Visa_policy_of_India&oldid=1377179318,mapped
India / Sikkim,India,IN,Sikkim,Sikkim,Q1505,Restricted and protected area permits,"A Protected Area Permit (PAP) is required to enter the states of Arunachal Pradesh and Sikkim and some parts of the states of Himachal Pradesh, Jammu and Kashmir, Rajasthan and Uttarakhand.",2,https://en.wikipedia.org/w/index.php?title=Visa_policy_of_India&oldid=1377179318,mapped
India / Uttarakhand,India,IN,Uttarakhand,Uttarakhand,Q1499,Restricted and protected area permits,"A Protected Area Permit (PAP) is required to enter the states of Arunachal Pradesh and Sikkim and some parts of the states of Himachal Pradesh, Jammu and Kashmir, Rajasthan and Uttarakhand.",1,https://en.wikipedia.org/w/index.php?title=Visa_policy_of_India&oldid=1377179318,mapped
Indonesia / Batam,Indonesia,ID,Batam,Batam,Q10103,Visa exemption / Ordinary passports,"In addition, permanent residents of Singapore are eligible to enter Batam, Bintan and Karimun for a maximum stay of 4 days without a visa.",2,https://en.wikipedia.org/w/index.php?title=Visa_policy_of_Indonesia&oldid=1376824734,mapped
Indonesia / Bintan Regency,Indonesia,ID,Bintan,Bintan Regency,Q10097,Visa exemption / Ordinary passports,"In addition, permanent residents of Singapore are eligible to enter Batam, Bintan and Karimun for a maximum stay of 4 days without a visa.",2,https://en.wikipedia.org/w/index.php?title=Visa_policy_of_Indonesia&oldid=1376824734,mapped
Indonesia / Karimun Regency,Indonesia,ID,Karimun,Karimun Regency,Q10098,Visa exemption / Ordinary passports,"In addition, permanent residents of Singapore are eligible to enter Batam, Bintan and Karimun for a maximum stay of 4 days without a visa.",2,https://en.wikipedia.org/w/index.php?title=Visa_policy_of_Indonesia&oldid=1376824734,mapped
Indonesia / Ngurah Rai International Airport,Indonesia,ID,Ngurah Rai International Airport,Ngurah Rai International Airport,Q1061846,Transit without a visa,"Passengers transiting through Soekarno-Hatta International Airport and not changing terminals, or those transiting through Ngurah Rai International Airport and not staying after 2 AM, do not need a transit visa if transiting for up to 8 hours.",1,https://en.wikipedia.org/w/index.php?title=Visa_policy_of_Indonesia&oldid=1376824734,ignored
Indonesia / Riau Islands,Indonesia,ID,Riau Islands,Riau Islands,Q2223,History of visa policy reforms,"The Jokowi administration signed the Presidential Regulation 95/2024 on 29 August 2024, which resumed visa-free access to tourists from Colombia, Hong Kong, and Suriname, as well as granting visa-free entry to Batam, Bintan and Karimun in the Riau Islands for Singapore permanent resident holders up to four days.",1,https://en.wikipedia.org/w/index.php?title=Visa_policy_of_Indonesia&oldid=1376824734,mapped
Indonesia / Soekarno–Hatta International Airport,Indonesia,ID,Soekarno-Hatta International Airport,Soekarno–Hatta International Airport,Q749497,Transit without a visa,"Passengers transiting through Soekarno-Hatta International Airport and not changing terminals, or those transiting through Ngurah Rai International Airport and not staying after 2 AM, do not need a transit visa if transiting for up to 8 hours.",1,https://en.wikipedia.org/w/index.php?title=Visa_policy_of_Indonesia&oldid=1376824734,ignored
Iran / Aras Free Zone,Iran,IR,Aras Free Zone,Aras Free Zone,Q4784299,Visa exemption / Ordinary passports / Iran free trade zones,Aras Free Zone,1,https://en.wikipedia.org/w/index.php?title=Visa_policy_of_Iran&oldid=1372344511,mapped
Iran / Imam Khomeini International Airport,Iran,IR,Imam Khomeini International Airport,Imam Khomeini International Airport,Q734729,Visa exemption / Ordinary passports,2 - Must depart from Dushanbe International Airport and arrive at Imam Khomeini International Airport to qualify for visa exemption.,1,https://en.wikipedia.org/w/index.php?title=Visa_policy_of_Iran&oldid=1372344511,ignored
Iran / Kish Island,Iran,IR,Kish Island,Kish Island,Q221883,Visa exemption / Ordinary passports / Iran free trade zones,"All tourists may stay on Kish Island, Qeshm Island, or other free trade zones for 14 days or less without obtaining any visa.",1,https://en.wikipedia.org/w/index.php?title=Visa_policy_of_Iran&oldid=1372344511,mapped
Iran / Port of Shahid Rajaee,Iran,IR,Shahid Rajaee Port,Port of Shahid Rajaee,Q16049128,Electronic visa (e-Visa),Marine travelers entering Iran via Shahid Rajaee Port in the southern Hormozgan Province can also receive a visa on arrival.,1,https://en.wikipedia.org/w/index.php?title=Visa_policy_of_Iran&oldid=1372344511,ignored
Iran / Qeshm Island,Iran,IR,Qeshm Island,Qeshm Island,Q240719,Visa exemption / Ordinary passports / Iran free trade zones,"All tourists may stay on Kish Island, Qeshm Island, or other free trade zones for 14 days or less without obtaining any visa.",1,https://en.wikipedia.org/w/index.php?title=Visa_policy_of_Iran&oldid=1372344511,mapped
Iraq / Kurdistan Region,Iraq,IQ,Kurdistan Region,Kurdistan Region,Q205047,,"As of September 2025, the Iraqi federal government's 'e-Visa Portal' is solely responsible for providing visas for foreign visitors and it can be used to enter all parts of the country, including to and from Kurdistan Region.",1,https://en.wikipedia.org/w/index.php?title=Visa_policy_of_Iraq&oldid=1371157882,mapped
Ireland / European Free Trade Association,Ireland,IE,EFTA,European Free Trade Association,Q166546,,"If someone other than a European Union, EFTA or Common Travel Area citizen seeks entry to Ireland, they must be a national of a visa-exempt country or have a valid Irish visa issued by one of the Irish diplomatic missions around the world.",1,https://en.wikipedia.org/w/index.php?title=Visa_policy_of_Ireland&oldid=1365519610,ignored
Ireland / Ireland,Ireland,IE,Ireland,Ireland,Q22890,,"If someone other than a European Union, EFTA or Common Travel Area citizen seeks entry to Ireland, they must be a national of a visa-exempt country or have a valid Irish visa issued by one of the Irish diplomatic missions around the world.",15,https://en.wikipedia.org/w/index.php?title=Visa_policy_of_Ireland&oldid=1365519610,ignored
Ireland / Micronesia,Ireland,IE,Micronesia,Micronesia,Q3359409,,"It grants visa-free entry to all Schengen Annex II nationalities, except for Albania, Bosnia and Herzegovina, Colombia, Dominica, Georgia, Honduras, Kosovo, Marshall Islands, Mauritius, Micronesia, Moldova, Montenegro, Nicaragua, North Macedonia, Palau, Peru, Saint Kitts and Nevis, Saint Lucia, Serbia, Timor-Leste, Trinidad and Tobago, and Venezuela.",1,https://en.wikipedia.org/w/index.php?title=Visa_policy_of_Ireland&oldid=1365519610,ignored
Ireland / Schengen Area,Ireland,IE,Schengen Area,Schengen Area,Q1969730,,"Although Ireland is a member of the European Union, it is not part of the Schengen Area and therefore sets its own visa policy.",1,https://en.wikipedia.org/w/index.php?title=Visa_policy_of_Ireland&oldid=1365519610,ignored
Ireland / Serbia and Montenegro,Ireland,IE,Federal Republic of Yugoslavia,Serbia and Montenegro,Q37024,History,"On 8 October 1996, Irish transit visa requirements were extended and included the countries currently listed as of January 2018, with the addition of Nigeria, the Federal Republic of Yugoslavia and Zaire.",1,https://en.wikipedia.org/w/index.php?title=Visa_policy_of_Ireland&oldid=1365519610,ignored
Ireland / Union of South Africa,Ireland,IE,Union of South Africa,Union of South Africa,Q193619,History,"On 12 April 1935, the Irish Free State exempted citizens of the United Kingdom, Canada, Commonwealth of Australia, Dominion of New Zealand, Union of South Africa, Dominion of Newfoundland and British India from the Aliens Act and therefore did not recognise those citizens as aliens.",1,https://en.wikipedia.org/w/index.php?title=Visa_policy_of_Ireland&oldid=1365519610,ignored
Israel / West Bank,Israel,IL,West Bank,West Bank,Q36678,West Bank and Gaza Strip,Foreign nationals who may travel to Israel without a visa or who hold an Israeli visa may also enter the West Bank on the same basis.,6,https://en.wikipedia.org/w/index.php?title=Visa_policy_of_Israel&oldid=1372770682,unmapped
Ivory Coast / Abidjan,Ivory Coast,CI,Abidjan,Abidjan,Q1515,Airport e-Visa,Visitors can apply online for an e-Visa that if approved can be picked up at the Port Bouet Airport in Abidjan.,1,https://en.wikipedia.org/w/index.php?title=Visa_policy_of_Ivory_Coast&oldid=1364090239,ignored
Ivory Coast / Félix-Houphouët-Boigny International Airport,Ivory Coast,CI,Port Bouet Airport,Félix-Houphouët-Boigny International Airport,Q1165280,Airport e-Visa,Visitors can apply online for an e-Visa that if approved can be picked up at the Port Bouet Airport in Abidjan.,1,https://en.wikipedia.org/w/index.php?title=Visa_policy_of_Ivory_Coast&oldid=1364090239,ignored
Jamaica / Schengen Area,Jamaica,JM,Schengen Area member state,Schengen Area,Q1969730,Visa exemption / Ordinary passports / Substitute visa,"Citizens of Honduras who hold a valid visa issued by any Schengen Area member state, Canada, the United Kingdom or the United States may enter Jamaica without a visa for up to 30 days, if they are travelling only for tourist purposes.",3,https://en.wikipedia.org/w/index.php?title=Visa_policy_of_Jamaica&oldid=1376839680,ignored
Jordan / Allenby Bridge,Jordan,JO,Allenby/King Hussein Bridge border crossing,Allenby Bridge,Q712133,Visa on arrival / Electronic visa (e-Visa),Visa on arrival is not issued at the Allenby/King Hussein Bridge border crossing.,2,https://en.wikipedia.org/w/index.php?title=Visa_policy_of_Jordan&oldid=1375816284,ignored
Jordan / Schengen Area,Jordan,JO,Schengen Area member state,Schengen Area,Q1969730,Visa exemption / Ordinary passports,"A visa is not required for citizens of Iraq, Libya, Yemen only if they hold a residence permit issued by any GCC member state, any Schengen Area member state, Australia, Canada, Cyprus, Ireland, Japan, or have a Permanent Resident Card (Green Card) issued by the United States.",5,https://en.wikipedia.org/w/index.php?title=Visa_policy_of_Jordan&oldid=1375816284,ignored
Kazakhstan / Almaty International Airport,Kazakhstan,KZ,Almaty International Airport,Almaty International Airport,Q858844,Electronic visa (e-Visa),Holders of an e-visa must arrive via Nursultan Nazarbayev International Airport (Astana) or Almaty International Airport (Almaty).,1,https://en.wikipedia.org/w/index.php?title=Visa_policy_of_Kazakhstan&oldid=1376825961,ignored
Kazakhstan / Atyrau Region,Kazakhstan,KZ,Atyrau Province,Atyrau Region,Q427658,Visa exemption / Ordinary passports / Visa exemption program,Turkmenistan - residents of Balkan Region have visa-free entry to Atyrau Province and Mangystau Province for up to 5 days.,1,https://en.wikipedia.org/w/index.php?title=Visa_policy_of_Kazakhstan&oldid=1376825961,ignored
Kazakhstan / Mangystau Region,Kazakhstan,KZ,Mangystau Province,Mangystau Region,Q238931,Visa exemption / Ordinary passports / Visa exemption program,Turkmenistan - residents of Balkan Region have visa-free entry to Atyrau Province and Mangystau Province for up to 5 days.,1,https://en.wikipedia.org/w/index.php?title=Visa_policy_of_Kazakhstan&oldid=1376825961,ignored
Kazakhstan / Nursultan Nazarbayev International Airport,Kazakhstan,KZ,Nursultan Nazarbayev International Airport,Nursultan Nazarbayev International Airport,Q174233,Electronic visa (e-Visa),Holders of an e-visa must arrive via Nursultan Nazarbayev International Airport (Astana) or Almaty International Airport (Almaty).,1,https://en.wikipedia.org/w/index.php?title=Visa_policy_of_Kazakhstan&oldid=1376825961,ignored
Kosovo / Schengen Area,Kosovo,XK,Schengen Area member state,Schengen Area,Q1969730,Visa exemption / Ordinary passports / Substitute visa,Holders of a multiple-entry visa or residence permit issued by any Schengen Area member state may enter Kosovo without a visa for up to 15 days.,1,https://en.wikipedia.org/w/index.php?title=Visa_policy_of_Kosovo&oldid=1369712709,ignored
"Kyrgyzstan / Ak-Jol, Chüy",Kyrgyzstan,KG,Ak-jol,"Ak-Jol, Chüy",Q3195116,Electronic visa (e-Visa),"e-Visa holders must arrive via Manas or Osh airports, or through land crossings with China (at Irkeshtam and Torugart), Kazakhstan (at Ak-jol, Ak-Tilek, Chaldybar, Chon-Kapka), Tajikistan (at Bor-Dobo, Kulundu, Kyzyl-Bel) and Uzbekistan (at Dostuk-Dostlik, north of Osh).",1,https://en.wikipedia.org/w/index.php?title=Visa_policy_of_Kyrgyzstan&oldid=1376132437,ignored
Kyrgyzstan / Alay District,Kyrgyzstan,KG,Bor-Dobo,Alay District,Q2574782,Electronic visa (e-Visa),"e-Visa holders must arrive via Manas or Osh airports, or through land crossings with China (at Irkeshtam and Torugart), Kazakhstan (at Ak-jol, Ak-Tilek, Chaldybar, Chon-Kapka), Tajikistan (at Bor-Dobo, Kulundu, Kyzyl-Bel) and Uzbekistan (at Dostuk-Dostlik, north of Osh).",1,https://en.wikipedia.org/w/index.php?title=Visa_policy_of_Kyrgyzstan&oldid=1376132437,ignored
Kyrgyzstan / Batken District,Kyrgyzstan,KG,Kyzyl-Bel,Batken District,Q2574808,Electronic visa (e-Visa),"e-Visa holders must arrive via Manas or Osh airports, or through land crossings with China (at Irkeshtam and Torugart), Kazakhstan (at Ak-jol, Ak-Tilek, Chaldybar, Chon-Kapka), Tajikistan (at Bor-Dobo, Kulundu, Kyzyl-Bel) and Uzbekistan (at Dostuk-Dostlik, north of Osh).",1,https://en.wikipedia.org/w/index.php?title=Visa_policy_of_Kyrgyzstan&oldid=1376132437,ignored
Kyrgyzstan / Chaldybar,Kyrgyzstan,KG,Chaldybar,Chaldybar,Q12820830,Electronic visa (e-Visa),"e-Visa holders must arrive via Manas or Osh airports, or through land crossings with China (at Irkeshtam and Torugart), Kazakhstan (at Ak-jol, Ak-Tilek, Chaldybar, Chon-Kapka), Tajikistan (at Bor-Dobo, Kulundu, Kyzyl-Bel) and Uzbekistan (at Dostuk-Dostlik, north of Osh).",1,https://en.wikipedia.org/w/index.php?title=Visa_policy_of_Kyrgyzstan&oldid=1376132437,ignored
Kyrgyzstan / Irkeshtam,Kyrgyzstan,KG,Irkeshtam,Irkeshtam,Q1027049,Electronic visa (e-Visa),"e-Visa holders must arrive via Manas or Osh airports, or through land crossings with China (at Irkeshtam and Torugart), Kazakhstan (at Ak-jol, Ak-Tilek, Chaldybar, Chon-Kapka), Tajikistan (at Bor-Dobo, Kulundu, Kyzyl-Bel) and Uzbekistan (at Dostuk-Dostlik, north of Osh).",1,https://en.wikipedia.org/w/index.php?title=Visa_policy_of_Kyrgyzstan&oldid=1376132437,ignored
Kyrgyzstan / Kulundu,Kyrgyzstan,KG,Kulundu,Kulundu,Q12830714,Electronic visa (e-Visa),"e-Visa holders must arrive via Manas or Osh airports, or through land crossings with China (at Irkeshtam and Torugart), Kazakhstan (at Ak-jol, Ak-Tilek, Chaldybar, Chon-Kapka), Tajikistan (at Bor-Dobo, Kulundu, Kyzyl-Bel) and Uzbekistan (at Dostuk-Dostlik, north of Osh).",1,https://en.wikipedia.org/w/index.php?title=Visa_policy_of_Kyrgyzstan&oldid=1376132437,ignored
Kyrgyzstan / Manas District,Kyrgyzstan,KG,Chon-Kapka,Manas District,Q2639118,Electronic visa (e-Visa),"e-Visa holders must arrive via Manas or Osh airports, or through land crossings with China (at Irkeshtam and Torugart), Kazakhstan (at Ak-jol, Ak-Tilek, Chaldybar, Chon-Kapka), Tajikistan (at Bor-Dobo, Kulundu, Kyzyl-Bel) and Uzbekistan (at Dostuk-Dostlik, north of Osh).",1,https://en.wikipedia.org/w/index.php?title=Visa_policy_of_Kyrgyzstan&oldid=1376132437,ignored
Kyrgyzstan / Manas International Airport,Kyrgyzstan,KG,Manas International Airport,Manas International Airport,Q32997,Visa exemption / Ordinary passports / Conditional visa exemption,"In addition, citizens of China and India arriving through the checkpoint at Manas International Airport may enter Kyrgyzstan without a visa for up to 7 days if:",6,https://en.wikipedia.org/w/index.php?title=Visa_policy_of_Kyrgyzstan&oldid=1376132437,ignored
Kyrgyzstan / Osh,Kyrgyzstan,KG,Osh,Osh,Q47282,Electronic visa (e-Visa),"e-Visa holders must arrive via Manas or Osh airports, or through land crossings with China (at Irkeshtam and Torugart), Kazakhstan (at Ak-jol, Ak-Tilek, Chaldybar, Chon-Kapka), Tajikistan (at Bor-Dobo, Kulundu, Kyzyl-Bel) and Uzbekistan (at Dostuk-Dostlik, north of Osh).",1,https://en.wikipedia.org/w/index.php?title=Visa_policy_of_Kyrgyzstan&oldid=1376132437,ignored
Kyrgyzstan / Osh Airport,Kyrgyzstan,KG,Osh,Osh Airport,Q2448327,Electronic visa (e-Visa),"e-Visa holders must arrive via Manas or Osh airports, or through land crossings with China (at Irkeshtam and Torugart), Kazakhstan (at Ak-jol, Ak-Tilek, Chaldybar, Chon-Kapka), Tajikistan (at Bor-Dobo, Kulundu, Kyzyl-Bel) and Uzbekistan (at Dostuk-Dostlik, north of Osh).",1,https://en.wikipedia.org/w/index.php?title=Visa_policy_of_Kyrgyzstan&oldid=1376132437,ignored
Kyrgyzstan / Schengen Area,Kyrgyzstan,KG,Schengen Area member state,Schengen Area,Q1969730,Visa exemption / Ordinary passports / Conditional visa exemption,"they enter with long-term visas (for a period of more than 3 years) issued by any Schengen Area member state, the United Kingdom or the United States, where they may enter Kyrgyzstan without a visa for up to 7 days with the right to re-enter without a visa after 21 days from the date of departure.",1,https://en.wikipedia.org/w/index.php?title=Visa_policy_of_Kyrgyzstan&oldid=1376132437,ignored
Kyrgyzstan / Torugart Pass,Kyrgyzstan,KG,Torugart,Torugart Pass,Q1143302,Electronic visa (e-Visa),"e-Visa holders must arrive via Manas or Osh airports, or through land crossings with China (at Irkeshtam and Torugart), Kazakhstan (at Ak-jol, Ak-Tilek, Chaldybar, Chon-Kapka), Tajikistan (at Bor-Dobo, Kulundu, Kyzyl-Bel) and Uzbekistan (at Dostuk-Dostlik, north of Osh).",1,https://en.wikipedia.org/w/index.php?title=Visa_policy_of_Kyrgyzstan&oldid=1376132437,ignored
Kyrgyzstan / Ysyk-Ata District,Kyrgyzstan,KG,Ak-Tilek,Ysyk-Ata District,Q878625,Electronic visa (e-Visa),"e-Visa holders must arrive via Manas or Osh airports, or through land crossings with China (at Irkeshtam and Torugart), Kazakhstan (at Ak-jol, Ak-Tilek, Chaldybar, Chon-Kapka), Tajikistan (at Bor-Dobo, Kulundu, Kyzyl-Bel) and Uzbekistan (at Dostuk-Dostlik, north of Osh).",1,https://en.wikipedia.org/w/index.php?title=Visa_policy_of_Kyrgyzstan&oldid=1376132437,ignored
Lebanon / Beirut,Lebanon,LB,Beirut,Beirut,Q3820,,"Citizens of eligible countries and territories are granted a visa on arrival for a maximum stay of one month, extendable for 2 additional months at Beirut International Airport or any other port of entry if they are holding a telephone number, an address in the Republic of Lebanon, a non-refundable return or circle trip ticket, and there are no Israeli stamps, visas, or seals on their passport.",6,https://en.wikipedia.org/w/index.php?title=Visa_policy_of_Lebanon&oldid=1377725836,ignored
Lebanon / Beirut–Rafic Hariri International Airport,Lebanon,LB,Beirut International Airport,Beirut–Rafic Hariri International Airport,Q668329,,"Citizens of eligible countries and territories are granted a visa on arrival for a maximum stay of one month, extendable for 2 additional months at Beirut International Airport or any other port of entry if they are holding a telephone number, an address in the Republic of Lebanon, a non-refundable return or circle trip ticket, and there are no Israeli stamps, visas, or seals on their passport.",5,https://en.wikipedia.org/w/index.php?title=Visa_policy_of_Lebanon&oldid=1377725836,ignored
Liberia / Monrovia,Liberia,LR,Monrovia,Monrovia,Q3748,Visa on arrival with QR code (e-VOA),The expected processing time is three days and a visa on arrival can only be issued at Monrovia international airport.,2,https://en.wikipedia.org/w/index.php?title=Visa_policy_of_Liberia&oldid=1373314021,ignored
Libya / Benina International Airport,Libya,LY,Benina International Airport,Benina International Airport,Q44553,Admission restrictions / Qatar,"Citizens of Qatar are only allowed to enter or transit Libya through designated airports in Tripoli International Airport, Mitiga International Airport, Misrata Airport, Benina International Airport and Sabha Airport.",1,https://en.wikipedia.org/w/index.php?title=Visa_policy_of_Libya&oldid=1376108594,ignored
Libya / Misrata Airport,Libya,LY,Misrata International Airport,Misrata Airport,Q41292,Visa on arrival,"Jordan — Jordanian citizens may obtain a visa on arrival at designated Libyan border crossings and airports, although the process is only applied on Mitiga International Airport or Misrata International Airport.",2,https://en.wikipedia.org/w/index.php?title=Visa_policy_of_Libya&oldid=1376108594,ignored
Libya / Mitiga International Airport,Libya,LY,Mitiga International Airport,Mitiga International Airport,Q45000,Visa on arrival,"Jordan — Jordanian citizens may obtain a visa on arrival at designated Libyan border crossings and airports, although the process is only applied on Mitiga International Airport or Misrata International Airport.",2,https://en.wikipedia.org/w/index.php?title=Visa_policy_of_Libya&oldid=1376108594,ignored
Libya / Sabha Airport,Libya,LY,Sabha Airport,Sabha Airport,Q41293,Admission restrictions / Qatar,"Citizens of Qatar are only allowed to enter or transit Libya through designated airports in Tripoli International Airport, Mitiga International Airport, Misrata Airport, Benina International Airport and Sabha Airport.",1,https://en.wikipedia.org/w/index.php?title=Visa_policy_of_Libya&oldid=1376108594,ignored
Libya / Tripoli International Airport,Libya,LY,Tripoli International Airport,Tripoli International Airport,Q44588,Admission restrictions / Qatar,"Citizens of Qatar are only allowed to enter or transit Libya through designated airports in Tripoli International Airport, Mitiga International Airport, Misrata Airport, Benina International Airport and Sabha Airport.",1,https://en.wikipedia.org/w/index.php?title=Visa_policy_of_Libya&oldid=1376108594,ignored
Madagascar / Antananarivo,Madagascar,MG,Antananarivo,Antananarivo,Q3915,Visa on arrival,"For a stay up to 90 days, a visa on arrival is sufficient, which is issued upon arrival at Ivato International Airport in Antananarivo and all other airports with international connections (such as Antsiranana, Toamasina, Tuléar).",1,https://en.wikipedia.org/w/index.php?title=Visa_policy_of_Madagascar&oldid=1371158905,ignored
Madagascar / Antsiranana,Madagascar,MG,Antsiranana,Antsiranana,Q218928,Visa on arrival,"For a stay up to 90 days, a visa on arrival is sufficient, which is issued upon arrival at Ivato International Airport in Antananarivo and all other airports with international connections (such as Antsiranana, Toamasina, Tuléar).",1,https://en.wikipedia.org/w/index.php?title=Visa_policy_of_Madagascar&oldid=1371158905,ignored
Madagascar / Ivato International Airport,Madagascar,MG,Ivato International Airport,Ivato International Airport,Q670038,Visa on arrival,"For a stay up to 90 days, a visa on arrival is sufficient, which is issued upon arrival at Ivato International Airport in Antananarivo and all other airports with international connections (such as Antsiranana, Toamasina, Tuléar).",1,https://en.wikipedia.org/w/index.php?title=Visa_policy_of_Madagascar&oldid=1371158905,ignored
Madagascar / Toamasina,Madagascar,MG,Toamasina,Toamasina,Q178067,Visa on arrival,"For a stay up to 90 days, a visa on arrival is sufficient, which is issued upon arrival at Ivato International Airport in Antananarivo and all other airports with international connections (such as Antsiranana, Toamasina, Tuléar).",1,https://en.wikipedia.org/w/index.php?title=Visa_policy_of_Madagascar&oldid=1371158905,ignored
Madagascar / Toliara,Madagascar,MG,Tuléar,Toliara,Q824043,Visa on arrival,"For a stay up to 90 days, a visa on arrival is sufficient, which is issued upon arrival at Ivato International Airport in Antananarivo and all other airports with international connections (such as Antsiranana, Toamasina, Tuléar).",1,https://en.wikipedia.org/w/index.php?title=Visa_policy_of_Madagascar&oldid=1371158905,ignored
Malaysia / Immigration Department of Malaysia,Malaysia,MY,Immigration Department of Malaysia,Immigration Department of Malaysia,Q5260346,Visa exemption,"Whilst the Immigration Department of Malaysia states that these nationals may stay more than 1 month without a visa, the legal procedure for these nationals to extend their stay has not been publicly disclosed, and the Ministry of Foreign Affairs of Singapore maintains that nationals of Singapore may only stay in Malaysia for a maximum stay of 30 days.",1,https://en.wikipedia.org/w/index.php?title=Visa_policy_of_Malaysia&oldid=1376132443,ignored
Malaysia / Kuala Lumpur International Airport,Malaysia,MY,Kuala Lumpur International Airport,Kuala Lumpur International Airport,Q500253,Direct airside transit,"Nationals of non-visa-exempt countries can transit through Kuala Lumpur International Airport for a maximum of 24 hours in the transit area; however, they are not permitted to switch between the terminals of the airport unless they hold a valid visa.",1,https://en.wikipedia.org/w/index.php?title=Visa_policy_of_Malaysia&oldid=1376132443,ignored
Mauritania / Nouakchott–Oumtounsy International Airport,Mauritania,MR,Nouakchott–Oumtounsy International Airport,Nouakchott–Oumtounsy International Airport,Q25337089,Obtaining a visa / Visa on arrival,"Before 2025 holders of passports issued by any country could obtain a visa on arrival at any international airport, such as Nouakchott–Oumtounsy International Airport, as well as any land border crossing.",1,https://en.wikipedia.org/w/index.php?title=Visa_policy_of_Mauritania&oldid=1353298663,ignored
Moldova / Schengen Area,Moldova,MD,Schengen Area member state,Schengen Area,Q1969730,Visa exemption / Ordinary passports / Substitute visa,"Holders of a valid visa or residence permit issued by any Schengen Area member state, Canada, the United Kingdom or the United States may enter Moldova without a visa for up to 90 days within any 180-day period.",2,https://en.wikipedia.org/w/index.php?title=Visa_policy_of_Moldova&oldid=1377371509,ignored
Mongolia / Chinggis Khaan International Airport,Mongolia,MN,Chinggis Khaan International Airport,Chinggis Khaan International Airport,Q14697701,Visa on arrival,Citizens of following countries traveling as tourists may obtain a visa on arrival at Chinggis Khaan International Airport for a maximum stay of 30 days.,2,https://en.wikipedia.org/w/index.php?title=Visa_policy_of_Mongolia&oldid=1377055773,ignored
Montenegro / Schengen Area,Montenegro,ME,Schengen Area member state,Schengen Area,Q1969730,Visa exemption / Ordinary passports / Substitute visa,"Holders of a valid visa or residence permit issued by any Schengen Area member state, Australia, Canada, Ireland, Japan, New Zealand, the United Kingdom or the United States may enter Montenegro without a visa for up to 30 days.",1,https://en.wikipedia.org/w/index.php?title=Visa_policy_of_Montenegro&oldid=1377817185,ignored
Mozambique / Maputo,Mozambique,MZ,Maputo,Maputo,Q3889,Visa on arrival,"However, citizens of these countries may obtain a visa on arrival if they hold a printed confirmation from the Immigration Authority (SENAMI) Headquarters in Maputo, indicating that a visa has been approved before departure and travel for the Rovuma Basin Project.",1,https://en.wikipedia.org/w/index.php?title=Visa_policy_of_Mozambique&oldid=1373348090,ignored
Myanmar / Mandalay International Airport,Myanmar,BU,Mandalay International Airport,Mandalay International Airport,Q1193001,Other arrangements,"A visa on arrival for business purposes is available for citizens from 52 countries / territories flying into Yangon International Airport, Naypyidaw Airport or Mandalay International Airport.",1,https://en.wikipedia.org/w/index.php?title=Visa_policy_of_Myanmar&oldid=1376141776,ignored
Myanmar / Nay Pyi Taw International Airport,Myanmar,BU,Naypyidaw Airport,Nay Pyi Taw International Airport,Q3016810,Other arrangements,"A visa on arrival for business purposes is available for citizens from 52 countries / territories flying into Yangon International Airport, Naypyidaw Airport or Mandalay International Airport.",1,https://en.wikipedia.org/w/index.php?title=Visa_policy_of_Myanmar&oldid=1376141776,ignored
Myanmar / Yangon International Airport,Myanmar,BU,Yangon International Airport,Yangon International Airport,Q174764,Other arrangements,"A visa on arrival for business purposes is available for citizens from 52 countries / territories flying into Yangon International Airport, Naypyidaw Airport or Mandalay International Airport.",2,https://en.wikipedia.org/w/index.php?title=Visa_policy_of_Myanmar&oldid=1376141776,ignored
New Zealand / Auckland Airport,New Zealand,NZ,Auckland Airport,Auckland Airport,Q45938,Transit,"Transit facilities are only available at Auckland Airport, and transit passengers must remain in the transit area for the entire period of time in New Zealand and for not longer than 24 hours.",3,https://en.wikipedia.org/w/index.php?title=Visa_policy_of_New_Zealand&oldid=1376814259,ignored
New Zealand / Tokelau,New Zealand,NZ,Tokelau,Tokelau,Q36823,Associated states and dependent territories / Tokelau,"All visitors must obtain a permit to enter Tokelau from the Tokelau Apia Liaison Office in Apia, at least 2 weeks prior to travel.",2,https://en.wikipedia.org/w/index.php?title=Visa_policy_of_New_Zealand&oldid=1376814259,unmapped
North Korea / Sinuiju,North Korea,KP,Sinuiju,Sinuiju,Q156243,Visa exemption,They may also visit Sinuiju for a day trip without a visa.,1,https://en.wikipedia.org/w/index.php?title=Visa_policy_of_North_Korea&oldid=1366480720,mapped
North Korea / Tongrim County,North Korea,KP,Tongrim County,Tongrim County,Q705745,Visa exemption,"Since 2014, citizens of China holding ordinary passports visiting only the Tongrim County in a tour group can stay there for up to 2 days.",1,https://en.wikipedia.org/w/index.php?title=Visa_policy_of_North_Korea&oldid=1366480720,ignored
North Macedonia / Micronesia,North Macedonia,MK,Micronesia,Micronesia,Q3359409,,"It grants 90-day visa-free entry to all Schengen Annex II nationalities except Dominica, Grenada, Kiribati, Marshall Islands, Micronesia, Palau, Samoa, Saint Lucia, Saint Vincent and the Grenadines, Solomon Islands, Timor-Leste, Tonga, Trinidad and Tobago, Tuvalu and Vanuatu.",1,https://en.wikipedia.org/w/index.php?title=Visa_policy_of_North_Macedonia&oldid=1369712427,ignored
North Macedonia / Schengen Area,North Macedonia,MK,Schengen Area,Schengen Area,Q1969730,,"It also grants visa-free access to the European Union candidate member country of Turkey, whose citizens are still required visa for entry to the Schengen Area unlike the other candidates.",3,https://en.wikipedia.org/w/index.php?title=Visa_policy_of_North_Macedonia&oldid=1369712427,ignored
Oman / Schengen Area,Oman,OM,Schengen Area member state,Schengen Area,Q1969730,Electronic visa (e-Visa) / Conditional e-Visa,"Citizens of the following countries, including their spouses and children of another nationality, may obtain an e-Visa, if they hold a valid Australian, Canadian, Japanese, Schengen, UK or US visa, or a residence permit issued by any Schengen Area member state, Australia, Canada, Japan, the United Kingdom or the United States.",1,https://en.wikipedia.org/w/index.php?title=Visa_policy_of_Oman&oldid=1375813279,ignored
Pakistan / Schengen Area,Pakistan,PK,Schengen Area,Schengen Area,Q1969730,Special categories / Substitute visas,"valid visa for the Schengen Area, United Kingdom or the United States, can obtain a visa on arrival.",1,https://en.wikipedia.org/w/index.php?title=Visa_policy_of_Pakistan&oldid=1376205890,ignored
Pakistan / Wagah,Pakistan,PK,Wagah,Wagah,Q502198,Special categories / Indian passport holders,"Indian nationals are also restricted in the availability of ports of entry to Pakistan, and instead must enter and leave the country via designated points, including the Wagah border, as well as through airports in Islamabad, Lahore, and Karachi.",1,https://en.wikipedia.org/w/index.php?title=Visa_policy_of_Pakistan&oldid=1376205890,ignored
Palestine / Allenby Bridge,Palestine,PS,Allenby Bridge,Allenby Bridge,Q712133,,Visitors who enter via Allenby Bridge-King Hussein border crossing and make their connections to the West Bank or plans to travel to the West Bank may be given an entry stamp that permits travel only in Palestinian Authority-controlled areas of the West Bank.,2,https://en.wikipedia.org/w/index.php?title=Visa_policy_of_Palestine&oldid=1355745629,ignored
Palestine / Erez Crossing,Palestine,PS,Erez crossing,Erez Crossing,Q2319323,,Exiting Gaza via the Erez crossing into Israel requires both an exit permit from Hamas and an entry permit from Israel.,2,https://en.wikipedia.org/w/index.php?title=Visa_policy_of_Palestine&oldid=1355745629,ignored
Palestine / Gaza Strip,Palestine,PS,Gaza,Gaza Strip,Q39760,,Exiting Gaza via the Erez crossing into Israel requires both an exit permit from Hamas and an entry permit from Israel.,2,https://en.wikipedia.org/w/index.php?title=Visa_policy_of_Palestine&oldid=1355745629,mapped
Palestine / Rafah Border Crossing,Palestine,PS,Rafah border crossing,Rafah Border Crossing,Q2564302,,Exit through the Rafah border crossing into Egypt is unpredictable and requires prior permission from Egyptian authorities.,1,https://en.wikipedia.org/w/index.php?title=Visa_policy_of_Palestine&oldid=1355745629,ignored
Palestine / West Bank,Palestine,PS,West Bank,West Bank,Q36678,,Visitors who enter via Allenby Bridge-King Hussein border crossing and make their connections to the West Bank or plans to travel to the West Bank may be given an entry stamp that permits travel only in Palestinian Authority-controlled areas of the West Bank.,2,https://en.wikipedia.org/w/index.php?title=Visa_policy_of_Palestine&oldid=1355745629,unmapped
Papua New Guinea / Port Moresby International Airport,Papua New Guinea,PG,Port Moresby International Airport,Port Moresby International Airport,Q1088438,Visa on arrival,Citizens of the following countries and regions may obtain a visa on arrival valid for 60 days (unless otherwise noted) at Port Moresby International Airport.,1,https://en.wikipedia.org/w/index.php?title=Visa_policy_of_Papua_New_Guinea&oldid=1371153623,ignored
Peru / Schengen Area,Peru,PE,Schengen Area member state,Schengen Area,Q1969730,Visa exemption / Ordinary passports / Substitute visa,"Citizens of China and India may enter Peru without a visa for tourist or business purposes for up to 180 days within any 365-day period if they hold a visa or residence permit issued by any Schengen Area member state, Australia, Canada, the United Kingdom or the United States.",2,https://en.wikipedia.org/w/index.php?title=Visa_policy_of_Peru&oldid=1378174757,ignored
Qatar / Hamad International Airport,Qatar,QA,Hamad International Airport,Hamad International Airport,Q1198791,Transit,"Regardless of nationality, travelers who are in transit through Hamad International Airport do not require a visa if they depart within 24 hours.",2,https://en.wikipedia.org/w/index.php?title=Visa_policy_of_Qatar&oldid=1374304179,ignored
Qatar / Schengen Area,Qatar,QA,Schengen Area member state,Schengen Area,Q1969730,Electronic visa (e-Visa) / Hayya Entry Permit,"Travelers must have a valid visa or residence permit issued by any Schengen Area member state, Australia, Canada, New Zealand, the United Kingdom or the United States.",1,https://en.wikipedia.org/w/index.php?title=Visa_policy_of_Qatar&oldid=1374304179,ignored
Russia / Anadyr (town),Russia,RU,Anadyr,Anadyr (town),Q7978,Holders of ordinary passports / Other visa exemptions / Visa-free visits for up to 72 hours for cruise ship and ferry passengers,"In addition, tourists entering by tourist cruise ships can leave the ship visa-free on tours organized by any authorized local tour company, when entering Russia through the ports of Anadyr, Kaliningrad, Korsakov, Novorossiysk, Murmansk, Sevastopol, Sochi, Saint Petersburg (Great Port of Saint Petersburg and Passenger Port of St.",1,https://en.wikipedia.org/w/index.php?title=Visa_policy_of_Russia&oldid=1377688585,mapped
Russia / Chukotka Autonomous Okrug,Russia,RU,Chukotka Autonomous Okrug,Chukotka Autonomous Okrug,Q7984,Holders of ordinary passports / Other visa exemptions / Visa-free visits to Chukotka Autonomous Okrug by indigenous Alaskans,"- Residents of Alaska who are members of the indigenous population do not require a visa to visit Chukotka Autonomous Okrug if they have relatives (blood relatives, members of the same tribe, native people who have similar language and cultural heritage) in Chukotka.",2,https://en.wikipedia.org/w/index.php?title=Visa_policy_of_Russia&oldid=1377688585,mapped
Russia / Far Eastern Federal District,Russia,RU,Far Eastern Federal District,Far Eastern Federal District,Q41968,Holders of ordinary passports / Electronic visa (e-Visa),"Citizens of the following 18 countries could apply for an e-Visa to visit to regions in the Far Eastern Federal District: Algeria, Bahrain, Brunei, China, India, Iran, Japan, North Korea, Kuwait, Mexico, Morocco, Oman, Qatar, Saudi Arabia, Singapore, Tunisia, Turkey, United Arab Emirates.",1,https://en.wikipedia.org/w/index.php?title=Visa_policy_of_Russia&oldid=1377688585,mapped
Russia / Great Port of Saint Petersburg,Russia,RU,Great Port of Saint Petersburg,Great Port of Saint Petersburg,Q2035634,Holders of ordinary passports / Other visa exemptions / Visa-free visits for up to 72 hours for cruise ship and ferry passengers,"In addition, tourists entering by tourist cruise ships can leave the ship visa-free on tours organized by any authorized local tour company, when entering Russia through the ports of Anadyr, Kaliningrad, Korsakov, Novorossiysk, Murmansk, Sevastopol, Sochi, Saint Petersburg (Great Port of Saint Petersburg and Passenger Port of St.",1,https://en.wikipedia.org/w/index.php?title=Visa_policy_of_Russia&oldid=1377688585,mapped
Russia / Kaliningrad,Russia,RU,Kaliningrad,Kaliningrad,Q1829,Holders of ordinary passports / Other visa exemptions / Visa-free visits for up to 72 hours for cruise ship and ferry passengers,"In addition, tourists entering by tourist cruise ships can leave the ship visa-free on tours organized by any authorized local tour company, when entering Russia through the ports of Anadyr, Kaliningrad, Korsakov, Novorossiysk, Murmansk, Sevastopol, Sochi, Saint Petersburg (Great Port of Saint Petersburg and Passenger Port of St.",2,https://en.wikipedia.org/w/index.php?title=Visa_policy_of_Russia&oldid=1377688585,mapped
Russia / Kaliningrad Oblast,Russia,RU,Kaliningrad Oblast,Kaliningrad Oblast,Q1749,Holders of ordinary passports / Other visa exemptions / Visa-free visits to border areas by residents of Poland,"From 27 July 2012, residents of the border areas of Poland who have a permit for local border traffic can visit Kaliningrad Oblast without a visa.",1,https://en.wikipedia.org/w/index.php?title=Visa_policy_of_Russia&oldid=1377688585,mapped
Russia / Khrabrovo Airport,Russia,RU,Kaliningrad,Khrabrovo Airport,Q1431650,Holders of ordinary passports / Other visa exemptions / Visa-free visits for up to 72 hours for cruise ship and ferry passengers,"In addition, tourists entering by tourist cruise ships can leave the ship visa-free on tours organized by any authorized local tour company, when entering Russia through the ports of Anadyr, Kaliningrad, Korsakov, Novorossiysk, Murmansk, Sevastopol, Sochi, Saint Petersburg (Great Port of Saint Petersburg and Passenger Port of St.",2,https://en.wikipedia.org/w/index.php?title=Visa_policy_of_Russia&oldid=1377688585,mapped
Russia / Korsakov (town),Russia,RU,Korsakov,Korsakov (town),Q155331,Holders of ordinary passports / Other visa exemptions / Visa-free visits for up to 72 hours for cruise ship and ferry passengers,"In addition, tourists entering by tourist cruise ships can leave the ship visa-free on tours organized by any authorized local tour company, when entering Russia through the ports of Anadyr, Kaliningrad, Korsakov, Novorossiysk, Murmansk, Sevastopol, Sochi, Saint Petersburg (Great Port of Saint Petersburg and Passenger Port of St.",1,https://en.wikipedia.org/w/index.php?title=Visa_policy_of_Russia&oldid=1377688585,mapped
Russia / Murmansk,Russia,RU,Murmansk,Murmansk,Q1763,Holders of ordinary passports / Other visa exemptions / Visa-free visits for up to 72 hours for cruise ship and ferry passengers,"In addition, tourists entering by tourist cruise ships can leave the ship visa-free on tours organized by any authorized local tour company, when entering Russia through the ports of Anadyr, Kaliningrad, Korsakov, Novorossiysk, Murmansk, Sevastopol, Sochi, Saint Petersburg (Great Port of Saint Petersburg and Passenger Port of St.",1,https://en.wikipedia.org/w/index.php?title=Visa_policy_of_Russia&oldid=1377688585,mapped
Russia / Murmansk Airport,Russia,RU,Murmansk,Murmansk Airport,Q1529017,Holders of ordinary passports / Other visa exemptions / Visa-free visits for up to 72 hours for cruise ship and ferry passengers,"In addition, tourists entering by tourist cruise ships can leave the ship visa-free on tours organized by any authorized local tour company, when entering Russia through the ports of Anadyr, Kaliningrad, Korsakov, Novorossiysk, Murmansk, Sevastopol, Sochi, Saint Petersburg (Great Port of Saint Petersburg and Passenger Port of St.",1,https://en.wikipedia.org/w/index.php?title=Visa_policy_of_Russia&oldid=1377688585,mapped
Russia / Port of Murmansk,Russia,RU,Murmansk,Port of Murmansk,Q4308105,Holders of ordinary passports / Other visa exemptions / Visa-free visits for up to 72 hours for cruise ship and ferry passengers,"In addition, tourists entering by tourist cruise ships can leave the ship visa-free on tours organized by any authorized local tour company, when entering Russia through the ports of Anadyr, Kaliningrad, Korsakov, Novorossiysk, Murmansk, Sevastopol, Sochi, Saint Petersburg (Great Port of Saint Petersburg and Passenger Port of St.",1,https://en.wikipedia.org/w/index.php?title=Visa_policy_of_Russia&oldid=1377688585,mapped
Russia / Port of Novorossiysk,Russia,RU,Novorossiysk,Port of Novorossiysk,Q4325167,Holders of ordinary passports / Other visa exemptions / Visa-free visits for up to 72 hours for cruise ship and ferry passengers,"In addition, tourists entering by tourist cruise ships can leave the ship visa-free on tours organized by any authorized local tour company, when entering Russia through the ports of Anadyr, Kaliningrad, Korsakov, Novorossiysk, Murmansk, Sevastopol, Sochi, Saint Petersburg (Great Port of Saint Petersburg and Passenger Port of St.",1,https://en.wikipedia.org/w/index.php?title=Visa_policy_of_Russia&oldid=1377688585,mapped
Russia / Port of Sevastopol,Russia,RU,Sevastopol,Port of Sevastopol,Q4411928,Holders of ordinary passports / Other visa exemptions / Visa-free visits for up to 72 hours for cruise ship and ferry passengers,"In addition, tourists entering by tourist cruise ships can leave the ship visa-free on tours organized by any authorized local tour company, when entering Russia through the ports of Anadyr, Kaliningrad, Korsakov, Novorossiysk, Murmansk, Sevastopol, Sochi, Saint Petersburg (Great Port of Saint Petersburg and Passenger Port of St.",1,https://en.wikipedia.org/w/index.php?title=Visa_policy_of_Russia&oldid=1377688585,mapped
Russia / Port of Sochi,Russia,RU,Sochi,Port of Sochi,Q4430373,Holders of ordinary passports / Other visa exemptions / Visa-free visits for up to 72 hours for cruise ship and ferry passengers,"In addition, tourists entering by tourist cruise ships can leave the ship visa-free on tours organized by any authorized local tour company, when entering Russia through the ports of Anadyr, Kaliningrad, Korsakov, Novorossiysk, Murmansk, Sevastopol, Sochi, Saint Petersburg (Great Port of Saint Petersburg and Passenger Port of St.",1,https://en.wikipedia.org/w/index.php?title=Visa_policy_of_Russia&oldid=1377688585,mapped
Russia / Pulkovo Airport,Russia,RU,Saint Petersburg,Pulkovo Airport,Q690122,Holders of ordinary passports / Other visa exemptions / Visa-free visits for up to 72 hours for cruise ship and ferry passengers,"In addition, tourists entering by tourist cruise ships can leave the ship visa-free on tours organized by any authorized local tour company, when entering Russia through the ports of Anadyr, Kaliningrad, Korsakov, Novorossiysk, Murmansk, Sevastopol, Sochi, Saint Petersburg (Great Port of Saint Petersburg and Passenger Port of St.",1,https://en.wikipedia.org/w/index.php?title=Visa_policy_of_Russia&oldid=1377688585,mapped
Russia / Saint Petersburg,Russia,RU,Saint Petersburg,Saint Petersburg,Q656,Holders of ordinary passports / Other visa exemptions / Visa-free visits for up to 72 hours for cruise ship and ferry passengers,"In addition, tourists entering by tourist cruise ships can leave the ship visa-free on tours organized by any authorized local tour company, when entering Russia through the ports of Anadyr, Kaliningrad, Korsakov, Novorossiysk, Murmansk, Sevastopol, Sochi, Saint Petersburg (Great Port of Saint Petersburg and Passenger Port of St.",1,https://en.wikipedia.org/w/index.php?title=Visa_policy_of_Russia&oldid=1377688585,mapped
Russia / Sochi,Russia,RU,Sochi,Sochi,Q39420,Holders of ordinary passports / Other visa exemptions / Visa-free visits for up to 72 hours for cruise ship and ferry passengers,"In addition, tourists entering by tourist cruise ships can leave the ship visa-free on tours organized by any authorized local tour company, when entering Russia through the ports of Anadyr, Kaliningrad, Korsakov, Novorossiysk, Murmansk, Sevastopol, Sochi, Saint Petersburg (Great Port of Saint Petersburg and Passenger Port of St.",1,https://en.wikipedia.org/w/index.php?title=Visa_policy_of_Russia&oldid=1377688585,mapped
Russia / Ugolny Airport,Russia,RU,Anadyr,Ugolny Airport,Q1843329,Holders of ordinary passports / Other visa exemptions / Visa-free visits for up to 72 hours for cruise ship and ferry passengers,"In addition, tourists entering by tourist cruise ships can leave the ship visa-free on tours organized by any authorized local tour company, when entering Russia through the ports of Anadyr, Kaliningrad, Korsakov, Novorossiysk, Murmansk, Sevastopol, Sochi, Saint Petersburg (Great Port of Saint Petersburg and Passenger Port of St.",1,https://en.wikipedia.org/w/index.php?title=Visa_policy_of_Russia&oldid=1377688585,mapped
Russia / Yamalo-Nenets Autonomous Okrug,Russia,RU,Yamalo-Nenets Autonomous Okrug,Yamalo-Nenets Autonomous Okrug,Q6407,Closed cities,Part of Yamalo-Nenets Autonomous Okrug.,1,https://en.wikipedia.org/w/index.php?title=Visa_policy_of_Russia&oldid=1377688585,mapped
Saudi Arabia / Mecca,Saudi Arabia,SA,Mecca,Mecca,Q5806,Development of tourist visas,Non-Muslims (of whatever nationality) are not allowed to travel to Mecca and Medina.,1,https://en.wikipedia.org/w/index.php?title=Visa_policy_of_Saudi_Arabia&oldid=1377075077,mapped
Saudi Arabia / Medina,Saudi Arabia,SA,Medina,Medina,Q35484,Development of tourist visas,Non-Muslims (of whatever nationality) are not allowed to travel to Mecca and Medina.,1,https://en.wikipedia.org/w/index.php?title=Visa_policy_of_Saudi_Arabia&oldid=1377075077,unmapped
Saudi Arabia / Schengen Area,Saudi Arabia,SA,Schengen,Schengen Area,Q1969730,Visa on arrival / Electronic visa (e-Visa) / Substitute visa,"Since January 2020, holders of a US, UK or Schengen visas have been eligible for a Saudi eVisa upon arrival, as long as the other visa is still valid and it has been used at least once to travel to the respective country/area.",3,https://en.wikipedia.org/w/index.php?title=Visa_policy_of_Saudi_Arabia&oldid=1377075077,ignored
Serbia / Micronesia,Serbia,RS,Micronesia,Micronesia,Q3359409,,"Serbia grants visa-free entry to most Schengen Annex II nationalities, except for Brunei, El Salvador, Guatemala, Honduras, Kiribati, Malaysia, Mauritius, Marshall Islands, Micronesia, Nicaragua, Samoa, Solomon Islands, Timor-Leste, Tonga and Taiwan.",1,https://en.wikipedia.org/w/index.php?title=Visa_policy_of_Serbia&oldid=1373496956,ignored
Serbia / Schengen Area,Serbia,RS,Schengen Area member state,Schengen Area,Q1969730,Visa exemption / Ordinary passports / Substitute visa,"Holders of a valid multiple-entry visa issued by any Schengen Area member state, Cyprus, Ireland, the United Kingdom or the United States may enter Serbia without a visa for a maximum stay of 90 days within any 180-day period, provided that the visa remains valid for the entire length of stay.",2,https://en.wikipedia.org/w/index.php?title=Visa_policy_of_Serbia&oldid=1373496956,ignored
Sierra Leone / Freetown International Airport,Sierra Leone,SL,Freetown International Airport,Freetown International Airport,Q1453722,Visa on arrival,"Citizens of the following countries may obtain a visa on arrival (valid for 1 month) at Freetown International Airport, Jendema (bordering Liberia) and Gbalamuya (bordering Guinea) for a fee 80 USD (unless otherwise noted):",1,https://en.wikipedia.org/w/index.php?title=Visa_policy_of_Sierra_Leone&oldid=1362506615,ignored
Singapore / Changi Airport,Singapore,SG,Changi Airport,Changi Airport,Q32159,Transit without visa / Transit through Changi Airport,Nationals of Assessment Level I and II countries do not require a visa to transit through Changi Airport as long as they fulfill the following requirements:,1,https://en.wikipedia.org/w/index.php?title=Visa_policy_of_Singapore&oldid=1369510713,ignored
Singapore / Commonwealth of Independent States,Singapore,SG,Commonwealth of Independent States,Commonwealth of Independent States,Q7779,Transit without visa / Visa-Free Transit Facility (VFTF) / Other eligible nationals,"Nationals of the Commonwealth of Independent States (CIS), Georgia, Moldova, Turkmenistan and Ukraine may enter Singapore without a visa for 96 hours if they are in transit to or from any third country.",1,https://en.wikipedia.org/w/index.php?title=Visa_policy_of_Singapore&oldid=1369510713,ignored
South Africa / Department of Home Affairs (South Africa),South Africa,ZA,Department of Home Affairs,Department of Home Affairs (South Africa),Q4294313,,"In September 2025, the Department of Home Affairs launched a new Electronic Travel Authorization (ETA) system.",1,https://en.wikipedia.org/w/index.php?title=Visa_policy_of_South_Africa&oldid=1376140285,ignored
South Korea / Cheongju International Airport,South Korea,KR,Cheongju,Cheongju International Airport,Q483675,Group tours in designated areas,"Citizens of mainland China who are traveling as part of a tourist group with an authorized travel agent may stay in Jeju island for up to 15 days and in mainland South Korea for an additional 5 days if traveling to Jeju International Airport via Seoul, Busan, Cheongju, Muan or Yangyang.",1,https://en.wikipedia.org/w/index.php?title=Visa_policy_of_South_Korea&oldid=1368085747,ignored
"South Korea / Gangwon Province, South Korea",South Korea,KR,Gangwon,"Gangwon Province, South Korea",Q41071,Group tours in designated areas,Tourist groups from the following countries can travel visa-free to Gangwon province and the Seoul metropolitan area if arriving via Yangyang International Airport.,1,https://en.wikipedia.org/w/index.php?title=Visa_policy_of_South_Korea&oldid=1368085747,mapped
South Korea / Gimhae International Airport,South Korea,KR,Busan,Gimhae International Airport,Q483223,Group tours in designated areas,"Citizens of mainland China who are traveling as part of a tourist group with an authorized travel agent may stay in Jeju island for up to 15 days and in mainland South Korea for an additional 5 days if traveling to Jeju International Airport via Seoul, Busan, Cheongju, Muan or Yangyang.",1,https://en.wikipedia.org/w/index.php?title=Visa_policy_of_South_Korea&oldid=1368085747,ignored
South Korea / Incheon International Airport,South Korea,KR,Incheon International Airport,Incheon International Airport,Q20932,Transit / Transit Tourism Program,Visitors who are in transit through Incheon International Airport can participate in an organized transit tour group within Seoul.,3,https://en.wikipedia.org/w/index.php?title=Visa_policy_of_South_Korea&oldid=1368085747,ignored
South Korea / Jeju International Airport,South Korea,KR,Jeju International Airport,Jeju International Airport,Q482497,Group tours in designated areas,"Citizens of mainland China who are traveling as part of a tourist group with an authorized travel agent may stay in Jeju island for up to 15 days and in mainland South Korea for an additional 5 days if traveling to Jeju International Airport via Seoul, Busan, Cheongju, Muan or Yangyang.",1,https://en.wikipedia.org/w/index.php?title=Visa_policy_of_South_Korea&oldid=1368085747,ignored
South Korea / Jeju Island,South Korea,KR,Jeju Island,Jeju Island,Q29151,Jeju Visa Waiver Program,"However, the above-mentioned nationalities are eligible if holding a Certificate of Invitation issued by Jeju Government or Jeju Island Immigration Office, or have previously visited South Korea for 3 times since 1996 or once since 2006 while holding permanent residence permits issued by Five Eyes countries (Australia, Canada, New Zealand, United Kingdom and the United States).",2,https://en.wikipedia.org/w/index.php?title=Visa_policy_of_South_Korea&oldid=1368085747,mapped
South Korea / Jeju Province,South Korea,KR,Jeju Province,Jeju Province,Q41164,Jeju Visa Waiver Program,"The Jeju Visa Waiver Program allows all holders of ordinary passports, except of the following citizens of other countries and territories, to stay without a visa for 30 days in Jeju Province.",4,https://en.wikipedia.org/w/index.php?title=Visa_policy_of_South_Korea&oldid=1368085747,mapped
South Korea / Muan International Airport,South Korea,KR,Muan International Airport,Muan International Airport,Q484060,Group tours in designated areas,"Additionally, tourist groups from those countries (except Mongolia) can travel visa-free to South Jeolla, North Jeolla and Jeju provinces if arriving via Muan International Airport.",1,https://en.wikipedia.org/w/index.php?title=Visa_policy_of_South_Korea&oldid=1368085747,mapped
South Korea / North Jeolla Province,South Korea,KR,North Jeolla,North Jeolla Province,Q41157,Group tours in designated areas,"Additionally, tourist groups from those countries (except Mongolia) can travel visa-free to South Jeolla, North Jeolla and Jeju provinces if arriving via Muan International Airport.",1,https://en.wikipedia.org/w/index.php?title=Visa_policy_of_South_Korea&oldid=1368085747,mapped
South Korea / Seoul,South Korea,KR,Seoul,Seoul,Q8684,Transit / Transit Tourism Program,Visitors who are in transit through Incheon International Airport can participate in an organized transit tour group within Seoul.,3,https://en.wikipedia.org/w/index.php?title=Visa_policy_of_South_Korea&oldid=1368085747,mapped
South Korea / Seoul metropolitan area,South Korea,KR,Seoul metropolitan area,Seoul metropolitan area,Q407538,Group tours in designated areas,Tourist groups from the following countries can travel visa-free to Gangwon province and the Seoul metropolitan area if arriving via Yangyang International Airport.,1,https://en.wikipedia.org/w/index.php?title=Visa_policy_of_South_Korea&oldid=1368085747,mapped
South Korea / South Jeolla Province,South Korea,KR,South Jeolla,South Jeolla Province,Q41161,Group tours in designated areas,"Additionally, tourist groups from those countries (except Mongolia) can travel visa-free to South Jeolla, North Jeolla and Jeju provinces if arriving via Muan International Airport.",1,https://en.wikipedia.org/w/index.php?title=Visa_policy_of_South_Korea&oldid=1368085747,mapped
South Korea / Yangyang International Airport,South Korea,KR,Yangyang International Airport,Yangyang International Airport,Q483469,Group tours in designated areas,Tourist groups from the following countries can travel visa-free to Gangwon province and the Seoul metropolitan area if arriving via Yangyang International Airport.,1,https://en.wikipedia.org/w/index.php?title=Visa_policy_of_South_Korea&oldid=1368085747,mapped
Sri Lanka / Ministry of Public Security (Sri Lanka),Sri Lanka,LK,Ministry of Public Security,Ministry of Public Security (Sri Lanka),Q17013973,History,"On 4 August 2024, Ada Derana reported that the Ministry of Public Security would make a final decision the next day, and noted that the suspension of the e-Visa system meant that tourists needed to obtain their visas on arrival.",1,https://en.wikipedia.org/w/index.php?title=Visa_policy_of_Sri_Lanka&oldid=1376917990,ignored
Sri Lanka / Supreme Court of Sri Lanka,Sri Lanka,LK,Supreme Court of Sri Lanka,Supreme Court of Sri Lanka,Q1702908,History,"On 2 August 2024, the Supreme Court of Sri Lanka issued an interim order, which suspended the e-Visa system operated by VFS Global and ordered the restoration of the previous ETA system operated by Mobitel.",1,https://en.wikipedia.org/w/index.php?title=Visa_policy_of_Sri_Lanka&oldid=1376917990,ignored
Suriname / Schengen Area,Suriname,SR,Schengen Area member state,Schengen Area,Q1969730,Visa exemption - Entry Fee / Substitute visa,"Citizens of the Dominican Republic may enter Suriname without a visa for visiting family / friends or for tourist purposes for up to 90 days, and are required to pay an entry fee if holding a valid visa issued by any Schengen Area member state or the United States.",1,https://en.wikipedia.org/w/index.php?title=Visa_policy_of_Suriname&oldid=1367921864,ignored
Svalbard / Svalbard,Svalbard,NO,Svalbard,Svalbard,Q25231,,"Uniquely, the Norwegian archipelago of Svalbard, located in the High Arctic, is an entirely visa-free zone.",2,https://en.wikipedia.org/w/index.php?title=Visa_policy_of_Svalbard&oldid=1363386295,mapped
Syria / Syrian civil war,Syria,SY,Civil war in Syria,Syrian civil war,Q178810,History,"Before the Syrian civil war, hostilities and conflicts and the start of the devastating Civil war in Syria in 2011, citizens of many Asian, European, African and American countries visited Syria without a visa or got a visa on arrival, gradually Syria began to cancel visa-free entry and visa on arrival for many countries, and in 2014 the Syrian authorities officially announced the introduction of a visa regime for all countries.",2,https://en.wikipedia.org/w/index.php?title=Visa_policy_of_Syria&oldid=1372751189,ignored
São Tomé and Príncipe / Schengen Area,São Tomé and Príncipe,ST,Schengen area,Schengen Area,Q1969730,Visa exemption / Substitute visa,Holders of a visa or resident permit issued by the any Schengen area member state or the United States may enter São Tomé and Príncipe without a visa for up to 15 days.,1,https://en.wikipedia.org/w/index.php?title=Visa_policy_of_S%C3%A3o_Tom%C3%A9_and_Pr%C3%ADncipe&oldid=1371158738,ignored
Taiwan / Kaohsiung International Airport,Taiwan,TW,Kaohsiung International Airport,Kaohsiung International Airport,Q16810,Visa on arrival,"For passengers arriving at Taipei Songshan Airport, Kaohsiung International Airport or Taichung Airport, they would be issued a temporary entry permit and will have to apply for a visa at the Bureau of Consular Affairs (BOCA) headquarters in Taipei, any of the offices of Ministry of Foreign Affairs in Taiwan, or the BOCA office at Taiwan Taoyuan International Airport.",1,https://en.wikipedia.org/w/index.php?title=Visa_policy_of_Taiwan&oldid=1375366475,ignored
Taiwan / Kinmen,Taiwan,TW,Kinmen,Kinmen,Q249870,Mainland Chinese travellers,"They are residents of Fujian or Shanghai, and they only visit Kinmen and Matsu (an endorsement on the Taiwan Travel Permit is obtainable).",2,https://en.wikipedia.org/w/index.php?title=Visa_policy_of_Taiwan&oldid=1375366475,mapped
Taiwan / Ministry of Labor (Taiwan),Taiwan,TW,Workforce Development Agency,Ministry of Labor (Taiwan),Q5176432,,"Work rights are regulated though Work Permits issued by the Workforce Development Agency, while Resident Certificates issued by the National Immigration Agency control residence rights.",1,https://en.wikipedia.org/w/index.php?title=Visa_policy_of_Taiwan&oldid=1375366475,ignored
Taiwan / National Immigration Agency,Taiwan,TW,National Immigration Agency,National Immigration Agency,Q6973478,,"Work rights are regulated though Work Permits issued by the Workforce Development Agency, while Resident Certificates issued by the National Immigration Agency control residence rights.",1,https://en.wikipedia.org/w/index.php?title=Visa_policy_of_Taiwan&oldid=1375366475,ignored
Taiwan / Penghu,Taiwan,TW,Matsu,Penghu,Q918799,Mainland Chinese travellers,"They are residents of Fujian or Shanghai, and they only visit Kinmen and Matsu (an endorsement on the Taiwan Travel Permit is obtainable).",2,https://en.wikipedia.org/w/index.php?title=Visa_policy_of_Taiwan&oldid=1375366475,mapped
Taiwan / Schengen Area,Taiwan,TW,Schengen Area member state,Schengen Area,Q1969730,Electronic visa (e-Visa),2 — Must provide a valid visa or residence permit issued by any Schengen Area member state or the United States.,1,https://en.wikipedia.org/w/index.php?title=Visa_policy_of_Taiwan&oldid=1375366475,ignored
Taiwan / Songshan Airport,Taiwan,TW,Taipei Songshan Airport,Songshan Airport,Q702019,Visa on arrival,"For passengers arriving at Taipei Songshan Airport, Kaohsiung International Airport or Taichung Airport, they would be issued a temporary entry permit and will have to apply for a visa at the Bureau of Consular Affairs (BOCA) headquarters in Taipei, any of the offices of Ministry of Foreign Affairs in Taiwan, or the BOCA office at Taiwan Taoyuan International Airport.",1,https://en.wikipedia.org/w/index.php?title=Visa_policy_of_Taiwan&oldid=1375366475,ignored
Taiwan / Taichung International Airport,Taiwan,TW,Taichung Airport,Taichung International Airport,Q374558,Visa on arrival,"For passengers arriving at Taipei Songshan Airport, Kaohsiung International Airport or Taichung Airport, they would be issued a temporary entry permit and will have to apply for a visa at the Bureau of Consular Affairs (BOCA) headquarters in Taipei, any of the offices of Ministry of Foreign Affairs in Taiwan, or the BOCA office at Taiwan Taoyuan International Airport.",1,https://en.wikipedia.org/w/index.php?title=Visa_policy_of_Taiwan&oldid=1375366475,ignored
Taiwan / Taoyuan International Airport,Taiwan,TW,Taiwan Taoyuan International Airport,Taoyuan International Airport,Q44856,Visa on arrival,Visa on arrival is only available at Taiwan Taoyuan International Airport.,2,https://en.wikipedia.org/w/index.php?title=Visa_policy_of_Taiwan&oldid=1375366475,ignored
Tajikistan / Dushanbe,Tajikistan,TJ,Dushanbe,Dushanbe,Q9365,Visa exemption / Ordinary passports,1 - Must travel on a direct flight between Dushanbe and Tehran to qualify for visa exemption.,3,https://en.wikipedia.org/w/index.php?title=Visa_policy_of_Tajikistan&oldid=1377173023,ignored
Tajikistan / Dushanbe International Airport,Tajikistan,TJ,Dushanbe International Airport,Dushanbe International Airport,Q532778,Visa on arrival,Citizens of the following countries may obtain a visa on arrival at Dushanbe International Airport for the following period:,2,https://en.wikipedia.org/w/index.php?title=Visa_policy_of_Tajikistan&oldid=1377173023,ignored
Tajikistan / Gorno-Badakhshan,Tajikistan,TJ,Gorno-Badakhshan Autonomous Region,Gorno-Badakhshan,Q207319,Electronic visa (e-Visa),"Along with an e-Visa, visitors can choose to purchase a permit to visit the Gorno-Badakhshan Autonomous Region for US$20 through the same e-Visa application.",2,https://en.wikipedia.org/w/index.php?title=Visa_policy_of_Tajikistan&oldid=1377173023,mapped
Tajikistan / Sarez Lake,Tajikistan,TJ,Lake Sarez,Sarez Lake,Q1474460,Gorno-Badakhshan,OVIR permit required (15+5 Tajikistani Somoni) and another special permit (free of charge) is required for Lake Sarez.,1,https://en.wikipedia.org/w/index.php?title=Visa_policy_of_Tajikistan&oldid=1377173023,unmapped
Thailand / 2014 Thai coup d'état,Thailand,TH,2014 Thai coup d'état,2014 Thai coup d'état,Q16914766,History,"In May 2014, there was a brief crackdown on visa runs during 2014 Thai coup d'état, meaning that if foreigners wish to re-enter Thailand after their visa-free or visa on arrival period has expired they have to obtain a visa in advance, or remain outside Thailand at least for one night.",1,https://en.wikipedia.org/w/index.php?title=Visa_policy_of_Thailand&oldid=1374875281,ignored
Thailand / Aranyaprathet,Thailand,TH,Aranyaprathet,Aranyaprathet,Q4784166,Visa on arrival / Electronic visa (e-Visa) / Visa on arrival,# - Airport which accepts e-visa on arrival | Land and harbor checkpoint | *Aranyaprathet Immigration Checkpoint | *Ban Prakop Immigration Checkpoint | *Bangkok Harbour Immigration Checkpoint | *Betong Immigration Checkpoint | *Bueng Kan Immigration Checkpoint | *Buketa Immigration Checkpoint | *Chiang Khong Immigration Checkpoint | *Chiang Saen Immigration Checkpoint | *Kanchanaburi Land Border Checkpoint | *Khlong Yai Immigration Checkpoint | *Khuan Don Immigration Checkpoint | *Khlong Yai (Hat Lek) Immigration Checkpoint | *Ko Lipe Marine Port Checkpoint | *Krabi Immigration Checkpoint | *M,1,https://en.wikipedia.org/w/index.php?title=Visa_policy_of_Thailand&oldid=1374875281,ignored
Thailand / Bangkok Port,Thailand,TH,Bangkok Harbour,Bangkok Port,Q6578896,Visa on arrival / Electronic visa (e-Visa) / Visa on arrival,# - Airport which accepts e-visa on arrival | Land and harbor checkpoint | *Aranyaprathet Immigration Checkpoint | *Ban Prakop Immigration Checkpoint | *Bangkok Harbour Immigration Checkpoint | *Betong Immigration Checkpoint | *Bueng Kan Immigration Checkpoint | *Buketa Immigration Checkpoint | *Chiang Khong Immigration Checkpoint | *Chiang Saen Immigration Checkpoint | *Kanchanaburi Land Border Checkpoint | *Khlong Yai Immigration Checkpoint | *Khuan Don Immigration Checkpoint | *Khlong Yai (Hat Lek) Immigration Checkpoint | *Ko Lipe Marine Port Checkpoint | *Krabi Immigration Checkpoint | *M,1,https://en.wikipedia.org/w/index.php?title=Visa_policy_of_Thailand&oldid=1374875281,ignored
"Thailand / Betong, Thailand",Thailand,TH,Betong,"Betong, Thailand",Q2900126,Visa on arrival / Electronic visa (e-Visa) / Visa on arrival,# - Airport which accepts e-visa on arrival | Land and harbor checkpoint | *Aranyaprathet Immigration Checkpoint | *Ban Prakop Immigration Checkpoint | *Bangkok Harbour Immigration Checkpoint | *Betong Immigration Checkpoint | *Bueng Kan Immigration Checkpoint | *Buketa Immigration Checkpoint | *Chiang Khong Immigration Checkpoint | *Chiang Saen Immigration Checkpoint | *Kanchanaburi Land Border Checkpoint | *Khlong Yai Immigration Checkpoint | *Khuan Don Immigration Checkpoint | *Khlong Yai (Hat Lek) Immigration Checkpoint | *Ko Lipe Marine Port Checkpoint | *Krabi Immigration Checkpoint | *M,1,https://en.wikipedia.org/w/index.php?title=Visa_policy_of_Thailand&oldid=1374875281,ignored
Thailand / Bueng Kan,Thailand,TH,Bueng Kan,Bueng Kan,Q4985499,Visa on arrival / Electronic visa (e-Visa) / Visa on arrival,# - Airport which accepts e-visa on arrival | Land and harbor checkpoint | *Aranyaprathet Immigration Checkpoint | *Ban Prakop Immigration Checkpoint | *Bangkok Harbour Immigration Checkpoint | *Betong Immigration Checkpoint | *Bueng Kan Immigration Checkpoint | *Buketa Immigration Checkpoint | *Chiang Khong Immigration Checkpoint | *Chiang Saen Immigration Checkpoint | *Kanchanaburi Land Border Checkpoint | *Khlong Yai Immigration Checkpoint | *Khuan Don Immigration Checkpoint | *Khlong Yai (Hat Lek) Immigration Checkpoint | *Ko Lipe Marine Port Checkpoint | *Krabi Immigration Checkpoint | *M,1,https://en.wikipedia.org/w/index.php?title=Visa_policy_of_Thailand&oldid=1374875281,ignored
Thailand / Buke Ta,Thailand,TH,Buketa,Buke Ta,Q4986833,Visa on arrival / Electronic visa (e-Visa) / Visa on arrival,# - Airport which accepts e-visa on arrival | Land and harbor checkpoint | *Aranyaprathet Immigration Checkpoint | *Ban Prakop Immigration Checkpoint | *Bangkok Harbour Immigration Checkpoint | *Betong Immigration Checkpoint | *Bueng Kan Immigration Checkpoint | *Buketa Immigration Checkpoint | *Chiang Khong Immigration Checkpoint | *Chiang Saen Immigration Checkpoint | *Kanchanaburi Land Border Checkpoint | *Khlong Yai Immigration Checkpoint | *Khuan Don Immigration Checkpoint | *Khlong Yai (Hat Lek) Immigration Checkpoint | *Ko Lipe Marine Port Checkpoint | *Krabi Immigration Checkpoint | *M,1,https://en.wikipedia.org/w/index.php?title=Visa_policy_of_Thailand&oldid=1374875281,ignored
Thailand / Chiang Khong district,Thailand,TH,Chiang Khong,Chiang Khong district,Q475389,Visa on arrival / Electronic visa (e-Visa) / Visa on arrival,# - Airport which accepts e-visa on arrival | Land and harbor checkpoint | *Aranyaprathet Immigration Checkpoint | *Ban Prakop Immigration Checkpoint | *Bangkok Harbour Immigration Checkpoint | *Betong Immigration Checkpoint | *Bueng Kan Immigration Checkpoint | *Buketa Immigration Checkpoint | *Chiang Khong Immigration Checkpoint | *Chiang Saen Immigration Checkpoint | *Kanchanaburi Land Border Checkpoint | *Khlong Yai Immigration Checkpoint | *Khuan Don Immigration Checkpoint | *Khlong Yai (Hat Lek) Immigration Checkpoint | *Ko Lipe Marine Port Checkpoint | *Krabi Immigration Checkpoint | *M,1,https://en.wikipedia.org/w/index.php?title=Visa_policy_of_Thailand&oldid=1374875281,ignored
Thailand / Chiang Saen,Thailand,TH,Chiang Saen,Chiang Saen,Q1709553,Visa on arrival / Electronic visa (e-Visa) / Visa on arrival,# - Airport which accepts e-visa on arrival | Land and harbor checkpoint | *Aranyaprathet Immigration Checkpoint | *Ban Prakop Immigration Checkpoint | *Bangkok Harbour Immigration Checkpoint | *Betong Immigration Checkpoint | *Bueng Kan Immigration Checkpoint | *Buketa Immigration Checkpoint | *Chiang Khong Immigration Checkpoint | *Chiang Saen Immigration Checkpoint | *Kanchanaburi Land Border Checkpoint | *Khlong Yai Immigration Checkpoint | *Khuan Don Immigration Checkpoint | *Khlong Yai (Hat Lek) Immigration Checkpoint | *Ko Lipe Marine Port Checkpoint | *Krabi Immigration Checkpoint | *M,1,https://en.wikipedia.org/w/index.php?title=Visa_policy_of_Thailand&oldid=1374875281,ignored
Thailand / Kanchanaburi province,Thailand,TH,Kanchanaburi,Kanchanaburi province,Q275740,Visa on arrival / Electronic visa (e-Visa) / Visa on arrival,# - Airport which accepts e-visa on arrival | Land and harbor checkpoint | *Aranyaprathet Immigration Checkpoint | *Ban Prakop Immigration Checkpoint | *Bangkok Harbour Immigration Checkpoint | *Betong Immigration Checkpoint | *Bueng Kan Immigration Checkpoint | *Buketa Immigration Checkpoint | *Chiang Khong Immigration Checkpoint | *Chiang Saen Immigration Checkpoint | *Kanchanaburi Land Border Checkpoint | *Khlong Yai Immigration Checkpoint | *Khuan Don Immigration Checkpoint | *Khlong Yai (Hat Lek) Immigration Checkpoint | *Ko Lipe Marine Port Checkpoint | *Krabi Immigration Checkpoint | *M,1,https://en.wikipedia.org/w/index.php?title=Visa_policy_of_Thailand&oldid=1374875281,ignored
Thailand / Khlong Yai,Thailand,TH,Khlong Yai,Khlong Yai,Q6401844,Visa on arrival / Electronic visa (e-Visa) / Visa on arrival,# - Airport which accepts e-visa on arrival | Land and harbor checkpoint | *Aranyaprathet Immigration Checkpoint | *Ban Prakop Immigration Checkpoint | *Bangkok Harbour Immigration Checkpoint | *Betong Immigration Checkpoint | *Bueng Kan Immigration Checkpoint | *Buketa Immigration Checkpoint | *Chiang Khong Immigration Checkpoint | *Chiang Saen Immigration Checkpoint | *Kanchanaburi Land Border Checkpoint | *Khlong Yai Immigration Checkpoint | *Khuan Don Immigration Checkpoint | *Khlong Yai (Hat Lek) Immigration Checkpoint | *Ko Lipe Marine Port Checkpoint | *Krabi Immigration Checkpoint | *M,1,https://en.wikipedia.org/w/index.php?title=Visa_policy_of_Thailand&oldid=1374875281,ignored
Thailand / Khuan Don district,Thailand,TH,Khuan Don,Khuan Don district,Q32350,Visa on arrival / Electronic visa (e-Visa) / Visa on arrival,# - Airport which accepts e-visa on arrival | Land and harbor checkpoint | *Aranyaprathet Immigration Checkpoint | *Ban Prakop Immigration Checkpoint | *Bangkok Harbour Immigration Checkpoint | *Betong Immigration Checkpoint | *Bueng Kan Immigration Checkpoint | *Buketa Immigration Checkpoint | *Chiang Khong Immigration Checkpoint | *Chiang Saen Immigration Checkpoint | *Kanchanaburi Land Border Checkpoint | *Khlong Yai Immigration Checkpoint | *Khuan Don Immigration Checkpoint | *Khlong Yai (Hat Lek) Immigration Checkpoint | *Ko Lipe Marine Port Checkpoint | *Krabi Immigration Checkpoint | *M,1,https://en.wikipedia.org/w/index.php?title=Visa_policy_of_Thailand&oldid=1374875281,ignored
Thailand / Ko Lipe,Thailand,TH,Ko Lipe,Ko Lipe,Q498252,Visa on arrival / Electronic visa (e-Visa) / Visa on arrival,# - Airport which accepts e-visa on arrival | Land and harbor checkpoint | *Aranyaprathet Immigration Checkpoint | *Ban Prakop Immigration Checkpoint | *Bangkok Harbour Immigration Checkpoint | *Betong Immigration Checkpoint | *Bueng Kan Immigration Checkpoint | *Buketa Immigration Checkpoint | *Chiang Khong Immigration Checkpoint | *Chiang Saen Immigration Checkpoint | *Kanchanaburi Land Border Checkpoint | *Khlong Yai Immigration Checkpoint | *Khuan Don Immigration Checkpoint | *Khlong Yai (Hat Lek) Immigration Checkpoint | *Ko Lipe Marine Port Checkpoint | *Krabi Immigration Checkpoint | *M,1,https://en.wikipedia.org/w/index.php?title=Visa_policy_of_Thailand&oldid=1374875281,ignored
Thailand / Ko Samui,Thailand,TH,Samui,Ko Samui,Q270375,Visa on arrival / Electronic visa (e-Visa) / Visa on arrival,# - Airport which accepts e-visa on arrival | Land and harbor checkpoint | *Aranyaprathet Immigration Checkpoint | *Ban Prakop Immigration Checkpoint | *Bangkok Harbour Immigration Checkpoint | *Betong Immigration Checkpoint | *Bueng Kan Immigration Checkpoint | *Buketa Immigration Checkpoint | *Chiang Khong Immigration Checkpoint | *Chiang Saen Immigration Checkpoint | *Kanchanaburi Land Border Checkpoint | *Khlong Yai Immigration Checkpoint | *Khuan Don Immigration Checkpoint | *Khlong Yai (Hat Lek) Immigration Checkpoint | *Ko Lipe Marine Port Checkpoint | *Krabi Immigration Checkpoint | *M,1,https://en.wikipedia.org/w/index.php?title=Visa_policy_of_Thailand&oldid=1374875281,ignored
Thailand / Krabi,Thailand,TH,Krabi,Krabi,Q1000353,Visa on arrival / Electronic visa (e-Visa) / Visa on arrival,# - Airport which accepts e-visa on arrival | Land and harbor checkpoint | *Aranyaprathet Immigration Checkpoint | *Ban Prakop Immigration Checkpoint | *Bangkok Harbour Immigration Checkpoint | *Betong Immigration Checkpoint | *Bueng Kan Immigration Checkpoint | *Buketa Immigration Checkpoint | *Chiang Khong Immigration Checkpoint | *Chiang Saen Immigration Checkpoint | *Kanchanaburi Land Border Checkpoint | *Khlong Yai Immigration Checkpoint | *Khuan Don Immigration Checkpoint | *Khlong Yai (Hat Lek) Immigration Checkpoint | *Ko Lipe Marine Port Checkpoint | *Krabi Immigration Checkpoint | *M,1,https://en.wikipedia.org/w/index.php?title=Visa_policy_of_Thailand&oldid=1374875281,ignored
Thailand / Mae Sai district,Thailand,TH,Mae Sai,Mae Sai district,Q475958,Visa on arrival / Electronic visa (e-Visa) / Visa on arrival,# - Airport which accepts e-visa on arrival | Land and harbor checkpoint | *Aranyaprathet Immigration Checkpoint | *Ban Prakop Immigration Checkpoint | *Bangkok Harbour Immigration Checkpoint | *Betong Immigration Checkpoint | *Bueng Kan Immigration Checkpoint | *Buketa Immigration Checkpoint | *Chiang Khong Immigration Checkpoint | *Chiang Saen Immigration Checkpoint | *Kanchanaburi Land Border Checkpoint | *Khlong Yai Immigration Checkpoint | *Khuan Don Immigration Checkpoint | *Khlong Yai (Hat Lek) Immigration Checkpoint | *Ko Lipe Marine Port Checkpoint | *Krabi Immigration Checkpoint | *M,1,https://en.wikipedia.org/w/index.php?title=Visa_policy_of_Thailand&oldid=1374875281,ignored
Thailand / Map Ta Phut,Thailand,TH,Map Ta Phut,Map Ta Phut,Q3809214,Visa on arrival / Electronic visa (e-Visa) / Visa on arrival,# - Airport which accepts e-visa on arrival | Land and harbor checkpoint | *Aranyaprathet Immigration Checkpoint | *Ban Prakop Immigration Checkpoint | *Bangkok Harbour Immigration Checkpoint | *Betong Immigration Checkpoint | *Bueng Kan Immigration Checkpoint | *Buketa Immigration Checkpoint | *Chiang Khong Immigration Checkpoint | *Chiang Saen Immigration Checkpoint | *Kanchanaburi Land Border Checkpoint | *Khlong Yai Immigration Checkpoint | *Khuan Don Immigration Checkpoint | *Khlong Yai (Hat Lek) Immigration Checkpoint | *Ko Lipe Marine Port Checkpoint | *Krabi Immigration Checkpoint | *M,1,https://en.wikipedia.org/w/index.php?title=Visa_policy_of_Thailand&oldid=1374875281,ignored
Thailand / Mueang Samut Prakan district,Thailand,TH,Samut Prakan,Mueang Samut Prakan district,Q2219208,Visa on arrival / Electronic visa (e-Visa) / Visa on arrival,# - Airport which accepts e-visa on arrival | Land and harbor checkpoint | *Aranyaprathet Immigration Checkpoint | *Ban Prakop Immigration Checkpoint | *Bangkok Harbour Immigration Checkpoint | *Betong Immigration Checkpoint | *Bueng Kan Immigration Checkpoint | *Buketa Immigration Checkpoint | *Chiang Khong Immigration Checkpoint | *Chiang Saen Immigration Checkpoint | *Kanchanaburi Land Border Checkpoint | *Khlong Yai Immigration Checkpoint | *Khuan Don Immigration Checkpoint | *Khlong Yai (Hat Lek) Immigration Checkpoint | *Ko Lipe Marine Port Checkpoint | *Krabi Immigration Checkpoint | *M,1,https://en.wikipedia.org/w/index.php?title=Visa_policy_of_Thailand&oldid=1374875281,ignored
Thailand / Mukdahan,Thailand,TH,Mukdahan,Mukdahan,Q1017743,Visa on arrival / Electronic visa (e-Visa) / Visa on arrival,# - Airport which accepts e-visa on arrival | Land and harbor checkpoint | *Aranyaprathet Immigration Checkpoint | *Ban Prakop Immigration Checkpoint | *Bangkok Harbour Immigration Checkpoint | *Betong Immigration Checkpoint | *Bueng Kan Immigration Checkpoint | *Buketa Immigration Checkpoint | *Chiang Khong Immigration Checkpoint | *Chiang Saen Immigration Checkpoint | *Kanchanaburi Land Border Checkpoint | *Khlong Yai Immigration Checkpoint | *Khuan Don Immigration Checkpoint | *Khlong Yai (Hat Lek) Immigration Checkpoint | *Ko Lipe Marine Port Checkpoint | *Krabi Immigration Checkpoint | *M,1,https://en.wikipedia.org/w/index.php?title=Visa_policy_of_Thailand&oldid=1374875281,ignored
Thailand / Na Thawi district,Thailand,TH,Ban Prakop,Na Thawi district,Q94536,Visa on arrival / Electronic visa (e-Visa) / Visa on arrival,# - Airport which accepts e-visa on arrival | Land and harbor checkpoint | *Aranyaprathet Immigration Checkpoint | *Ban Prakop Immigration Checkpoint | *Bangkok Harbour Immigration Checkpoint | *Betong Immigration Checkpoint | *Bueng Kan Immigration Checkpoint | *Buketa Immigration Checkpoint | *Chiang Khong Immigration Checkpoint | *Chiang Saen Immigration Checkpoint | *Kanchanaburi Land Border Checkpoint | *Khlong Yai Immigration Checkpoint | *Khuan Don Immigration Checkpoint | *Khlong Yai (Hat Lek) Immigration Checkpoint | *Ko Lipe Marine Port Checkpoint | *Krabi Immigration Checkpoint | *M,1,https://en.wikipedia.org/w/index.php?title=Visa_policy_of_Thailand&oldid=1374875281,ignored
Thailand / Nakhon Phanom,Thailand,TH,Nakhon Phanom,Nakhon Phanom,Q777162,Visa on arrival / Electronic visa (e-Visa) / Visa on arrival,# - Airport which accepts e-visa on arrival | Land and harbor checkpoint | *Aranyaprathet Immigration Checkpoint | *Ban Prakop Immigration Checkpoint | *Bangkok Harbour Immigration Checkpoint | *Betong Immigration Checkpoint | *Bueng Kan Immigration Checkpoint | *Buketa Immigration Checkpoint | *Chiang Khong Immigration Checkpoint | *Chiang Saen Immigration Checkpoint | *Kanchanaburi Land Border Checkpoint | *Khlong Yai Immigration Checkpoint | *Khuan Don Immigration Checkpoint | *Khlong Yai (Hat Lek) Immigration Checkpoint | *Ko Lipe Marine Port Checkpoint | *Krabi Immigration Checkpoint | *M,1,https://en.wikipedia.org/w/index.php?title=Visa_policy_of_Thailand&oldid=1374875281,ignored
"Thailand / Nan, Thailand",Thailand,TH,Nan,"Nan, Thailand",Q1014345,Visa on arrival / Electronic visa (e-Visa) / Visa on arrival,# - Airport which accepts e-visa on arrival | Land and harbor checkpoint | *Aranyaprathet Immigration Checkpoint | *Ban Prakop Immigration Checkpoint | *Bangkok Harbour Immigration Checkpoint | *Betong Immigration Checkpoint | *Bueng Kan Immigration Checkpoint | *Buketa Immigration Checkpoint | *Chiang Khong Immigration Checkpoint | *Chiang Saen Immigration Checkpoint | *Kanchanaburi Land Border Checkpoint | *Khlong Yai Immigration Checkpoint | *Khuan Don Immigration Checkpoint | *Khlong Yai (Hat Lek) Immigration Checkpoint | *Ko Lipe Marine Port Checkpoint | *Krabi Immigration Checkpoint | *M,1,https://en.wikipedia.org/w/index.php?title=Visa_policy_of_Thailand&oldid=1374875281,ignored
Thailand / Nong Khai,Thailand,TH,Nong Khai,Nong Khai,Q1026138,Visa on arrival / Electronic visa (e-Visa) / Visa on arrival,# - Airport which accepts e-visa on arrival | Land and harbor checkpoint | *Aranyaprathet Immigration Checkpoint | *Ban Prakop Immigration Checkpoint | *Bangkok Harbour Immigration Checkpoint | *Betong Immigration Checkpoint | *Bueng Kan Immigration Checkpoint | *Buketa Immigration Checkpoint | *Chiang Khong Immigration Checkpoint | *Chiang Saen Immigration Checkpoint | *Kanchanaburi Land Border Checkpoint | *Khlong Yai Immigration Checkpoint | *Khuan Don Immigration Checkpoint | *Khlong Yai (Hat Lek) Immigration Checkpoint | *Ko Lipe Marine Port Checkpoint | *Krabi Immigration Checkpoint | *M,1,https://en.wikipedia.org/w/index.php?title=Visa_policy_of_Thailand&oldid=1374875281,ignored
"Thailand / Padang Besar, Thailand",Thailand,TH,Padang Besar,"Padang Besar, Thailand",Q2624333,Visa on arrival / Electronic visa (e-Visa) / Visa on arrival,# - Airport which accepts e-visa on arrival | Land and harbor checkpoint | *Aranyaprathet Immigration Checkpoint | *Ban Prakop Immigration Checkpoint | *Bangkok Harbour Immigration Checkpoint | *Betong Immigration Checkpoint | *Bueng Kan Immigration Checkpoint | *Buketa Immigration Checkpoint | *Chiang Khong Immigration Checkpoint | *Chiang Saen Immigration Checkpoint | *Kanchanaburi Land Border Checkpoint | *Khlong Yai Immigration Checkpoint | *Khuan Don Immigration Checkpoint | *Khlong Yai (Hat Lek) Immigration Checkpoint | *Ko Lipe Marine Port Checkpoint | *Krabi Immigration Checkpoint | *M,1,https://en.wikipedia.org/w/index.php?title=Visa_policy_of_Thailand&oldid=1374875281,ignored
Thailand / Pattaya,Thailand,TH,Pattaya,Pattaya,Q170919,Visa on arrival / Electronic visa (e-Visa) / Visa on arrival,# - Airport which accepts e-visa on arrival | Land and harbor checkpoint | *Aranyaprathet Immigration Checkpoint | *Ban Prakop Immigration Checkpoint | *Bangkok Harbour Immigration Checkpoint | *Betong Immigration Checkpoint | *Bueng Kan Immigration Checkpoint | *Buketa Immigration Checkpoint | *Chiang Khong Immigration Checkpoint | *Chiang Saen Immigration Checkpoint | *Kanchanaburi Land Border Checkpoint | *Khlong Yai Immigration Checkpoint | *Khuan Don Immigration Checkpoint | *Khlong Yai (Hat Lek) Immigration Checkpoint | *Ko Lipe Marine Port Checkpoint | *Krabi Immigration Checkpoint | *M,1,https://en.wikipedia.org/w/index.php?title=Visa_policy_of_Thailand&oldid=1374875281,ignored
Thailand / Phibun Mangsahan district,Thailand,TH,Phibun Mangsahan,Phibun Mangsahan district,Q476398,Visa on arrival / Electronic visa (e-Visa) / Visa on arrival,# - Airport which accepts e-visa on arrival | Land and harbor checkpoint | *Aranyaprathet Immigration Checkpoint | *Ban Prakop Immigration Checkpoint | *Bangkok Harbour Immigration Checkpoint | *Betong Immigration Checkpoint | *Bueng Kan Immigration Checkpoint | *Buketa Immigration Checkpoint | *Chiang Khong Immigration Checkpoint | *Chiang Saen Immigration Checkpoint | *Kanchanaburi Land Border Checkpoint | *Khlong Yai Immigration Checkpoint | *Khuan Don Immigration Checkpoint | *Khlong Yai (Hat Lek) Immigration Checkpoint | *Ko Lipe Marine Port Checkpoint | *Krabi Immigration Checkpoint | *M,1,https://en.wikipedia.org/w/index.php?title=Visa_policy_of_Thailand&oldid=1374875281,ignored
Thailand / Phu Sing district,Thailand,TH,Phu Sing,Phu Sing district,Q476491,Visa on arrival / Electronic visa (e-Visa) / Visa on arrival,# - Airport which accepts e-visa on arrival | Land and harbor checkpoint | *Aranyaprathet Immigration Checkpoint | *Ban Prakop Immigration Checkpoint | *Bangkok Harbour Immigration Checkpoint | *Betong Immigration Checkpoint | *Bueng Kan Immigration Checkpoint | *Buketa Immigration Checkpoint | *Chiang Khong Immigration Checkpoint | *Chiang Saen Immigration Checkpoint | *Kanchanaburi Land Border Checkpoint | *Khlong Yai Immigration Checkpoint | *Khuan Don Immigration Checkpoint | *Khlong Yai (Hat Lek) Immigration Checkpoint | *Ko Lipe Marine Port Checkpoint | *Krabi Immigration Checkpoint | *M,1,https://en.wikipedia.org/w/index.php?title=Visa_policy_of_Thailand&oldid=1374875281,ignored
Thailand / Phuket province,Thailand,TH,Phuket,Phuket province,Q182565,Visa on arrival / Electronic visa (e-Visa) / Visa on arrival,# - Airport which accepts e-visa on arrival | Land and harbor checkpoint | *Aranyaprathet Immigration Checkpoint | *Ban Prakop Immigration Checkpoint | *Bangkok Harbour Immigration Checkpoint | *Betong Immigration Checkpoint | *Bueng Kan Immigration Checkpoint | *Buketa Immigration Checkpoint | *Chiang Khong Immigration Checkpoint | *Chiang Saen Immigration Checkpoint | *Kanchanaburi Land Border Checkpoint | *Khlong Yai Immigration Checkpoint | *Khuan Don Immigration Checkpoint | *Khlong Yai (Hat Lek) Immigration Checkpoint | *Ko Lipe Marine Port Checkpoint | *Krabi Immigration Checkpoint | *M,1,https://en.wikipedia.org/w/index.php?title=Visa_policy_of_Thailand&oldid=1374875281,ignored
Thailand / Pong Nam Ron district,Thailand,TH,Pong Nam Ron,Pong Nam Ron district,Q476515,Visa on arrival / Electronic visa (e-Visa) / Visa on arrival,# - Airport which accepts e-visa on arrival | Land and harbor checkpoint | *Aranyaprathet Immigration Checkpoint | *Ban Prakop Immigration Checkpoint | *Bangkok Harbour Immigration Checkpoint | *Betong Immigration Checkpoint | *Bueng Kan Immigration Checkpoint | *Buketa Immigration Checkpoint | *Chiang Khong Immigration Checkpoint | *Chiang Saen Immigration Checkpoint | *Kanchanaburi Land Border Checkpoint | *Khlong Yai Immigration Checkpoint | *Khuan Don Immigration Checkpoint | *Khlong Yai (Hat Lek) Immigration Checkpoint | *Ko Lipe Marine Port Checkpoint | *Krabi Immigration Checkpoint | *M,1,https://en.wikipedia.org/w/index.php?title=Visa_policy_of_Thailand&oldid=1374875281,ignored
Thailand / Sadao district,Thailand,TH,Sadao,Sadao district,Q133861,Visa on arrival / Electronic visa (e-Visa) / Visa on arrival,# - Airport which accepts e-visa on arrival | Land and harbor checkpoint | *Aranyaprathet Immigration Checkpoint | *Ban Prakop Immigration Checkpoint | *Bangkok Harbour Immigration Checkpoint | *Betong Immigration Checkpoint | *Bueng Kan Immigration Checkpoint | *Buketa Immigration Checkpoint | *Chiang Khong Immigration Checkpoint | *Chiang Saen Immigration Checkpoint | *Kanchanaburi Land Border Checkpoint | *Khlong Yai Immigration Checkpoint | *Khuan Don Immigration Checkpoint | *Khlong Yai (Hat Lek) Immigration Checkpoint | *Ko Lipe Marine Port Checkpoint | *Krabi Immigration Checkpoint | *M,1,https://en.wikipedia.org/w/index.php?title=Visa_policy_of_Thailand&oldid=1374875281,ignored
Thailand / Satun,Thailand,TH,Satun,Satun,Q1365666,Visa on arrival / Electronic visa (e-Visa) / Visa on arrival,# - Airport which accepts e-visa on arrival | Land and harbor checkpoint | *Aranyaprathet Immigration Checkpoint | *Ban Prakop Immigration Checkpoint | *Bangkok Harbour Immigration Checkpoint | *Betong Immigration Checkpoint | *Bueng Kan Immigration Checkpoint | *Buketa Immigration Checkpoint | *Chiang Khong Immigration Checkpoint | *Chiang Saen Immigration Checkpoint | *Kanchanaburi Land Border Checkpoint | *Khlong Yai Immigration Checkpoint | *Khuan Don Immigration Checkpoint | *Khlong Yai (Hat Lek) Immigration Checkpoint | *Ko Lipe Marine Port Checkpoint | *Krabi Immigration Checkpoint | *M,1,https://en.wikipedia.org/w/index.php?title=Visa_policy_of_Thailand&oldid=1374875281,ignored
Thailand / Si Racha,Thailand,TH,Si Racha,Si Racha,Q13409879,Visa on arrival / Electronic visa (e-Visa) / Visa on arrival,# - Airport which accepts e-visa on arrival | Land and harbor checkpoint | *Aranyaprathet Immigration Checkpoint | *Ban Prakop Immigration Checkpoint | *Bangkok Harbour Immigration Checkpoint | *Betong Immigration Checkpoint | *Bueng Kan Immigration Checkpoint | *Buketa Immigration Checkpoint | *Chiang Khong Immigration Checkpoint | *Chiang Saen Immigration Checkpoint | *Kanchanaburi Land Border Checkpoint | *Khlong Yai Immigration Checkpoint | *Khuan Don Immigration Checkpoint | *Khlong Yai (Hat Lek) Immigration Checkpoint | *Ko Lipe Marine Port Checkpoint | *Krabi Immigration Checkpoint | *M,1,https://en.wikipedia.org/w/index.php?title=Visa_policy_of_Thailand&oldid=1374875281,ignored
Thailand / Songkhla,Thailand,TH,Songkhla,Songkhla,Q795595,Visa on arrival / Electronic visa (e-Visa) / Visa on arrival,# - Airport which accepts e-visa on arrival | Land and harbor checkpoint | *Aranyaprathet Immigration Checkpoint | *Ban Prakop Immigration Checkpoint | *Bangkok Harbour Immigration Checkpoint | *Betong Immigration Checkpoint | *Bueng Kan Immigration Checkpoint | *Buketa Immigration Checkpoint | *Chiang Khong Immigration Checkpoint | *Chiang Saen Immigration Checkpoint | *Kanchanaburi Land Border Checkpoint | *Khlong Yai Immigration Checkpoint | *Khuan Don Immigration Checkpoint | *Khlong Yai (Hat Lek) Immigration Checkpoint | *Ko Lipe Marine Port Checkpoint | *Krabi Immigration Checkpoint | *M,1,https://en.wikipedia.org/w/index.php?title=Visa_policy_of_Thailand&oldid=1374875281,ignored
Thailand / Su-ngai Kolok,Thailand,TH,Su-ngai Kolok,Su-ngai Kolok,Q1770801,Visa on arrival / Electronic visa (e-Visa) / Visa on arrival,# - Airport which accepts e-visa on arrival | Land and harbor checkpoint | *Aranyaprathet Immigration Checkpoint | *Ban Prakop Immigration Checkpoint | *Bangkok Harbour Immigration Checkpoint | *Betong Immigration Checkpoint | *Bueng Kan Immigration Checkpoint | *Buketa Immigration Checkpoint | *Chiang Khong Immigration Checkpoint | *Chiang Saen Immigration Checkpoint | *Kanchanaburi Land Border Checkpoint | *Khlong Yai Immigration Checkpoint | *Khuan Don Immigration Checkpoint | *Khlong Yai (Hat Lek) Immigration Checkpoint | *Ko Lipe Marine Port Checkpoint | *Krabi Immigration Checkpoint | *M,1,https://en.wikipedia.org/w/index.php?title=Visa_policy_of_Thailand&oldid=1374875281,ignored
Thailand / Tak Bai,Thailand,TH,Tak Bai,Tak Bai,Q4189383,Visa on arrival / Electronic visa (e-Visa) / Visa on arrival,# - Airport which accepts e-visa on arrival | Land and harbor checkpoint | *Aranyaprathet Immigration Checkpoint | *Ban Prakop Immigration Checkpoint | *Bangkok Harbour Immigration Checkpoint | *Betong Immigration Checkpoint | *Bueng Kan Immigration Checkpoint | *Buketa Immigration Checkpoint | *Chiang Khong Immigration Checkpoint | *Chiang Saen Immigration Checkpoint | *Kanchanaburi Land Border Checkpoint | *Khlong Yai Immigration Checkpoint | *Khuan Don Immigration Checkpoint | *Khlong Yai (Hat Lek) Immigration Checkpoint | *Ko Lipe Marine Port Checkpoint | *Krabi Immigration Checkpoint | *M,1,https://en.wikipedia.org/w/index.php?title=Visa_policy_of_Thailand&oldid=1374875281,ignored
Thailand / Tak province,Thailand,TH,Tak,Tak province,Q275758,Visa on arrival / Electronic visa (e-Visa) / Visa on arrival,# - Airport which accepts e-visa on arrival | Land and harbor checkpoint | *Aranyaprathet Immigration Checkpoint | *Ban Prakop Immigration Checkpoint | *Bangkok Harbour Immigration Checkpoint | *Betong Immigration Checkpoint | *Bueng Kan Immigration Checkpoint | *Buketa Immigration Checkpoint | *Chiang Khong Immigration Checkpoint | *Chiang Saen Immigration Checkpoint | *Kanchanaburi Land Border Checkpoint | *Khlong Yai Immigration Checkpoint | *Khuan Don Immigration Checkpoint | *Khlong Yai (Hat Lek) Immigration Checkpoint | *Ko Lipe Marine Port Checkpoint | *Krabi Immigration Checkpoint | *M,1,https://en.wikipedia.org/w/index.php?title=Visa_policy_of_Thailand&oldid=1374875281,ignored
Thailand / Tha Li district,Thailand,TH,Tha Li,Tha Li district,Q476831,Visa on arrival / Electronic visa (e-Visa) / Visa on arrival,# - Airport which accepts e-visa on arrival | Land and harbor checkpoint | *Aranyaprathet Immigration Checkpoint | *Ban Prakop Immigration Checkpoint | *Bangkok Harbour Immigration Checkpoint | *Betong Immigration Checkpoint | *Bueng Kan Immigration Checkpoint | *Buketa Immigration Checkpoint | *Chiang Khong Immigration Checkpoint | *Chiang Saen Immigration Checkpoint | *Kanchanaburi Land Border Checkpoint | *Khlong Yai Immigration Checkpoint | *Khuan Don Immigration Checkpoint | *Khlong Yai (Hat Lek) Immigration Checkpoint | *Ko Lipe Marine Port Checkpoint | *Krabi Immigration Checkpoint | *M,1,https://en.wikipedia.org/w/index.php?title=Visa_policy_of_Thailand&oldid=1374875281,ignored
Timor-Leste / Dili,Timor-Leste,TL,Dili,Dili,Q9310,Visa on arrival,Citizens of all other countries which are not visa-exempt may apply for a visa on arrival at the Presidente Nicolau Lobato International Airport or at the Dili Sea Port.,1,https://en.wikipedia.org/w/index.php?title=Visa_policy_of_Timor-Leste&oldid=1376727599,ignored
Timor-Leste / Presidente Nicolau Lobato International Airport,Timor-Leste,TL,Presidente Nicolau Lobato International Airport,Presidente Nicolau Lobato International Airport,Q1432488,Visa on arrival,Citizens of all other countries which are not visa-exempt may apply for a visa on arrival at the Presidente Nicolau Lobato International Airport or at the Dili Sea Port.,1,https://en.wikipedia.org/w/index.php?title=Visa_policy_of_Timor-Leste&oldid=1376727599,ignored
Turkey / European Free Trade Association,Turkey,TR,EFTA,European Free Trade Association,Q166546,Comparison with the visa policy of the European Union,"Turkey does not require visas from citizens of the EU and EFTA members, except for the Republic of Cyprus, whose citizens are required visas due to the Cyprus issue however, they can apply for electronic visas or may be exempted from visa requirement under certain circumstances.",1,https://en.wikipedia.org/w/index.php?title=Visa_policy_of_Turkey&oldid=1377562846,ignored
Turkey / Ministry of Foreign Affairs (Turkey),Turkey,TR,Turkish Ministry of Foreign Affairs,Ministry of Foreign Affairs (Turkey),Q2612487,Electronic visa (e-Visa) / Conditional e-Visa,"Electronic visas and electronic residence permits are not accepted. | * must travel by air and with Pegasus Airlines or Turkish Airlines, which have protocols with the Turkish Ministry of Foreign Affairs.",1,https://en.wikipedia.org/w/index.php?title=Visa_policy_of_Turkey&oldid=1377562846,ignored
Turkey / Schengen Area,Turkey,TR,Schengen Area member state,Schengen Area,Q1969730,Electronic visa (e-Visa) / Conditional e-Visa,"All nationalities, | * must hold a valid visa or residence permit issued by any Schengen Area member state, Ireland, the United Kingdom or the United States.",1,https://en.wikipedia.org/w/index.php?title=Visa_policy_of_Turkey&oldid=1377562846,ignored
Turkmenistan / Ashgabat International Airport,Turkmenistan,TM,Ashgabat International Airport,Ashgabat International Airport,Q1148527,,Citizens of all countries have the right of visa-free transit through the international transfer area of Ashgabat International Airport.,2,https://en.wikipedia.org/w/index.php?title=Visa_policy_of_Turkmenistan&oldid=1378142186,ignored
Turkmenistan / Daşoguz,Turkmenistan,TM,Dashoguz,Daşoguz,Q487672,Visa exemption / Ordinary passports,"Uzbekistan — from November 2025, citizens of Uzbekistan can visit the Shavat-Dashoguz Border Trade Zone without a visa for up to 15 days.",2,https://en.wikipedia.org/w/index.php?title=Visa_policy_of_Turkmenistan&oldid=1378142186,mapped
"Turkmenistan / Hazar, Turkmenistan",Turkmenistan,TM,Hazar,"Hazar, Turkmenistan",Q2996356,Special permit,"A special permit, issued prior to arrival by Ministry of Foreign Affairs, is required if visiting the following places: Kerki, Hazar, Dashoguz, Serakhs and Serhetabat.",1,https://en.wikipedia.org/w/index.php?title=Visa_policy_of_Turkmenistan&oldid=1378142186,mapped
Turkmenistan / Kerki,Turkmenistan,TM,Kerki,Kerki,Q2357934,Special permit,"A special permit, issued prior to arrival by Ministry of Foreign Affairs, is required if visiting the following places: Kerki, Hazar, Dashoguz, Serakhs and Serhetabat.",1,https://en.wikipedia.org/w/index.php?title=Visa_policy_of_Turkmenistan&oldid=1378142186,mapped
Turkmenistan / Sarahs,Turkmenistan,TM,Serakhs,Sarahs,Q2588491,Special permit,"A special permit, issued prior to arrival by Ministry of Foreign Affairs, is required if visiting the following places: Kerki, Hazar, Dashoguz, Serakhs and Serhetabat.",1,https://en.wikipedia.org/w/index.php?title=Visa_policy_of_Turkmenistan&oldid=1378142186,mapped
Turkmenistan / Serhetabat,Turkmenistan,TM,Serhetabat,Serhetabat,Q864655,Special permit,"A special permit, issued prior to arrival by Ministry of Foreign Affairs, is required if visiting the following places: Kerki, Hazar, Dashoguz, Serakhs and Serhetabat.",1,https://en.wikipedia.org/w/index.php?title=Visa_policy_of_Turkmenistan&oldid=1378142186,mapped
Uzbekistan / Amudarya district,Uzbekistan,UZ,Amudarya,Amudarya district,Q2603639,Visa exemption / Ordinary passports / Conditional visa exemption,"Turkmenistan - residents of Dashoghuz Velayat and Lebap Velayat of Turkmenistan have visa free access to Khorazm Vilayat and Bukhara Vilayat as well as to Amudarya, Khojayli, Shumanay, Qonghirat districts and the Takhiatash city of Karakalpakstan and to Dehkanabad, Guzar, Nishan and Mirishkar districts of Qashqadarya Vilayat and to Sherabad and Muzrabat districts of Surkhandarya Vilayat have visa free access for up to 3 days within any month period.",1,https://en.wikipedia.org/w/index.php?title=Visa_policy_of_Uzbekistan&oldid=1377426196,ignored
Uzbekistan / Bukhara Region,Uzbekistan,UZ,Bukhara Vilayat,Bukhara Region,Q487372,Visa exemption / Ordinary passports / Conditional visa exemption,"Turkmenistan - residents of Dashoghuz Velayat and Lebap Velayat of Turkmenistan have visa free access to Khorazm Vilayat and Bukhara Vilayat as well as to Amudarya, Khojayli, Shumanay, Qonghirat districts and the Takhiatash city of Karakalpakstan and to Dehkanabad, Guzar, Nishan and Mirishkar districts of Qashqadarya Vilayat and to Sherabad and Muzrabat districts of Surkhandarya Vilayat have visa free access for up to 3 days within any month period.",1,https://en.wikipedia.org/w/index.php?title=Visa_policy_of_Uzbekistan&oldid=1377426196,ignored
Uzbekistan / Dehqonobod District,Uzbekistan,UZ,Dehkanabad,Dehqonobod District,Q1646717,Visa exemption / Ordinary passports / Conditional visa exemption,"Turkmenistan - residents of Dashoghuz Velayat and Lebap Velayat of Turkmenistan have visa free access to Khorazm Vilayat and Bukhara Vilayat as well as to Amudarya, Khojayli, Shumanay, Qonghirat districts and the Takhiatash city of Karakalpakstan and to Dehkanabad, Guzar, Nishan and Mirishkar districts of Qashqadarya Vilayat and to Sherabad and Muzrabat districts of Surkhandarya Vilayat have visa free access for up to 3 days within any month period.",1,https://en.wikipedia.org/w/index.php?title=Visa_policy_of_Uzbekistan&oldid=1377426196,ignored
Uzbekistan / Gʻuzor District,Uzbekistan,UZ,Guzar,Gʻuzor District,Q1645130,Visa exemption / Ordinary passports / Conditional visa exemption,"Turkmenistan - residents of Dashoghuz Velayat and Lebap Velayat of Turkmenistan have visa free access to Khorazm Vilayat and Bukhara Vilayat as well as to Amudarya, Khojayli, Shumanay, Qonghirat districts and the Takhiatash city of Karakalpakstan and to Dehkanabad, Guzar, Nishan and Mirishkar districts of Qashqadarya Vilayat and to Sherabad and Muzrabat districts of Surkhandarya Vilayat have visa free access for up to 3 days within any month period.",1,https://en.wikipedia.org/w/index.php?title=Visa_policy_of_Uzbekistan&oldid=1377426196,ignored
Uzbekistan / Karakalpakstan,Uzbekistan,UZ,Karakalpakstan,Karakalpakstan,Q484245,Visa exemption / Ordinary passports / Conditional visa exemption,"Turkmenistan - residents of Dashoghuz Velayat and Lebap Velayat of Turkmenistan have visa free access to Khorazm Vilayat and Bukhara Vilayat as well as to Amudarya, Khojayli, Shumanay, Qonghirat districts and the Takhiatash city of Karakalpakstan and to Dehkanabad, Guzar, Nishan and Mirishkar districts of Qashqadarya Vilayat and to Sherabad and Muzrabat districts of Surkhandarya Vilayat have visa free access for up to 3 days within any month period.",1,https://en.wikipedia.org/w/index.php?title=Visa_policy_of_Uzbekistan&oldid=1377426196,ignored
Uzbekistan / Khorazm Region,Uzbekistan,UZ,Khorazm Vilayat,Khorazm Region,Q487561,Visa exemption / Ordinary passports / Conditional visa exemption,"Turkmenistan - residents of Dashoghuz Velayat and Lebap Velayat of Turkmenistan have visa free access to Khorazm Vilayat and Bukhara Vilayat as well as to Amudarya, Khojayli, Shumanay, Qonghirat districts and the Takhiatash city of Karakalpakstan and to Dehkanabad, Guzar, Nishan and Mirishkar districts of Qashqadarya Vilayat and to Sherabad and Muzrabat districts of Surkhandarya Vilayat have visa free access for up to 3 days within any month period.",1,https://en.wikipedia.org/w/index.php?title=Visa_policy_of_Uzbekistan&oldid=1377426196,ignored
Uzbekistan / Mirishkor District,Uzbekistan,UZ,Mirishkar,Mirishkor District,Q1645106,Visa exemption / Ordinary passports / Conditional visa exemption,"Turkmenistan - residents of Dashoghuz Velayat and Lebap Velayat of Turkmenistan have visa free access to Khorazm Vilayat and Bukhara Vilayat as well as to Amudarya, Khojayli, Shumanay, Qonghirat districts and the Takhiatash city of Karakalpakstan and to Dehkanabad, Guzar, Nishan and Mirishkar districts of Qashqadarya Vilayat and to Sherabad and Muzrabat districts of Surkhandarya Vilayat have visa free access for up to 3 days within any month period.",1,https://en.wikipedia.org/w/index.php?title=Visa_policy_of_Uzbekistan&oldid=1377426196,ignored
Uzbekistan / Muzrabot District,Uzbekistan,UZ,Muzrabat,Muzrabot District,Q3711209,Visa exemption / Ordinary passports / Conditional visa exemption,"Turkmenistan - residents of Dashoghuz Velayat and Lebap Velayat of Turkmenistan have visa free access to Khorazm Vilayat and Bukhara Vilayat as well as to Amudarya, Khojayli, Shumanay, Qonghirat districts and the Takhiatash city of Karakalpakstan and to Dehkanabad, Guzar, Nishan and Mirishkar districts of Qashqadarya Vilayat and to Sherabad and Muzrabat districts of Surkhandarya Vilayat have visa free access for up to 3 days within any month period.",1,https://en.wikipedia.org/w/index.php?title=Visa_policy_of_Uzbekistan&oldid=1377426196,ignored
Uzbekistan / Nishon District,Uzbekistan,UZ,Nishan,Nishon District,Q972054,Visa exemption / Ordinary passports / Conditional visa exemption,"Turkmenistan - residents of Dashoghuz Velayat and Lebap Velayat of Turkmenistan have visa free access to Khorazm Vilayat and Bukhara Vilayat as well as to Amudarya, Khojayli, Shumanay, Qonghirat districts and the Takhiatash city of Karakalpakstan and to Dehkanabad, Guzar, Nishan and Mirishkar districts of Qashqadarya Vilayat and to Sherabad and Muzrabat districts of Surkhandarya Vilayat have visa free access for up to 3 days within any month period.",1,https://en.wikipedia.org/w/index.php?title=Visa_policy_of_Uzbekistan&oldid=1377426196,ignored
Uzbekistan / Qashqadaryo Region,Uzbekistan,UZ,Qashqadarya Vilayat,Qashqadaryo Region,Q487577,Visa exemption / Ordinary passports / Conditional visa exemption,"Turkmenistan - residents of Dashoghuz Velayat and Lebap Velayat of Turkmenistan have visa free access to Khorazm Vilayat and Bukhara Vilayat as well as to Amudarya, Khojayli, Shumanay, Qonghirat districts and the Takhiatash city of Karakalpakstan and to Dehkanabad, Guzar, Nishan and Mirishkar districts of Qashqadarya Vilayat and to Sherabad and Muzrabat districts of Surkhandarya Vilayat have visa free access for up to 3 days within any month period.",1,https://en.wikipedia.org/w/index.php?title=Visa_policy_of_Uzbekistan&oldid=1377426196,ignored
Uzbekistan / Qońırat district,Uzbekistan,UZ,Qonghirat,Qońırat district,Q2609569,Visa exemption / Ordinary passports / Conditional visa exemption,"Turkmenistan - residents of Dashoghuz Velayat and Lebap Velayat of Turkmenistan have visa free access to Khorazm Vilayat and Bukhara Vilayat as well as to Amudarya, Khojayli, Shumanay, Qonghirat districts and the Takhiatash city of Karakalpakstan and to Dehkanabad, Guzar, Nishan and Mirishkar districts of Qashqadarya Vilayat and to Sherabad and Muzrabat districts of Surkhandarya Vilayat have visa free access for up to 3 days within any month period.",1,https://en.wikipedia.org/w/index.php?title=Visa_policy_of_Uzbekistan&oldid=1377426196,ignored
Uzbekistan / Sherobod District,Uzbekistan,UZ,Sherabad,Sherobod District,Q1645173,Visa exemption / Ordinary passports / Conditional visa exemption,"Turkmenistan - residents of Dashoghuz Velayat and Lebap Velayat of Turkmenistan have visa free access to Khorazm Vilayat and Bukhara Vilayat as well as to Amudarya, Khojayli, Shumanay, Qonghirat districts and the Takhiatash city of Karakalpakstan and to Dehkanabad, Guzar, Nishan and Mirishkar districts of Qashqadarya Vilayat and to Sherabad and Muzrabat districts of Surkhandarya Vilayat have visa free access for up to 3 days within any month period.",1,https://en.wikipedia.org/w/index.php?title=Visa_policy_of_Uzbekistan&oldid=1377426196,ignored
Uzbekistan / Shomanay district,Uzbekistan,UZ,Shumanay,Shomanay district,Q693197,Visa exemption / Ordinary passports / Conditional visa exemption,"Turkmenistan - residents of Dashoghuz Velayat and Lebap Velayat of Turkmenistan have visa free access to Khorazm Vilayat and Bukhara Vilayat as well as to Amudarya, Khojayli, Shumanay, Qonghirat districts and the Takhiatash city of Karakalpakstan and to Dehkanabad, Guzar, Nishan and Mirishkar districts of Qashqadarya Vilayat and to Sherabad and Muzrabat districts of Surkhandarya Vilayat have visa free access for up to 3 days within any month period.",1,https://en.wikipedia.org/w/index.php?title=Visa_policy_of_Uzbekistan&oldid=1377426196,ignored
Uzbekistan / Surxondaryo Region,Uzbekistan,UZ,Surkhandarya Vilayat,Surxondaryo Region,Q487537,Visa exemption / Ordinary passports / Conditional visa exemption,"Turkmenistan - residents of Dashoghuz Velayat and Lebap Velayat of Turkmenistan have visa free access to Khorazm Vilayat and Bukhara Vilayat as well as to Amudarya, Khojayli, Shumanay, Qonghirat districts and the Takhiatash city of Karakalpakstan and to Dehkanabad, Guzar, Nishan and Mirishkar districts of Qashqadarya Vilayat and to Sherabad and Muzrabat districts of Surkhandarya Vilayat have visa free access for up to 3 days within any month period.",1,https://en.wikipedia.org/w/index.php?title=Visa_policy_of_Uzbekistan&oldid=1377426196,ignored
Uzbekistan / Taqiyatas,Uzbekistan,UZ,Takhiatash,Taqiyatas,Q951239,Visa exemption / Ordinary passports / Conditional visa exemption,"Turkmenistan - residents of Dashoghuz Velayat and Lebap Velayat of Turkmenistan have visa free access to Khorazm Vilayat and Bukhara Vilayat as well as to Amudarya, Khojayli, Shumanay, Qonghirat districts and the Takhiatash city of Karakalpakstan and to Dehkanabad, Guzar, Nishan and Mirishkar districts of Qashqadarya Vilayat and to Sherabad and Muzrabat districts of Surkhandarya Vilayat have visa free access for up to 3 days within any month period.",1,https://en.wikipedia.org/w/index.php?title=Visa_policy_of_Uzbekistan&oldid=1377426196,ignored
Uzbekistan / Xojeli district,Uzbekistan,UZ,Khojayli,Xojeli district,Q2603630,Visa exemption / Ordinary passports / Conditional visa exemption,"Turkmenistan - residents of Dashoghuz Velayat and Lebap Velayat of Turkmenistan have visa free access to Khorazm Vilayat and Bukhara Vilayat as well as to Amudarya, Khojayli, Shumanay, Qonghirat districts and the Takhiatash city of Karakalpakstan and to Dehkanabad, Guzar, Nishan and Mirishkar districts of Qashqadarya Vilayat and to Sherabad and Muzrabat districts of Surkhandarya Vilayat have visa free access for up to 3 days within any month period.",1,https://en.wikipedia.org/w/index.php?title=Visa_policy_of_Uzbekistan&oldid=1377426196,ignored
Vietnam / Da Lat,Vietnam,VN,Da Lat,Da Lat,Q25281,Pre-arranged visa on arrival,"Holders of a visa letter issued and stamped in Hanoi or Da Nang or Ho Chi Minh City by the Vietnamese Immigration Department within the Ministry of Public Security or the Consular Department of the Ministry of Foreign Affairs may obtain a visa on arrival for a maximum stay of 1 or 3 months at airports in Hanoi, Ho Chi Minh City, Da Nang, Phu Quoc, Hai Phong, Da Lat or Nha Trang.",1,https://en.wikipedia.org/w/index.php?title=Visa_policy_of_Vietnam&oldid=1376727621,ignored
Vietnam / Da Nang,Vietnam,VN,Da Nang,Da Nang,Q25282,Pre-arranged visa on arrival,"Holders of a visa letter issued and stamped in Hanoi or Da Nang or Ho Chi Minh City by the Vietnamese Immigration Department within the Ministry of Public Security or the Consular Department of the Ministry of Foreign Affairs may obtain a visa on arrival for a maximum stay of 1 or 3 months at airports in Hanoi, Ho Chi Minh City, Da Nang, Phu Quoc, Hai Phong, Da Lat or Nha Trang.",1,https://en.wikipedia.org/w/index.php?title=Visa_policy_of_Vietnam&oldid=1376727621,ignored
Vietnam / Haiphong,Vietnam,VN,Hai Phong,Haiphong,Q72818,Pre-arranged visa on arrival,"Holders of a visa letter issued and stamped in Hanoi or Da Nang or Ho Chi Minh City by the Vietnamese Immigration Department within the Ministry of Public Security or the Consular Department of the Ministry of Foreign Affairs may obtain a visa on arrival for a maximum stay of 1 or 3 months at airports in Hanoi, Ho Chi Minh City, Da Nang, Phu Quoc, Hai Phong, Da Lat or Nha Trang.",1,https://en.wikipedia.org/w/index.php?title=Visa_policy_of_Vietnam&oldid=1376727621,ignored
Vietnam / Hanoi,Vietnam,VN,Hanoi,Hanoi,Q1858,Pre-arranged visa on arrival,"Holders of a visa letter issued and stamped in Hanoi or Da Nang or Ho Chi Minh City by the Vietnamese Immigration Department within the Ministry of Public Security or the Consular Department of the Ministry of Foreign Affairs may obtain a visa on arrival for a maximum stay of 1 or 3 months at airports in Hanoi, Ho Chi Minh City, Da Nang, Phu Quoc, Hai Phong, Da Lat or Nha Trang.",1,https://en.wikipedia.org/w/index.php?title=Visa_policy_of_Vietnam&oldid=1376727621,ignored
Vietnam / Ho Chi Minh City,Vietnam,VN,Ho Chi Minh City,Ho Chi Minh City,Q1854,Pre-arranged visa on arrival,"Holders of a visa letter issued and stamped in Hanoi or Da Nang or Ho Chi Minh City by the Vietnamese Immigration Department within the Ministry of Public Security or the Consular Department of the Ministry of Foreign Affairs may obtain a visa on arrival for a maximum stay of 1 or 3 months at airports in Hanoi, Ho Chi Minh City, Da Nang, Phu Quoc, Hai Phong, Da Lat or Nha Trang.",1,https://en.wikipedia.org/w/index.php?title=Visa_policy_of_Vietnam&oldid=1376727621,ignored
Vietnam / Ministry of Public Security (Vietnam),Vietnam,VN,Ministry of Public Security,Ministry of Public Security (Vietnam),Q6867472,Pre-arranged visa on arrival,"Holders of a visa letter issued and stamped in Hanoi or Da Nang or Ho Chi Minh City by the Vietnamese Immigration Department within the Ministry of Public Security or the Consular Department of the Ministry of Foreign Affairs may obtain a visa on arrival for a maximum stay of 1 or 3 months at airports in Hanoi, Ho Chi Minh City, Da Nang, Phu Quoc, Hai Phong, Da Lat or Nha Trang.",1,https://en.wikipedia.org/w/index.php?title=Visa_policy_of_Vietnam&oldid=1376727621,ignored
Vietnam / National Assembly of Vietnam,Vietnam,VN,National Assembly of Vietnam,National Assembly of Vietnam,Q1765001,History,"In 2014, the National Assembly of Vietnam issued the Law on Entry, Exit, Transit, and Residence of Foreigners in Vietnam (No. 47/2014/QH13), which is the highest legal document that regulates all activities related to the entry, exit, transit, and residence of foreigners in Vietnam.",1,https://en.wikipedia.org/w/index.php?title=Visa_policy_of_Vietnam&oldid=1376727621,ignored
Vietnam / Nha Trang,Vietnam,VN,Nha Trang,Nha Trang,Q138640987,Pre-arranged visa on arrival,"Holders of a visa letter issued and stamped in Hanoi or Da Nang or Ho Chi Minh City by the Vietnamese Immigration Department within the Ministry of Public Security or the Consular Department of the Ministry of Foreign Affairs may obtain a visa on arrival for a maximum stay of 1 or 3 months at airports in Hanoi, Ho Chi Minh City, Da Nang, Phu Quoc, Hai Phong, Da Lat or Nha Trang.",1,https://en.wikipedia.org/w/index.php?title=Visa_policy_of_Vietnam&oldid=1376727621,ignored
Vietnam / Phú Quốc,Vietnam,VN,Phu Quoc Island,Phú Quốc,Q146695,Phu Quoc Island,Phu Quoc Island has a special visa exemption for all foreign visitors arriving directly by air or sea from outside Vietnam.,3,https://en.wikipedia.org/w/index.php?title=Visa_policy_of_Vietnam&oldid=1376727621,mapped
mainland China / Beihai,mainland China,CN,Beihai,Beihai,Q210365,Visa-free transit / 240-hour visa-free transit (10 days) / Eligible areas to stay,"Guangxi Zhuang Autonomous Region (Nanning, Liuzhou, Guilin, Wuzhou, Beihai, Fangchenggang, Qinzhou, Guigang, Yulin, Hezhou, Hechi, Laibin)",2,https://en.wikipedia.org/w/index.php?title=Visa_policy_of_mainland_China&oldid=1377000183,mapped
mainland China / Beihai Fucheng Airport,mainland China,CN,Beihai,Beihai Fucheng Airport,Q1655239,Visa-free transit / 240-hour visa-free transit (10 days) / Eligible areas to stay,"Guangxi Zhuang Autonomous Region (Nanning, Liuzhou, Guilin, Wuzhou, Beihai, Fangchenggang, Qinzhou, Guigang, Yulin, Hezhou, Hechi, Laibin)",2,https://en.wikipedia.org/w/index.php?title=Visa_policy_of_mainland_China&oldid=1377000183,mapped
mainland China / Beijing,mainland China,CN,Beijing,Beijing,Q956,Visa-free transit / 240-hour visa-free transit (10 days),"Cross-mode transit (air, rail, sea, land), inter-provincial travel within the 24 eligible provinces and direct-administered municipalities (Beijing, Tianjin, Shanghai, Chongqing), and departing from a different port than the port of entry, are permitted.",2,https://en.wikipedia.org/w/index.php?title=Visa_policy_of_mainland_China&oldid=1377000183,mapped
mainland China / Chongqing,mainland China,CN,Chongqing,Chongqing,Q11725,Visa-free transit / 240-hour visa-free transit (10 days),"Cross-mode transit (air, rail, sea, land), inter-provincial travel within the 24 eligible provinces and direct-administered municipalities (Beijing, Tianjin, Shanghai, Chongqing), and departing from a different port than the port of entry, are permitted.",1,https://en.wikipedia.org/w/index.php?title=Visa_policy_of_mainland_China&oldid=1377000183,mapped
mainland China / Chongqing Jiangbei International Airport,mainland China,CN,Chongqing,Chongqing Jiangbei International Airport,Q788417,Visa-free transit / 240-hour visa-free transit (10 days),"Cross-mode transit (air, rail, sea, land), inter-provincial travel within the 24 eligible provinces and direct-administered municipalities (Beijing, Tianjin, Shanghai, Chongqing), and departing from a different port than the port of entry, are permitted.",1,https://en.wikipedia.org/w/index.php?title=Visa_policy_of_mainland_China&oldid=1377000183,mapped
mainland China / Dalian,mainland China,CN,Dalian,Dalian,Q74881,Region-specific visa policy / Cruise ship visitors,"Non visa-exempt citizens traveling with tour groups on cruise ships may enter via all cruise ship ports along China's coastline, including Tianjin, Dalian, Lianyungang, Shanghai, Zhoushan, Wenzhou, Xiamen, Qingdao, Guangzhou, Shenzhen, Beihai, Haikou and Sanya.",1,https://en.wikipedia.org/w/index.php?title=Visa_policy_of_mainland_China&oldid=1377000183,mapped
mainland China / Dalian Zhoushuizi International Airport,mainland China,CN,Dalian,Dalian Zhoushuizi International Airport,Q965083,Region-specific visa policy / Cruise ship visitors,"Non visa-exempt citizens traveling with tour groups on cruise ships may enter via all cruise ship ports along China's coastline, including Tianjin, Dalian, Lianyungang, Shanghai, Zhoushan, Wenzhou, Xiamen, Qingdao, Guangzhou, Shenzhen, Beihai, Haikou and Sanya.",1,https://en.wikipedia.org/w/index.php?title=Visa_policy_of_mainland_China&oldid=1377000183,mapped
mainland China / Fangchenggang,mainland China,CN,Fangchenggang,Fangchenggang,Q571712,Visa-free transit / 240-hour visa-free transit (10 days) / Eligible areas to stay,"Guangxi Zhuang Autonomous Region (Nanning, Liuzhou, Guilin, Wuzhou, Beihai, Fangchenggang, Qinzhou, Guigang, Yulin, Hezhou, Hechi, Laibin)",1,https://en.wikipedia.org/w/index.php?title=Visa_policy_of_mainland_China&oldid=1377000183,mapped
mainland China / Guangxi,mainland China,CN,Guangxi Zhuang Autonomous Region,Guangxi,Q15176,Visa-free transit / 240-hour visa-free transit (10 days) / Eligible areas to stay,"Guangxi Zhuang Autonomous Region (Nanning, Liuzhou, Guilin, Wuzhou, Beihai, Fangchenggang, Qinzhou, Guigang, Yulin, Hezhou, Hechi, Laibin)",2,https://en.wikipedia.org/w/index.php?title=Visa_policy_of_mainland_China&oldid=1377000183,mapped
mainland China / Guangzhou,mainland China,CN,Guangzhou,Guangzhou,Q16572,Visa-free transit / 24-hour Transit Without a Visa / Nationality-specific restrictions,Syrian citizens are not eligible for visa exemption transit in Guangzhou Baiyun International Airport.,2,https://en.wikipedia.org/w/index.php?title=Visa_policy_of_mainland_China&oldid=1377000183,mapped
mainland China / Guangzhou Baiyun International Airport,mainland China,CN,Guangzhou Baiyun International Airport,Guangzhou Baiyun International Airport,Q44868,Visa-free transit / 24-hour Transit Without a Visa / Nationality-specific restrictions,Syrian citizens are not eligible for visa exemption transit in Guangzhou Baiyun International Airport.,2,https://en.wikipedia.org/w/index.php?title=Visa_policy_of_mainland_China&oldid=1377000183,mapped
mainland China / Guigang,mainland China,CN,Guigang,Guigang,Q571808,Visa-free transit / 240-hour visa-free transit (10 days) / Eligible areas to stay,"Guangxi Zhuang Autonomous Region (Nanning, Liuzhou, Guilin, Wuzhou, Beihai, Fangchenggang, Qinzhou, Guigang, Yulin, Hezhou, Hechi, Laibin)",1,https://en.wikipedia.org/w/index.php?title=Visa_policy_of_mainland_China&oldid=1377000183,mapped
mainland China / Guilin,mainland China,CN,Guilin,Guilin,Q189633,Visa-free transit / 240-hour visa-free transit (10 days) / Eligible areas to stay,"Guangxi Zhuang Autonomous Region (Nanning, Liuzhou, Guilin, Wuzhou, Beihai, Fangchenggang, Qinzhou, Guigang, Yulin, Hezhou, Hechi, Laibin)",2,https://en.wikipedia.org/w/index.php?title=Visa_policy_of_mainland_China&oldid=1377000183,mapped
mainland China / Guilin Liangjiang International Airport,mainland China,CN,Guilin,Guilin Liangjiang International Airport,Q1197688,Visa-free transit / 240-hour visa-free transit (10 days) / Eligible areas to stay,"Guangxi Zhuang Autonomous Region (Nanning, Liuzhou, Guilin, Wuzhou, Beihai, Fangchenggang, Qinzhou, Guigang, Yulin, Hezhou, Hechi, Laibin)",2,https://en.wikipedia.org/w/index.php?title=Visa_policy_of_mainland_China&oldid=1377000183,mapped
mainland China / Haikou,mainland China,CN,Haikou,Haikou,Q189823,Region-specific visa policy / Cruise ship visitors,"Non visa-exempt citizens traveling with tour groups on cruise ships may enter via all cruise ship ports along China's coastline, including Tianjin, Dalian, Lianyungang, Shanghai, Zhoushan, Wenzhou, Xiamen, Qingdao, Guangzhou, Shenzhen, Beihai, Haikou and Sanya.",1,https://en.wikipedia.org/w/index.php?title=Visa_policy_of_mainland_China&oldid=1377000183,mapped
mainland China / Haikou Meilan International Airport,mainland China,CN,Haikou,Haikou Meilan International Airport,Q1143116,Region-specific visa policy / Cruise ship visitors,"Non visa-exempt citizens traveling with tour groups on cruise ships may enter via all cruise ship ports along China's coastline, including Tianjin, Dalian, Lianyungang, Shanghai, Zhoushan, Wenzhou, Xiamen, Qingdao, Guangzhou, Shenzhen, Beihai, Haikou and Sanya.",1,https://en.wikipedia.org/w/index.php?title=Visa_policy_of_mainland_China&oldid=1377000183,mapped
mainland China / Haikou Xiuying Port,mainland China,CN,Haikou,Haikou Xiuying Port,Q5639147,Region-specific visa policy / Cruise ship visitors,"Non visa-exempt citizens traveling with tour groups on cruise ships may enter via all cruise ship ports along China's coastline, including Tianjin, Dalian, Lianyungang, Shanghai, Zhoushan, Wenzhou, Xiamen, Qingdao, Guangzhou, Shenzhen, Beihai, Haikou and Sanya.",1,https://en.wikipedia.org/w/index.php?title=Visa_policy_of_mainland_China&oldid=1377000183,mapped
mainland China / Hainan,mainland China,CN,Hainan,Hainan,Q42200,Region-specific visa policy / Hainan Visa-free Program / Personal Visa-free Program,"In 2010, China granted visa-free access to citizens of 26 countries who visited Hainan.",6,https://en.wikipedia.org/w/index.php?title=Visa_policy_of_mainland_China&oldid=1377000183,mapped
mainland China / Hechi,mainland China,CN,Hechi,Hechi,Q572089,Visa-free transit / 240-hour visa-free transit (10 days) / Eligible areas to stay,"Guangxi Zhuang Autonomous Region (Nanning, Liuzhou, Guilin, Wuzhou, Beihai, Fangchenggang, Qinzhou, Guigang, Yulin, Hezhou, Hechi, Laibin)",1,https://en.wikipedia.org/w/index.php?title=Visa_policy_of_mainland_China&oldid=1377000183,mapped
mainland China / Hezhou,mainland China,CN,Hezhou,Hezhou,Q572014,Visa-free transit / 240-hour visa-free transit (10 days) / Eligible areas to stay,"Guangxi Zhuang Autonomous Region (Nanning, Liuzhou, Guilin, Wuzhou, Beihai, Fangchenggang, Qinzhou, Guigang, Yulin, Hezhou, Hechi, Laibin)",1,https://en.wikipedia.org/w/index.php?title=Visa_policy_of_mainland_China&oldid=1377000183,mapped
mainland China / Hong Kong,mainland China,CN,Hong Kong,Hong Kong,Q8646,,"Hong Kong, Macau and Taiwan maintain independent visa policies, so foreign nationals traveling to these regions must apply for separate visas if not exempt.",19,https://en.wikipedia.org/w/index.php?title=Visa_policy_of_mainland_China&oldid=1377000183,unmapped
mainland China / Hong Kong–Zhuhai–Macao Bridge Zhuhai–Macao Port,mainland China,CN,Zhuhai,Hong Kong–Zhuhai–Macao Bridge Zhuhai–Macao Port,Q28796013,Region-specific visa policy / Special Economic Zone visa on arrival,"Visitors from most countries may obtain an entry visa when traveling to and staying solely in three of China's special economic zones: Shenzhen, Zhuhai and Xiamen.",2,https://en.wikipedia.org/w/index.php?title=Visa_policy_of_mainland_China&oldid=1377000183,mapped
mainland China / Huanggang Port,mainland China,CN,Huanggang,Huanggang Port,Q5925913,"Entry procedures for Hong Kong SAR, Macau SAR and Taiwan / Chinese citizens of Hong Kong or Macau Special Administrative Regions (SARs)","Those who need to travel to mainland China urgently but do not have a valid Home Return Permit may apply for a Chinese Exit and Entry Permit, also only through the CTS, in Hong Kong or Macau or at the ports of Luohu and Huanggang.",1,https://en.wikipedia.org/w/index.php?title=Visa_policy_of_mainland_China&oldid=1377000183,ignored
mainland China / Laibin,mainland China,CN,Laibin,Laibin,Q572140,Visa-free transit / 240-hour visa-free transit (10 days) / Eligible areas to stay,"Guangxi Zhuang Autonomous Region (Nanning, Liuzhou, Guilin, Wuzhou, Beihai, Fangchenggang, Qinzhou, Guigang, Yulin, Hezhou, Hechi, Laibin)",1,https://en.wikipedia.org/w/index.php?title=Visa_policy_of_mainland_China&oldid=1377000183,mapped
mainland China / Lianyungang,mainland China,CN,Lianyungang,Lianyungang,Q57756,Region-specific visa policy / Cruise ship visitors,"Non visa-exempt citizens traveling with tour groups on cruise ships may enter via all cruise ship ports along China's coastline, including Tianjin, Dalian, Lianyungang, Shanghai, Zhoushan, Wenzhou, Xiamen, Qingdao, Guangzhou, Shenzhen, Beihai, Haikou and Sanya.",1,https://en.wikipedia.org/w/index.php?title=Visa_policy_of_mainland_China&oldid=1377000183,mapped
mainland China / Liuzhou,mainland China,CN,Liuzhou,Liuzhou,Q38968,Visa-free transit / 240-hour visa-free transit (10 days) / Eligible areas to stay,"Guangxi Zhuang Autonomous Region (Nanning, Liuzhou, Guilin, Wuzhou, Beihai, Fangchenggang, Qinzhou, Guigang, Yulin, Hezhou, Hechi, Laibin)",1,https://en.wikipedia.org/w/index.php?title=Visa_policy_of_mainland_China&oldid=1377000183,mapped
mainland China / Luohu Port,mainland China,CN,Luohu,Luohu Port,Q877115,"Entry procedures for Hong Kong SAR, Macau SAR and Taiwan / Chinese citizens of Hong Kong or Macau Special Administrative Regions (SARs)","Those who need to travel to mainland China urgently but do not have a valid Home Return Permit may apply for a Chinese Exit and Entry Permit, also only through the CTS, in Hong Kong or Macau or at the ports of Luohu and Huanggang.",1,https://en.wikipedia.org/w/index.php?title=Visa_policy_of_mainland_China&oldid=1377000183,ignored
mainland China / Macau,mainland China,CN,Macau,Macau,Q14773,,"Hong Kong, Macau and Taiwan maintain independent visa policies, so foreign nationals traveling to these regions must apply for separate visas if not exempt.",14,https://en.wikipedia.org/w/index.php?title=Visa_policy_of_mainland_China&oldid=1377000183,unmapped
mainland China / Mainland China,mainland China,CN,mainland,Mainland China,Q19188,,"As the PRC government claim all three regions as inalienable territories of China under the One China principle, permanent residents of Hong Kong and Macau and citizens of Taiwan may only travel to mainland China with a Mainland Travel Permit, rather than a passport or visa.",24,https://en.wikipedia.org/w/index.php?title=Visa_policy_of_mainland_China&oldid=1377000183,ignored
mainland China / Ministry of Foreign Affairs (China),mainland China,CN,Ministry of Foreign Affairs,Ministry of Foreign Affairs (China),Q1155502,"Overview of Chinese visas / Validity, number of entries and duration of each stay of Chinese visas",Members of foreign diplomatic or consular missions in China must also apply for a residence permit at the Ministry of Foreign Affairs (MFA) or local Foreign Affairs Offices (FSOs) within 30 days of entry into China.,1,https://en.wikipedia.org/w/index.php?title=Visa_policy_of_mainland_China&oldid=1377000183,ignored
mainland China / Mohan railway station,mainland China,CN,Mohan Railway Port,Mohan railway station,Q108417976,Region-specific visa policy / Visa-free for ASEAN tour groups,"Tourists from ASEAN member states may visit Guilin, Guangxi or Xishuangbanna, Yunnan without a visa for a maximum of 6 days if they travel with an approved tour group and enter and exit China through Guilin Liangjiang International Airport or Xishuangbanna Gasa International Airport, Mohan Railway Port and Mohan Highway Port.",1,https://en.wikipedia.org/w/index.php?title=Visa_policy_of_mainland_China&oldid=1377000183,mapped
"mainland China / Mohan, Yunnan",mainland China,CN,Mohan Highway Port,"Mohan, Yunnan",Q14283094,Region-specific visa policy / Visa-free for ASEAN tour groups,"Tourists from ASEAN member states may visit Guilin, Guangxi or Xishuangbanna, Yunnan without a visa for a maximum of 6 days if they travel with an approved tour group and enter and exit China through Guilin Liangjiang International Airport or Xishuangbanna Gasa International Airport, Mohan Railway Port and Mohan Highway Port.",1,https://en.wikipedia.org/w/index.php?title=Visa_policy_of_mainland_China&oldid=1377000183,mapped
mainland China / Mount Kailash,mainland China,CN,Kailash,Mount Kailash,Q229107,Region-specific restrictions and permit / Tibet Autonomous Region,"There are several other permit types in addition to the basic TTP: a border permit for visiting border areas such as North Everest base camp and Kailash, a military permit for visiting Kailash, overland journeys between Nepal and China, and international flights from Hong Kong or Kathmandu.",1,https://en.wikipedia.org/w/index.php?title=Visa_policy_of_mainland_China&oldid=1377000183,unmapped
mainland China / Nanning,mainland China,CN,Nanning,Nanning,Q179608,Visa-free transit / 240-hour visa-free transit (10 days) / Eligible areas to stay,"Guangxi Zhuang Autonomous Region (Nanning, Liuzhou, Guilin, Wuzhou, Beihai, Fangchenggang, Qinzhou, Guigang, Yulin, Hezhou, Hechi, Laibin)",1,https://en.wikipedia.org/w/index.php?title=Visa_policy_of_mainland_China&oldid=1377000183,mapped
mainland China / Nanning Wuxu International Airport,mainland China,CN,Nanning,Nanning Wuxu International Airport,Q3238350,Visa-free transit / 240-hour visa-free transit (10 days) / Eligible areas to stay,"Guangxi Zhuang Autonomous Region (Nanning, Liuzhou, Guilin, Wuzhou, Beihai, Fangchenggang, Qinzhou, Guigang, Yulin, Hezhou, Hechi, Laibin)",1,https://en.wikipedia.org/w/index.php?title=Visa_policy_of_mainland_China&oldid=1377000183,mapped
mainland China / Pearl River Delta,mainland China,CN,Pearl River Delta,Pearl River Delta,Q1144286,Region-specific visa policy / Visa-free for tour groups to Pearl River Delta from Special Administrative Regions,All visitors to Hong Kong or Macau are able to visit the surrounding Pearl River Delta without a visa as long as the following conditions are met:,2,https://en.wikipedia.org/w/index.php?title=Visa_policy_of_mainland_China&oldid=1377000183,mapped
mainland China / Port of Beibu Gulf,mainland China,CN,Beihai,Port of Beibu Gulf,Q117450420,Visa-free transit / 240-hour visa-free transit (10 days) / Eligible areas to stay,"Guangxi Zhuang Autonomous Region (Nanning, Liuzhou, Guilin, Wuzhou, Beihai, Fangchenggang, Qinzhou, Guigang, Yulin, Hezhou, Hechi, Laibin)",2,https://en.wikipedia.org/w/index.php?title=Visa_policy_of_mainland_China&oldid=1377000183,mapped
mainland China / Port of Dalian,mainland China,CN,Dalian,Port of Dalian,Q1703582,Region-specific visa policy / Cruise ship visitors,"Non visa-exempt citizens traveling with tour groups on cruise ships may enter via all cruise ship ports along China's coastline, including Tianjin, Dalian, Lianyungang, Shanghai, Zhoushan, Wenzhou, Xiamen, Qingdao, Guangzhou, Shenzhen, Beihai, Haikou and Sanya.",1,https://en.wikipedia.org/w/index.php?title=Visa_policy_of_mainland_China&oldid=1377000183,mapped
mainland China / Port of Lianyungang,mainland China,CN,Lianyungang,Port of Lianyungang,Q17061336,Region-specific visa policy / Cruise ship visitors,"Non visa-exempt citizens traveling with tour groups on cruise ships may enter via all cruise ship ports along China's coastline, including Tianjin, Dalian, Lianyungang, Shanghai, Zhoushan, Wenzhou, Xiamen, Qingdao, Guangzhou, Shenzhen, Beihai, Haikou and Sanya.",1,https://en.wikipedia.org/w/index.php?title=Visa_policy_of_mainland_China&oldid=1377000183,mapped
mainland China / Port of Ningbo-Zhoushan,mainland China,CN,Zhoushan,Port of Ningbo-Zhoushan,Q1703245,Region-specific visa policy / Cruise ship visitors,"Non visa-exempt citizens traveling with tour groups on cruise ships may enter via all cruise ship ports along China's coastline, including Tianjin, Dalian, Lianyungang, Shanghai, Zhoushan, Wenzhou, Xiamen, Qingdao, Guangzhou, Shenzhen, Beihai, Haikou and Sanya.",1,https://en.wikipedia.org/w/index.php?title=Visa_policy_of_mainland_China&oldid=1377000183,mapped
mainland China / Port of Shanghai,mainland China,CN,Shanghai,Port of Shanghai,Q1186077,Visa-free transit / 240-hour visa-free transit (10 days),"Cross-mode transit (air, rail, sea, land), inter-provincial travel within the 24 eligible provinces and direct-administered municipalities (Beijing, Tianjin, Shanghai, Chongqing), and departing from a different port than the port of entry, are permitted.",2,https://en.wikipedia.org/w/index.php?title=Visa_policy_of_mainland_China&oldid=1377000183,mapped
mainland China / Port of Tianjin,mainland China,CN,Tianjin,Port of Tianjin,Q1523501,Visa-free transit / 240-hour visa-free transit (10 days),"Cross-mode transit (air, rail, sea, land), inter-provincial travel within the 24 eligible provinces and direct-administered municipalities (Beijing, Tianjin, Shanghai, Chongqing), and departing from a different port than the port of entry, are permitted.",2,https://en.wikipedia.org/w/index.php?title=Visa_policy_of_mainland_China&oldid=1377000183,mapped
mainland China / Port of Wenzhou,mainland China,CN,Wenzhou,Port of Wenzhou,Q16898732,Region-specific visa policy / Cruise ship visitors,"Non visa-exempt citizens traveling with tour groups on cruise ships may enter via all cruise ship ports along China's coastline, including Tianjin, Dalian, Lianyungang, Shanghai, Zhoushan, Wenzhou, Xiamen, Qingdao, Guangzhou, Shenzhen, Beihai, Haikou and Sanya.",1,https://en.wikipedia.org/w/index.php?title=Visa_policy_of_mainland_China&oldid=1377000183,mapped
mainland China / Port of Xiamen,mainland China,CN,Xiamen,Port of Xiamen,Q3398592,Visa-free transit / 24-hour Transit Without a Visa / Nationality-specific restrictions,Citizens of the following countries are not eligible for visa exemption transit in Xiamen International Airport:,3,https://en.wikipedia.org/w/index.php?title=Visa_policy_of_mainland_China&oldid=1377000183,mapped
mainland China / Qingdao,mainland China,CN,Qingdao,Qingdao,Q170322,Region-specific visa policy / Cruise ship visitors,"Non visa-exempt citizens traveling with tour groups on cruise ships may enter via all cruise ship ports along China's coastline, including Tianjin, Dalian, Lianyungang, Shanghai, Zhoushan, Wenzhou, Xiamen, Qingdao, Guangzhou, Shenzhen, Beihai, Haikou and Sanya.",1,https://en.wikipedia.org/w/index.php?title=Visa_policy_of_mainland_China&oldid=1377000183,mapped
mainland China / Qingdao Jiaodong International Airport,mainland China,CN,Qingdao,Qingdao Jiaodong International Airport,Q15672491,Region-specific visa policy / Cruise ship visitors,"Non visa-exempt citizens traveling with tour groups on cruise ships may enter via all cruise ship ports along China's coastline, including Tianjin, Dalian, Lianyungang, Shanghai, Zhoushan, Wenzhou, Xiamen, Qingdao, Guangzhou, Shenzhen, Beihai, Haikou and Sanya.",1,https://en.wikipedia.org/w/index.php?title=Visa_policy_of_mainland_China&oldid=1377000183,mapped
mainland China / Qingdao Port,mainland China,CN,Qingdao,Qingdao Port,Q1068325,Region-specific visa policy / Cruise ship visitors,"Non visa-exempt citizens traveling with tour groups on cruise ships may enter via all cruise ship ports along China's coastline, including Tianjin, Dalian, Lianyungang, Shanghai, Zhoushan, Wenzhou, Xiamen, Qingdao, Guangzhou, Shenzhen, Beihai, Haikou and Sanya.",1,https://en.wikipedia.org/w/index.php?title=Visa_policy_of_mainland_China&oldid=1377000183,mapped
mainland China / Qinzhou,mainland China,CN,Qinzhou,Qinzhou,Q571766,Visa-free transit / 240-hour visa-free transit (10 days) / Eligible areas to stay,"Guangxi Zhuang Autonomous Region (Nanning, Liuzhou, Guilin, Wuzhou, Beihai, Fangchenggang, Qinzhou, Guigang, Yulin, Hezhou, Hechi, Laibin)",1,https://en.wikipedia.org/w/index.php?title=Visa_policy_of_mainland_China&oldid=1377000183,mapped
mainland China / Sanya,mainland China,CN,Sanya,Sanya,Q319804,Region-specific visa policy / Cruise ship visitors,"Non visa-exempt citizens traveling with tour groups on cruise ships may enter via all cruise ship ports along China's coastline, including Tianjin, Dalian, Lianyungang, Shanghai, Zhoushan, Wenzhou, Xiamen, Qingdao, Guangzhou, Shenzhen, Beihai, Haikou and Sanya.",1,https://en.wikipedia.org/w/index.php?title=Visa_policy_of_mainland_China&oldid=1377000183,mapped
mainland China / Sanya Phoenix International Airport,mainland China,CN,Sanya,Sanya Phoenix International Airport,Q684964,Region-specific visa policy / Cruise ship visitors,"Non visa-exempt citizens traveling with tour groups on cruise ships may enter via all cruise ship ports along China's coastline, including Tianjin, Dalian, Lianyungang, Shanghai, Zhoushan, Wenzhou, Xiamen, Qingdao, Guangzhou, Shenzhen, Beihai, Haikou and Sanya.",1,https://en.wikipedia.org/w/index.php?title=Visa_policy_of_mainland_China&oldid=1377000183,mapped
mainland China / Shanghai,mainland China,CN,Shanghai,Shanghai,Q8686,Visa-free transit / 240-hour visa-free transit (10 days),"Cross-mode transit (air, rail, sea, land), inter-provincial travel within the 24 eligible provinces and direct-administered municipalities (Beijing, Tianjin, Shanghai, Chongqing), and departing from a different port than the port of entry, are permitted.",2,https://en.wikipedia.org/w/index.php?title=Visa_policy_of_mainland_China&oldid=1377000183,mapped
mainland China / Shenzhen,mainland China,CN,Shenzhen,Shenzhen,Q15174,Region-specific visa policy / Cruise ship visitors,"Non visa-exempt citizens traveling with tour groups on cruise ships may enter via all cruise ship ports along China's coastline, including Tianjin, Dalian, Lianyungang, Shanghai, Zhoushan, Wenzhou, Xiamen, Qingdao, Guangzhou, Shenzhen, Beihai, Haikou and Sanya.",3,https://en.wikipedia.org/w/index.php?title=Visa_policy_of_mainland_China&oldid=1377000183,mapped
mainland China / Shenzhen Bao'an International Airport,mainland China,CN,Shenzhen,Shenzhen Bao'an International Airport,Q842297,Region-specific visa policy / Cruise ship visitors,"Non visa-exempt citizens traveling with tour groups on cruise ships may enter via all cruise ship ports along China's coastline, including Tianjin, Dalian, Lianyungang, Shanghai, Zhoushan, Wenzhou, Xiamen, Qingdao, Guangzhou, Shenzhen, Beihai, Haikou and Sanya.",3,https://en.wikipedia.org/w/index.php?title=Visa_policy_of_mainland_China&oldid=1377000183,mapped
mainland China / Tianjin,mainland China,CN,Tianjin,Tianjin,Q11736,Visa-free transit / 240-hour visa-free transit (10 days),"Cross-mode transit (air, rail, sea, land), inter-provincial travel within the 24 eligible provinces and direct-administered municipalities (Beijing, Tianjin, Shanghai, Chongqing), and departing from a different port than the port of entry, are permitted.",2,https://en.wikipedia.org/w/index.php?title=Visa_policy_of_mainland_China&oldid=1377000183,mapped
mainland China / Tianjin Binhai International Airport,mainland China,CN,Tianjin,Tianjin Binhai International Airport,Q774669,Visa-free transit / 240-hour visa-free transit (10 days),"Cross-mode transit (air, rail, sea, land), inter-provincial travel within the 24 eligible provinces and direct-administered municipalities (Beijing, Tianjin, Shanghai, Chongqing), and departing from a different port than the port of entry, are permitted.",2,https://en.wikipedia.org/w/index.php?title=Visa_policy_of_mainland_China&oldid=1377000183,mapped
mainland China / Wenzhou,mainland China,CN,Wenzhou,Wenzhou,Q42635,Region-specific visa policy / Cruise ship visitors,"Non visa-exempt citizens traveling with tour groups on cruise ships may enter via all cruise ship ports along China's coastline, including Tianjin, Dalian, Lianyungang, Shanghai, Zhoushan, Wenzhou, Xiamen, Qingdao, Guangzhou, Shenzhen, Beihai, Haikou and Sanya.",1,https://en.wikipedia.org/w/index.php?title=Visa_policy_of_mainland_China&oldid=1377000183,mapped
mainland China / Wenzhou Longwan International Airport,mainland China,CN,Wenzhou,Wenzhou Longwan International Airport,Q716323,Region-specific visa policy / Cruise ship visitors,"Non visa-exempt citizens traveling with tour groups on cruise ships may enter via all cruise ship ports along China's coastline, including Tianjin, Dalian, Lianyungang, Shanghai, Zhoushan, Wenzhou, Xiamen, Qingdao, Guangzhou, Shenzhen, Beihai, Haikou and Sanya.",1,https://en.wikipedia.org/w/index.php?title=Visa_policy_of_mainland_China&oldid=1377000183,mapped
mainland China / Wuzhou,mainland China,CN,Wuzhou,Wuzhou,Q571652,Visa-free transit / 240-hour visa-free transit (10 days) / Eligible areas to stay,"Guangxi Zhuang Autonomous Region (Nanning, Liuzhou, Guilin, Wuzhou, Beihai, Fangchenggang, Qinzhou, Guigang, Yulin, Hezhou, Hechi, Laibin)",1,https://en.wikipedia.org/w/index.php?title=Visa_policy_of_mainland_China&oldid=1377000183,mapped
mainland China / Xiamen,mainland China,CN,Xiamen,Xiamen,Q68744,Visa-free transit / 24-hour Transit Without a Visa / Nationality-specific restrictions,Citizens of the following countries are not eligible for visa exemption transit in Xiamen International Airport:,3,https://en.wikipedia.org/w/index.php?title=Visa_policy_of_mainland_China&oldid=1377000183,mapped
mainland China / Xiamen Gaoqi International Airport,mainland China,CN,Xiamen International Airport,Xiamen Gaoqi International Airport,Q177216,Visa-free transit / 24-hour Transit Without a Visa / Nationality-specific restrictions,Citizens of the following countries are not eligible for visa exemption transit in Xiamen International Airport:,3,https://en.wikipedia.org/w/index.php?title=Visa_policy_of_mainland_China&oldid=1377000183,mapped
mainland China / Xishuangbanna Dai Autonomous Prefecture,mainland China,CN,"Xishuangbanna, Yunnan",Xishuangbanna Dai Autonomous Prefecture,Q868046,Region-specific visa policy / Visa-free for ASEAN tour groups,"Tourists from ASEAN member states may visit Guilin, Guangxi or Xishuangbanna, Yunnan without a visa for a maximum of 6 days if they travel with an approved tour group and enter and exit China through Guilin Liangjiang International Airport or Xishuangbanna Gasa International Airport, Mohan Railway Port and Mohan Highway Port.",1,https://en.wikipedia.org/w/index.php?title=Visa_policy_of_mainland_China&oldid=1377000183,mapped
mainland China / Xishuangbanna Gasa International Airport,mainland China,CN,Xishuangbanna Gasa International Airport,Xishuangbanna Gasa International Airport,Q3234757,Region-specific visa policy / Visa-free for ASEAN tour groups,"Tourists from ASEAN member states may visit Guilin, Guangxi or Xishuangbanna, Yunnan without a visa for a maximum of 6 days if they travel with an approved tour group and enter and exit China through Guilin Liangjiang International Airport or Xishuangbanna Gasa International Airport, Mohan Railway Port and Mohan Highway Port.",1,https://en.wikipedia.org/w/index.php?title=Visa_policy_of_mainland_China&oldid=1377000183,mapped
"mainland China / Yulin, Guangxi",mainland China,CN,Yulin,"Yulin, Guangxi",Q571918,Visa-free transit / 240-hour visa-free transit (10 days) / Eligible areas to stay,"Guangxi Zhuang Autonomous Region (Nanning, Liuzhou, Guilin, Wuzhou, Beihai, Fangchenggang, Qinzhou, Guigang, Yulin, Hezhou, Hechi, Laibin)",1,https://en.wikipedia.org/w/index.php?title=Visa_policy_of_mainland_China&oldid=1377000183,mapped
mainland China / Yunnan,mainland China,CN,Yunnan,Yunnan,Q43194,Region-specific visa policy / Visa-free for ASEAN tour groups,"Tourists from ASEAN member states may visit Guilin, Guangxi or Xishuangbanna, Yunnan without a visa for a maximum of 6 days if they travel with an approved tour group and enter and exit China through Guilin Liangjiang International Airport or Xishuangbanna Gasa International Airport, Mohan Railway Port and Mohan Highway Port.",1,https://en.wikipedia.org/w/index.php?title=Visa_policy_of_mainland_China&oldid=1377000183,mapped
mainland China / Zhoushan,mainland China,CN,Zhoushan,Zhoushan,Q58324,Region-specific visa policy / Cruise ship visitors,"Non visa-exempt citizens traveling with tour groups on cruise ships may enter via all cruise ship ports along China's coastline, including Tianjin, Dalian, Lianyungang, Shanghai, Zhoushan, Wenzhou, Xiamen, Qingdao, Guangzhou, Shenzhen, Beihai, Haikou and Sanya.",1,https://en.wikipedia.org/w/index.php?title=Visa_policy_of_mainland_China&oldid=1377000183,mapped
mainland China / Zhuhai,mainland China,CN,Zhuhai,Zhuhai,Q59095,Region-specific visa policy / Special Economic Zone visa on arrival,"Visitors from most countries may obtain an entry visa when traveling to and staying solely in three of China's special economic zones: Shenzhen, Zhuhai and Xiamen.",2,https://en.wikipedia.org/w/index.php?title=Visa_policy_of_mainland_China&oldid=1377000183,mapped
mainland China / Ürümqi Tianshan International Airport,mainland China,CN,Ürümqi Diwopu International Airport,Ürümqi Tianshan International Airport,Q765650,Visa-free transit / 24-hour Transit Without a Visa / Airport-specific restrictions,"At these locations, all transit passengers require a visa unless they are of a visa-exempt nationality. Ürümqi Diwopu International Airport has implemented specific restrictions for transit passengers.",2,https://en.wikipedia.org/w/index.php?title=Visa_policy_of_mainland_China&oldid=1377000183,ignored
Bahamas / Schengen Area,Bahamas,BS,Schengen Area member state,Schengen Area,Q1969730,Visa exemption / Ordinary passports / Substitute visa,"Citizens of India with a valid visa issued by any Schengen Area member state, Canada, the United Kingdom or the United States, or a permanent residence permit issued by any Schengen Area member state or the United Kingdom may enter the Bahamas without a visa for a maximum stay of 90 days.",1,https://en.wikipedia.org/w/index.php?title=Visa_policy_of_the_Bahamas&oldid=1376848876,ignored
Dominican Republic / Schengen Area,Dominican Republic,DO,Schengen Area,Schengen Area,Q1969730,Visa exemption / Ordinary passports / Substitute visa,"Holders of a valid visa or residence card of any Schengen Area member state, Canada, Cyprus, Ireland, the United Kingdom or the United States may enter the Dominican Republic without a visa for up to 30 days if they travel as a tourist.",1,https://en.wikipedia.org/w/index.php?title=Visa_policy_of_the_Dominican_Republic&oldid=1376469572,ignored
Faroe Islands / Schengen Area,Faroe Islands,FO,Schengen Area,Schengen Area,Q1969730,,"Nationals of Nordic countries are free to enter, reside and work in the Faroe Islands, and nationals of other countries exempt from visas for short stays in the Schengen Area may also visit the Faroe Islands without a visa.",3,https://en.wikipedia.org/w/index.php?title=Visa_policy_of_the_Faroe_Islands&oldid=1361292804,ignored
Kingdom of the Netherlands in the Caribbean / Caribbean Netherlands,Kingdom of the Netherlands in the Caribbean,,Caribbean Netherlands,Caribbean Netherlands,Q27561,Visa exemption / Substitute visas,"Nationals of any country who are not otherwise visa exempted can enter Aruba, Curaçao, Sint Maarten and the Caribbean Netherlands for a maximum of 90 days provided holding a valid visa, residence or return permit for any part of the Kingdom of the Netherlands, a Schengen country, Ireland or the United Kingdom, or a residence or return permit for Canada, the United States, the French overseas departments (French Guiana, Guadeloupe, Martinique, Mayotte and Réunion) or the French overseas collectivities of Saint Barthélemy and Saint Martin.",1,https://en.wikipedia.org/w/index.php?title=Visa_policy_of_the_Kingdom_of_the_Netherlands_in_the_Caribbean&oldid=1370852529,ignored
Kingdom of the Netherlands in the Caribbean / Schengen Area,Kingdom of the Netherlands in the Caribbean,,Schengen Area,Schengen Area,Q1969730,History,"Through consultation between all countries in the Kingdom the requirements showed strong similarities; they were based on the visa free lists for the Schengen Area, extended with countries in the Caribbean.",2,https://en.wikipedia.org/w/index.php?title=Visa_policy_of_the_Kingdom_of_the_Netherlands_in_the_Caribbean&oldid=1370852529,ignored
Marshall Islands / Ebeye Island,Marshall Islands,MH,Ebeye,Ebeye Island,Q486670,Visa on arrival / Free visa on arrival,"However, visitors will need to travel to Ebeye at their own expense if the Entry Authorization is not ready for collection.",1,https://en.wikipedia.org/w/index.php?title=Visa_policy_of_the_Marshall_Islands&oldid=1370471683,ignored
Marshall Islands / Kwajalein Atoll,Marshall Islands,MH,Kwajalein,Kwajalein Atoll,Q309172,Visa on arrival / Free visa on arrival,"According to Timatic, visitors wishing to travel to Kwajalein are required to hold an Entry Authorization issued by the United States Military, which can be obtained on arrival.",1,https://en.wikipedia.org/w/index.php?title=Visa_policy_of_the_Marshall_Islands&oldid=1370471683,unmapped
Philippines / Cebu,Philippines,PH,Cebu,Cebu,Q13786,Visa exemption / Ordinary passports,2 - May enter via Ninoy Aquino International Airport or Mactan–Cebu International Airport.,2,https://en.wikipedia.org/w/index.php?title=Visa_policy_of_the_Philippines&oldid=1377843989,ignored
Philippines / Department of Foreign Affairs (Philippines),Philippines,PH,Department of Foreign Affairs,Department of Foreign Affairs (Philippines),Q3545663,History,"On May 19, 2025, the Department of Foreign Affairs announced the Philippines' new visa exemption policies for Indian nationals, which will grant 14 days visa-free entry for all Indian tourists and an enhanced 30 days conditional visa-free entry for Indian tourists with valid visas or permanent residencies from select countries.",1,https://en.wikipedia.org/w/index.php?title=Visa_policy_of_the_Philippines&oldid=1377843989,ignored
Philippines / Freeport Area of Bataan,Philippines,PH,Freeport Area of Bataan,Freeport Area of Bataan,Q5501108,Visa types / List of visas,"This is a non-immigrant visa granted to several categories of foreign nationals: | *Those employed as executives, supervisors, specialists, consultants, contractors or personal staff at enterprises registered with special economic zones, the Philippine Economic Zone Authority (PEZA), the Board of Investments (BOI), or the Authority of the Freeport Area of Bataan (AFAB) | *Those employed in enterprises that have existing agreement/s with the Philippine government or any of subdivisions and instrumentalities, including government-owned or controlled corporations, for the completion of a project ",1,https://en.wikipedia.org/w/index.php?title=Visa_policy_of_the_Philippines&oldid=1377843989,ignored
Philippines / Mactan–Cebu International Airport,Philippines,PH,Mactan–Cebu International Airport,Mactan–Cebu International Airport,Q1048704,Visa exemption / Ordinary passports,2 - May enter via Ninoy Aquino International Airport or Mactan–Cebu International Airport.,2,https://en.wikipedia.org/w/index.php?title=Visa_policy_of_the_Philippines&oldid=1377843989,ignored
Philippines / Manila,Philippines,PH,Manila,Manila,Q1461,Visa exemption / Ordinary passports / Electronic Travel Authorization (ETA),Citizens of the following countries and territories may apply for an Electronic Travel Authorization issued by Manila Economic and Cultural Office by paying NTD 1500 online.,3,https://en.wikipedia.org/w/index.php?title=Visa_policy_of_the_Philippines&oldid=1377843989,ignored
Philippines / Ninoy Aquino International Airport,Philippines,PH,Ninoy Aquino International Airport,Ninoy Aquino International Airport,Q86446,Visa exemption / Ordinary passports,2 - May enter via Ninoy Aquino International Airport or Mactan–Cebu International Airport.,2,https://en.wikipedia.org/w/index.php?title=Visa_policy_of_the_Philippines&oldid=1377843989,ignored
Philippines / Schengen Area,Philippines,PH,Schengen Area member state,Schengen Area,Q1969730,Visa exemption / Ordinary passports / Substitute visa,"Citizens of China may enter the Philippines without a visa for tourist purposes for up to 7 days if they are holding a valid tourist, business or resident visa issued by any Schengen Area member state, Australia, Canada, Japan or the United States.",2,https://en.wikipedia.org/w/index.php?title=Visa_policy_of_the_Philippines&oldid=1377843989,ignored
Schengen Area / Caribbean,Schengen Area,,Caribbean,Caribbean,Q664609,Visa exemptions / Airport transit,"However, nationals of all these countries are exempt from airport transit visas if they hold a visa or residence permit for an EU single market country, Canada, Japan, United States or the Caribbean part of the Kingdom of the Netherlands, a residence permit for Andorra, Gibraltar, Monaco, San Marino or the United Kingdom, a diplomatic passport, are family members of an EU single market national, or are flight crew members.",2,https://en.wikipedia.org/w/index.php?title=Visa_policy_of_the_Schengen_Area&oldid=1374661407,ignored
Schengen Area / Schengen Agreement,Schengen Area,,Schengen Agreement,Schengen Agreement,Q2822795,,"Ireland has opted out of the Schengen Agreement and instead operates its own visa policy, as do certain overseas territories of Schengen member states.",2,https://en.wikipedia.org/w/index.php?title=Visa_policy_of_the_Schengen_Area&oldid=1374661407,ignored
Schengen Area / Schengen Area,Schengen Area,,Schengen Area,Schengen Area,Q1969730,,"The visa policy allows nationals of certain countries to enter the Schengen Area via air, land or sea without a visa for up to 90 days within any 180-day period.",21,https://en.wikipedia.org/w/index.php?title=Visa_policy_of_the_Schengen_Area&oldid=1374661407,ignored
United Kingdom / Bailiwick of Guernsey,United Kingdom,GB,Guernsey,Bailiwick of Guernsey,Q25230,,"The visa policy of the UK also applies to the Crown dependencies of Guernsey, Jersey and the Isle of Man, which each operate their own immigration enforcement and have separate work permit systems.",1,https://en.wikipedia.org/w/index.php?title=Visa_policy_of_the_United_Kingdom&oldid=1374488462,unmapped
United Kingdom / Jersey,United Kingdom,GB,Jersey,Jersey,Q785,,"The visa policy of the UK also applies to the Crown dependencies of Guernsey, Jersey and the Isle of Man, which each operate their own immigration enforcement and have separate work permit systems.",1,https://en.wikipedia.org/w/index.php?title=Visa_policy_of_the_United_Kingdom&oldid=1374488462,unmapped
United Kingdom / Latin America,United Kingdom,GB,Latin America,Latin America,Q12585,Visa exemption / Non-ordinary passports,"Visa exemption: | Citizens of Antigua and Barbuda, Australia, Bahamas, Barbados, Belize, Brunei, Canada, Cyprus, Grenada, Ireland, Kiribati, Malaysia, Malta, Marshall Islands, Micronesia, New Zealand, Palau, Saint Kitts and Nevis, Saint Vincent and the Grenadines, Samoa, Seychelles, Singapore, Solomon Islands, Tonga and Tuvalu have never required a visa to enter the United Kingdom. | *Unknown: Andorra, Germany, Latvia, Lithuania and Vatican City | *1 January 1947: France | *15 February 1947: Belgium and Luxembourg | *1 March 1947: Norway | *22 March 1947: Denmark | *1 April 1947: Sweden | *15 ",1,https://en.wikipedia.org/w/index.php?title=Visa_policy_of_the_United_Kingdom&oldid=1374488462,ignored
United Kingdom / Schengen Area,United Kingdom,GB,Schengen Area,Schengen Area,Q1969730,Reciprocity,"The following grant a visa-free stay for up to 90 days or 3 months: Schengen Area, Argentina, Australia, Brazil, Brunei, Chile, Costa Rica, Cyprus, Guatemala, Guyana, Israel, Japan, Malaysia, Nicaragua, Paraguay, Peru, Saint Kitts and Nevis, Singapore, Solomon Islands, South Korea, Taiwan (however, British citizens can extend this initial 90 days to 180 days once in Taiwan under the principle of reciprocity because Taiwanese citizens enjoy 180-day visa-free entry to the UK), United States, Uruguay.",1,https://en.wikipedia.org/w/index.php?title=Visa_policy_of_the_United_Kingdom&oldid=1374488462,ignored
United States / Alaska,United States,US,Alaska,Alaska,Q797,Visa exemption / Alaska,"Residents of the Chukotka Autonomous Okrug in Russia who are members of the indigenous population do not need a visa to visit Alaska if they have relatives (blood relatives, members of the same tribe, native people who have similar language and cultural heritage) in Alaska.",1,https://en.wikipedia.org/w/index.php?title=Visa_policy_of_the_United_States&oldid=1375354298,ignored
United States / American Samoa,United States,US,American Samoa,American Samoa,Q16641,Visa exemption / American Samoa,"U.S. visa policy does not apply to the territory of American Samoa, as it has its own entry requirements and maintains control of its own borders.",4,https://en.wikipedia.org/w/index.php?title=Visa_policy_of_the_United_States&oldid=1375354298,unmapped
United States / Baker Island,United States,US,Baker Island,Baker Island,Q46879,Restricted visa issuance or entry / Outlying islands,"Visits to the United States Minor Outlying IslandsBaker Island, Howland Island, Jarvis Island, Johnston Atoll, Kingman Reef, Midway Atoll, Navassa Island, Palmyra Atoll and Wake Islandare severely restricted.",1,https://en.wikipedia.org/w/index.php?title=Visa_policy_of_the_United_States&oldid=1375354298,mapped
United States / Caribbean,United States,US,Caribbean,Caribbean,Q664609,Visa exemption / Visa Waiver Program,"Visitors may stay for up to 90 days in the United States, which also includes time spent in Canada, Mexico, Bermuda or the islands in the Caribbean if the arrival was through the United States.",1,https://en.wikipedia.org/w/index.php?title=Visa_policy_of_the_United_States&oldid=1375354298,ignored
United States / European Free Trade Association,United States,US,European Free Trade Association,European Free Trade Association,Q166546,Visa exemption / American Samoa,"Online visitor permits of American Samoa: | * European Union member states (except Bulgaria, Cyprus and Romania) | * All European Free Trade Association member states",1,https://en.wikipedia.org/w/index.php?title=Visa_policy_of_the_United_States&oldid=1375354298,ignored
United States / Guam,United States,US,Guam,Guam,Q16635,Travel documents,Nationals of countries in the Visa Waiver Program who possess a valid ESTA (or of certain additional countries only for Guam and the Northern Mariana Islands),6,https://en.wikipedia.org/w/index.php?title=Visa_policy_of_the_United_States&oldid=1375354298,unmapped
United States / Headquarters of the United Nations,United States,US,Headquarters of the United Nations,Headquarters of the United Nations,Q11297,Classes of visas / Nonimmigrant visas / C visa,A subtype C-2 visa is issued to diplomats transiting to and from the Headquarters of the United Nations and is limited to the vicinity of New York City.,1,https://en.wikipedia.org/w/index.php?title=Visa_policy_of_the_United_States&oldid=1375354298,ignored
United States / Howland Island,United States,US,Howland Island,Howland Island,Q131305,Restricted visa issuance or entry / Outlying islands,"Visits to the United States Minor Outlying IslandsBaker Island, Howland Island, Jarvis Island, Johnston Atoll, Kingman Reef, Midway Atoll, Navassa Island, Palmyra Atoll and Wake Islandare severely restricted.",1,https://en.wikipedia.org/w/index.php?title=Visa_policy_of_the_United_States&oldid=1375354298,mapped
United States / Jarvis Island,United States,US,Jarvis Island,Jarvis Island,Q62218,Restricted visa issuance or entry / Outlying islands,"Visits to the United States Minor Outlying IslandsBaker Island, Howland Island, Jarvis Island, Johnston Atoll, Kingman Reef, Midway Atoll, Navassa Island, Palmyra Atoll and Wake Islandare severely restricted.",1,https://en.wikipedia.org/w/index.php?title=Visa_policy_of_the_United_States&oldid=1375354298,mapped
United States / Johnston Atoll,United States,US,Johnston Atoll,Johnston Atoll,Q131008,Restricted visa issuance or entry / Outlying islands,"Visits to the United States Minor Outlying IslandsBaker Island, Howland Island, Jarvis Island, Johnston Atoll, Kingman Reef, Midway Atoll, Navassa Island, Palmyra Atoll and Wake Islandare severely restricted.",1,https://en.wikipedia.org/w/index.php?title=Visa_policy_of_the_United_States&oldid=1375354298,mapped
United States / Kingman Reef,United States,US,Kingman Reef,Kingman Reef,Q130895,Restricted visa issuance or entry / Outlying islands,"Visits to the United States Minor Outlying IslandsBaker Island, Howland Island, Jarvis Island, Johnston Atoll, Kingman Reef, Midway Atoll, Navassa Island, Palmyra Atoll and Wake Islandare severely restricted.",1,https://en.wikipedia.org/w/index.php?title=Visa_policy_of_the_United_States&oldid=1375354298,mapped
United States / Midway Atoll,United States,US,Midway Atoll,Midway Atoll,Q47863,Restricted visa issuance or entry / Outlying islands,"Visits to the United States Minor Outlying IslandsBaker Island, Howland Island, Jarvis Island, Johnston Atoll, Kingman Reef, Midway Atoll, Navassa Island, Palmyra Atoll and Wake Islandare severely restricted.",1,https://en.wikipedia.org/w/index.php?title=Visa_policy_of_the_United_States&oldid=1375354298,mapped
United States / Navassa Island,United States,US,Navassa Island,Navassa Island,Q25359,Restricted visa issuance or entry / Outlying islands,"Visits to the United States Minor Outlying IslandsBaker Island, Howland Island, Jarvis Island, Johnston Atoll, Kingman Reef, Midway Atoll, Navassa Island, Palmyra Atoll and Wake Islandare severely restricted.",1,https://en.wikipedia.org/w/index.php?title=Visa_policy_of_the_United_States&oldid=1375354298,mapped
United States / New York City,United States,US,New York City,New York City,Q60,Classes of visas / Nonimmigrant visas / C visa,A subtype C-2 visa is issued to diplomats transiting to and from the Headquarters of the United Nations and is limited to the vicinity of New York City.,1,https://en.wikipedia.org/w/index.php?title=Visa_policy_of_the_United_States&oldid=1375354298,ignored
United States / Northern Mariana Islands,United States,US,Northern Mariana Islands,Northern Mariana Islands,Q16644,Travel documents,Nationals of countries in the Visa Waiver Program who possess a valid ESTA (or of certain additional countries only for Guam and the Northern Mariana Islands),3,https://en.wikipedia.org/w/index.php?title=Visa_policy_of_the_United_States&oldid=1375354298,unmapped
United States / Palmyra Atoll,United States,US,Palmyra Atoll,Palmyra Atoll,Q123076,Restricted visa issuance or entry / Outlying islands,"Visits to the United States Minor Outlying IslandsBaker Island, Howland Island, Jarvis Island, Johnston Atoll, Kingman Reef, Midway Atoll, Navassa Island, Palmyra Atoll and Wake Islandare severely restricted.",1,https://en.wikipedia.org/w/index.php?title=Visa_policy_of_the_United_States&oldid=1375354298,mapped
United States / United States Department of State,United States,US,United States Department of State,United States Department of State,Q789915,Qualification process,"All visit, business, transit, student, and exchange visitor visa applicants must pay an application fee of US$185 to the consular section at a U.S. embassy or consulate in order to be interviewed by a consular officer who will determine if the applicant is qualified to receive a visa to travel to the United States (additionally, the officer may also ask the United States Department of State for a Security Advisory Opinion, which can take several weeks to resolve).",1,https://en.wikipedia.org/w/index.php?title=Visa_policy_of_the_United_States&oldid=1375354298,ignored
United States / United States Minor Outlying Islands,United States,US,United States Minor Outlying Islands,United States Minor Outlying Islands,Q16645,Restricted visa issuance or entry / Outlying islands,"Visits to the United States Minor Outlying IslandsBaker Island, Howland Island, Jarvis Island, Johnston Atoll, Kingman Reef, Midway Atoll, Navassa Island, Palmyra Atoll and Wake Islandare severely restricted.",1,https://en.wikipedia.org/w/index.php?title=Visa_policy_of_the_United_States&oldid=1375354298,mapped
United States / Wake Island,United States,US,Wake Island,Wake Island,Q43296,Restricted visa issuance or entry / Outlying islands,"Visits to the United States Minor Outlying IslandsBaker Island, Howland Island, Jarvis Island, Johnston Atoll, Kingman Reef, Midway Atoll, Navassa Island, Palmyra Atoll and Wake Islandare severely restricted.",1,https://en.wikipedia.org/w/index.php?title=Visa_policy_of_the_United_States&oldid=1375354298,mapped
