area_id,field,value,source_ids,read_date,evidence,origin
abkhazia,parties,"Abkhazia (self-governing, recognised by Russia and a few states); Georgia (claims)",S0019 S0027 S0028,2026-10-03,secondary,manual
abkhazia,kind,de_facto_state,S0019 S0027 S0028,2026-10-03,secondary,manual
abkhazia,origin,War of 1992-1993; Russian recognition in 2008.,S0019 S0027 S0028,2026-10-03,secondary,manual
abkhazia,area_km2,8665,MEMORY,2026-10-03,memory,manual
abkhazia,on_the_ground,Own administration with Russian border guards; entry from Russia breaks Georgian law.,MEMORY,2026-10-03,memory,manual
abkhazia,inhabited,yes,MEMORY,2026-10-03,memory,manual
abkhazia,traveller_access,restricted,MEMORY,2026-10-03,memory,manual
abu-musa,parties,Iran (controls); United Arab Emirates (claims),S0019 S0027 S0028,2026-10-03,secondary,manual
abu-musa,kind,paper_claim,S0019 S0027 S0028,2026-10-03,secondary,manual
abu-musa,origin,Iran landed in 1971 under a memorandum with Sharjah and took full control in 1992.,S0019 S0027 S0028,2026-10-03,secondary,manual
abu-musa,area_km2,12.8,MEMORY,2026-10-03,memory,manual
abu-musa,on_the_ground,Iranian garrison and a small civilian population.,MEMORY,2026-10-03,memory,manual
abu-musa,inhabited,yes,MEMORY,2026-10-03,memory,manual
abu-musa,traveller_access,closed,MEMORY,2026-10-03,memory,manual
abyei,parties,Sudan; South Sudan; UN (UNISFA),S0019 S0027 S0009,2026-10-03,secondary,manual
abyei,kind,own_regime,S0019 S0027 S0009,2026-10-03,secondary,manual
abyei,origin,Special administrative status under the 2005 Comprehensive Peace Agreement; the promised referendum was never held after South Sudan's 2011 independence.,S0019 S0027 S0009,2026-10-03,secondary,manual
abyei,area_km2,10546,MEMORY,2026-10-03,memory,manual
abyei,on_the_ground,Neither state fully administers it; UN force UNISFA deployed since 2011; local Ngok Dinka administration.,MEMORY,2026-10-03,memory,manual
abyei,inhabited,yes,MEMORY,2026-10-03,memory,manual
abyei,traveller_access,restricted,MEMORY,2026-10-03,memory,manual
akrotiri-dhekelia,parties,United Kingdom (sovereign bases); Cyprus (contests),S0019,2026-10-03,memory,manual
akrotiri-dhekelia,kind,lease_or_base,S0019,2026-10-03,memory,manual
akrotiri-dhekelia,origin,Retained by the UK under the 1960 Treaty of Establishment.,S0019,2026-10-03,memory,manual
akrotiri-dhekelia,area_km2,254,MEMORY,2026-10-03,memory,manual
akrotiri-dhekelia,on_the_ground,British military administration; Cypriot villages and roads inside are open with no border checks.,MEMORY,2026-10-03,memory,manual
akrotiri-dhekelia,inhabited,yes,MEMORY,2026-10-03,memory,manual
akrotiri-dhekelia,traveller_access,open,MEMORY,2026-10-03,memory,manual
aksai-chin,parties,China (administers); India (claims),S0019 S0027 S0028,2026-10-03,secondary,manual
aksai-chin,kind,paper_claim,S0019 S0027 S0028,2026-10-03,secondary,manual
aksai-chin,origin,Never delimited by treaty; China built a road in the 1950s and kept the area after the 1962 war.,S0019 S0027 S0028,2026-10-03,secondary,manual
aksai-chin,area_km2,37244,MEMORY,2026-10-03,memory,manual
aksai-chin,on_the_ground,Uninhabited Chinese military plateau crossed by highway G219.,MEMORY,2026-10-03,memory,manual
aksai-chin,inhabited,garrison_only,MEMORY,2026-10-03,memory,manual
aksai-chin,traveller_access,restricted,MEMORY,2026-10-03,memory,manual
al-fashaga,parties,Sudan (controls most since 2020); Ethiopia (Amhara farmers and militia),S0019 S0027 S0002,2026-10-03,secondary,manual
al-fashaga,kind,line_position,S0019 S0027 S0002,2026-10-03,secondary,manual
al-fashaga,origin,1902 Anglo-Ethiopian treaty line was never demarcated on the ground; a 2008 compromise broke down in 2020.,S0019 S0027 S0002,2026-10-03,secondary,manual
al-fashaga,on_the_ground,Sudanese army holds most of it; farmland with armed clashes.,MEMORY,2026-10-03,memory,manual
al-fashaga,inhabited,yes,MEMORY,2026-10-03,memory,manual
al-fashaga,traveller_access,closed,MEMORY,2026-10-03,memory,manual
ankoko-island,parties,Venezuela (occupies whole island); Guyana (claims eastern half),S0019 S0011,2026-10-03,secondary,manual
ankoko-island,kind,occupied_or_annexed,S0019 S0011,2026-10-03,secondary,manual
ankoko-island,origin,Venezuelan troops occupied the Guyanese half in 1966.,S0019 S0011,2026-10-03,secondary,manual
ankoko-island,area_km2,6,MEMORY,2026-10-03,memory,manual
ankoko-island,on_the_ground,Venezuelan military post and airstrip.,MEMORY,2026-10-03,memory,manual
ankoko-island,inhabited,garrison_only,MEMORY,2026-10-03,memory,manual
ankoko-island,traveller_access,closed,MEMORY,2026-10-03,memory,manual
antarctic-peninsula-overlap,parties,Argentina; Chile; United Kingdom,S0019 S0027,2026-10-03,secondary,manual
antarctic-peninsula-overlap,kind,own_regime,S0019 S0027,2026-10-03,secondary,manual
antarctic-peninsula-overlap,origin,Three claims made 1908-1943 overlap; frozen by the Antarctic Treaty.,S0019 S0027,2026-10-03,secondary,manual
antarctic-peninsula-overlap,on_the_ground,Stations of many states; no claimant exercises control over visitors.,MEMORY,2026-10-03,memory,manual
antarctic-peninsula-overlap,inhabited,garrison_only,MEMORY,2026-10-03,memory,manual
antarctic-peninsula-overlap,traveller_access,expedition_only,MEMORY,2026-10-03,memory,manual
antarctica,parties,Treaty parties; seven claimant states,S0019 S0009 S0024 S0010,2026-10-03,secondary,manual
antarctica,kind,own_regime,S0019 S0009 S0024 S0010,2026-10-03,secondary,manual
antarctica,origin,The 1959 Antarctic Treaty froze all territorial claims.,S0019 S0009 S0024 S0010,2026-10-03,secondary,manual
antarctica,area_km2,14200000,MEMORY,2026-10-03,memory,manual
antarctica,on_the_ground,Research stations only; no state border controls; access by expedition.,MEMORY,2026-10-03,memory,manual
antarctica,inhabited,garrison_only,MEMORY,2026-10-03,memory,manual
antarctica,traveller_access,expedition_only,MEMORY,2026-10-03,memory,manual
armistice-no-mans-lands,parties,Israel (controls); Palestine (claims),S0028,2026-10-03,memory,manual
armistice-no-mans-lands,kind,occupied_or_annexed,S0028,2026-10-03,memory,manual
armistice-no-mans-lands,origin,Zones left between the lines by the 1949 Israel-Jordan armistice; under Israeli control since 1967.,S0028,2026-10-03,memory,manual
armistice-no-mans-lands,area_km2,55,MEMORY,2026-10-03,memory,manual
armistice-no-mans-lands,on_the_ground,Indistinguishable from Israel on the ground (a highway crosses Latrun).,MEMORY,2026-10-03,memory,manual
armistice-no-mans-lands,inhabited,yes,MEMORY,2026-10-03,memory,manual
armistice-no-mans-lands,traveller_access,open,MEMORY,2026-10-03,memory,manual
artsvashen,parties,Azerbaijan (controls); Armenia (de jure),S0019 S0003,2026-10-03,secondary,manual
artsvashen,kind,occupied_or_annexed,S0019 S0003,2026-10-03,secondary,manual
artsvashen,origin,Armenian exclave inside Azerbaijan taken by Azerbaijani forces in 1992.,S0019 S0003,2026-10-03,secondary,manual
artsvashen,area_km2,40,MEMORY,2026-10-03,memory,manual
artsvashen,on_the_ground,Resettled by Azerbaijanis; unreachable from Armenia.,MEMORY,2026-10-03,memory,manual
artsvashen,inhabited,yes,MEMORY,2026-10-03,memory,manual
arunachal-pradesh,parties,India (administers); China (claims as South Tibet),S0019 S0027 S0028,2026-10-03,secondary,manual
arunachal-pradesh,kind,paper_claim,S0019 S0027 S0028,2026-10-03,secondary,manual
arunachal-pradesh,origin,China rejects the 1914 McMahon Line; war in 1962.,S0019 S0027 S0028,2026-10-03,secondary,manual
arunachal-pradesh,area_km2,83743,MEMORY,2026-10-03,memory,manual
arunachal-pradesh,on_the_ground,Ordinary Indian state requiring a Protected Area Permit for foreigners.,MEMORY,2026-10-03,memory,manual
arunachal-pradesh,inhabited,yes,MEMORY,2026-10-03,memory,manual
arunachal-pradesh,traveller_access,restricted,MEMORY,2026-10-03,memory,manual
aves-island,parties,"Venezuela (administers); neighbours contest its status as an island, not sovereignty",S0019 S0028,2026-10-03,secondary,manual
aves-island,kind,islets_for_maritime_zone,S0019 S0028,2026-10-03,secondary,manual
aves-island,origin,Dominica dropped its claim in 2006; Caribbean states dispute whether it generates an EEZ.,S0019 S0028,2026-10-03,secondary,manual
aves-island,area_km2,0.05,MEMORY,2026-10-03,memory,manual
aves-island,on_the_ground,Venezuelan naval research station on stilts.,MEMORY,2026-10-03,memory,manual
aves-island,inhabited,garrison_only,MEMORY,2026-10-03,memory,manual
aves-island,traveller_access,closed,MEMORY,2026-10-03,memory,manual
azad-kashmir,parties,Pakistan (administers); India (claims),S0019 S0027 S0028,2026-10-03,secondary,manual
azad-kashmir,kind,paper_claim,S0019 S0027 S0028,2026-10-03,secondary,manual
azad-kashmir,origin,"1947-1948 war over the princely state; ceasefire line of 1949, Line of Control since 1972.",S0019 S0027 S0028,2026-10-03,secondary,manual
azad-kashmir,area_km2,13297,MEMORY,2026-10-03,memory,manual
azad-kashmir,on_the_ground,Nominally self-governing under Pakistan; foreigners need permits near the LoC.,MEMORY,2026-10-03,memory,manual
azad-kashmir,inhabited,yes,MEMORY,2026-10-03,memory,manual
azad-kashmir,traveller_access,restricted,MEMORY,2026-10-03,memory,manual
azerbaijani-held-armenian-border-areas,parties,Azerbaijan (controls); Armenia,MEMORY,2026-10-03,memory,manual
azerbaijani-held-armenian-border-areas,kind,occupied_or_annexed,MEMORY,2026-10-03,memory,manual
azerbaijani-held-armenian-border-areas,origin,Azerbaijani advances in May 2021 and September 2022 across the undelimited border.,MEMORY,2026-10-03,memory,manual
azerbaijani-held-armenian-border-areas,area_km2,200,MEMORY,2026-10-03,memory,manual
azerbaijani-held-armenian-border-areas,on_the_ground,Military positions on ridges near Jermuk and Lake Sev.,MEMORY,2026-10-03,memory,manual
azerbaijani-held-armenian-border-areas,inhabited,garrison_only,MEMORY,2026-10-03,memory,manual
azerbaijani-held-armenian-border-areas,traveller_access,closed,MEMORY,2026-10-03,memory,manual
badme,parties,Eritrea; Ethiopia,S0019 S0027,2026-10-03,secondary,manual
badme,kind,resolved_recently,S0019 S0027,2026-10-03,secondary,manual
badme,origin,Awarded to Eritrea by the boundary commission in 2002; Ethiopia accepted the award in the 2018 peace declaration.,S0019 S0027,2026-10-03,secondary,manual
badme,on_the_ground,Under Eritrean control since the 2020-2022 Tigray war; demarcation never completed.,MEMORY,2026-10-03,memory,manual
badme,inhabited,yes,MEMORY,2026-10-03,memory,manual
badme,traveller_access,closed,MEMORY,2026-10-03,memory,manual
baikonur,parties,Russia (leaseholder); Kazakhstan (sovereign),S0028,2026-10-03,memory,manual
baikonur,kind,lease_or_base,S0028,2026-10-03,memory,manual
baikonur,origin,Leased by Russia since 1994; lease extended to 2050.,S0028,2026-10-03,memory,manual
baikonur,area_km2,6717,MEMORY,2026-10-03,memory,manual
baikonur,on_the_ground,City run under Russian law with Russian currency in use; entry by permit or organised tour.,MEMORY,2026-10-03,memory,manual
baikonur,inhabited,yes,MEMORY,2026-10-03,memory,manual
baikonur,traveller_access,restricted,MEMORY,2026-10-03,memory,manual
bajo-nuevo,parties,Colombia (administers); United States; Honduras (constitutional claim),S0019 S0027 S0028,2026-10-03,secondary,manual
bajo-nuevo,kind,islets_for_maritime_zone,S0019 S0027 S0028,2026-10-03,secondary,manual
bajo-nuevo,origin,US claim under the 1856 Guano Islands Act; ICJ confirmed Colombian sovereignty against Nicaragua in 2012.,S0019 S0027 S0028,2026-10-03,secondary,manual
bajo-nuevo,area_km2,0.02,MEMORY,2026-10-03,memory,manual
bajo-nuevo,on_the_ground,Uninhabited cays with a Colombian lighthouse.,MEMORY,2026-10-03,memory,manual
bajo-nuevo,inhabited,no,MEMORY,2026-10-03,memory,manual
bajo-nuevo,traveller_access,expedition_only,MEMORY,2026-10-03,memory,manual
bajo-nuevo,ne_name,Bajo Nuevo Bank,NE,2026-10-03,machine,machine
bajo-nuevo,ne_type,Indeterminate,NE,2026-10-03,machine,machine
bajo-nuevo,ne_note,"Claimed by Colombia, Jamaica, Nicaragua and the United States",NE,2026-10-03,machine,machine
bajo-nuevo,ne_area_km2,0,NE,2026-10-03,machine,machine
bajo-nuevo,ne_attribution,COL:30 USA:1,NE,2026-10-03,machine,machine
banc-du-geyser,parties,France (claims as part of Scattered Islands); Madagascar; Comoros,S0019 S0027,2026-10-03,secondary,manual
banc-du-geyser,kind,islets_for_maritime_zone,S0019 S0027,2026-10-03,secondary,manual
banc-du-geyser,origin,Drying reef claimed by Madagascar in 1976 and by France and Comoros.,S0019 S0027,2026-10-03,secondary,manual
banc-du-geyser,on_the_ground,No permanent land or presence; reef mostly awash.,MEMORY,2026-10-03,memory,manual
banc-du-geyser,inhabited,no,MEMORY,2026-10-03,memory,manual
banc-du-geyser,traveller_access,expedition_only,MEMORY,2026-10-03,memory,manual
baqoura-ghamr,parties,Jordan; Israel,S0012,2026-10-03,secondary,manual
baqoura-ghamr,kind,resolved_recently,S0012,2026-10-03,secondary,manual
baqoura-ghamr,origin,The 1994 peace treaty gave Israeli farmers a 25-year special regime on Jordanian land; Jordan ended it on 10 November 2019.,S0012,2026-10-03,secondary,manual
baqoura-ghamr,area_km2,5,MEMORY,2026-10-03,memory,manual
baqoura-ghamr,on_the_ground,Ordinary Jordanian territory now.,MEMORY,2026-10-03,memory,manual
baqoura-ghamr,inhabited,no,MEMORY,2026-10-03,memory,manual
baqoura-ghamr,traveller_access,restricted,MEMORY,2026-10-03,memory,manual
belize-guatemala-claim,parties,Belize (administers); Guatemala (claims),S0019 S0027 S0028 S0005,2026-10-03,secondary,manual
belize-guatemala-claim,kind,paper_claim,S0019 S0027 S0028 S0005,2026-10-03,secondary,manual
belize-guatemala-claim,origin,Guatemala treats the 1859 Wyke-Aycinena Treaty as void; both states referred the claim to the ICJ after referendums in 2018-2019.,S0019 S0027 S0028 S0005,2026-10-03,secondary,manual
belize-guatemala-claim,area_km2,11030,MEMORY,2026-10-03,memory,manual
belize-guatemala-claim,on_the_ground,Ordinary Belizean territory; an OAS-monitored adjacency zone runs along the border.,MEMORY,2026-10-03,memory,manual
belize-guatemala-claim,inhabited,yes,MEMORY,2026-10-03,memory,manual
belize-guatemala-claim,traveller_access,open,MEMORY,2026-10-03,memory,manual
bhutan-china-north,parties,"Bhutan (claims); China (claims, has built settlements)",S0019 S0027 S0028,2026-10-03,memory,manual
bhutan-china-north,kind,no_agreed_boundary,S0019 S0027 S0028,2026-10-03,memory,manual
bhutan-china-north,origin,No boundary treaty exists; talks since 1984; China has built villages in the area since about 2016.,S0019 S0027 S0028,2026-10-03,memory,manual
bhutan-china-north,area_km2,495,MEMORY,2026-10-03,memory,manual
bhutan-china-north,on_the_ground,Chinese-built villages and roads; no Bhutanese administration.,MEMORY,2026-10-03,memory,manual
bhutan-china-north,inhabited,yes,MEMORY,2026-10-03,memory,manual
bhutan-china-north,traveller_access,closed,MEMORY,2026-10-03,memory,manual
bhutan-china-west,parties,Bhutan; China,S0019 S0027 S0028,2026-10-03,memory,manual
bhutan-china-west,kind,no_agreed_boundary,S0019 S0027 S0028,2026-10-03,memory,manual
bhutan-china-west,origin,No boundary treaty; the 2017 India-China standoff took place at Doklam.,S0019 S0027 S0028,2026-10-03,memory,manual
bhutan-china-west,area_km2,269,MEMORY,2026-10-03,memory,manual
bhutan-china-west,on_the_ground,Chinese military infrastructure on the plateau; Bhutanese army posts nearby.,MEMORY,2026-10-03,memory,manual
bhutan-china-west,inhabited,garrison_only,MEMORY,2026-10-03,memory,manual
bhutan-china-west,traveller_access,closed,MEMORY,2026-10-03,memory,manual
bhutanese-enclaves-tibet,parties,China (administers); Bhutan (residual claim),S0019,2026-10-03,memory,manual
bhutanese-enclaves-tibet,kind,paper_claim,S0019,2026-10-03,memory,manual
bhutanese-enclaves-tibet,origin,Bhutan administered several enclaves near Mount Kailash until China took them over in 1959.,S0019,2026-10-03,memory,manual
bhutanese-enclaves-tibet,on_the_ground,Ordinary Chinese-administered Tibetan villages.,MEMORY,2026-10-03,memory,manual
bhutanese-enclaves-tibet,inhabited,yes,MEMORY,2026-10-03,memory,manual
bhutanese-enclaves-tibet,traveller_access,restricted,MEMORY,2026-10-03,memory,manual
bir-tawil,parties,none (Egypt and Sudan each attribute it to the other),S0019 S0027 S0028 S0024,2026-10-03,secondary,manual
bir-tawil,kind,no_agreed_boundary,S0019 S0027 S0028 S0024,2026-10-03,secondary,manual
bir-tawil,origin,"Same 1899/1902 discrepancy as Hala'ib; each state asserts the line that gives it Hala'ib, leaving Bir Tawil unclaimed.",S0019 S0027 S0028 S0024,2026-10-03,secondary,manual
bir-tawil,area_km2,2060,MEMORY,2026-10-03,memory,manual
bir-tawil,on_the_ground,No state administration; nomads and informal gold miners.,MEMORY,2026-10-03,memory,manual
bir-tawil,inhabited,no,MEMORY,2026-10-03,memory,manual
bir-tawil,traveller_access,expedition_only,MEMORY,2026-10-03,memory,manual
bir-tawil,ne_name,Bir Tawil,NE,2026-10-03,machine,machine
bir-tawil,ne_type,Indeterminate,NE,2026-10-03,machine,machine
bir-tawil,ne_note,Between Egypt and Sudan,NE,2026-10-03,machine,machine
bir-tawil,ne_area_km2,1874,NE,2026-10-03,machine,machine
bir-tawil,ne_attribution,BRT:31,NE,2026-10-03,machine,machine
bir-tawil,wd_label,Bir Tawil,WD,2026-10-03,machine,machine
bir-tawil,wd_area_km2,2060,WD,2026-10-03,machine,machine
bir-tawil,wd_coordinates,21.8706 33.7372,WD,2026-10-03,machine,machine
bosnia-serbia-drina,parties,Bosnia and Herzegovina; Serbia,S0019 S0027,2026-10-03,secondary,manual
bosnia-serbia-drina,kind,line_position,S0019 S0027,2026-10-03,secondary,manual
bosnia-serbia-drina,origin,"River course shifts, hydropower plants and a railway section; about half the boundary is delimited.",S0019 S0027,2026-10-03,secondary,manual
bosnia-serbia-drina,on_the_ground,No visible difference.,MEMORY,2026-10-03,memory,manual
bosnia-serbia-drina,inhabited,yes,MEMORY,2026-10-03,memory,manual
bosnia-serbia-drina,traveller_access,open,MEMORY,2026-10-03,memory,manual
bukit-jeli,parties,Thailand; Malaysia,S0019,2026-10-03,memory,manual
bukit-jeli,kind,line_position,S0019,2026-10-03,memory,manual
bukit-jeli,origin,The watershed line under the 1909 treaty is disputed on one short segment left over from the 1973-1990s demarcation.,S0019,2026-10-03,memory,manual
bukit-jeli,area_km2,0.4,MEMORY,2026-10-03,memory,manual
bukit-jeli,on_the_ground,Forest hill; no visible difference.,MEMORY,2026-10-03,memory,manual
bukit-jeli,inhabited,no,MEMORY,2026-10-03,memory,manual
burkina-niger-border,parties,Burkina Faso; Niger,S0019 S0027 S0024,2026-10-03,secondary,manual
burkina-niger-border,kind,resolved_recently,S0019 S0027 S0024,2026-10-03,secondary,manual
burkina-niger-border,origin,ICJ judgment of 2013; implemented 2015-2016 by exchanging 18 towns.,S0019 S0027 S0024,2026-10-03,secondary,manual
burkina-niger-border,area_km2,1063,MEMORY,2026-10-03,memory,manual
burkina-niger-border,on_the_ground,Line now fixed.,MEMORY,2026-10-03,memory,manual
burkina-niger-border,inhabited,yes,MEMORY,2026-10-03,memory,manual
burkina-niger-border,traveller_access,closed,MEMORY,2026-10-03,memory,manual
caspian-islets-ukatny,parties,Russia; Kazakhstan,S0019,2026-10-03,memory,manual
caspian-islets-ukatny,kind,islets_for_maritime_zone,S0019,2026-10-03,memory,manual
caspian-islets-ukatny,origin,Islets in the northern Caspian near oil structures; Wikipedia lists the dispute as open (not verified).,S0019,2026-10-03,memory,manual
caspian-islets-ukatny,on_the_ground,Uninhabited sandbanks.,MEMORY,2026-10-03,memory,manual
caspian-islets-ukatny,inhabited,no,MEMORY,2026-10-03,memory,manual
caspian-islets-ukatny,traveller_access,closed,MEMORY,2026-10-03,memory,manual
ceuta,parties,Spain (administers); Morocco (claims),S0019 S0027 S0028,2026-10-03,secondary,manual
ceuta,kind,paper_claim,S0019 S0027 S0028,2026-10-03,secondary,manual
ceuta,origin,Spanish since 1668 treaty (held from 1580); Morocco has claimed it since independence in 1956.,S0019 S0027 S0028,2026-10-03,secondary,manual
ceuta,area_km2,18.5,MEMORY,2026-10-03,memory,manual
ceuta,on_the_ground,"Ordinary Spanish autonomous city, EU territory with a fenced land border.",MEMORY,2026-10-03,memory,manual
ceuta,inhabited,yes,MEMORY,2026-10-03,memory,manual
ceuta,traveller_access,open,MEMORY,2026-10-03,memory,manual
ceuta,ne_name,Ceuta,NE,2026-10-03,machine,machine
ceuta,ne_type,Geo subunit,NE,2026-10-03,machine,machine
ceuta,ne_area_km2,33,NE,2026-10-03,machine,machine
ceuta,ne_attribution,ESP:30 MAR:1,NE,2026-10-03,machine,machine
ceuta,wd_label,Ceuta,WD,2026-10-03,machine,machine
ceuta,wd_area_km2,18.5,WD,2026-10-03,machine,machine
ceuta,wd_population,83595,WD,2026-10-03,machine,machine
ceuta,wd_coordinates,35.8867 -5.3000,WD,2026-10-03,machine,machine
chagos,parties,"United Kingdom (administers); Mauritius (claims; cession treaty signed 22 May 2025, not ratified as of April 2026); Maldives (objects)",S0019 S0027 S0028 S0007,2026-10-03,secondary,manual
chagos,kind,paper_claim,S0019 S0027 S0028 S0007,2026-10-03,secondary,manual
chagos,origin,Detached from Mauritius in 1965 before independence; population removed 1967-1973; ICJ advisory opinion 2019 against the UK.,S0019 S0027 S0028 S0007,2026-10-03,secondary,manual
chagos,area_km2,56,MEMORY,2026-10-03,memory,manual
chagos,on_the_ground,UK territory with no civilians outside the Diego Garcia base; outer atolls reachable only by permitted yachts.,MEMORY,2026-10-03,memory,manual
chagos,inhabited,garrison_only,MEMORY,2026-10-03,memory,manual
chagos,traveller_access,restricted,MEMORY,2026-10-03,memory,manual
chile-peru-land-triangle,parties,Chile (controls); Peru (claims),MEMORY,2026-10-03,memory,manual
chile-peru-land-triangle,kind,line_position,MEMORY,2026-10-03,memory,manual
chile-peru-land-triangle,origin,"Disagreement whether the land border starts at Hito 1 or at Punto Concordia, left open by the 2014 ICJ maritime judgment.",MEMORY,2026-10-03,memory,manual
chile-peru-land-triangle,area_km2,0.037,MEMORY,2026-10-03,memory,manual
chile-peru-land-triangle,on_the_ground,Empty strip of beach with no access.,MEMORY,2026-10-03,memory,manual
chile-peru-land-triangle,inhabited,no,MEMORY,2026-10-03,memory,manual
chile-peru-land-triangle,traveller_access,closed,MEMORY,2026-10-03,memory,manual
citrana-naktuka,parties,Timor-Leste; Indonesia,S0019 S0027,2026-10-03,secondary,manual
citrana-naktuka,kind,line_position,S0019 S0027,2026-10-03,secondary,manual
citrana-naktuka,origin,"1904 Dutch-Portuguese treaty names the mouth of the Noel Besi, whose course both sides read differently.",S0019 S0027,2026-10-03,secondary,manual
citrana-naktuka,area_km2,10.7,MEMORY,2026-10-03,memory,manual
citrana-naktuka,on_the_ground,Farmland settled by Timorese families; meant to stay unsettled pending agreement.,MEMORY,2026-10-03,memory,manual
citrana-naktuka,inhabited,yes,MEMORY,2026-10-03,memory,manual
conejo-island,parties,Honduras (controls); El Salvador (claims),S0019 S0027,2026-10-03,memory,manual
conejo-island,kind,paper_claim,S0019 S0027,2026-10-03,memory,manual
conejo-island,origin,Not mentioned in the 1992 ICJ judgment on the Gulf of Fonseca; Honduras has garrisoned it since the 1980s.,S0019 S0027,2026-10-03,memory,manual
conejo-island,area_km2,0.005,MEMORY,2026-10-03,memory,manual
conejo-island,on_the_ground,Honduran military post on an islet 600 m off the Honduran shore.,MEMORY,2026-10-03,memory,manual
conejo-island,inhabited,garrison_only,MEMORY,2026-10-03,memory,manual
conejo-island,traveller_access,closed,MEMORY,2026-10-03,memory,manual
congo-river-islands,parties,Republic of the Congo; DR Congo,S0019 S0027,2026-10-03,secondary,manual
congo-river-islands,kind,no_agreed_boundary,S0019 S0027,2026-10-03,secondary,manual
congo-river-islands,origin,The boundary in the river was never defined except in Pool Malebo.,S0019 S0027,2026-10-03,secondary,manual
congo-river-islands,on_the_ground,Islands used by fishers from both banks; attribution undefined.,MEMORY,2026-10-03,memory,manual
crimea,parties,"Russia (controls, annexed 2014); Ukraine (claims)",S0019 S0027 S0028,2026-10-03,secondary,manual
crimea,kind,occupied_or_annexed,S0019 S0027 S0028,2026-10-03,secondary,manual
crimea,origin,Seized and annexed by Russia in February-March 2014; UNGA resolution 68/262 affirms Ukraine's territorial integrity.,S0019 S0027 S0028,2026-10-03,secondary,manual
crimea,area_km2,27000,MEMORY,2026-10-03,memory,manual
crimea,on_the_ground,Run as Russian federal subjects; reachable only from Russia; entry violates Ukrainian law.,MEMORY,2026-10-03,memory,manual
crimea,inhabited,yes,MEMORY,2026-10-03,memory,manual
crimea,traveller_access,restricted,MEMORY,2026-10-03,memory,manual
crimea,ne_name,Crimea,NE,2026-10-03,machine,machine
crimea,ne_type,Disputed,NE,2026-10-03,machine,machine
crimea,ne_note,Admin. by Russia; Claimed by Ukraine,NE,2026-10-03,machine,machine
crimea,ne_area_km2,16267,NE,2026-10-03,machine,machine
crimea,ne_attribution,UKR:30 RUS:1,NE,2026-10-03,machine,machine
croatia-serbia-danube-pockets,parties,Serbia (controls); Croatia (claims),S0019 S0027 S0024,2026-10-03,secondary,manual
croatia-serbia-danube-pockets,kind,line_position,S0019 S0027 S0024,2026-10-03,secondary,manual
croatia-serbia-danube-pockets,origin,"Croatia follows 19th-century cadastral boundaries, Serbia the present course of the Danube.",S0019 S0027 S0024,2026-10-03,secondary,manual
croatia-serbia-danube-pockets,area_km2,100,MEMORY,2026-10-03,memory,manual
croatia-serbia-danube-pockets,on_the_ground,Forest and farmland under Serbian control.,MEMORY,2026-10-03,memory,manual
croatia-serbia-danube-pockets,inhabited,no,MEMORY,2026-10-03,memory,manual
croatia-serbia-danube-pockets,traveller_access,open,MEMORY,2026-10-03,memory,manual
cyprus-buffer-zone,parties,UN (UNFICYP); Cyprus; Northern Cyprus,S0010 S0028,2026-10-03,secondary,manual
cyprus-buffer-zone,kind,own_regime,S0010 S0028,2026-10-03,secondary,manual
cyprus-buffer-zone,origin,Ceasefire lines of August 1974.,S0010 S0028,2026-10-03,secondary,manual
cyprus-buffer-zone,area_km2,346,MEMORY,2026-10-03,memory,manual
cyprus-buffer-zone,on_the_ground,UN-patrolled strip with a few inhabited villages (Pyla) and nine crossing points; elsewhere entry needs UN permission.,MEMORY,2026-10-03,memory,manual
cyprus-buffer-zone,inhabited,yes,MEMORY,2026-10-03,memory,manual
cyprus-buffer-zone,traveller_access,restricted,MEMORY,2026-10-03,memory,manual
cyprus-buffer-zone,ne_name,Cyprus U.N. Buffer Zone,NE,2026-10-03,machine,machine
cyprus-buffer-zone,ne_type,Indeterminate,NE,2026-10-03,machine,machine
cyprus-buffer-zone,ne_area_km2,268,NE,2026-10-03,machine,machine
cyprus-buffer-zone,ne_attribution,CYP:31,NE,2026-10-03,machine,machine
cyprus-buffer-zone,wd_label,United Nations Buffer Zone in Cyprus,WD,2026-10-03,machine,machine
david-gareja,parties,Georgia; Azerbaijan,S0019 S0027,2026-10-03,secondary,manual
david-gareja,kind,line_position,S0019 S0027,2026-10-03,secondary,manual
david-gareja,origin,Soviet-era republic boundary runs along the ridge through the complex; about a third of the border is undelimited.,S0019 S0027,2026-10-03,secondary,manual
david-gareja,on_the_ground,Georgian monks; Azerbaijani border guards restrict the upper cave monasteries since 2019.,MEMORY,2026-10-03,memory,manual
david-gareja,inhabited,yes,MEMORY,2026-10-03,memory,manual
david-gareja,traveller_access,restricted,MEMORY,2026-10-03,memory,manual
demchok,parties,India (Demchok village); China (Dêmqog); each claims the whole,S0019 S0028,2026-10-03,memory,manual
demchok,kind,line_position,S0019 S0028,2026-10-03,memory,manual
demchok,origin,The Line of Actual Control splits the sector along the Charding Nullah; no treaty line.,S0019 S0028,2026-10-03,memory,manual
demchok,on_the_ground,Villages on both sides; inner-line permit on the Indian side.,MEMORY,2026-10-03,memory,manual
demchok,inhabited,yes,MEMORY,2026-10-03,memory,manual
demchok,traveller_access,restricted,MEMORY,2026-10-03,memory,manual
diego-garcia,parties,United Kingdom (territory); United States (base); Mauritius (claims),S0028 S0007,2026-10-03,memory,manual
diego-garcia,kind,lease_or_base,S0028 S0007,2026-10-03,memory,manual
diego-garcia,origin,UK made the island available to the US by a 1966 exchange of notes; the 2025 UK-Mauritius treaty would lease it back for 99 years.,S0028 S0007,2026-10-03,memory,manual
diego-garcia,area_km2,30,MEMORY,2026-10-03,memory,manual
diego-garcia,on_the_ground,Joint UK-US military base; no civilian access.,MEMORY,2026-10-03,memory,manual
diego-garcia,inhabited,garrison_only,MEMORY,2026-10-03,memory,manual
diego-garcia,traveller_access,closed,MEMORY,2026-10-03,memory,manual
doi-lang,parties,Thailand; Myanmar,S0019,2026-10-03,memory,manual
doi-lang,kind,line_position,S0019,2026-10-03,memory,manual
doi-lang,origin,Different maps of the 1894 Anglo-Siamese boundary; standoffs since the 1980s.,S0019,2026-10-03,memory,manual
doi-lang,area_km2,32,MEMORY,2026-10-03,memory,manual
doi-lang,on_the_ground,Thai and Myanmar army posts face each other on the ridge; birdwatchers visit from the Thai side.,MEMORY,2026-10-03,memory,manual
doi-lang,inhabited,garrison_only,MEMORY,2026-10-03,memory,manual
doi-lang,traveller_access,restricted,MEMORY,2026-10-03,memory,manual
dokdo,parties,South Korea (controls); Japan (claims),S0019 S0027 S0028,2026-10-03,secondary,manual
dokdo,kind,islets_for_maritime_zone,S0019 S0027 S0028,2026-10-03,secondary,manual
dokdo,origin,Japan incorporated them in 1905; South Korea has held them since 1954.,S0019 S0027 S0028,2026-10-03,secondary,manual
dokdo,area_km2,0.19,MEMORY,2026-10-03,memory,manual
dokdo,on_the_ground,Korean police garrison; day-trip ferries from Ulleungdo.,MEMORY,2026-10-03,memory,manual
dokdo,inhabited,garrison_only,MEMORY,2026-10-03,memory,manual
dokdo,traveller_access,open,MEMORY,2026-10-03,memory,manual
dokdo,ne_name,Dokdo,NE,2026-10-03,machine,machine
dokdo,ne_type,Geo subunit,NE,2026-10-03,machine,machine
dokdo,ne_note,Admin. by South Korea; Claimed by Japan,NE,2026-10-03,machine,machine
dokdo,ne_area_km2,0,NE,2026-10-03,machine,machine
dokdo,ne_attribution,KOD:28 KOR:2 JPN:1,NE,2026-10-03,machine,machine
dokdo,wd_label,Liancourt Rocks,WD,2026-10-03,machine,machine
dokdo,wd_population,34,WD,2026-10-03,machine,machine
dokdo,wd_coordinates,37.2417 131.8667,WD,2026-10-03,machine,machine
donetsk-occupied,parties,"Russia (controls most, annexed 2022); Ukraine (claims)",S0019 S0028,2026-10-03,secondary,manual
donetsk-occupied,kind,occupied_or_annexed,S0019 S0028,2026-10-03,secondary,manual
donetsk-occupied,origin,Partly held by Russian proxies from 2014; annexation declared 30 September 2022.,S0019 S0028,2026-10-03,secondary,manual
donetsk-occupied,on_the_ground,Russian administration behind an active front line.,MEMORY,2026-10-03,memory,manual
donetsk-occupied,inhabited,yes,MEMORY,2026-10-03,memory,manual
donetsk-occupied,traveller_access,closed,MEMORY,2026-10-03,memory,manual
doumeira,parties,Eritrea (occupies); Djibouti (claims),S0019 S0027 S0028,2026-10-03,secondary,manual
doumeira,kind,line_position,S0019 S0027 S0028,2026-10-03,secondary,manual
doumeira,origin,Conflicting colonial texts of 1900 and 1935; armed clash in 2008; Qatari peacekeepers left in 2017.,S0019 S0027 S0028,2026-10-03,secondary,manual
doumeira,on_the_ground,Eritrean troops hold the cape and island.,MEMORY,2026-10-03,memory,manual
doumeira,inhabited,garrison_only,MEMORY,2026-10-03,memory,manual
doumeira,traveller_access,closed,MEMORY,2026-10-03,memory,manual
dragonja,parties,Croatia (controls); Slovenia,S0019 S0027 S0028,2026-10-03,secondary,manual
dragonja,kind,line_position,S0019 S0027 S0028,2026-10-03,secondary,manual
dragonja,origin,"A 2017 arbitral award (accepted by Slovenia, rejected by Croatia) left the hamlets with Croatia.",S0019 S0027 S0028,2026-10-03,secondary,manual
dragonja,area_km2,1.4,MEMORY,2026-10-03,memory,manual
dragonja,on_the_ground,Croatian-administered hamlets; both states are in Schengen since 2023.,MEMORY,2026-10-03,memory,manual
dragonja,inhabited,yes,MEMORY,2026-10-03,memory,manual
dragonja,traveller_access,open,MEMORY,2026-10-03,memory,manual
durand-line,parties,Pakistan (administers its side); Afghanistan (does not recognise the line),S0027,2026-10-03,memory,manual
durand-line,kind,line_position,S0027,2026-10-03,memory,manual
durand-line,origin,The 1893 Durand agreement line was rejected by Afghan governments from 1947.,S0027,2026-10-03,memory,manual
durand-line,on_the_ground,Pakistan has fenced most of it; crossings at Torkham and Chaman open and close with tensions.,MEMORY,2026-10-03,memory,manual
durand-line,inhabited,yes,MEMORY,2026-10-03,memory,manual
durand-line,traveller_access,restricted,MEMORY,2026-10-03,memory,manual
east-jerusalem,parties,"Israel (controls, annexed); Palestine (claims)",S0019 S0027 S0028,2026-10-03,secondary,manual
east-jerusalem,kind,occupied_or_annexed,S0019 S0027 S0028,2026-10-03,secondary,manual
east-jerusalem,origin,Captured in 1967 and placed under Israeli law; Basic Law of 1980.,S0019 S0027 S0028,2026-10-03,secondary,manual
east-jerusalem,area_km2,70,MEMORY,2026-10-03,memory,manual
east-jerusalem,on_the_ground,Run as part of Israeli Jerusalem.,MEMORY,2026-10-03,memory,manual
east-jerusalem,inhabited,yes,MEMORY,2026-10-03,memory,manual
east-jerusalem,traveller_access,open,MEMORY,2026-10-03,memory,manual
east-jerusalem,ne_name,East Jerusalem,NE,2026-10-03,machine,machine
east-jerusalem,ne_type,Disputed,NE,2026-10-03,machine,machine
east-jerusalem,ne_note,Admin. By Israel; Claimed by Palestine,NE,2026-10-03,machine,machine
east-jerusalem,ne_area_km2,56,NE,2026-10-03,machine,machine
east-jerusalem,ne_attribution,ISR:26 PSX:5,NE,2026-10-03,machine,machine
eastern-ossetia-claim,parties,Georgia (administers); South Ossetia (claims),S0019,2026-10-03,secondary,manual
eastern-ossetia-claim,kind,paper_claim,S0019,2026-10-03,secondary,manual
eastern-ossetia-claim,origin,South Ossetian claim voiced since 2008 to 'historically Ossetian lands'.,S0019,2026-10-03,secondary,manual
eastern-ossetia-claim,on_the_ground,Georgian border zone in Kazbegi municipality; the gorge needs a border police permit.,MEMORY,2026-10-03,memory,manual
eastern-ossetia-claim,inhabited,yes,MEMORY,2026-10-03,memory,manual
eastern-ossetia-claim,traveller_access,restricted,MEMORY,2026-10-03,memory,manual
essequibo,parties,Guyana (administers); Venezuela (claims),S0019 S0027 S0028 S0011,2026-10-03,secondary,manual
essequibo,kind,paper_claim,S0019 S0027 S0028 S0011,2026-10-03,secondary,manual
essequibo,origin,Venezuela declared the 1899 arbitral award void in 1962; case pending at the ICJ; Venezuela legislated a state there in 2024.,S0019 S0027 S0028 S0011,2026-10-03,secondary,manual
essequibo,area_km2,159500,MEMORY,2026-10-03,memory,manual
essequibo,on_the_ground,Ordinary Guyanese regions.,MEMORY,2026-10-03,memory,manual
essequibo,inhabited,yes,MEMORY,2026-10-03,memory,manual
essequibo,traveller_access,open,MEMORY,2026-10-03,memory,manual
estonia-russia-border,parties,Russia (administers); Estonia (no official claim; border treaty unratified),S0019 S0027,2026-10-03,secondary,manual
estonia-russia-border,kind,paper_claim,S0019 S0027,2026-10-03,secondary,manual
estonia-russia-border,origin,Assigned to Estonia by the 1920 Treaty of Tartu and transferred to the Russian SFSR in 1944-1945; the 2014 border treaty is still unratified.,S0019 S0027,2026-10-03,secondary,manual
estonia-russia-border,on_the_ground,Ordinary Russian territory along a demarcated control line.,MEMORY,2026-10-03,memory,manual
estonia-russia-border,inhabited,yes,MEMORY,2026-10-03,memory,manual
estonia-russia-border,traveller_access,restricted,MEMORY,2026-10-03,memory,manual
ethiopia-somalia-provisional-line,parties,Ethiopia; Somalia,S0027,2026-10-03,secondary,manual
ethiopia-somalia-provisional-line,kind,no_agreed_boundary,S0027,2026-10-03,secondary,manual
ethiopia-somalia-provisional-line,origin,The southern part of the border is a provisional administrative line left by the British in 1950 and never delimited by treaty.,S0027,2026-10-03,secondary,manual
ethiopia-somalia-provisional-line,on_the_ground,Pastoral borderland with no demarcation.,MEMORY,2026-10-03,memory,manual
ethiopia-somalia-provisional-line,inhabited,yes,MEMORY,2026-10-03,memory,manual
ethiopia-somalia-provisional-line,traveller_access,closed,MEMORY,2026-10-03,memory,manual
falkland-islands,parties,United Kingdom (administers); Argentina (claims),S0019 S0027 S0028,2026-10-03,secondary,manual
falkland-islands,kind,paper_claim,S0019 S0027 S0028,2026-10-03,secondary,manual
falkland-islands,origin,British administration since 1833; war in 1982; claimed in Argentina's constitution.,S0019 S0027 S0028,2026-10-03,secondary,manual
falkland-islands,area_km2,12173,MEMORY,2026-10-03,memory,manual
falkland-islands,on_the_ground,Self-governing UK overseas territory.,MEMORY,2026-10-03,memory,manual
falkland-islands,inhabited,yes,MEMORY,2026-10-03,memory,manual
falkland-islands,traveller_access,open,MEMORY,2026-10-03,memory,manual
fasht-ad-dibal-qitat-jaradah,parties,Bahrain; Qatar,S0019,2026-10-03,secondary,manual
fasht-ad-dibal-qitat-jaradah,kind,islets_for_maritime_zone,S0019,2026-10-03,secondary,manual
fasht-ad-dibal-qitat-jaradah,origin,ICJ judgment of 2001 gave Qit'at Jaradah to Bahrain and Fasht ad Dibal to Qatar; Wikipedia still lists a residual disagreement.,S0019,2026-10-03,secondary,manual
fasht-ad-dibal-qitat-jaradah,on_the_ground,"Sandbank and low-tide elevation, no presence.",MEMORY,2026-10-03,memory,manual
fasht-ad-dibal-qitat-jaradah,inhabited,no,MEMORY,2026-10-03,memory,manual
fasht-ad-dibal-qitat-jaradah,traveller_access,closed,MEMORY,2026-10-03,memory,manual
gaza-strip,parties,Israel (military control of part since 2023-2025); Hamas / Palestinian bodies; Palestine (claims),S0019 S0027 S0028,2026-10-03,secondary,manual
gaza-strip,kind,occupied_or_annexed,S0019 S0027 S0028,2026-10-03,secondary,manual
gaza-strip,origin,Occupied 1967; Israeli withdrawal 2005; war from October 2023; October 2025 ceasefire left Israeli forces behind a 'yellow line'.,S0019 S0027 S0028,2026-10-03,secondary,manual
gaza-strip,area_km2,365,MEMORY,2026-10-03,memory,manual
gaza-strip,on_the_ground,Devastated war zone; no ordinary entry.,MEMORY,2026-10-03,memory,manual
gaza-strip,inhabited,yes,MEMORY,2026-10-03,memory,manual
gaza-strip,traveller_access,closed,MEMORY,2026-10-03,memory,manual
gazakh-exclaves,parties,Armenia (controls); Azerbaijan (de jure),S0019 S0003,2026-10-03,secondary,manual
gazakh-exclaves,kind,occupied_or_annexed,S0019 S0003,2026-10-03,secondary,manual
gazakh-exclaves,origin,Azerbaijani exclaves inside Armenia taken in the early 1990s.,S0019 S0003,2026-10-03,secondary,manual
gazakh-exclaves,area_km2,60,MEMORY,2026-10-03,memory,manual
gazakh-exclaves,on_the_ground,Ruined villages near Armenian roads; military presence.,MEMORY,2026-10-03,memory,manual
gazakh-exclaves,inhabited,no,MEMORY,2026-10-03,memory,manual
gazakh-exclaves,traveller_access,restricted,MEMORY,2026-10-03,memory,manual
gazakh-four-villages,parties,Armenia; Azerbaijan,MEMORY,2026-10-03,memory,manual
gazakh-four-villages,kind,resolved_recently,MEMORY,2026-10-03,memory,manual
gazakh-four-villages,origin,Held by Armenia since the early 1990s; returned to Azerbaijan in April-May 2024 with the first agreed border delimitation.,MEMORY,2026-10-03,memory,manual
gazakh-four-villages,area_km2,6.5,MEMORY,2026-10-03,memory,manual
gazakh-four-villages,on_the_ground,New demarcated border section in Tavush.,MEMORY,2026-10-03,memory,manual
gazakh-four-villages,inhabited,no,MEMORY,2026-10-03,memory,manual
gazakh-four-villages,traveller_access,closed,MEMORY,2026-10-03,memory,manual
ghajar,parties,Israel (controls); Lebanon (north of the Blue Line),MEMORY,2026-10-03,memory,manual
ghajar,kind,occupied_or_annexed,MEMORY,2026-10-03,memory,manual
ghajar,origin,The 2000 UN Blue Line cuts the village; Israel reoccupied the northern half in 2006.,MEMORY,2026-10-03,memory,manual
ghajar,area_km2,1,MEMORY,2026-10-03,memory,manual
ghajar,on_the_ground,Alawite village run from Israel; opened to visitors in 2022.,MEMORY,2026-10-03,memory,manual
ghajar,inhabited,yes,MEMORY,2026-10-03,memory,manual
ghajar,traveller_access,open,MEMORY,2026-10-03,memory,manual
gibraltar,parties,United Kingdom (administers); Spain (claims),S0019 S0027 S0028,2026-10-03,secondary,manual
gibraltar,kind,paper_claim,S0019 S0027 S0028,2026-10-03,secondary,manual
gibraltar,origin,"Ceded by the 1713 Treaty of Utrecht; Spain also contests the isthmus, which the treaty did not mention.",S0019 S0027 S0028,2026-10-03,secondary,manual
gibraltar,area_km2,6.8,MEMORY,2026-10-03,memory,manual
gibraltar,on_the_ground,Self-governing UK territory; a 2025 UK-EU deal foresees removing the land border checks.,MEMORY,2026-10-03,memory,manual
gibraltar,inhabited,yes,MEMORY,2026-10-03,memory,manual
gibraltar,traveller_access,open,MEMORY,2026-10-03,memory,manual
gibraltar,ne_name,Gibraltar,NE,2026-10-03,machine,machine
gibraltar,ne_type,Disputed,NE,2026-10-03,machine,machine
gibraltar,ne_note,Admin. By U.K.; Claimed by Spain,NE,2026-10-03,machine,machine
gibraltar,ne_area_km2,3,NE,2026-10-03,machine,machine
gibraltar,ne_attribution,GIB:31,NE,2026-10-03,machine,machine
gilgit-baltistan,parties,Pakistan (administers); India (claims),S0019 S0027 S0028,2026-10-03,secondary,manual
gilgit-baltistan,kind,paper_claim,S0019 S0027 S0028,2026-10-03,secondary,manual
gilgit-baltistan,origin,Joined Pakistan after a 1947 revolt against the Maharaja; part of the Kashmir dispute.,S0019 S0027 S0028,2026-10-03,secondary,manual
gilgit-baltistan,area_km2,72500,MEMORY,2026-10-03,memory,manual
gilgit-baltistan,on_the_ground,Pakistani administrative territory without full provincial status; open to trekkers.,MEMORY,2026-10-03,memory,manual
gilgit-baltistan,inhabited,yes,MEMORY,2026-10-03,memory,manual
gilgit-baltistan,traveller_access,open,MEMORY,2026-10-03,memory,manual
glorioso-islands,parties,"France (administers, TAAF); Madagascar; Comoros (claims)",S0019 S0027 S0028,2026-10-03,secondary,manual
glorioso-islands,kind,islets_for_maritime_zone,S0019 S0027 S0028,2026-10-03,secondary,manual
glorioso-islands,origin,Retained by France at Madagascar's independence in 1960.,S0019 S0027 S0028,2026-10-03,secondary,manual
glorioso-islands,area_km2,5,MEMORY,2026-10-03,memory,manual
glorioso-islands,on_the_ground,French detachment and weather station; nature reserve.,MEMORY,2026-10-03,memory,manual
glorioso-islands,inhabited,garrison_only,MEMORY,2026-10-03,memory,manual
glorioso-islands,traveller_access,restricted,MEMORY,2026-10-03,memory,manual
golan-heights,parties,"Israel (controls, annexed 1981); Syria (claims)",S0019 S0027 S0028,2026-10-03,secondary,manual
golan-heights,kind,occupied_or_annexed,S0019 S0027 S0028,2026-10-03,secondary,manual
golan-heights,origin,Captured by Israel in 1967; Israeli law applied in 1981; annexation recognised only by the United States (2019).,S0019 S0027 S0028,2026-10-03,secondary,manual
golan-heights,area_km2,1200,MEMORY,2026-10-03,memory,manual
golan-heights,on_the_ground,Run as ordinary Israeli territory; entered freely from Israel.,MEMORY,2026-10-03,memory,manual
golan-heights,inhabited,yes,MEMORY,2026-10-03,memory,manual
golan-heights,traveller_access,open,MEMORY,2026-10-03,memory,manual
golan-heights,ne_name,Golan Heights,NE,2026-10-03,machine,machine
golan-heights,ne_type,Indeterminate,NE,2026-10-03,machine,machine
golan-heights,ne_note,Admin. By Israel; Claimed by Syria,NE,2026-10-03,machine,machine
golan-heights,ne_area_km2,974,NE,2026-10-03,machine,machine
golan-heights,ne_attribution,SYR:16 B16:13 ISR:2,NE,2026-10-03,machine,machine
golan-heights,wd_label,Golan Heights,WD,2026-10-03,machine,machine
golan-heights,wd_area_km2,1800,WD,2026-10-03,machine,machine
golan-heights,wd_coordinates,33.0000 35.7500,WD,2026-10-03,machine,machine
gornja-siga,parties,"Croatia (de facto control, attributes it to Serbia); Serbia (no claim)",S0024,2026-10-03,secondary,manual
gornja-siga,kind,no_agreed_boundary,S0024,2026-10-03,secondary,manual
gornja-siga,origin,Left unclaimed by the two states' incompatible boundary rules; site of the 2015 'Liberland' micronation.,S0024,2026-10-03,secondary,manual
gornja-siga,area_km2,7,MEMORY,2026-10-03,memory,manual
gornja-siga,on_the_ground,"Forest patrolled by Croatian police, who remove visitors.",MEMORY,2026-10-03,memory,manual
gornja-siga,inhabited,no,MEMORY,2026-10-03,memory,manual
gornja-siga,traveller_access,closed,MEMORY,2026-10-03,memory,manual
guantanamo-bay,parties,"United States (leaseholder); Cuba (sovereign, rejects the lease)",S0019 S0027 S0028,2026-10-03,secondary,manual
guantanamo-bay,kind,lease_or_base,S0019 S0027 S0028,2026-10-03,secondary,manual
guantanamo-bay,origin,Perpetual lease under 1903 and 1934 treaties; Cuba has protested since 1959.,S0019 S0027 S0028,2026-10-03,secondary,manual
guantanamo-bay,area_km2,117,MEMORY,2026-10-03,memory,manual
guantanamo-bay,on_the_ground,"US military jurisdiction behind a fenced, mined perimeter.",MEMORY,2026-10-03,memory,manual
guantanamo-bay,inhabited,garrison_only,MEMORY,2026-10-03,memory,manual
guantanamo-bay,traveller_access,closed,MEMORY,2026-10-03,memory,manual
guantanamo-bay,ne_name,USNB Guantanamo Bay,NE,2026-10-03,machine,machine
guantanamo-bay,ne_type,Lease,NE,2026-10-03,machine,machine
guantanamo-bay,ne_note,Leased to U.S.A. by Cuba; Claimed by Cuba,NE,2026-10-03,machine,machine
guantanamo-bay,ne_area_km2,62,NE,2026-10-03,machine,machine
guantanamo-bay,ne_attribution,USG:29 CUB:2,NE,2026-10-03,machine,machine
guantanamo-bay,wd_label,Guantanamo Bay Naval Base,WD,2026-10-03,machine,machine
guantanamo-bay,wd_area_km2,117.6,WD,2026-10-03,machine,machine
guantanamo-bay,wd_coordinates,19.9175 -75.1600,WD,2026-10-03,machine,machine
guinea-liberia-makona,parties,Liberia; Guinea,S0019,2026-10-03,secondary,manual
guinea-liberia-makona,kind,line_position,S0019,2026-10-03,secondary,manual
guinea-liberia-makona,origin,Disagreement over the river boundary flared in March 2026 when Guinean soldiers crossed near Sorlumba.,S0019,2026-10-03,secondary,manual
guinea-liberia-makona,on_the_ground,Riverbank locality with reported Guinean military presence; talks under ECOWAS.,MEMORY,2026-10-03,memory,manual
guinea-liberia-makona,inhabited,yes,MEMORY,2026-10-03,memory,manual
halaib-triangle,parties,Egypt (administers); Sudan (claims),S0019 S0027 S0028 S0024,2026-10-03,secondary,manual
halaib-triangle,kind,paper_claim,S0019 S0027 S0028 S0024,2026-10-03,secondary,manual
halaib-triangle,origin,1899 political boundary (22nd parallel) versus 1902 administrative boundary; Egypt took full control in the 1990s.,S0019 S0027 S0028 S0024,2026-10-03,secondary,manual
halaib-triangle,area_km2,20580,MEMORY,2026-10-03,memory,manual
halaib-triangle,on_the_ground,Run as ordinary Egyptian territory (Red Sea Governorate) with checkpoints.,MEMORY,2026-10-03,memory,manual
halaib-triangle,inhabited,yes,MEMORY,2026-10-03,memory,manual
halaib-triangle,traveller_access,restricted,MEMORY,2026-10-03,memory,manual
hans-island,parties,Canada; Denmark/Greenland,S0019 S0027 S0028,2026-10-03,secondary,manual
hans-island,kind,resolved_recently,S0019 S0027 S0028,2026-10-03,secondary,manual
hans-island,origin,Left out of the 1973 boundary treaty; divided along a natural ravine by agreement of 14 June 2022.,S0019 S0027 S0028,2026-10-03,secondary,manual
hans-island,area_km2,1.3,MEMORY,2026-10-03,memory,manual
hans-island,on_the_ground,Uninhabited rock now crossed by a land border.,MEMORY,2026-10-03,memory,manual
hans-island,inhabited,no,MEMORY,2026-10-03,memory,manual
hans-island,traveller_access,expedition_only,MEMORY,2026-10-03,memory,manual
hans-island,ne_name,Greenland,NE,2026-10-03,machine,machine
hans-island,ne_type,Disputed,NE,2026-10-03,machine,machine
hans-island,ne_note,Admin. by Denmark; Claimed by Canada,NE,2026-10-03,machine,machine
hans-island,ne_area_km2,5,NE,2026-10-03,machine,machine
hans-island,ne_attribution,B21:16 DEN:15,NE,2026-10-03,machine,machine
hatay,parties,Turkey; Syria,S0019,2026-10-03,secondary,manual
hatay,kind,resolved_recently,S0019,2026-10-03,secondary,manual
hatay,origin,"Annexed by Turkey in 1939; Wikipedia treats the Syrian claim as dropped after the change of government in 2024 (implied, not verified).",S0019,2026-10-03,secondary,manual
hatay,area_km2,5524,MEMORY,2026-10-03,memory,manual
hatay,on_the_ground,Ordinary Turkish province.,MEMORY,2026-10-03,memory,manual
hatay,inhabited,yes,MEMORY,2026-10-03,memory,manual
hatay,traveller_access,open,MEMORY,2026-10-03,memory,manual
heglig,parties,Sudan (controls); South Sudan (claims),S0019,2026-10-03,secondary,manual
heglig,kind,line_position,S0019,2026-10-03,secondary,manual
heglig,origin,Position of the 1956 north-south line disputed after 2011; South Sudan briefly took it in April 2012.,S0019,2026-10-03,secondary,manual
heglig,on_the_ground,Sudan runs it as part of West/South Kordofan; oil installations.,MEMORY,2026-10-03,memory,manual
heglig,inhabited,yes,MEMORY,2026-10-03,memory,manual
heglig,traveller_access,closed,MEMORY,2026-10-03,memory,manual
ilemi-triangle,parties,Kenya (administers); South Sudan (claims); Ethiopia (no claim),S0019 S0027 S0028,2026-10-03,secondary,manual
ilemi-triangle,kind,no_agreed_boundary,S0019 S0027 S0028,2026-10-03,secondary,manual
ilemi-triangle,origin,"Several colonial patrol lines (1914, 1938, 1947, 1950) and no final treaty line; Kenya has administered it since colonial times.",S0019 S0027 S0028,2026-10-03,secondary,manual
ilemi-triangle,area_km2,14000,MEMORY,2026-10-03,memory,manual
ilemi-triangle,on_the_ground,Kenyan police posts; Turkana and other pastoralists; no visible border.,MEMORY,2026-10-03,memory,manual
ilemi-triangle,inhabited,yes,MEMORY,2026-10-03,memory,manual
ilemi-triangle,traveller_access,restricted,MEMORY,2026-10-03,memory,manual
imia-kardak,parties,Greece; Turkey,S0019 S0027,2026-10-03,secondary,manual
imia-kardak,kind,islets_for_maritime_zone,S0019 S0027,2026-10-03,secondary,manual
imia-kardak,origin,Military crisis in 1996 over two uninhabited islets; part of the wider Aegean 'grey zones' dispute.,S0019 S0027,2026-10-03,secondary,manual
imia-kardak,area_km2,0.04,MEMORY,2026-10-03,memory,manual
imia-kardak,on_the_ground,No presence by agreement; coast guard patrols.,MEMORY,2026-10-03,memory,manual
imia-kardak,inhabited,no,MEMORY,2026-10-03,memory,manual
imia-kardak,traveller_access,closed,MEMORY,2026-10-03,memory,manual
india-bangladesh-enclaves,parties,India; Bangladesh,S0019 S0027,2026-10-03,secondary,manual
india-bangladesh-enclaves,kind,resolved_recently,S0019 S0027,2026-10-03,secondary,manual
india-bangladesh-enclaves,origin,"1974 Land Boundary Agreement implemented on 31 July 2015, exchanging 162 enclaves.",S0019 S0027,2026-10-03,secondary,manual
india-bangladesh-enclaves,area_km2,110,MEMORY,2026-10-03,memory,manual
india-bangladesh-enclaves,on_the_ground,Ordinary territory of each state now.,MEMORY,2026-10-03,memory,manual
india-bangladesh-enclaves,inhabited,yes,MEMORY,2026-10-03,memory,manual
india-bangladesh-enclaves,traveller_access,open,MEMORY,2026-10-03,memory,manual
india-china-middle-sector,parties,India (administers); China (claims),S0019 S0028,2026-10-03,memory,manual
india-china-middle-sector,kind,line_position,S0019 S0028,2026-10-03,memory,manual
india-china-middle-sector,origin,Different readings of the watershed in the least disputed sector of the India-China frontier; no treaty line.,S0019 S0028,2026-10-03,memory,manual
india-china-middle-sector,area_km2,2000,MEMORY,2026-10-03,memory,manual
india-china-middle-sector,on_the_ground,High pastures and passes with Indian border posts.,MEMORY,2026-10-03,memory,manual
india-china-middle-sector,inhabited,yes,MEMORY,2026-10-03,memory,manual
india-china-middle-sector,traveller_access,restricted,MEMORY,2026-10-03,memory,manual
indian-jammu-kashmir-ladakh,parties,India (administers); Pakistan (claims),S0019 S0027 S0028,2026-10-03,secondary,manual
indian-jammu-kashmir-ladakh,kind,paper_claim,S0019 S0027 S0028,2026-10-03,secondary,manual
indian-jammu-kashmir-ladakh,origin,Accession of the Maharaja to India in October 1947; Pakistan claims the state; special status revoked in 2019.,S0019 S0027 S0028,2026-10-03,secondary,manual
indian-jammu-kashmir-ladakh,area_km2,101387,MEMORY,2026-10-03,memory,manual
indian-jammu-kashmir-ladakh,on_the_ground,Two Indian union territories; some border belts need permits.,MEMORY,2026-10-03,memory,manual
indian-jammu-kashmir-ladakh,inhabited,yes,MEMORY,2026-10-03,memory,manual
indian-jammu-kashmir-ladakh,traveller_access,open,MEMORY,2026-10-03,memory,manual
isla-brasilera,parties,Brazil (administers); Uruguay (claims),S0019 S0027 S0028,2026-10-03,memory,manual
isla-brasilera,kind,line_position,S0019 S0027 S0028,2026-10-03,memory,manual
isla-brasilera,origin,Disagreement whether the island lies in the Quaraí mouth or in the Uruguay River; affects the tripoint with Argentina.,S0019 S0027 S0028,2026-10-03,memory,manual
isla-brasilera,area_km2,2,MEMORY,2026-10-03,memory,manual
isla-brasilera,on_the_ground,Uninhabited river island.,MEMORY,2026-10-03,memory,manual
isla-brasilera,inhabited,no,MEMORY,2026-10-03,memory,manual
isla-portillos,parties,Costa Rica; Nicaragua,S0019 S0027,2026-10-03,secondary,manual
isla-portillos,kind,resolved_recently,S0019 S0027,2026-10-03,secondary,manual
isla-portillos,origin,Nicaraguan troops entered in 2010; ICJ judgments of 2015 and 2018 confirmed Costa Rican sovereignty except Harbour Head Lagoon.,S0019 S0027,2026-10-03,secondary,manual
isla-portillos,area_km2,3,MEMORY,2026-10-03,memory,manual
isla-portillos,on_the_ground,Uninhabited wetland.,MEMORY,2026-10-03,memory,manual
isla-portillos,inhabited,no,MEMORY,2026-10-03,memory,manual
isla-portillos,traveller_access,restricted,MEMORY,2026-10-03,memory,manual
isla-santa-rosa,parties,Peru (administers); Colombia (contests since 2025),S0019,2026-10-03,secondary,manual
isla-santa-rosa,kind,line_position,S0019,2026-10-03,secondary,manual
isla-santa-rosa,origin,"The island emerged around 1970, after the treaty line was fixed on the deepest channel; Colombia objected in 2025 when Peru created a district there.",S0019,2026-10-03,secondary,manual
isla-santa-rosa,on_the_ground,"Peruvian town opposite Leticia and Tabatinga, visited freely by boat.",MEMORY,2026-10-03,memory,manual
isla-santa-rosa,inhabited,yes,MEMORY,2026-10-03,memory,manual
isla-santa-rosa,traveller_access,open,MEMORY,2026-10-03,memory,manual
isla-suarez,parties,Bolivia (administers); Brazil (claims),S0019 S0027,2026-10-03,secondary,manual
isla-suarez,kind,line_position,S0019 S0027,2026-10-03,secondary,manual
isla-suarez,origin,The 1958 Roboré Accord left it under Bolivian administration without settling sovereignty.,S0019 S0027,2026-10-03,secondary,manual
isla-suarez,on_the_ground,River island between Guayaramerín and Guajará-Mirim.,MEMORY,2026-10-03,memory,manual
islas-chafarinas,parties,Spain (administers); Morocco (claims),S0019 S0027 S0028,2026-10-03,secondary,manual
islas-chafarinas,kind,paper_claim,S0019 S0027 S0028,2026-10-03,secondary,manual
islas-chafarinas,origin,Occupied by Spain in 1848.,S0019 S0027 S0028,2026-10-03,secondary,manual
islas-chafarinas,area_km2,0.5,MEMORY,2026-10-03,memory,manual
islas-chafarinas,on_the_ground,Spanish garrison and a biological station.,MEMORY,2026-10-03,memory,manual
islas-chafarinas,inhabited,garrison_only,MEMORY,2026-10-03,memory,manual
islas-chafarinas,traveller_access,closed,MEMORY,2026-10-03,memory,manual
israeli-held-southern-syria,parties,Israel (occupies); Syria,S0013,2026-10-03,secondary,manual
israeli-held-southern-syria,kind,occupied_or_annexed,S0013,2026-10-03,secondary,manual
israeli-held-southern-syria,origin,Israel advanced beyond the buffer zone after the fall of the Assad government in December 2024.,S0013,2026-10-03,secondary,manual
israeli-held-southern-syria,on_the_ground,Israeli military posts; Israel says it will stay indefinitely.,MEMORY,2026-10-03,memory,manual
israeli-held-southern-syria,inhabited,yes,MEMORY,2026-10-03,memory,manual
israeli-held-southern-syria,traveller_access,closed,MEMORY,2026-10-03,memory,manual
israeli-posts-south-lebanon,parties,Israel (occupies); Lebanon,MEMORY,2026-10-03,memory,manual
israeli-posts-south-lebanon,kind,occupied_or_annexed,MEMORY,2026-10-03,memory,manual
israeli-posts-south-lebanon,origin,Israel kept five hilltop positions inside Lebanon after the February 2025 withdrawal deadline; current extent not verified.,MEMORY,2026-10-03,memory,manual
israeli-posts-south-lebanon,on_the_ground,Israeli army outposts.,MEMORY,2026-10-03,memory,manual
israeli-posts-south-lebanon,inhabited,garrison_only,MEMORY,2026-10-03,memory,manual
israeli-posts-south-lebanon,traveller_access,closed,MEMORY,2026-10-03,memory,manual
junagadh,parties,India (administers); Pakistan (claims),S0019 S0027 S0028,2026-10-03,secondary,manual
junagadh,kind,paper_claim,S0019 S0027 S0028,2026-10-03,secondary,manual
junagadh,origin,The Nawab acceded to Pakistan in 1947; India took control and held a plebiscite in 1948; Pakistan put it on its official map in 2020.,S0019 S0027 S0028,2026-10-03,secondary,manual
junagadh,area_km2,8850,MEMORY,2026-10-03,memory,manual
junagadh,on_the_ground,Ordinary districts of Gujarat.,MEMORY,2026-10-03,memory,manual
junagadh,inhabited,yes,MEMORY,2026-10-03,memory,manual
junagadh,traveller_access,open,MEMORY,2026-10-03,memory,manual
kafia-kingi,parties,Sudan (controls); South Sudan (claims),S0019 S0014,2026-10-03,secondary,manual
kafia-kingi,kind,paper_claim,S0019 S0014,2026-10-03,secondary,manual
kafia-kingi,origin,Transferred north of the 1 January 1956 line to Darfur in 1960; South Sudan claims it under the 2005 CPA rule.,S0019 S0014,2026-10-03,secondary,manual
kafia-kingi,area_km2,12500,MEMORY,2026-10-03,memory,manual
kafia-kingi,on_the_ground,Sudan controls most of it; largely Radom National Park; remote and insecure.,MEMORY,2026-10-03,memory,manual
kafia-kingi,inhabited,yes,MEMORY,2026-10-03,memory,manual
kafia-kingi,traveller_access,closed,MEMORY,2026-10-03,memory,manual
kalapani,parties,India (administers); Nepal (claims),S0019 S0027 S0028,2026-10-03,secondary,manual
kalapani,kind,line_position,S0019 S0027 S0028,2026-10-03,secondary,manual
kalapani,origin,Dispute over which stream is the Kali River of the 1816 Sugauli Treaty; both issued rival maps in 2019-2020.,S0019 S0027 S0028,2026-10-03,secondary,manual
kalapani,area_km2,370,MEMORY,2026-10-03,memory,manual
kalapani,on_the_ground,Indian border posts and a road to Lipulekh pass; a few villages; permits required.,MEMORY,2026-10-03,memory,manual
kalapani,inhabited,yes,MEMORY,2026-10-03,memory,manual
kalapani,traveller_access,restricted,MEMORY,2026-10-03,memory,manual
kangwane-ingwavuma,parties,South Africa (administers); Eswatini (claims),S0019 S0027,2026-10-03,secondary,manual
kangwane-ingwavuma,kind,paper_claim,S0019 S0027,2026-10-03,secondary,manual
kangwane-ingwavuma,origin,Eswatini claims land it says was taken in colonial times; a 1982 transfer plan was abandoned.,S0019 S0027,2026-10-03,secondary,manual
kangwane-ingwavuma,on_the_ground,Ordinary parts of Mpumalanga and KwaZulu-Natal.,MEMORY,2026-10-03,memory,manual
kangwane-ingwavuma,inhabited,yes,MEMORY,2026-10-03,memory,manual
kangwane-ingwavuma,traveller_access,open,MEMORY,2026-10-03,memory,manual
karki,parties,Armenia (controls); Azerbaijan (de jure),S0019 S0003,2026-10-03,secondary,manual
karki,kind,occupied_or_annexed,S0019 S0003,2026-10-03,secondary,manual
karki,origin,Azerbaijani (Nakhchivan) exclave taken by Armenia in 1990-1992.,S0019 S0003,2026-10-03,secondary,manual
karki,area_km2,19,MEMORY,2026-10-03,memory,manual
karki,on_the_ground,Armenian village on the main Yerevan-Goris road.,MEMORY,2026-10-03,memory,manual
karki,inhabited,yes,MEMORY,2026-10-03,memory,manual
karki,traveller_access,open,MEMORY,2026-10-03,memory,manual
kherson-occupied,parties,"Russia (controls left bank, claims all incl. Snihurivka area); Ukraine",S0019,2026-10-03,secondary,manual
kherson-occupied,kind,occupied_or_annexed,S0019,2026-10-03,secondary,manual
kherson-occupied,origin,Occupied in 2022; annexation declared 30 September 2022; right bank retaken by Ukraine in November 2022.,S0019,2026-10-03,secondary,manual
kherson-occupied,on_the_ground,Russian administration; the Dnipro is the front line.,MEMORY,2026-10-03,memory,manual
kherson-occupied,inhabited,yes,MEMORY,2026-10-03,memory,manual
kherson-occupied,traveller_access,closed,MEMORY,2026-10-03,memory,manual
kinmen-matsu,parties,Republic of China (governs); People's Republic of China (claims),S0019,2026-10-03,memory,manual
kinmen-matsu,kind,de_facto_state,S0019,2026-10-03,memory,manual
kinmen-matsu,origin,Offshore islands of Fujian held by the ROC after 1949.,S0019,2026-10-03,memory,manual
kinmen-matsu,area_km2,180,MEMORY,2026-10-03,memory,manual
kinmen-matsu,on_the_ground,Part of Taiwan's immigration area; ferries to the mainland.,MEMORY,2026-10-03,memory,manual
kinmen-matsu,inhabited,yes,MEMORY,2026-10-03,memory,manual
kinmen-matsu,traveller_access,open,MEMORY,2026-10-03,memory,manual
klek-skolj,parties,Bosnia and Herzegovina; Croatia,S0019 S0027,2026-10-03,secondary,manual
klek-skolj,kind,line_position,S0019 S0027,2026-10-03,secondary,manual
klek-skolj,origin,The 1999 border treaty gave them to Bosnia but was never ratified by Croatia.,S0019 S0027,2026-10-03,secondary,manual
klek-skolj,area_km2,0.1,MEMORY,2026-10-03,memory,manual
klek-skolj,on_the_ground,Uninhabited islets and headland near Neum.,MEMORY,2026-10-03,memory,manual
klek-skolj,inhabited,no,MEMORY,2026-10-03,memory,manual
klek-skolj,traveller_access,open,MEMORY,2026-10-03,memory,manual
koalou,parties,Benin; Burkina Faso (joint committee COMGEC-K),S0019 S0027 S0009 S0015,2026-10-03,secondary,manual
koalou,kind,own_regime,S0019 S0027 S0009 S0015,2026-10-03,secondary,manual
koalou,origin,Disputed since independence; in 2008 both removed symbols of sovereignty and since 2009 a joint committee manages it pending settlement.,S0019 S0027 S0009 S0015,2026-10-03,secondary,manual
koalou,area_km2,68,MEMORY,2026-10-03,memory,manual
koalou,on_the_ground,Three villages under joint management; security presence of both states is limited and the area is insecure.,MEMORY,2026-10-03,memory,manual
koalou,inhabited,yes,MEMORY,2026-10-03,memory,manual
koalou,traveller_access,closed,MEMORY,2026-10-03,memory,manual
kokkina,parties,Northern Cyprus / Turkish army (controls); Cyprus (claims),S0019,2026-10-03,secondary,manual
kokkina,kind,de_facto_state,S0019,2026-10-03,secondary,manual
kokkina,origin,"Turkish Cypriot enclave held since 1964, separated from the rest of the north.",S0019,2026-10-03,secondary,manual
kokkina,area_km2,1.8,MEMORY,2026-10-03,memory,manual
kokkina,on_the_ground,Turkish military post with no civilians.,MEMORY,2026-10-03,memory,manual
kokkina,inhabited,garrison_only,MEMORY,2026-10-03,memory,manual
kokkina,traveller_access,closed,MEMORY,2026-10-03,memory,manual
korean-dmz,parties,North Korea; South Korea; UN Command,S0010 S0027 S0028,2026-10-03,secondary,manual
korean-dmz,kind,own_regime,S0010 S0027 S0028,2026-10-03,secondary,manual
korean-dmz,origin,1953 Armistice Agreement set a 4 km wide zone along the Military Demarcation Line.,S0010 S0027 S0028,2026-10-03,secondary,manual
korean-dmz,area_km2,1000,MEMORY,2026-10-03,memory,manual
korean-dmz,on_the_ground,Fenced and mined; two villages inside; visits only on escorted tours to the JSA and observation points.,MEMORY,2026-10-03,memory,manual
korean-dmz,inhabited,yes,MEMORY,2026-10-03,memory,manual
korean-dmz,traveller_access,restricted,MEMORY,2026-10-03,memory,manual
kosovo,parties,"Kosovo (self-governing, recognised by about 100 UN members); Serbia (claims)",S0019 S0027 S0028,2026-10-03,secondary,manual
kosovo,kind,de_facto_state,S0019 S0027 S0028,2026-10-03,secondary,manual
kosovo,origin,UN administration from 1999; independence declared 17 February 2008.,S0019 S0027 S0028,2026-10-03,secondary,manual
kosovo,area_km2,10887,MEMORY,2026-10-03,memory,manual
kosovo,on_the_ground,Own government and border control; Serbia treats entry via Kosovo as irregular.,MEMORY,2026-10-03,memory,manual
kosovo,inhabited,yes,MEMORY,2026-10-03,memory,manual
kosovo,traveller_access,open,MEMORY,2026-10-03,memory,manual
kosovo,ne_name,Kosovo,NE,2026-10-03,machine,machine
kosovo,ne_type,Disputed,NE,2026-10-03,machine,machine
kosovo,ne_area_km2,7193,NE,2026-10-03,machine,machine
kosovo,ne_attribution,KOS:18 SRB:13,NE,2026-10-03,machine,machine
kosovo-montenegro-border,parties,Kosovo; Montenegro,S0019 S0027,2026-10-03,secondary,manual
kosovo-montenegro-border,kind,resolved_recently,S0019 S0027,2026-10-03,secondary,manual
kosovo-montenegro-border,origin,Demarcation agreement of 2015 ratified by Kosovo in March 2018; Serbia does not recognise it.,S0019 S0027,2026-10-03,secondary,manual
kosovo-montenegro-border,area_km2,82,MEMORY,2026-10-03,memory,manual
kosovo-montenegro-border,on_the_ground,Mountain pastures.,MEMORY,2026-10-03,memory,manual
kosovo-montenegro-border,inhabited,no,MEMORY,2026-10-03,memory,manual
kosovo-montenegro-border,traveller_access,open,MEMORY,2026-10-03,memory,manual
kostajnica-island,parties,Croatia (controls); Bosnia and Herzegovina (claims),S0019,2026-10-03,memory,manual
kostajnica-island,kind,line_position,S0019,2026-10-03,memory,manual
kostajnica-island,origin,Una River boundary under the unratified 1999 treaty.,S0019,2026-10-03,memory,manual
kostajnica-island,on_the_ground,Castle and shared border crossing in use since 2003.,MEMORY,2026-10-03,memory,manual
kostajnica-island,inhabited,no,MEMORY,2026-10-03,memory,manual
kostajnica-island,traveller_access,open,MEMORY,2026-10-03,memory,manual
kpeaba,parties,Côte d'Ivoire; Guinea,S0019,2026-10-03,secondary,manual
kpeaba,kind,line_position,S0019,2026-10-03,secondary,manual
kpeaba,origin,Undemarcated border section; Guinean troops occupied the village in 2013 and an incident followed in 2016.,S0019,2026-10-03,secondary,manual
kpeaba,on_the_ground,Ivorian-administered village.,MEMORY,2026-10-03,memory,manual
kpeaba,inhabited,yes,MEMORY,2026-10-03,memory,manual
kula-kangri,parties,China (controls); Bhutan (formerly shown on Bhutanese maps),S0019,2026-10-03,memory,manual
kula-kangri,kind,no_agreed_boundary,S0019,2026-10-03,memory,manual
kula-kangri,origin,Undelimited northern boundary; the peak dropped off Bhutanese maps in the 2000s.,S0019,2026-10-03,memory,manual
kula-kangri,on_the_ground,High mountain area under Chinese control.,MEMORY,2026-10-03,memory,manual
kula-kangri,inhabited,no,MEMORY,2026-10-03,memory,manual
kula-kangri,traveller_access,expedition_only,MEMORY,2026-10-03,memory,manual
kuril-islands,parties,Russia (administers); Japan (claims),S0019 S0027 S0028,2026-10-03,secondary,manual
kuril-islands,kind,paper_claim,S0019 S0027 S0028,2026-10-03,secondary,manual
kuril-islands,origin,Occupied by the Soviet Union in August-September 1945; Japan claims them as its Northern Territories.,S0019 S0027 S0028,2026-10-03,secondary,manual
kuril-islands,area_km2,5003,MEMORY,2026-10-03,memory,manual
kuril-islands,on_the_ground,Ordinary Russian districts of Sakhalin Oblast inside a border zone needing a permit.,MEMORY,2026-10-03,memory,manual
kuril-islands,inhabited,yes,MEMORY,2026-10-03,memory,manual
kuril-islands,traveller_access,restricted,MEMORY,2026-10-03,memory,manual
kyrgyz-tajik-border,parties,Kyrgyzstan; Tajikistan,S0019 S0027 S0009 S0016,2026-10-03,secondary,manual
kyrgyz-tajik-border,kind,resolved_recently,S0019 S0027 S0009 S0016,2026-10-03,secondary,manual
kyrgyz-tajik-border,origin,Undelimited Soviet-era border caused armed clashes in 2021 and 2022; delimitation agreed 21 February 2025 and a border treaty followed in March 2025.,S0019 S0027 S0009 S0016,2026-10-03,secondary,manual
kyrgyz-tajik-border,on_the_ground,Crossings reopened in 2025; Tajik exclave Vorukh remains.,MEMORY,2026-10-03,memory,manual
kyrgyz-tajik-border,inhabited,yes,MEMORY,2026-10-03,memory,manual
kyrgyz-tajik-border,traveller_access,open,MEMORY,2026-10-03,memory,manual
kyrgyz-uzbek-border,parties,Kyrgyzstan; Uzbekistan,S0019 S0027 S0017 S0004,2026-10-03,secondary,manual
kyrgyz-uzbek-border,kind,resolved_recently,S0019 S0027 S0017 S0004,2026-10-03,secondary,manual
kyrgyz-uzbek-border,origin,"Delimitation treaty ratified November 2022, demarcation approved 2023; the Barak enclave was absorbed by Uzbekistan in April 2024.",S0019 S0027 S0017 S0004,2026-10-03,secondary,manual
kyrgyz-uzbek-border,on_the_ground,"Uzbek exclaves Sokh and Shohimardon remain as agreed enclaves, not disputes.",MEMORY,2026-10-03,memory,manual
kyrgyz-uzbek-border,inhabited,yes,MEMORY,2026-10-03,memory,manual
kyrgyz-uzbek-border,traveller_access,open,MEMORY,2026-10-03,memory,manual
la-guera,parties,Mauritania (de facto control); Morocco and SADR (claim as Western Sahara),S0027 S0018,2026-10-03,secondary,manual
la-guera,kind,occupied_or_annexed,S0027 S0018,2026-10-03,secondary,manual
la-guera,origin,Mauritania kept a presence after withdrawing from Western Sahara in 1979; it lies south of the Moroccan wall.,S0027 S0018,2026-10-03,secondary,manual
la-guera,on_the_ground,Abandoned ghost town watched by Mauritanian troops.,MEMORY,2026-10-03,memory,manual
la-guera,inhabited,garrison_only,MEMORY,2026-10-03,memory,manual
la-guera,traveller_access,restricted,MEMORY,2026-10-03,memory,manual
ladakh-lac-buffer-zones,parties,India; China,S0019,2026-10-03,memory,manual
ladakh-lac-buffer-zones,kind,own_regime,S0019,2026-10-03,memory,manual
ladakh-lac-buffer-zones,origin,"After the 2020 clashes both armies pulled back from several points, creating no-patrol buffer strips; a 2024 patrolling deal covered Depsang and Demchok.",S0019,2026-10-03,memory,manual
ladakh-lac-buffer-zones,on_the_ground,Military-only strips where neither side patrols or grazes.,MEMORY,2026-10-03,memory,manual
ladakh-lac-buffer-zones,inhabited,no,MEMORY,2026-10-03,memory,manual
ladakh-lac-buffer-zones,traveller_access,closed,MEMORY,2026-10-03,memory,manual
lake-constance,parties,Switzerland; Germany; Austria,S0009,2026-10-03,secondary,manual
lake-constance,kind,no_agreed_boundary,S0009,2026-10-03,secondary,manual
lake-constance,origin,"No treaty fixes the border in the main lake; Switzerland assumes a median line, Austria a condominium.",S0009,2026-10-03,secondary,manual
lake-constance,area_km2,473,MEMORY,2026-10-03,memory,manual
lake-constance,on_the_ground,Water only; no checks or visible effect.,MEMORY,2026-10-03,memory,manual
lake-constance,inhabited,no,MEMORY,2026-10-03,memory,manual
lake-constance,traveller_access,open,MEMORY,2026-10-03,memory,manual
lake-nyasa-islands,parties,Tanzania (administers); Malawi (claims the whole lake to the shore),S0019 S0027,2026-10-03,secondary,manual
lake-nyasa-islands,kind,line_position,S0019 S0027,2026-10-03,secondary,manual
lake-nyasa-islands,origin,1890 Anglo-German treaty put the border on the Tanzanian shore; Tanzania argues for the median line.,S0019 S0027,2026-10-03,secondary,manual
lake-nyasa-islands,on_the_ground,Tanzanian-administered shore islets; fishing.,MEMORY,2026-10-03,memory,manual
lawa-headwaters,parties,France/French Guiana (administers); Suriname (claims),S0019 S0027 S0028,2026-10-03,secondary,manual
lawa-headwaters,kind,line_position,S0019 S0027 S0028,2026-10-03,secondary,manual
lawa-headwaters,origin,Dispute over which tributary (Litani or Marouini) is the upper Lawa under 19th-century arbitration.,S0019 S0027 S0028,2026-10-03,secondary,manual
lawa-headwaters,area_km2,3500,MEMORY,2026-10-03,memory,manual
lawa-headwaters,on_the_ground,Rainforest with very few inhabitants; French administration.,MEMORY,2026-10-03,memory,manual
lawa-headwaters,inhabited,no,MEMORY,2026-10-03,memory,manual
lawa-headwaters,traveller_access,expedition_only,MEMORY,2026-10-03,memory,manual
lebanon-syria-undelimited,parties,Lebanon; Syria,S0027,2026-10-03,secondary,manual
lebanon-syria-undelimited,kind,no_agreed_boundary,S0027,2026-10-03,secondary,manual
lebanon-syria-undelimited,origin,No treaty describes the boundary; several sections are unclear or disputed.,S0027,2026-10-03,secondary,manual
lebanon-syria-undelimited,on_the_ground,Mixed villages and smuggling routes; a demarcation deal was announced in 2025 (not verified).,MEMORY,2026-10-03,memory,manual
lebanon-syria-undelimited,inhabited,yes,MEMORY,2026-10-03,memory,manual
lebanon-syria-undelimited,traveller_access,restricted,MEMORY,2026-10-03,memory,manual
libya-algeria-claim,parties,Algeria (administers); Libya (dormant map claim),S0027,2026-10-03,secondary,manual
libya-algeria-claim,kind,paper_claim,S0027,2026-10-03,secondary,manual
libya-algeria-claim,origin,Dormant Libyan claim still shown on its maps.,S0027,2026-10-03,secondary,manual
libya-algeria-claim,area_km2,32000,MEMORY,2026-10-03,memory,manual
libya-algeria-claim,on_the_ground,Ordinary Algerian Saharan territory.,MEMORY,2026-10-03,memory,manual
libya-algeria-claim,inhabited,yes,MEMORY,2026-10-03,memory,manual
libya-algeria-claim,traveller_access,restricted,MEMORY,2026-10-03,memory,manual
libya-niger-tummo,parties,Niger (administers); Libya (dormant claim),S0027,2026-10-03,secondary,manual
libya-niger-tummo,kind,paper_claim,S0027,2026-10-03,secondary,manual
libya-niger-tummo,origin,Dormant Libyan claim in the Tummo region.,S0027,2026-10-03,secondary,manual
libya-niger-tummo,area_km2,25000,MEMORY,2026-10-03,memory,manual
libya-niger-tummo,on_the_ground,Remote Saharan frontier.,MEMORY,2026-10-03,memory,manual
libya-niger-tummo,inhabited,no,MEMORY,2026-10-03,memory,manual
libya-niger-tummo,traveller_access,closed,MEMORY,2026-10-03,memory,manual
logoba-moyo,parties,Uganda; South Sudan,S0019,2026-10-03,secondary,manual
logoba-moyo,kind,line_position,S0019,2026-10-03,secondary,manual
logoba-moyo,origin,1914 colonial order defined the border by tribal limits and it was never demarcated; clashes in 2014.,S0019,2026-10-03,secondary,manual
logoba-moyo,on_the_ground,Farmland used by both communities.,MEMORY,2026-10-03,memory,manual
logoba-moyo,inhabited,yes,MEMORY,2026-10-03,memory,manual
luhansk-occupied,parties,"Russia (controls nearly all, annexed 2022); Ukraine (claims)",S0019 S0028,2026-10-03,secondary,manual
luhansk-occupied,kind,occupied_or_annexed,S0019 S0028,2026-10-03,secondary,manual
luhansk-occupied,origin,Partly held by Russian proxies from 2014; annexation declared 30 September 2022.,S0019 S0028,2026-10-03,secondary,manual
luhansk-occupied,on_the_ground,Russian administration.,MEMORY,2026-10-03,memory,manual
luhansk-occupied,inhabited,yes,MEMORY,2026-10-03,memory,manual
luhansk-occupied,traveller_access,closed,MEMORY,2026-10-03,memory,manual
lunkinda-pweto,parties,DR Congo (administers); Zambia (claims),S0019 S0027,2026-10-03,secondary,manual
lunkinda-pweto,kind,line_position,S0019 S0027,2026-10-03,secondary,manual
lunkinda-pweto,origin,"Different readings of an 1894 colonial treaty; incidents in 1996, 2006 and later.",S0019 S0027,2026-10-03,secondary,manual
lunkinda-pweto,on_the_ground,Congolese-administered villages on the right bank of the Lunkinda.,MEMORY,2026-10-03,memory,manual
lunkinda-pweto,inhabited,yes,MEMORY,2026-10-03,memory,manual
machias-seal-island,parties,Canada (staffs lighthouse); United States (claims),S0019 S0027,2026-10-03,memory,manual
machias-seal-island,kind,paper_claim,S0019 S0027,2026-10-03,memory,manual
machias-seal-island,origin,Ambiguity in the 1783 Treaty of Paris; left out of the 1984 Gulf of Maine case.,S0019 S0027,2026-10-03,memory,manual
machias-seal-island,area_km2,0.08,MEMORY,2026-10-03,memory,manual
machias-seal-island,on_the_ground,Canadian lighthouse keepers; limited puffin-watching landings from both countries.,MEMORY,2026-10-03,memory,manual
machias-seal-island,inhabited,garrison_only,MEMORY,2026-10-03,memory,manual
machias-seal-island,traveller_access,restricted,MEMORY,2026-10-03,memory,manual
margherita-peak,parties,DR Congo; Uganda,S0019 S0027,2026-10-03,secondary,manual
margherita-peak,kind,line_position,S0019 S0027,2026-10-03,secondary,manual
margherita-peak,origin,DR Congo claims the summit; Uganda treats it as a point on the boundary divide.,S0019 S0027,2026-10-03,secondary,manual
margherita-peak,on_the_ground,Glaciated summit climbed from both sides.,MEMORY,2026-10-03,memory,manual
margherita-peak,inhabited,no,MEMORY,2026-10-03,memory,manual
margherita-peak,traveller_access,open,MEMORY,2026-10-03,memory,manual
marie-byrd-land,parties,none,S0024 S0027,2026-10-03,secondary,manual
marie-byrd-land,kind,no_agreed_boundary,S0024 S0027,2026-10-03,secondary,manual
marie-byrd-land,origin,The only Antarctic sector never claimed by any state.,S0024 S0027,2026-10-03,secondary,manual
marie-byrd-land,area_km2,1610000,MEMORY,2026-10-03,memory,manual
marie-byrd-land,on_the_ground,No permanent station; treaty regime applies.,MEMORY,2026-10-03,memory,manual
marie-byrd-land,inhabited,no,MEMORY,2026-10-03,memory,manual
marie-byrd-land,traveller_access,expedition_only,MEMORY,2026-10-03,memory,manual
matthew-hunter,parties,France/New Caledonia (administers); Vanuatu (claims),S0019 S0027 S0028,2026-10-03,secondary,manual
matthew-hunter,kind,islets_for_maritime_zone,S0019 S0027 S0028,2026-10-03,secondary,manual
matthew-hunter,origin,Attached to New Caledonia by France in 1976; claimed by Vanuatu since independence in 1980.,S0019 S0027 S0028,2026-10-03,secondary,manual
matthew-hunter,area_km2,1.3,MEMORY,2026-10-03,memory,manual
matthew-hunter,on_the_ground,Uninhabited volcanic islets; an automatic weather station.,MEMORY,2026-10-03,memory,manual
matthew-hunter,inhabited,no,MEMORY,2026-10-03,memory,manual
matthew-hunter,traveller_access,expedition_only,MEMORY,2026-10-03,memory,manual
mayotte,parties,France (administers); Comoros (claims),S0019 S0027 S0028,2026-10-03,secondary,manual
mayotte,kind,paper_claim,S0019 S0027 S0028,2026-10-03,secondary,manual
mayotte,origin,Voted to stay French in 1974/1976 when the rest of Comoros became independent; French department since 2011.,S0019 S0027 S0028,2026-10-03,secondary,manual
mayotte,area_km2,374,MEMORY,2026-10-03,memory,manual
mayotte,on_the_ground,"Ordinary French overseas department, EU outermost region.",MEMORY,2026-10-03,memory,manual
mayotte,inhabited,yes,MEMORY,2026-10-03,memory,manual
mayotte,traveller_access,open,MEMORY,2026-10-03,memory,manual
mayotte,ne_name,Mayotte,NE,2026-10-03,machine,machine
mayotte,ne_type,Disputed,NE,2026-10-03,machine,machine
mayotte,ne_note,Admin. by France; Claimed by Comoros,NE,2026-10-03,machine,machine
mayotte,ne_area_km2,387,NE,2026-10-03,machine,machine
mayotte,ne_attribution,FRA:31,NE,2026-10-03,machine,machine
mazraat-deir-al-ashayer,parties,Lebanon (administers); Syria (claims),S0019,2026-10-03,secondary,manual
mazraat-deir-al-ashayer,kind,line_position,S0019,2026-10-03,secondary,manual
mazraat-deir-al-ashayer,origin,The Lebanon-Syria boundary was never delimited by treaty; this village area is shown differently on each side's maps.,S0019,2026-10-03,secondary,manual
mazraat-deir-al-ashayer,on_the_ground,Lebanese-administered village.,MEMORY,2026-10-03,memory,manual
mazraat-deir-al-ashayer,inhabited,yes,MEMORY,2026-10-03,memory,manual
mbanie,parties,Equatorial Guinea; Gabon,S0019 S0028 S0020,2026-10-03,secondary,manual
mbanie,kind,resolved_recently,S0019 S0028 S0020,2026-10-03,secondary,manual
mbanie,origin,Gabon occupied the islets in 1972; the ICJ ruled in May 2025 that they belong to Equatorial Guinea.,S0019 S0028 S0020,2026-10-03,secondary,manual
mbanie,area_km2,0.3,MEMORY,2026-10-03,memory,manual
mbanie,on_the_ground,Handover status not verified.,MEMORY,2026-10-03,memory,manual
mbanie,inhabited,yes,MEMORY,2026-10-03,memory,manual
mekong-islands,parties,Laos; Thailand,S0019 S0027,2026-10-03,memory,manual
mekong-islands,kind,line_position,S0019 S0027,2026-10-03,memory,manual
mekong-islands,origin,1926 Franco-Siamese convention assigns islands by channel; demarcation of the river boundary is incomplete.,S0019 S0027,2026-10-03,memory,manual
mekong-islands,on_the_ground,River islands farmed seasonally.,MEMORY,2026-10-03,memory,manual
melilla,parties,Spain (administers); Morocco (claims),S0019 S0027 S0028,2026-10-03,secondary,manual
melilla,kind,paper_claim,S0019 S0027 S0028,2026-10-03,secondary,manual
melilla,origin,Spanish since 1497; claimed by Morocco since 1956.,S0019 S0027 S0028,2026-10-03,secondary,manual
melilla,area_km2,12.3,MEMORY,2026-10-03,memory,manual
melilla,on_the_ground,Ordinary Spanish autonomous city with a fenced land border.,MEMORY,2026-10-03,memory,manual
melilla,inhabited,yes,MEMORY,2026-10-03,memory,manual
melilla,traveller_access,open,MEMORY,2026-10-03,memory,manual
melilla,ne_name,Melilla,NE,2026-10-03,machine,machine
melilla,ne_type,Geo subunit,NE,2026-10-03,machine,machine
melilla,ne_area_km2,14,NE,2026-10-03,machine,machine
melilla,ne_attribution,ESP:30 MAR:1,NE,2026-10-03,machine,machine
melilla,wd_label,Melilla,WD,2026-10-03,machine,machine
melilla,wd_area_km2,12.338,WD,2026-10-03,machine,machine
melilla,wd_population,86780,WD,2026-10-03,machine,machine
melilla,wd_coordinates,35.2825 -2.9475,WD,2026-10-03,machine,machine
migingo,parties,Kenya (administers); Uganda (claims/has police presence),S0019 S0027,2026-10-03,secondary,manual
migingo,kind,line_position,S0019 S0027,2026-10-03,secondary,manual
migingo,origin,Dispute since 2004-2008 over where the 1926 colonial lake boundary runs relative to the rock.,S0019 S0027,2026-10-03,secondary,manual
migingo,area_km2,0.002,MEMORY,2026-10-03,memory,manual
migingo,on_the_ground,Crowded fishing settlement with both Kenyan and Ugandan police present.,MEMORY,2026-10-03,memory,manual
migingo,inhabited,yes,MEMORY,2026-10-03,memory,manual
migingo,traveller_access,open,MEMORY,2026-10-03,memory,manual
minerva-reefs,parties,Tonga (claims since 1972); Fiji (contests),S0019 S0027,2026-10-03,secondary,manual
minerva-reefs,kind,islets_for_maritime_zone,S0019 S0027,2026-10-03,secondary,manual
minerva-reefs,origin,Tonga annexed the reefs in 1972 after a micronation attempt; Fiji objected in 2005 and destroyed beacons in 2011.,S0019 S0027,2026-10-03,secondary,manual
minerva-reefs,on_the_ground,Reefs awash at high tide used as a yacht anchorage.,MEMORY,2026-10-03,memory,manual
minerva-reefs,inhabited,no,MEMORY,2026-10-03,memory,manual
minerva-reefs,traveller_access,expedition_only,MEMORY,2026-10-03,memory,manual
moldauhafen,parties,Czech Republic (leaseholder); Germany (sovereign),S0021,2026-10-03,secondary,manual
moldauhafen,kind,lease_or_base,S0021,2026-10-03,secondary,manual
moldauhafen,origin,99-year lease from 1929 under the Treaty of Versailles; expires in 2028.,S0021,2026-10-03,secondary,manual
moldauhafen,area_km2,0.03,MEMORY,2026-10-03,memory,manual
moldauhafen,on_the_ground,Largely disused port lots in Hamburg's free port area.,MEMORY,2026-10-03,memory,manual
moldauhafen,inhabited,no,MEMORY,2026-10-03,memory,manual
moldovan-held-left-bank,parties,Moldova (administers); Transnistria (claims),S0019,2026-10-03,secondary,manual
moldovan-held-left-bank,kind,paper_claim,S0019,2026-10-03,secondary,manual
moldovan-held-left-bank,origin,Left under Moldovan control by the 1992 ceasefire.,S0019,2026-10-03,secondary,manual
moldovan-held-left-bank,on_the_ground,Ordinary Moldovan villages reached through or beside Transnistrian checkpoints.,MEMORY,2026-10-03,memory,manual
moldovan-held-left-bank,inhabited,yes,MEMORY,2026-10-03,memory,manual
moldovan-held-left-bank,traveller_access,open,MEMORY,2026-10-03,memory,manual
mont-blanc-summit,parties,France; Italy,S0019,2026-10-03,memory,manual
mont-blanc-summit,kind,line_position,S0019,2026-10-03,memory,manual
mont-blanc-summit,origin,"Different readings of the 1860 Treaty of Turin maps: France draws the border south of the summit, Italy on the watershed.",S0019,2026-10-03,memory,manual
mont-blanc-summit,area_km2,0.7,MEMORY,2026-10-03,memory,manual
mont-blanc-summit,on_the_ground,Glaciers and a French-run refuge; climbed freely.,MEMORY,2026-10-03,memory,manual
mont-blanc-summit,inhabited,no,MEMORY,2026-10-03,memory,manual
mont-blanc-summit,traveller_access,open,MEMORY,2026-10-03,memory,manual
moselle-condominium,parties,Germany; Luxembourg,S0009,2026-10-03,secondary,manual
moselle-condominium,kind,own_regime,S0009,2026-10-03,secondary,manual
moselle-condominium,origin,Joint sovereignty over the rivers set by the 1816 Treaty of Aachen and confirmed in 1984.,S0009,2026-10-03,secondary,manual
moselle-condominium,area_km2,0.7,MEMORY,2026-10-03,memory,manual
moselle-condominium,on_the_ground,"Rivers, bridges and about 15 islets under shared sovereignty; no checks.",MEMORY,2026-10-03,memory,manual
moselle-condominium,inhabited,no,MEMORY,2026-10-03,memory,manual
moselle-condominium,traveller_access,open,MEMORY,2026-10-03,memory,manual
nagorno-karabakh,parties,Azerbaijan; formerly Artsakh/Armenia,S0019 S0028 S0027,2026-10-03,secondary,manual
nagorno-karabakh,kind,resolved_recently,S0019 S0028 S0027,2026-10-03,secondary,manual
nagorno-karabakh,origin,De facto state from 1991; Azerbaijan retook it in 2020 and September 2023; Artsakh dissolved on 1 January 2024.,S0019 S0028 S0027,2026-10-03,secondary,manual
nagorno-karabakh,area_km2,4400,MEMORY,2026-10-03,memory,manual
nagorno-karabakh,on_the_ground,"Azerbaijani territory, almost all Armenians left; visits by Azerbaijani permit.",MEMORY,2026-10-03,memory,manual
nagorno-karabakh,inhabited,yes,MEMORY,2026-10-03,memory,manual
nagorno-karabakh,traveller_access,restricted,MEMORY,2026-10-03,memory,manual
navassa,parties,United States (administers); Haiti (claims),S0019 S0027 S0028,2026-10-03,secondary,manual
navassa,kind,paper_claim,S0019 S0027 S0028,2026-10-03,secondary,manual
navassa,origin,US claimed it in 1857 under the Guano Islands Act; Haiti claims it in its constitution.,S0019 S0027 S0028,2026-10-03,secondary,manual
navassa,area_km2,5.4,MEMORY,2026-10-03,memory,manual
navassa,on_the_ground,Uninhabited US wildlife refuge; Haitian fishers camp there.,MEMORY,2026-10-03,memory,manual
navassa,inhabited,no,MEMORY,2026-10-03,memory,manual
navassa,traveller_access,closed,MEMORY,2026-10-03,memory,manual
nepal-china-humla,parties,Nepal; China,S0027,2026-10-03,secondary,manual
nepal-china-humla,kind,line_position,S0027,2026-10-03,secondary,manual
nepal-china-humla,origin,Reports in 2020-2021 that China built structures on the Nepali side of the agreed line; China denies.,S0027,2026-10-03,secondary,manual
nepal-china-humla,on_the_ground,Remote high valley.,MEMORY,2026-10-03,memory,manual
nepal-china-humla,inhabited,no,MEMORY,2026-10-03,memory,manual
nepal-china-humla,traveller_access,restricted,MEMORY,2026-10-03,memory,manual
noktundo,parties,Russia (administers); South Korea (does not accept the 1990 USSR-DPRK treaty),S0019,2026-10-03,secondary,manual
noktundo,kind,paper_claim,S0019,2026-10-03,secondary,manual
noktundo,origin,Former island on the Tumen ceded to Russia in 1860; confirmed Russian by the 1990 Soviet-North Korean treaty.,S0019,2026-10-03,secondary,manual
noktundo,area_km2,32,MEMORY,2026-10-03,memory,manual
noktundo,on_the_ground,Empty marshland in a Russian border zone.,MEMORY,2026-10-03,memory,manual
noktundo,inhabited,no,MEMORY,2026-10-03,memory,manual
noktundo,traveller_access,closed,MEMORY,2026-10-03,memory,manual
north-korea-claimed-by-rok,parties,North Korea (administers); South Korea (constitutional claim to the whole peninsula),S0019,2026-10-03,secondary,manual
north-korea-claimed-by-rok,kind,paper_claim,S0019,2026-10-03,secondary,manual
north-korea-claimed-by-rok,origin,Division of Korea in 1945 and two states in 1948; South Korea's constitution covers the whole peninsula.,S0019,2026-10-03,secondary,manual
north-korea-claimed-by-rok,area_km2,120540,MEMORY,2026-10-03,memory,manual
north-korea-claimed-by-rok,on_the_ground,A separate UN member state.,MEMORY,2026-10-03,memory,manual
north-korea-claimed-by-rok,inhabited,yes,MEMORY,2026-10-03,memory,manual
north-korea-claimed-by-rok,traveller_access,restricted,MEMORY,2026-10-03,memory,manual
northern-cyprus,parties,"Northern Cyprus (self-governing, recognised only by Turkey); Cyprus (claims)",S0019 S0027 S0028,2026-10-03,secondary,manual
northern-cyprus,kind,de_facto_state,S0019 S0027 S0028,2026-10-03,secondary,manual
northern-cyprus,origin,Turkish invasion in 1974; independence declared in 1983.,S0019 S0027 S0028,2026-10-03,secondary,manual
northern-cyprus,area_km2,3355,MEMORY,2026-10-03,memory,manual
northern-cyprus,on_the_ground,Own administration and border checks at the Green Line crossings.,MEMORY,2026-10-03,memory,manual
northern-cyprus,inhabited,yes,MEMORY,2026-10-03,memory,manual
northern-cyprus,traveller_access,open,MEMORY,2026-10-03,memory,manual
northern-cyprus,ne_name,N. Cyprus,NE,2026-10-03,machine,machine
northern-cyprus,ne_type,Disputed,NE,2026-10-03,machine,machine
northern-cyprus,ne_note,Self admin.; Claimed by Cyprus,NE,2026-10-03,machine,machine
northern-cyprus,ne_area_km2,2602,NE,2026-10-03,machine,machine
northern-cyprus,ne_attribution,CYP:30 CYN:1,NE,2026-10-03,machine,machine
ntem-island,parties,Cameroon; Equatorial Guinea,S0019 S0027,2026-10-03,secondary,manual
ntem-island,kind,line_position,S0019 S0027,2026-10-03,secondary,manual
ntem-island,origin,Sovereignty over an island at the river mouth is contested.,S0019 S0027,2026-10-03,secondary,manual
okpara-villages,parties,Benin; Nigeria,S0019,2026-10-03,secondary,manual
okpara-villages,kind,line_position,S0019,2026-10-03,secondary,manual
okpara-villages,origin,Undemarcated river boundary section.,S0019,2026-10-03,secondary,manual
okpara-villages,inhabited,yes,MEMORY,2026-10-03,memory,manual
olivenza,parties,Spain (administers); Portugal (does not recognise Spanish sovereignty),S0019 S0027 S0028,2026-10-03,secondary,manual
olivenza,kind,paper_claim,S0019 S0027 S0028,2026-10-03,secondary,manual
olivenza,origin,Ceded to Spain by the 1801 Treaty of Badajoz; Portugal relies on the 1815 Vienna Final Act; the border there is undelimited.,S0019 S0027 S0028,2026-10-03,secondary,manual
olivenza,area_km2,750,MEMORY,2026-10-03,memory,manual
olivenza,on_the_ground,Ordinary Spanish municipalities on an open Schengen border.,MEMORY,2026-10-03,memory,manual
olivenza,inhabited,yes,MEMORY,2026-10-03,memory,manual
olivenza,traveller_access,open,MEMORY,2026-10-03,memory,manual
orange-river-boundary,parties,Namibia (claims median line); South Africa (claims north bank),S0019 S0027,2026-10-03,secondary,manual
orange-river-boundary,kind,line_position,S0019 S0027,2026-10-03,secondary,manual
orange-river-boundary,origin,1890 treaty put the border on the north bank; a 1994 surveyors' agreement on the middle was never ratified.,S0019 S0027,2026-10-03,secondary,manual
orange-river-boundary,on_the_ground,River islands and bank used by both sides; no visible difference.,MEMORY,2026-10-03,memory,manual
orange-river-boundary,inhabited,no,MEMORY,2026-10-03,memory,manual
orange-river-boundary,traveller_access,open,MEMORY,2026-10-03,memory,manual
otangav,parties,Cambodia; Laos,S0019,2026-10-03,memory,manual
otangav,kind,line_position,S0019,2026-10-03,memory,manual
otangav,origin,About 14 per cent of the boundary is undemarcated; standoffs in 2017 and 2019.,S0019,2026-10-03,memory,manual
otangav,on_the_ground,Forest area with troops of both sides withdrawn by agreement.,MEMORY,2026-10-03,memory,manual
otangav,inhabited,no,MEMORY,2026-10-03,memory,manual
otangav,traveller_access,closed,MEMORY,2026-10-03,memory,manual
oyster-pond,parties,France; Netherlands (Sint Maarten),S0019,2026-10-03,secondary,manual
oyster-pond,kind,resolved_recently,S0019,2026-10-03,secondary,manual
oyster-pond,origin,"Lagoon boundary disputed in 2016; agreement of 2023 splits the bay down the middle, not yet in force as of mid-2026.",S0019,2026-10-03,secondary,manual
oyster-pond,on_the_ground,Marina area on an open border.,MEMORY,2026-10-03,memory,manual
oyster-pond,inhabited,yes,MEMORY,2026-10-03,memory,manual
oyster-pond,traveller_access,open,MEMORY,2026-10-03,memory,manual
palanca-road,parties,Moldova (sovereign); Ukraine (owns the road land),MEMORY,2026-10-03,memory,manual
palanca-road,kind,lease_or_base,MEMORY,2026-10-03,memory,manual
palanca-road,origin,Under the 1999 Moldova-Ukraine border treaty Ukraine owns a 7.7 km road section crossing Moldovan territory.,MEMORY,2026-10-03,memory,manual
palanca-road,on_the_ground,Ukrainian transit road through Moldova without Moldovan checks.,MEMORY,2026-10-03,memory,manual
palanca-road,inhabited,no,MEMORY,2026-10-03,memory,manual
palanca-road,traveller_access,open,MEMORY,2026-10-03,memory,manual
paracel-islands,parties,China (controls); Vietnam; Taiwan (claim),S0019 S0027 S0028,2026-10-03,secondary,manual
paracel-islands,kind,islets_for_maritime_zone,S0019 S0027 S0028,2026-10-03,secondary,manual
paracel-islands,origin,China took the western group from South Vietnam in 1974.,S0019 S0027 S0028,2026-10-03,secondary,manual
paracel-islands,area_km2,7.8,MEMORY,2026-10-03,memory,manual
paracel-islands,on_the_ground,Chinese city of Sansha on Woody Island; tours for Chinese citizens only.,MEMORY,2026-10-03,memory,manual
paracel-islands,inhabited,yes,MEMORY,2026-10-03,memory,manual
paracel-islands,traveller_access,closed,MEMORY,2026-10-03,memory,manual
paracel-islands,ne_name,Paracel Is.,NE,2026-10-03,machine,machine
paracel-islands,ne_type,Geo unit,NE,2026-10-03,machine,machine
paracel-islands,ne_note,Admin. by China; Claimed by Vietnam and Taiwan,NE,2026-10-03,machine,machine
paracel-islands,ne_area_km2,6,NE,2026-10-03,machine,machine
paracel-islands,ne_attribution,PFA:28 CHN:1 TWN:1 VNM:1,NE,2026-10-03,machine,machine
pedra-branca,parties,Singapore; Malaysia,S0019 S0027,2026-10-03,secondary,manual
pedra-branca,kind,resolved_recently,S0019 S0027,2026-10-03,secondary,manual
pedra-branca,origin,ICJ 2008 gave Pedra Branca to Singapore and Middle Rocks to Malaysia; Malaysia dropped its revision request in 2018.,S0019 S0027,2026-10-03,secondary,manual
pedra-branca,area_km2,0.01,MEMORY,2026-10-03,memory,manual
pedra-branca,on_the_ground,Lighthouse rock closed to visitors.,MEMORY,2026-10-03,memory,manual
pedra-branca,inhabited,garrison_only,MEMORY,2026-10-03,memory,manual
pedra-branca,traveller_access,closed,MEMORY,2026-10-03,memory,manual
penon-de-alhucemas,parties,Spain (administers); Morocco (claims),S0019 S0027 S0028,2026-10-03,secondary,manual
penon-de-alhucemas,kind,paper_claim,S0019 S0027 S0028,2026-10-03,secondary,manual
penon-de-alhucemas,origin,Spanish since 1673.,S0019 S0027 S0028,2026-10-03,secondary,manual
penon-de-alhucemas,area_km2,0.05,MEMORY,2026-10-03,memory,manual
penon-de-alhucemas,on_the_ground,Spanish army garrison only.,MEMORY,2026-10-03,memory,manual
penon-de-alhucemas,inhabited,garrison_only,MEMORY,2026-10-03,memory,manual
penon-de-alhucemas,traveller_access,closed,MEMORY,2026-10-03,memory,manual
penon-de-velez-de-la-gomera,parties,Spain (administers); Morocco (claims),S0019 S0027 S0028,2026-10-03,secondary,manual
penon-de-velez-de-la-gomera,kind,paper_claim,S0019 S0027 S0028,2026-10-03,secondary,manual
penon-de-velez-de-la-gomera,origin,Spanish fortress since 1564; joined to the Moroccan shore by a sand isthmus since 1934.,S0019 S0027 S0028,2026-10-03,secondary,manual
penon-de-velez-de-la-gomera,area_km2,0.02,MEMORY,2026-10-03,memory,manual
penon-de-velez-de-la-gomera,on_the_ground,Spanish army garrison only; has a short land border on the beach.,MEMORY,2026-10-03,memory,manual
penon-de-velez-de-la-gomera,inhabited,garrison_only,MEMORY,2026-10-03,memory,manual
penon-de-velez-de-la-gomera,traveller_access,closed,MEMORY,2026-10-03,memory,manual
perejil,parties,Spain; Morocco,S0019 S0027 S0028,2026-10-03,secondary,manual
perejil,kind,paper_claim,S0019 S0027 S0028,2026-10-03,secondary,manual
perejil,origin,Both claim it; after a 2002 armed incident both agreed to return to the status quo of leaving it unoccupied.,S0019 S0027 S0028,2026-10-03,secondary,manual
perejil,area_km2,0.15,MEMORY,2026-10-03,memory,manual
perejil,on_the_ground,"Deserted islet, no presence by either side.",MEMORY,2026-10-03,memory,manual
perejil,inhabited,no,MEMORY,2026-10-03,memory,manual
perejil,traveller_access,closed,MEMORY,2026-10-03,memory,manual
pheasant-island,parties,Spain; France (alternating every six months),S0009,2026-10-03,secondary,manual
pheasant-island,kind,own_regime,S0009,2026-10-03,secondary,manual
pheasant-island,origin,Condominium under the 1659 Treaty of the Pyrenees.,S0009,2026-10-03,secondary,manual
pheasant-island,area_km2,0.007,MEMORY,2026-10-03,memory,manual
pheasant-island,on_the_ground,Uninhabited river islet closed to the public except on rare open days.,MEMORY,2026-10-03,memory,manual
pheasant-island,inhabited,no,MEMORY,2026-10-03,memory,manual
pheasant-island,traveller_access,closed,MEMORY,2026-10-03,memory,manual
point-20,parties,Singapore (administers); Malaysia,S0019,2026-10-03,memory,manual
point-20,kind,line_position,S0019,2026-10-03,memory,manual
point-20,origin,Malaysia said the reclamation lay in its waters; ITLOS case 2003 and a settlement agreement in 2005.,S0019,2026-10-03,memory,manual
point-20,on_the_ground,Industrial reclaimed land.,MEMORY,2026-10-03,memory,manual
point-20,inhabited,no,MEMORY,2026-10-03,memory,manual
point-20,traveller_access,closed,MEMORY,2026-10-03,memory,manual
pratas,parties,Republic of China (governs); People's Republic of China (claims),S0019,2026-10-03,memory,manual
pratas,kind,islets_for_maritime_zone,S0019,2026-10-03,memory,manual
pratas,origin,Held by the ROC since 1946.,S0019,2026-10-03,memory,manual
pratas,area_km2,1.7,MEMORY,2026-10-03,memory,manual
pratas,on_the_ground,Coast guard garrison and national park; no tourism.,MEMORY,2026-10-03,memory,manual
pratas,inhabited,garrison_only,MEMORY,2026-10-03,memory,manual
pratas,traveller_access,closed,MEMORY,2026-10-03,memory,manual
preah-vihear,parties,Cambodia (temple); Thailand,S0019 S0027 S0010 S0006,2026-10-03,secondary,manual
preah-vihear,kind,line_position,S0019 S0027 S0010 S0006,2026-10-03,secondary,manual
preah-vihear,origin,ICJ gave the temple (1962) and the promontory (2013) to Cambodia; adjacent land is still contested between the Annex I map and the watershed.,S0019 S0027 S0010 S0006,2026-10-03,secondary,manual
preah-vihear,area_km2,4.6,MEMORY,2026-10-03,memory,manual
preah-vihear,on_the_ground,Temple reached from Cambodia; the border has been closed since the 2025 fighting.,MEMORY,2026-10-03,memory,manual
preah-vihear,inhabited,garrison_only,MEMORY,2026-10-03,memory,manual
preah-vihear,traveller_access,restricted,MEMORY,2026-10-03,memory,manual
prevlaka,parties,Croatia (controls); Montenegro (contests the bay boundary),S0019,2026-10-03,memory,manual
prevlaka,kind,line_position,S0019,2026-10-03,memory,manual
prevlaka,origin,UN observer mission until 2002; a 2002 interim protocol demilitarised the area pending a final settlement.,S0019,2026-10-03,memory,manual
prevlaka,area_km2,1,MEMORY,2026-10-03,memory,manual
prevlaka,on_the_ground,Croatian land open as a park; joint police patrol at sea.,MEMORY,2026-10-03,memory,manual
prevlaka,inhabited,no,MEMORY,2026-10-03,memory,manual
prevlaka,traveller_access,open,MEMORY,2026-10-03,memory,manual
rincon-de-artigas,parties,Brazil (administers); Uruguay (claims),S0019 S0027 S0028,2026-10-03,secondary,manual
rincon-de-artigas,kind,line_position,S0019 S0027 S0028,2026-10-03,secondary,manual
rincon-de-artigas,origin,Uruguay argues since 1934 that the 1851 treaty demarcation picked the wrong stream as the Invernada.,S0019 S0027 S0028,2026-10-03,secondary,manual
rincon-de-artigas,area_km2,237,MEMORY,2026-10-03,memory,manual
rincon-de-artigas,on_the_ground,Ordinary Brazilian rural territory; open dry border nearby at Masoller.,MEMORY,2026-10-03,memory,manual
rincon-de-artigas,inhabited,yes,MEMORY,2026-10-03,memory,manual
rincon-de-artigas,traveller_access,open,MEMORY,2026-10-03,memory,manual
roc-legacy-claims,parties,"Various administering states; Republic of China (Taiwan) constitutional claim, not actively pursued",S0019,2026-10-03,secondary,manual
roc-legacy-claims,kind,paper_claim,S0019,2026-10-03,secondary,manual
roc-legacy-claims,origin,The ROC never formally renounced the pre-1949 boundaries or recognised border treaties made by the PRC.,S0019,2026-10-03,secondary,manual
roc-legacy-claims,on_the_ground,No effect on the ground.,MEMORY,2026-10-03,memory,manual
roc-legacy-claims,inhabited,yes,MEMORY,2026-10-03,memory,manual
roc-legacy-claims,traveller_access,open,MEMORY,2026-10-03,memory,manual
rockall,parties,"United Kingdom (claims, annexed 1955); Ireland, Denmark, Iceland (contest its maritime effect)",S0019 S0028 S0024,2026-10-03,secondary,manual
rockall,kind,islets_for_maritime_zone,S0019 S0028 S0024,2026-10-03,secondary,manual
rockall,origin,Annexed by the UK in 1955 and by statute in 1972; Ireland does not recognise the claim.,S0019 S0028 S0024,2026-10-03,secondary,manual
rockall,area_km2,0.0008,MEMORY,2026-10-03,memory,manual
rockall,on_the_ground,Uninhabitable rock.,MEMORY,2026-10-03,memory,manual
rockall,inhabited,no,MEMORY,2026-10-03,memory,manual
rockall,traveller_access,expedition_only,MEMORY,2026-10-03,memory,manual
rukwanzi-semliki,parties,DR Congo; Uganda,S0019 S0027,2026-10-03,secondary,manual
rukwanzi-semliki,kind,line_position,S0019 S0027,2026-10-03,secondary,manual
rukwanzi-semliki,origin,River course shifts and unclear lake boundary; deadly incident in 2007 linked to oil exploration.,S0019 S0027,2026-10-03,secondary,manual
rukwanzi-semliki,on_the_ground,Fishing settlement on the island.,MEMORY,2026-10-03,memory,manual
rukwanzi-semliki,inhabited,yes,MEMORY,2026-10-03,memory,manual
russian-ranges-kazakhstan,parties,Russia (leaseholder); Kazakhstan (sovereign),MEMORY,2026-10-03,memory,manual
russian-ranges-kazakhstan,kind,lease_or_base,MEMORY,2026-10-03,memory,manual
russian-ranges-kazakhstan,origin,Leased under 1990s bilateral agreements.,MEMORY,2026-10-03,memory,manual
russian-ranges-kazakhstan,on_the_ground,Closed military areas.,MEMORY,2026-10-03,memory,manual
russian-ranges-kazakhstan,inhabited,garrison_only,MEMORY,2026-10-03,memory,manual
russian-ranges-kazakhstan,traveller_access,closed,MEMORY,2026-10-03,memory,manual
sabah,parties,Malaysia (administers); Philippines (dormant claim),S0019 S0027 S0028,2026-10-03,secondary,manual
sabah,kind,paper_claim,S0019 S0027 S0028,2026-10-03,secondary,manual
sabah,origin,"Philippines claims as successor of the Sultanate of Sulu, arguing the 1878 grant was a lease; Sabah joined Malaysia in 1963.",S0019 S0027 S0028,2026-10-03,secondary,manual
sabah,area_km2,73904,MEMORY,2026-10-03,memory,manual
sabah,on_the_ground,Ordinary Malaysian state with its own immigration control.,MEMORY,2026-10-03,memory,manual
sabah,inhabited,yes,MEMORY,2026-10-03,memory,manual
sabah,traveller_access,open,MEMORY,2026-10-03,memory,manual
sabanerwa,parties,Rwanda; Burundi,S0019 S0027,2026-10-03,secondary,manual
sabanerwa,kind,line_position,S0019 S0027,2026-10-03,secondary,manual
sabanerwa,origin,"The Akanyaru River changed course in 1965, moving farmland to the other bank.",S0019 S0027,2026-10-03,secondary,manual
sabanerwa,area_km2,2,MEMORY,2026-10-03,memory,manual
sabanerwa,on_the_ground,Farmed hill area.,MEMORY,2026-10-03,memory,manual
sabanerwa,inhabited,yes,MEMORY,2026-10-03,memory,manual
sadr-free-zone,parties,SADR/Polisario (controls); Morocco (claims),S0019 S0027 S0028,2026-10-03,secondary,manual
sadr-free-zone,kind,de_facto_state,S0019 S0027 S0028,2026-10-03,secondary,manual
sadr-free-zone,origin,"Left under Polisario control by the 1991 ceasefire, which collapsed in November 2020.",S0019 S0027 S0028,2026-10-03,secondary,manual
sadr-free-zone,area_km2,53000,MEMORY,2026-10-03,memory,manual
sadr-free-zone,on_the_ground,Sparsely populated desert behind a mined sand wall; UN (MINURSO) buffer strip along the berm.,MEMORY,2026-10-03,memory,manual
sadr-free-zone,inhabited,yes,MEMORY,2026-10-03,memory,manual
sadr-free-zone,traveller_access,closed,MEMORY,2026-10-03,memory,manual
saimaa-canal,parties,Finland (leaseholder); Russia (sovereign),S0008 S0022,2026-10-03,secondary,manual
saimaa-canal,kind,lease_or_base,S0008 S0022,2026-10-03,secondary,manual
saimaa-canal,origin,Leased under 1963 and 2010 treaties for 50 years.,S0008 S0022,2026-10-03,secondary,manual
saimaa-canal,on_the_ground,Canal zone inside Russia managed by Finland; traffic suspended since 2022.,MEMORY,2026-10-03,memory,manual
saimaa-canal,inhabited,no,MEMORY,2026-10-03,memory,manual
saimaa-canal,traveller_access,closed,MEMORY,2026-10-03,memory,manual
sakteng,parties,Bhutan (administers); China (claimed in 2020),S0019,2026-10-03,memory,manual
sakteng,kind,paper_claim,S0019,2026-10-03,memory,manual
sakteng,origin,China raised a claim for the first time at a 2020 environmental funding meeting.,S0019,2026-10-03,memory,manual
sakteng,area_km2,740,MEMORY,2026-10-03,memory,manual
sakteng,on_the_ground,Ordinary eastern Bhutan district with no Chinese border.,MEMORY,2026-10-03,memory,manual
sakteng,inhabited,yes,MEMORY,2026-10-03,memory,manual
sakteng,traveller_access,open,MEMORY,2026-10-03,memory,manual
sapodilla-cayes,parties,Belize (administers); Guatemala; Honduras (claims),S0019 S0027 S0028,2026-10-03,secondary,manual
sapodilla-cayes,kind,islets_for_maritime_zone,S0019 S0027 S0028,2026-10-03,secondary,manual
sapodilla-cayes,origin,Claimed in Honduras's 1982 constitution and by Guatemala as part of its Belize claim; before the ICJ.,S0019 S0027 S0028,2026-10-03,secondary,manual
sapodilla-cayes,area_km2,0.5,MEMORY,2026-10-03,memory,manual
sapodilla-cayes,on_the_ground,Belizean marine reserve with tourist visits and a coast guard post.,MEMORY,2026-10-03,memory,manual
sapodilla-cayes,inhabited,garrison_only,MEMORY,2026-10-03,memory,manual
sapodilla-cayes,traveller_access,open,MEMORY,2026-10-03,memory,manual
sapodilla-cayes,ne_name,Sapodilla Cayes,NE,2026-10-03,machine,machine
sapodilla-cayes,ne_type,Disputed,NE,2026-10-03,machine,machine
sapodilla-cayes,ne_note,Admin. by Belize; Claimed by Honduras and Guatemala,NE,2026-10-03,machine,machine
sapodilla-cayes,ne_area_km2,0,NE,2026-10-03,machine,machine
sapodilla-cayes,ne_attribution,BLZ:31,NE,2026-10-03,machine,machine
sarengrad-vukovar-islands,parties,Serbia (controls); Croatia (claims),S0019 S0028,2026-10-03,memory,manual
sarengrad-vukovar-islands,kind,line_position,S0019 S0028,2026-10-03,memory,manual
sarengrad-vukovar-islands,origin,Occupied in 1991 and kept by Serbia after 1998 under its river-thalweg position.,S0019 S0028,2026-10-03,memory,manual
sarengrad-vukovar-islands,area_km2,10,MEMORY,2026-10-03,memory,manual
sarengrad-vukovar-islands,on_the_ground,River islands; a beach on Vukovar Island is open to Croatian visitors by a 2006 arrangement.,MEMORY,2026-10-03,memory,manual
sarengrad-vukovar-islands,inhabited,no,MEMORY,2026-10-03,memory,manual
sarengrad-vukovar-islands,traveller_access,restricted,MEMORY,2026-10-03,memory,manual
saudi-kuwait-neutral-zone,parties,Saudi Arabia; Kuwait,S0019 S0024,2026-10-03,secondary,manual
saudi-kuwait-neutral-zone,kind,resolved_recently,S0019 S0024,2026-10-03,secondary,manual
saudi-kuwait-neutral-zone,origin,Zone partitioned in 1970; remaining disagreements settled by a December 2019 agreement.,S0019 S0024,2026-10-03,secondary,manual
saudi-kuwait-neutral-zone,area_km2,5770,MEMORY,2026-10-03,memory,manual
saudi-kuwait-neutral-zone,on_the_ground,Ordinary border area with shared oil operations.,MEMORY,2026-10-03,memory,manual
saudi-kuwait-neutral-zone,inhabited,no,MEMORY,2026-10-03,memory,manual
saudi-kuwait-neutral-zone,traveller_access,restricted,MEMORY,2026-10-03,memory,manual
saudi-uae-border,parties,Saudi Arabia (administers per 1974 Treaty of Jeddah); United Arab Emirates (contests the treaty text),S0019 S0027 S0023,2026-10-03,secondary,manual
saudi-uae-border,kind,paper_claim,S0019 S0027 S0023,2026-10-03,secondary,manual
saudi-uae-border,origin,The UAE says the 1974 treaty text differs from what was agreed orally and has never ratified it; UAE maps showed the old line again from 2006.,S0019 S0027 S0023,2026-10-03,secondary,manual
saudi-uae-border,on_the_ground,Saudi Arabia controls the coastal corridor between Qatar and the UAE.,MEMORY,2026-10-03,memory,manual
saudi-uae-border,inhabited,no,MEMORY,2026-10-03,memory,manual
saudi-uae-border,traveller_access,restricted,MEMORY,2026-10-03,memory,manual
scarborough-shoal,parties,China (controls since 2012); Philippines; Taiwan (claim),S0019 S0027 S0028 S0024,2026-10-03,secondary,manual
scarborough-shoal,kind,islets_for_maritime_zone,S0019 S0027 S0028 S0024,2026-10-03,secondary,manual
scarborough-shoal,origin,Standoff in 2012 left China in control.,S0019 S0027 S0028 S0024,2026-10-03,secondary,manual
scarborough-shoal,on_the_ground,A few rocks above water; Chinese coast guard blocks access.,MEMORY,2026-10-03,memory,manual
scarborough-shoal,inhabited,no,MEMORY,2026-10-03,memory,manual
scarborough-shoal,traveller_access,closed,MEMORY,2026-10-03,memory,manual
scarborough-shoal,ne_name,Scarborough Reef,NE,2026-10-03,machine,machine
scarborough-shoal,ne_type,Indeterminate,NE,2026-10-03,machine,machine
scarborough-shoal,ne_area_km2,0,NE,2026-10-03,machine,machine
scarborough-shoal,ne_attribution,SCR:31,NE,2026-10-03,machine,machine
scarborough-shoal,wd_label,Scarborough Shoal,WD,2026-10-03,machine,machine
scarborough-shoal,wd_coordinates,15.1833 117.7667,WD,2026-10-03,machine,machine
scattered-islands-mozambique-channel,parties,"France (administers, TAAF); Madagascar (claims)",S0019 S0027 S0028,2026-10-03,secondary,manual
scattered-islands-mozambique-channel,kind,islets_for_maritime_zone,S0019 S0027 S0028,2026-10-03,secondary,manual
scattered-islands-mozambique-channel,origin,Detached from Madagascar by France before independence in 1960; Madagascar has claimed them since the 1970s.,S0019 S0027 S0028,2026-10-03,secondary,manual
scattered-islands-mozambique-channel,area_km2,35,MEMORY,2026-10-03,memory,manual
scattered-islands-mozambique-channel,on_the_ground,French military detachments and nature reserve; no civilians.,MEMORY,2026-10-03,memory,manual
scattered-islands-mozambique-channel,inhabited,garrison_only,MEMORY,2026-10-03,memory,manual
scattered-islands-mozambique-channel,traveller_access,restricted,MEMORY,2026-10-03,memory,manual
senkaku,parties,Japan (administers); China; Taiwan (claim),S0019 S0027 S0028 S0024,2026-10-03,secondary,manual
senkaku,kind,islets_for_maritime_zone,S0019 S0027 S0028 S0024,2026-10-03,secondary,manual
senkaku,origin,Incorporated by Japan in 1895; claims by China and Taiwan since 1971 after oil surveys.,S0019 S0027 S0028 S0024,2026-10-03,secondary,manual
senkaku,area_km2,7,MEMORY,2026-10-03,memory,manual
senkaku,on_the_ground,Uninhabited; landing prohibited by Japan; coast guard patrols.,MEMORY,2026-10-03,memory,manual
senkaku,inhabited,no,MEMORY,2026-10-03,memory,manual
senkaku,traveller_access,closed,MEMORY,2026-10-03,memory,manual
serranilla,parties,Colombia (administers); United States; Honduras (constitutional claim),S0019 S0027 S0028,2026-10-03,secondary,manual
serranilla,kind,islets_for_maritime_zone,S0019 S0027 S0028,2026-10-03,secondary,manual
serranilla,origin,US Guano Islands Act claim; ICJ 2012 confirmed Colombian sovereignty against Nicaragua.,S0019 S0027 S0028,2026-10-03,secondary,manual
serranilla,area_km2,0.1,MEMORY,2026-10-03,memory,manual
serranilla,on_the_ground,Small Colombian naval detachment on Beacon Cay.,MEMORY,2026-10-03,memory,manual
serranilla,inhabited,garrison_only,MEMORY,2026-10-03,memory,manual
serranilla,traveller_access,expedition_only,MEMORY,2026-10-03,memory,manual
serranilla,ne_name,Serranilla Bank,NE,2026-10-03,machine,machine
serranilla,ne_type,Indeterminate,NE,2026-10-03,machine,machine
serranilla,ne_note,"Claimed by Colombia, Honduras, Nicaragua, and the United States",NE,2026-10-03,machine,machine
serranilla,ne_area_km2,0,NE,2026-10-03,machine,machine
serranilla,ne_attribution,COL:30 USA:1,NE,2026-10-03,machine,machine
shaksgam,parties,China (administers); India (claims),S0019 S0027 S0028,2026-10-03,secondary,manual
shaksgam,kind,paper_claim,S0019 S0027 S0028,2026-10-03,secondary,manual
shaksgam,origin,"Recognised as Chinese by Pakistan in the 1963 boundary agreement, which India rejects.",S0019 S0027 S0028,2026-10-03,secondary,manual
shaksgam,area_km2,5180,MEMORY,2026-10-03,memory,manual
shaksgam,on_the_ground,Uninhabited valleys north of K2; Chinese permits for expeditions.,MEMORY,2026-10-03,memory,manual
shaksgam,inhabited,no,MEMORY,2026-10-03,memory,manual
shaksgam,traveller_access,expedition_only,MEMORY,2026-10-03,memory,manual
shebaa-farms,parties,Israel (controls); Lebanon (claims); Syria (UN regards as Syrian),S0019 S0027 S0028,2026-10-03,secondary,manual
shebaa-farms,kind,occupied_or_annexed,S0019 S0027 S0028,2026-10-03,secondary,manual
shebaa-farms,origin,Taken by Israel with the Golan in 1967; Lebanon has claimed it since Israel's withdrawal from Lebanon in 2000.,S0019 S0027 S0028,2026-10-03,secondary,manual
shebaa-farms,area_km2,25,MEMORY,2026-10-03,memory,manual
shebaa-farms,on_the_ground,Israeli military zone on the slopes of Mount Hermon.,MEMORY,2026-10-03,memory,manual
shebaa-farms,inhabited,garrison_only,MEMORY,2026-10-03,memory,manual
shebaa-farms,traveller_access,closed,MEMORY,2026-10-03,memory,manual
siachen,parties,India (controls since 1984); Pakistan (claims),S0019 S0027 S0028,2026-10-03,secondary,manual
siachen,kind,no_agreed_boundary,S0019 S0027 S0028,2026-10-03,secondary,manual
siachen,origin,The 1949 and 1972 lines stopped at point NJ9842 with only the words 'thence north to the glaciers'.,S0019 S0027 S0028,2026-10-03,secondary,manual
siachen,area_km2,2500,MEMORY,2026-10-03,memory,manual
siachen,on_the_ground,Indian army posts on the Saltoro Ridge; Pakistani posts below; civilians only as far as base camp on the Indian side.,MEMORY,2026-10-03,memory,manual
siachen,inhabited,garrison_only,MEMORY,2026-10-03,memory,manual
siachen,traveller_access,expedition_only,MEMORY,2026-10-03,memory,manual
siachen,ne_name,Siachen Glacier,NE,2026-10-03,machine,machine
siachen,ne_type,Indeterminate,NE,2026-10-03,machine,machine
siachen,ne_note,Claimed by Pakistan and India,NE,2026-10-03,machine,machine
siachen,ne_area_km2,1633,NE,2026-10-03,machine,machine
siachen,ne_attribution,IND:28 PAK:2 B45:1,NE,2026-10-03,machine,machine
siachen,wd_label,Siachen Glacier,WD,2026-10-03,machine,machine
siachen,wd_coordinates,35.1986 77.2014,WD,2026-10-03,machine,machine
sindabezi,parties,Zambia (administers); Zimbabwe (claims),S0019,2026-10-03,secondary,manual
sindabezi,kind,line_position,S0019,2026-10-03,secondary,manual
sindabezi,origin,Island in the Zambezi above Victoria Falls; river boundary attribution contested.,S0019,2026-10-03,secondary,manual
sindabezi,on_the_ground,Tourist lodge run from the Zambian side.,MEMORY,2026-10-03,memory,manual
sindabezi,inhabited,yes,MEMORY,2026-10-03,memory,manual
sindabezi,traveller_access,open,MEMORY,2026-10-03,memory,manual
sir-creek,parties,India; Pakistan,S0019,2026-10-03,memory,manual
sir-creek,kind,line_position,S0019,2026-10-03,memory,manual
sir-creek,origin,"1914 Bombay resolution map: Pakistan reads the border on the east bank, India mid-channel.",S0019,2026-10-03,memory,manual
sir-creek,on_the_ground,Uninhabited tidal marsh patrolled by border forces.,MEMORY,2026-10-03,memory,manual
sir-creek,inhabited,no,MEMORY,2026-10-03,memory,manual
sir-creek,traveller_access,closed,MEMORY,2026-10-03,memory,manual
situngu,parties,Botswana; Namibia,S0019,2026-10-03,secondary,manual
situngu,kind,resolved_recently,S0019,2026-10-03,secondary,manual
situngu,origin,Chobe River island disputed since the 1970s; a boundary treaty of 5 February 2018 left it with Botswana.,S0019,2026-10-03,secondary,manual
situngu,inhabited,no,MEMORY,2026-10-03,memory,manual
somaliland,parties,Somaliland (self-governing); Somalia (claims),S0019 S0027 S0028,2026-10-03,secondary,manual
somaliland,kind,de_facto_state,S0019 S0027 S0028,2026-10-03,secondary,manual
somaliland,origin,Declared independence in 1991 within the borders of former British Somaliland; Israel recognised it in December 2025.,S0019 S0027 S0028,2026-10-03,secondary,manual
somaliland,area_km2,176120,MEMORY,2026-10-03,memory,manual
somaliland,on_the_ground,"Own government, visa, currency and border posts.",MEMORY,2026-10-03,memory,manual
somaliland,inhabited,yes,MEMORY,2026-10-03,memory,manual
somaliland,traveller_access,open,MEMORY,2026-10-03,memory,manual
somaliland,ne_name,Somaliland,NE,2026-10-03,machine,machine
somaliland,ne_type,Disputed,NE,2026-10-03,machine,machine
somaliland,ne_note,Self admin.; Claimed by Somalia,NE,2026-10-03,machine,machine
somaliland,ne_area_km2,166014,NE,2026-10-03,machine,machine
somaliland,ne_attribution,SOM:30 SOL:1,NE,2026-10-03,machine,machine
sool-sanaag-cayn,parties,Somalia's North Eastern State and Puntland (control most); Somaliland (claims),S0019,2026-10-03,secondary,manual
sool-sanaag-cayn,kind,paper_claim,S0019,2026-10-03,secondary,manual
sool-sanaag-cayn,origin,Contested between Somaliland and Puntland since 1998; Somaliland lost Las Anod in 2023.,S0019,2026-10-03,secondary,manual
sool-sanaag-cayn,on_the_ground,Administered by Somalia-aligned local authorities; front line with Somaliland.,MEMORY,2026-10-03,memory,manual
sool-sanaag-cayn,inhabited,yes,MEMORY,2026-10-03,memory,manual
sool-sanaag-cayn,traveller_access,closed,MEMORY,2026-10-03,memory,manual
south-georgia-south-sandwich,parties,United Kingdom (administers); Argentina (claims),S0019 S0027 S0028,2026-10-03,secondary,manual
south-georgia-south-sandwich,kind,paper_claim,S0019 S0027 S0028,2026-10-03,secondary,manual
south-georgia-south-sandwich,origin,Argentine claims date from 1927 and 1938; occupied briefly in 1982.,S0019 S0027 S0028,2026-10-03,secondary,manual
south-georgia-south-sandwich,area_km2,3903,MEMORY,2026-10-03,memory,manual
south-georgia-south-sandwich,on_the_ground,UK overseas territory with only officials and scientists; visits by expedition ship.,MEMORY,2026-10-03,memory,manual
south-georgia-south-sandwich,inhabited,garrison_only,MEMORY,2026-10-03,memory,manual
south-georgia-south-sandwich,traveller_access,expedition_only,MEMORY,2026-10-03,memory,manual
south-korea-claimed-by-dprk,parties,South Korea; North Korea,S0019,2026-10-03,secondary,manual
south-korea-claimed-by-dprk,kind,resolved_recently,S0019,2026-10-03,secondary,manual
south-korea-claimed-by-dprk,origin,Wikipedia reports that North Korea recognised the Republic of Korea and dropped its claim in 2026 (not independently verified).,S0019,2026-10-03,secondary,manual
south-korea-claimed-by-dprk,area_km2,100210,MEMORY,2026-10-03,memory,manual
south-korea-claimed-by-dprk,on_the_ground,A separate UN member state.,MEMORY,2026-10-03,memory,manual
south-korea-claimed-by-dprk,inhabited,yes,MEMORY,2026-10-03,memory,manual
south-korea-claimed-by-dprk,traveller_access,open,MEMORY,2026-10-03,memory,manual
south-ossetia,parties,"South Ossetia (self-governing, recognised by Russia and a few states); Georgia (claims)",S0019 S0027 S0028,2026-10-03,secondary,manual
south-ossetia,kind,de_facto_state,S0019 S0027 S0028,2026-10-03,secondary,manual
south-ossetia,origin,War of 1991-1992; Russian recognition after the 2008 war.,S0019 S0027 S0028,2026-10-03,secondary,manual
south-ossetia,area_km2,3900,MEMORY,2026-10-03,memory,manual
south-ossetia,on_the_ground,Reachable only from Russia by permit; fenced boundary line with Georgia.,MEMORY,2026-10-03,memory,manual
south-ossetia,inhabited,yes,MEMORY,2026-10-03,memory,manual
south-ossetia,traveller_access,restricted,MEMORY,2026-10-03,memory,manual
southern-patagonian-ice-field,parties,Argentina; Chile,S0019 S0027 S0028,2026-10-03,secondary,manual
southern-patagonian-ice-field,kind,no_agreed_boundary,S0019 S0027 S0028,2026-10-03,secondary,manual
southern-patagonian-ice-field,origin,The 1998 agreement left this section undrawn pending joint mapping.,S0019 S0027 S0028,2026-10-03,secondary,manual
southern-patagonian-ice-field,area_km2,1400,MEMORY,2026-10-03,memory,manual
southern-patagonian-ice-field,on_the_ground,Glacier with no administration; both countries' maps differ.,MEMORY,2026-10-03,memory,manual
southern-patagonian-ice-field,inhabited,no,MEMORY,2026-10-03,memory,manual
southern-patagonian-ice-field,traveller_access,expedition_only,MEMORY,2026-10-03,memory,manual
spratly-islands,parties,China; Taiwan; Vietnam; Philippines; Malaysia (each holds features); Brunei (claim),S0019 S0027 S0028,2026-10-03,secondary,manual
spratly-islands,kind,islets_for_maritime_zone,S0019 S0027 S0028,2026-10-03,secondary,manual
spratly-islands,origin,Occupations from 1946 to the 1990s; Chinese island-building from 2013; 2016 arbitral award rejected by China.,S0019 S0027 S0028,2026-10-03,secondary,manual
spratly-islands,area_km2,5,MEMORY,2026-10-03,memory,manual
spratly-islands,on_the_ground,Garrisons of five governments; civilians on Thitu; a Malaysian dive resort on Swallow Reef.,MEMORY,2026-10-03,memory,manual
spratly-islands,inhabited,garrison_only,MEMORY,2026-10-03,memory,manual
spratly-islands,traveller_access,restricted,MEMORY,2026-10-03,memory,manual
spratly-islands,ne_name,Spratly Is.,NE,2026-10-03,machine,machine
spratly-islands,ne_type,Indeterminate,NE,2026-10-03,machine,machine
spratly-islands,ne_note,"Claimed by China, Taiwan, Malaysia, the Philippines, and Brunei",NE,2026-10-03,machine,machine
spratly-islands,ne_area_km2,12,NE,2026-10-03,machine,machine
spratly-islands,ne_attribution,PGA:28 CHN:1 TWN:1 VNM:1,NE,2026-10-03,machine,machine
spratly-islands,wd_label,Spratly Islands,WD,2026-10-03,machine,machine
spratly-islands,wd_coordinates,10.0000 114.0000,WD,2026-10-03,machine,machine
strovilia,parties,Northern Cyprus (controls since 2000); Cyprus; United Kingdom (SBA boundary),S0019,2026-10-03,secondary,manual
strovilia,kind,line_position,S0019,2026-10-03,secondary,manual
strovilia,origin,Turkish forces moved their checkpoint forward in 2000 next to the Dhekelia base boundary.,S0019,2026-10-03,secondary,manual
strovilia,on_the_ground,A crossing point into the north.,MEMORY,2026-10-03,memory,manual
strovilia,inhabited,yes,MEMORY,2026-10-03,memory,manual
strovilia,traveller_access,open,MEMORY,2026-10-03,memory,manual
sudan-south-sudan-other-border-areas,parties,Sudan; South Sudan,S0019 S0027 S0010,2026-10-03,secondary,manual
sudan-south-sudan-other-border-areas,kind,line_position,S0019 S0027 S0010,2026-10-03,secondary,manual
sudan-south-sudan-other-border-areas,origin,Segments of the 1 January 1956 line left undetermined at South Sudan's independence in 2011.,S0019 S0027 S0010,2026-10-03,secondary,manual
sudan-south-sudan-other-border-areas,on_the_ground,Mixed local control; a 2012 agreement foresaw a demilitarised border zone that was only partly implemented.,MEMORY,2026-10-03,memory,manual
sudan-south-sudan-other-border-areas,inhabited,yes,MEMORY,2026-10-03,memory,manual
sudan-south-sudan-other-border-areas,traveller_access,closed,MEMORY,2026-10-03,memory,manual
suleyman-shah-tomb,parties,Turkey (enclave by 1921 treaty); Syria,MEMORY,2026-10-03,memory,manual
suleyman-shah-tomb,kind,lease_or_base,MEMORY,2026-10-03,memory,manual
suleyman-shah-tomb,origin,Article 9 of the 1921 Treaty of Ankara left the tomb as Turkish property with a Turkish guard; moved to Ashme near the border in 2015.,MEMORY,2026-10-03,memory,manual
suleyman-shah-tomb,area_km2,0.01,MEMORY,2026-10-03,memory,manual
suleyman-shah-tomb,on_the_ground,Turkish military guard post inside Syria.,MEMORY,2026-10-03,memory,manual
suleyman-shah-tomb,inhabited,garrison_only,MEMORY,2026-10-03,memory,manual
suleyman-shah-tomb,traveller_access,closed,MEMORY,2026-10-03,memory,manual
susta,parties,Nepal; India,S0019,2026-10-03,memory,manual
susta,kind,line_position,S0019,2026-10-03,memory,manual
susta,origin,The Gandak (Narayani) River boundary shifted course after 1816.,S0019,2026-10-03,memory,manual
susta,area_km2,140,MEMORY,2026-10-03,memory,manual
susta,on_the_ground,Farming settlement cut off by the river.,MEMORY,2026-10-03,memory,manual
susta,inhabited,yes,MEMORY,2026-10-03,memory,manual
sutorina,parties,Montenegro; Bosnia and Herzegovina,MEMORY,2026-10-03,memory,manual
sutorina,kind,resolved_recently,MEMORY,2026-10-03,memory,manual
sutorina,origin,Bosnian claim to the coastal strip dropped in the August 2015 border treaty.,MEMORY,2026-10-03,memory,manual
sutorina,on_the_ground,Ordinary Montenegrin territory.,MEMORY,2026-10-03,memory,manual
sutorina,inhabited,yes,MEMORY,2026-10-03,memory,manual
sutorina,traveller_access,open,MEMORY,2026-10-03,memory,manual
svalbard,parties,Norway (sovereign under the 1920 Svalbard Treaty); treaty parties have equal economic access,S0024 S0027,2026-10-03,memory,manual
svalbard,kind,own_regime,S0024 S0027,2026-10-03,memory,manual
svalbard,origin,The 1920 treaty recognised Norwegian sovereignty with demilitarisation and equal rights for nationals of the parties.,S0024 S0027,2026-10-03,memory,manual
svalbard,area_km2,61022,MEMORY,2026-10-03,memory,manual
svalbard,on_the_ground,Outside Schengen and visa-free for all; a Russian mining settlement operates at Barentsburg.,MEMORY,2026-10-03,memory,manual
svalbard,inhabited,yes,MEMORY,2026-10-03,memory,manual
svalbard,traveller_access,open,MEMORY,2026-10-03,memory,manual
sveta-gera,parties,Slovenia (occupies barracks); Croatia (claims),S0019,2026-10-03,memory,manual
sveta-gera,kind,line_position,S0019,2026-10-03,memory,manual
sveta-gera,origin,Yugoslav army barracks taken over by Slovenia in 1991 on land Croatia's cadastre counts as Croatian.,S0019,2026-10-03,memory,manual
sveta-gera,on_the_ground,Small Slovenian army post on a hiking summit.,MEMORY,2026-10-03,memory,manual
sveta-gera,inhabited,garrison_only,MEMORY,2026-10-03,memory,manual
sveta-gera,traveller_access,open,MEMORY,2026-10-03,memory,manual
swains-island,parties,United States/American Samoa (administers); Tokelau (claims),S0019 S0027 S0028,2026-10-03,secondary,manual
swains-island,kind,paper_claim,S0019 S0027 S0028,2026-10-03,secondary,manual
swains-island,origin,Annexed to American Samoa in 1925; the 1980 Treaty of Tokehega confirmed US title but Tokelau's 2006 draft constitution claims it.,S0019 S0027 S0028,2026-10-03,secondary,manual
swains-island,area_km2,2.4,MEMORY,2026-10-03,memory,manual
swains-island,on_the_ground,Privately owned atoll with no permanent population at present.,MEMORY,2026-10-03,memory,manual
swains-island,inhabited,no,MEMORY,2026-10-03,memory,manual
swains-island,traveller_access,expedition_only,MEMORY,2026-10-03,memory,manual
ta-muen-thom-emerald-triangle,parties,Thailand; Cambodia,S0006 S0001,2026-10-03,secondary,manual
ta-muen-thom-emerald-triangle,kind,line_position,S0006 S0001,2026-10-03,secondary,manual
ta-muen-thom-emerald-triangle,origin,Undemarcated sections under the 1904-1907 treaties; armed conflict in July and December 2025 during which Thai forces took several positions.,S0006 S0001,2026-10-03,secondary,manual
ta-muen-thom-emerald-triangle,on_the_ground,Militarised; border crossings closed since 2025.,MEMORY,2026-10-03,memory,manual
ta-muen-thom-emerald-triangle,inhabited,garrison_only,MEMORY,2026-10-03,memory,manual
ta-muen-thom-emerald-triangle,traveller_access,closed,MEMORY,2026-10-03,memory,manual
taiwan,parties,Republic of China (governs); People's Republic of China (claims),S0019 S0027 S0028,2026-10-03,secondary,manual
taiwan,kind,de_facto_state,S0019 S0027 S0028,2026-10-03,secondary,manual
taiwan,origin,The ROC government moved to Taiwan in 1949; the PRC claims it as a province.,S0019 S0027 S0028,2026-10-03,secondary,manual
taiwan,area_km2,36000,MEMORY,2026-10-03,memory,manual
taiwan,on_the_ground,"Fully separate government, visas and border control.",MEMORY,2026-10-03,memory,manual
taiwan,inhabited,yes,MEMORY,2026-10-03,memory,manual
taiwan,traveller_access,open,MEMORY,2026-10-03,memory,manual
thai-lao-land-border-villages,parties,Thailand; Laos,MEMORY,2026-10-03,memory,manual
thai-lao-land-border-villages,kind,line_position,MEMORY,2026-10-03,memory,manual
thai-lao-land-border-villages,origin,Different readings of the 1907 treaty watershed; border war in 1987-1988.,MEMORY,2026-10-03,memory,manual
thai-lao-land-border-villages,area_km2,80,MEMORY,2026-10-03,memory,manual
thai-lao-land-border-villages,on_the_ground,Thai-administered villages; demarcation stalled.,MEMORY,2026-10-03,memory,manual
thai-lao-land-border-villages,inhabited,yes,MEMORY,2026-10-03,memory,manual
thai-lao-land-border-villages,traveller_access,open,MEMORY,2026-10-03,memory,manual
three-pagodas-pass,parties,Thailand; Myanmar,S0019,2026-10-03,memory,manual
three-pagodas-pass,kind,line_position,S0019,2026-10-03,memory,manual
three-pagodas-pass,origin,Small areas around the pass are read differently on colonial maps.,S0019,2026-10-03,memory,manual
three-pagodas-pass,on_the_ground,Border market town; crossing opens and closes with conditions in Myanmar.,MEMORY,2026-10-03,memory,manual
three-pagodas-pass,inhabited,yes,MEMORY,2026-10-03,memory,manual
three-pagodas-pass,traveller_access,open,MEMORY,2026-10-03,memory,manual
tigri,parties,Guyana (administers); Suriname (claims),S0019 S0027 S0028,2026-10-03,secondary,manual
tigri,kind,line_position,S0019 S0027 S0028,2026-10-03,secondary,manual
tigri,origin,Dispute over which river (Kutari or New River) is the source of the Courantyne; Guyana expelled a Surinamese post in 1969.,S0019 S0027 S0028,2026-10-03,secondary,manual
tigri,area_km2,15600,MEMORY,2026-10-03,memory,manual
tigri,on_the_ground,Rainforest with a Guyanese army post (Camp Jaguar).,MEMORY,2026-10-03,memory,manual
tigri,inhabited,garrison_only,MEMORY,2026-10-03,memory,manual
tigri,traveller_access,expedition_only,MEMORY,2026-10-03,memory,manual
tin-bigha,parties,India (sovereign); Bangladesh (perpetual lease),S0025,2026-10-03,secondary,manual
tin-bigha,kind,lease_or_base,S0025,2026-10-03,secondary,manual
tin-bigha,origin,Corridor leased under the 1974 agreement; open 24 hours since 2011.,S0025,2026-10-03,secondary,manual
tin-bigha,area_km2,0.015,MEMORY,2026-10-03,memory,manual
tin-bigha,on_the_ground,Short fenced road across Indian territory guarded by Indian border forces.,MEMORY,2026-10-03,memory,manual
tin-bigha,inhabited,no,MEMORY,2026-10-03,memory,manual
tin-bigha,traveller_access,restricted,MEMORY,2026-10-03,memory,manual
tiran-sanafir,parties,Saudi Arabia; Egypt,S0019 S0028,2026-10-03,secondary,manual
tiran-sanafir,kind,resolved_recently,S0019 S0028,2026-10-03,secondary,manual
tiran-sanafir,origin,Egypt administered them from 1950; 2016 agreement ratified in 2017 returned them to Saudi Arabia.,S0019 S0028,2026-10-03,secondary,manual
tiran-sanafir,area_km2,113,MEMORY,2026-10-03,memory,manual
tiran-sanafir,on_the_ground,Uninhabited; multinational observers present under the 1979 treaty arrangements.,MEMORY,2026-10-03,memory,manual
tiran-sanafir,inhabited,no,MEMORY,2026-10-03,memory,manual
tiran-sanafir,traveller_access,restricted,MEMORY,2026-10-03,memory,manual
tiwinza,parties,Peru (sovereign); Ecuador (owns 1 km2 as property),S0027,2026-10-03,secondary,manual
tiwinza,kind,lease_or_base,S0027,2026-10-03,secondary,manual
tiwinza,origin,The 1998 Brasilia peace accords gave Ecuador private ownership without sovereignty of the 1995 battle site.,S0027,2026-10-03,secondary,manual
tiwinza,area_km2,1,MEMORY,2026-10-03,memory,manual
tiwinza,on_the_ground,Memorial site inside Peru reached by a corridor from Ecuador.,MEMORY,2026-10-03,memory,manual
tiwinza,inhabited,no,MEMORY,2026-10-03,memory,manual
tiwinza,traveller_access,restricted,MEMORY,2026-10-03,memory,manual
tort-kocho-road,parties,Kyrgyzstan; Tajikistan,S0009,2026-10-03,secondary,manual
tort-kocho-road,kind,own_regime,S0009,2026-10-03,secondary,manual
tort-kocho-road,origin,The 2025 Kyrgyz-Tajik border treaty declared the roadbed linking the Vorukh exclave to Tajikistan neutral territory.,S0009,2026-10-03,secondary,manual
tort-kocho-road,on_the_ground,A 10 m road with a 15 m security strip belonging to neither side.,MEMORY,2026-10-03,memory,manual
tort-kocho-road,inhabited,no,MEMORY,2026-10-03,memory,manual
transnistria,parties,"Transnistria (self-governing, unrecognised); Moldova (claims)",S0019 S0027 S0028,2026-10-03,secondary,manual
transnistria,kind,de_facto_state,S0019 S0027 S0028,2026-10-03,secondary,manual
transnistria,origin,War of 1992; Russian troops remain.,S0019 S0027 S0028,2026-10-03,secondary,manual
transnistria,area_km2,4163,MEMORY,2026-10-03,memory,manual
transnistria,on_the_ground,"Own administration, currency and entry registration.",MEMORY,2026-10-03,memory,manual
transnistria,inhabited,yes,MEMORY,2026-10-03,memory,manual
transnistria,traveller_access,open,MEMORY,2026-10-03,memory,manual
transnistria-security-zone,parties,"Joint Control Commission (Russia, Moldova, Transnistria)",S0010,2026-10-03,secondary,manual
transnistria-security-zone,kind,own_regime,S0010,2026-10-03,secondary,manual
transnistria-security-zone,origin,Created by the July 1992 ceasefire agreement; 225 km long and 1-15 km wide.,S0010,2026-10-03,secondary,manual
transnistria-security-zone,on_the_ground,Peacekeeper checkpoints on roads and bridges; otherwise normal life.,MEMORY,2026-10-03,memory,manual
transnistria-security-zone,inhabited,yes,MEMORY,2026-10-03,memory,manual
transnistria-security-zone,traveller_access,open,MEMORY,2026-10-03,memory,manual
tromelin,parties,"France (administers, TAAF); Mauritius (claims)",S0019 S0027 S0028,2026-10-03,secondary,manual
tromelin,kind,islets_for_maritime_zone,S0019 S0027 S0028,2026-10-03,secondary,manual
tromelin,origin,Mauritius has claimed it since 1976; a 2010 co-management agreement was never ratified by France.,S0019 S0027 S0028,2026-10-03,secondary,manual
tromelin,area_km2,1,MEMORY,2026-10-03,memory,manual
tromelin,on_the_ground,French weather station staff only.,MEMORY,2026-10-03,memory,manual
tromelin,inhabited,garrison_only,MEMORY,2026-10-03,memory,manual
tromelin,traveller_access,restricted,MEMORY,2026-10-03,memory,manual
tunbs,parties,Iran (controls); United Arab Emirates (claims),S0019 S0027,2026-10-03,memory,manual
tunbs,kind,paper_claim,S0019 S0027,2026-10-03,memory,manual
tunbs,origin,Seized by Iran from Ras al-Khaimah in November 1971.,S0019 S0027,2026-10-03,memory,manual
tunbs,area_km2,12,MEMORY,2026-10-03,memory,manual
tunbs,on_the_ground,Iranian military; an airport opened on Greater Tunb in 2022.,MEMORY,2026-10-03,memory,manual
tunbs,inhabited,garrison_only,MEMORY,2026-10-03,memory,manual
tunbs,traveller_access,closed,MEMORY,2026-10-03,memory,manual
undof-zone,parties,Syria (sovereign); UN (UNDOF); Israel (occupying since December 2024),S0010 S0028 S0013 S0026,2026-10-03,secondary,manual
undof-zone,kind,own_regime,S0010 S0028 S0013 S0026,2026-10-03,secondary,manual
undof-zone,origin,Created by the 1974 disengagement agreement; Israel declared the agreement void and moved in on 8 December 2024.,S0010 S0028 S0013 S0026,2026-10-03,secondary,manual
undof-zone,area_km2,235,MEMORY,2026-10-03,memory,manual
undof-zone,on_the_ground,Israeli army controls it; UNDOF remains in place and calls the IDF the de facto authority.,MEMORY,2026-10-03,memory,manual
undof-zone,inhabited,yes,MEMORY,2026-10-03,memory,manual
undof-zone,traveller_access,closed,MEMORY,2026-10-03,memory,manual
varosha,parties,Turkish army / Northern Cyprus (controls); Cyprus (claims); UN resolutions call for UN administration,MEMORY,2026-10-03,memory,manual
varosha,kind,own_regime,MEMORY,2026-10-03,memory,manual
varosha,origin,Fenced off by the Turkish army in 1974; UNSC resolutions 550 and 789; part reopened to visitors in October 2020.,MEMORY,2026-10-03,memory,manual
varosha,area_km2,6,MEMORY,2026-10-03,memory,manual
varosha,on_the_ground,Abandoned resort district under military control with a visitor route.,MEMORY,2026-10-03,memory,manual
varosha,inhabited,no,MEMORY,2026-10-03,memory,manual
varosha,traveller_access,restricted,MEMORY,2026-10-03,memory,manual
wadi-halfa-salient,parties,Sudan; Egypt,S0019,2026-10-03,memory,manual
wadi-halfa-salient,kind,paper_claim,S0019,2026-10-03,memory,manual
wadi-halfa-salient,origin,Small 1899/1902 discrepancy on the Nile north of the 22nd parallel.,S0019,2026-10-03,memory,manual
wadi-halfa-salient,on_the_ground,Mostly flooded by Lake Nasser/Nubia since the 1960s; current control not verified.,MEMORY,2026-10-03,memory,manual
wadi-halfa-salient,inhabited,no,MEMORY,2026-10-03,memory,manual
wake-island,parties,United States (administers); Marshall Islands (claims),S0019 S0027 S0028,2026-10-03,secondary,manual
wake-island,kind,paper_claim,S0019 S0027 S0028,2026-10-03,secondary,manual
wake-island,origin,Annexed by the US in 1899; the Marshall Islands restated its claim to the UN in 2016.,S0019 S0027 S0028,2026-10-03,secondary,manual
wake-island,area_km2,7.4,MEMORY,2026-10-03,memory,manual
wake-island,on_the_ground,US Air Force installation with no public access.,MEMORY,2026-10-03,memory,manual
wake-island,inhabited,garrison_only,MEMORY,2026-10-03,memory,manual
wake-island,traveller_access,closed,MEMORY,2026-10-03,memory,manual
west-bank,parties,Israel (occupies; Area C direct control); Palestine (claims; PA administers Areas A and B),S0019 S0027 S0028,2026-10-03,secondary,manual
west-bank,kind,occupied_or_annexed,S0019 S0027 S0028,2026-10-03,secondary,manual
west-bank,origin,"Captured from Jordan in 1967; Oslo II (1995) split it into Areas A, B and C.",S0019 S0027 S0028,2026-10-03,secondary,manual
west-bank,area_km2,5655,MEMORY,2026-10-03,memory,manual
west-bank,on_the_ground,Israeli checkpoints and settlements; Palestinian Authority cities; entry only via Israeli-controlled crossings.,MEMORY,2026-10-03,memory,manual
west-bank,inhabited,yes,MEMORY,2026-10-03,memory,manual
west-bank,traveller_access,open,MEMORY,2026-10-03,memory,manual
west-bank,ne_name,West Bank,NE,2026-10-03,machine,machine
west-bank,ne_type,Disputed,NE,2026-10-03,machine,machine
west-bank,ne_area_km2,4752,NE,2026-10-03,machine,machine
west-bank,ne_attribution,PSX:31,NE,2026-10-03,machine,machine
western-sahara-moroccan-controlled,parties,"Morocco (controls, annexed); SADR/Polisario (claims)",S0019 S0027 S0028,2026-10-03,secondary,manual
western-sahara-moroccan-controlled,kind,occupied_or_annexed,S0019 S0027 S0028,2026-10-03,secondary,manual
western-sahara-moroccan-controlled,origin,Spain withdrew in 1975; Morocco took control 1975-1979; UN lists it as a non-self-governing territory.,S0019 S0027 S0028,2026-10-03,secondary,manual
western-sahara-moroccan-controlled,area_km2,213000,MEMORY,2026-10-03,memory,manual
western-sahara-moroccan-controlled,on_the_ground,Run as ordinary Moroccan provinces; entered freely from Morocco.,MEMORY,2026-10-03,memory,manual
western-sahara-moroccan-controlled,inhabited,yes,MEMORY,2026-10-03,memory,manual
western-sahara-moroccan-controlled,traveller_access,open,MEMORY,2026-10-03,memory,manual
yalu-tumen-islands,parties,China; North Korea (South Korea and ROC do not recognise the 1962 treaty),S0019 S0027,2026-10-03,secondary,manual
yalu-tumen-islands,kind,line_position,S0019 S0027,2026-10-03,secondary,manual
yalu-tumen-islands,origin,Allocated by the secret 1962 China-DPRK border treaty; the Factbook still lists some as disputed.,S0019 S0027,2026-10-03,secondary,manual
yalu-tumen-islands,on_the_ground,"River islands, mostly North Korean-held.",MEMORY,2026-10-03,memory,manual
yalu-tumen-islands,traveller_access,closed,MEMORY,2026-10-03,memory,manual
yenga,parties,Sierra Leone (claims); Guinea (troops present),S0019 S0027,2026-10-03,secondary,manual
yenga,kind,line_position,S0019 S0027,2026-10-03,secondary,manual
yenga,origin,Guinean troops entered in 1998-2001 during Sierra Leone's civil war and stayed; Guinea has acknowledged Sierra Leone's title but disputes the Makona riverbank line.,S0019 S0027,2026-10-03,secondary,manual
yenga,on_the_ground,Small village with intermittent Guinean military presence.,MEMORY,2026-10-03,memory,manual
yenga,inhabited,yes,MEMORY,2026-10-03,memory,manual
zaporizhzhia-occupied,parties,"Russia (controls part, claims all); Ukraine",S0019,2026-10-03,secondary,manual
zaporizhzhia-occupied,kind,occupied_or_annexed,S0019,2026-10-03,secondary,manual
zaporizhzhia-occupied,origin,Occupied in 2022; annexation declared 30 September 2022.,S0019,2026-10-03,secondary,manual
zaporizhzhia-occupied,on_the_ground,Russian administration behind an active front line.,MEMORY,2026-10-03,memory,manual
zaporizhzhia-occupied,inhabited,yes,MEMORY,2026-10-03,memory,manual
zaporizhzhia-occupied,traveller_access,closed,MEMORY,2026-10-03,memory,manual
